CustomerID,JoinDate,ChurnDate,CustomerStatus,Age,AgeGroup,Gender,Geography,TenureMonths,IncomeLevel,ContractType,SubscriptionPlan,MonthlyCharges,PaymentMethod,AutoPay,SupportCalls,LatePayments,SatisfactionScore,TotalRevenue,LastActivityDate,RiskScore,RiskCategory,ChurnReason
CUST-00001,7/15/2023,,Active,77,65+,Male,South,30,Middle,One Year,Standard,85.14,Electronic Check,No,1,2,5,2558.04,10/25/2025,41,Medium Risk,
CUST-00002,6/24/2022,6/30/2025,Churned,31,25-34,Female,Midwest,37,High,One Year,Standard,80.54,Electronic Check,No,0,2,5,2983.61,6/30/2025,42,Churned,Needs Changed
CUST-00003,9/10/2025,,Active,47,45-54,Male,Northeast,4,High,One Year,Basic,39.72,Electronic Check,No,1,1,4,159.48,11/22/2025,61,Medium Risk,
CUST-00004,10/30/2022,,Active,56,55-64,Male,South,39,Middle,Month-to-Month,Basic,38.57,Electronic Check,No,1,2,3,1506.55,9/11/2025,74,High Risk,
CUST-00005,12/21/2024,,Active,45,45-54,Female,Midwest,13,Middle,Month-to-Month,Premium,122.94,Credit Card,Yes,3,2,4,1601.9,11/13/2025,59,Medium Risk,
CUST-00006,7/18/2024,2/28/2025,Churned,43,35-44,Male,Midwest,8,Middle,Month-to-Month,Basic,44.45,Mailed Check,No,6,3,2,356.27,2/28/2025,98,Churned,Competitor Offer
CUST-00007,4/15/2023,,Active,80,65+,Female,Midwest,33,Middle,Month-to-Month,Basic,39.62,Bank Transfer,Yes,6,0,2,1309.23,11/10/2025,74,High Risk,
CUST-00008,10/11/2023,,Active,64,55-64,Female,South,27,Middle,Month-to-Month,Basic,58.74,Credit Card,Yes,4,2,3,1588.62,12/5/2025,63,Medium Risk,
CUST-00009,10/2/2023,3/31/2024,Churned,42,35-44,Male,South,6,Low,Month-to-Month,Standard,75.71,Electronic Check,No,2,3,3,455.4,3/31/2024,81,Churned,Competitor Offer
CUST-00010,6/24/2022,,Active,21,18-24,Male,West,43,Middle,One Year,Premium,124.06,Electronic Check,No,3,3,3,5342.02,11/22/2025,67,Medium Risk,
CUST-00011,6/12/2025,,Active,67,65+,Female,West,7,Low,Month-to-Month,Premium,108.87,Bank Transfer,Yes,1,1,5,763.72,11/11/2025,56,Medium Risk,
CUST-00012,4/29/2022,,Active,61,55-64,Non-binary,Northeast,45,High,Month-to-Month,Standard,80.77,Credit Card,No,4,1,3,3639.49,12/8/2025,67,Medium Risk,
CUST-00013,10/23/2023,,Active,32,25-34,Female,West,27,Low,One Year,Basic,45.26,Mailed Check,No,3,2,4,1224.06,10/24/2025,51,Medium Risk,
CUST-00014,8/22/2023,,Active,24,18-24,Male,West,29,Middle,Month-to-Month,Standard,91.39,Electronic Check,Yes,0,3,4,2654.42,12/4/2025,51,Medium Risk,
CUST-00015,8/12/2025,,Active,67,65+,Female,South,5,High,One Year,Standard,72.37,Credit Card,Yes,1,2,4,362.94,12/27/2025,33,Low Risk,
CUST-00016,8/19/2025,,Active,51,45-54,Female,South,5,High,One Year,Basic,50.56,Electronic Check,No,4,1,4,253.56,12/1/2025,64,Medium Risk,
CUST-00017,7/22/2022,,Active,35,35-44,Male,Northeast,42,Middle,Month-to-Month,Standard,70.74,Bank Transfer,Yes,4,0,3,2975.32,11/19/2025,48,Medium Risk,
CUST-00018,7/22/2024,7/31/2025,Churned,71,65+,Male,South,13,Middle,Month-to-Month,Basic,41.28,Bank Transfer,Yes,5,2,3,537.26,7/31/2025,65,Churned,Poor Support Experience
CUST-00019,5/20/2022,6/30/2025,Churned,73,65+,Female,West,38,High,Month-to-Month,Standard,91.33,Electronic Check,No,6,2,2,3474.65,6/30/2025,91,Churned,Competitor Offer
CUST-00020,4/28/2023,,Active,78,65+,Female,South,33,Middle,Month-to-Month,Basic,56.8,Credit Card,Yes,7,2,2,1876.95,11/4/2025,81,High Risk,
CUST-00021,2/1/2023,4/30/2023,Churned,40,35-44,Female,South,3,High,Month-to-Month,Premium,127.3,Credit Card,No,0,1,5,381.9,4/30/2023,65,Churned,Competitor Offer
CUST-00022,10/27/2023,,Active,69,65+,Male,Northeast,27,Low,Two Year,Basic,51.62,Electronic Check,No,1,1,4,1396.05,12/3/2025,44,Medium Risk,
CUST-00023,3/8/2022,,Active,34,25-34,Female,West,46,Middle,Month-to-Month,Basic,45.25,Credit Card,Yes,2,0,3,2084.22,11/22/2025,49,Medium Risk,
CUST-00024,6/2/2023,,Active,47,45-54,Male,South,31,Middle,Month-to-Month,Premium,125.17,Credit Card,Yes,1,0,4,3885.91,12/10/2025,45,Medium Risk,
CUST-00025,8/27/2023,,Active,24,18-24,Female,Northeast,29,Low,One Year,Standard,79.32,Bank Transfer,Yes,3,0,4,2303.85,12/11/2025,28,Low Risk,
CUST-00026,7/2/2025,,Active,57,55-64,Male,West,6,High,Month-to-Month,Standard,89.17,Bank Transfer,Yes,1,1,4,536.36,12/9/2025,49,Medium Risk,
CUST-00027,10/9/2024,,Active,74,65+,Male,Northeast,15,Low,Two Year,Standard,76.51,Mailed Check,No,3,2,3,1149.95,12/6/2025,38,Low Risk,
CUST-00028,10/1/2022,,Active,24,18-24,Female,South,39,Middle,One Year,Standard,85.79,Credit Card,No,0,3,4,3350.97,12/5/2025,33,Low Risk,
CUST-00029,4/12/2022,7/31/2022,Churned,41,35-44,Female,South,4,Middle,Month-to-Month,Premium,110.28,Bank Transfer,Yes,1,2,4,441.12,7/31/2022,60,Churned,Competitor Offer
CUST-00030,3/29/2024,,Active,64,55-64,Male,South,22,High,Month-to-Month,Premium,117.3,Bank Transfer,Yes,2,1,4,2584.12,11/13/2025,48,Medium Risk,
CUST-00031,6/15/2023,,Active,32,25-34,Male,South,31,Middle,Two Year,Standard,63.15,Credit Card,Yes,6,1,3,1960.5,12/23/2025,36,Low Risk,
CUST-00032,12/27/2022,6/30/2024,Churned,39,35-44,Male,South,19,Middle,Month-to-Month,Standard,86.68,Credit Card,No,3,3,3,1649.52,6/30/2024,63,Churned,Billing Issues
CUST-00033,9/22/2022,,Active,19,18-24,Male,Midwest,40,Middle,Month-to-Month,Standard,66.03,Credit Card,Yes,0,0,4,2645.16,12/6/2025,32,Low Risk,
CUST-00034,6/17/2024,10/31/2024,Churned,46,45-54,Male,Northeast,5,Middle,Two Year,Premium,103.66,Electronic Check,No,3,3,3,518.3,10/31/2024,65,Churned,Billing Issues
CUST-00035,6/14/2022,,Active,45,45-54,Female,Midwest,43,High,Month-to-Month,Standard,81.66,Credit Card,No,3,2,4,3516.26,12/4/2025,58,Medium Risk,
CUST-00036,9/22/2025,,Active,55,55-64,Male,South,4,High,Two Year,Standard,69.59,Bank Transfer,Yes,3,0,4,279.4,12/21/2025,28,Low Risk,
CUST-00037,9/30/2024,,Active,54,45-54,Female,South,16,High,Month-to-Month,Premium,100.42,Bank Transfer,No,0,2,4,1609.74,11/1/2025,56,Medium Risk,
CUST-00038,9/15/2025,11/30/2025,Churned,52,45-54,Male,West,3,Middle,Month-to-Month,Basic,53.05,Electronic Check,No,3,4,3,159.15,11/30/2025,97,Churned,Competitor Offer
CUST-00039,12/27/2024,,Active,65,65+,Female,Northeast,13,Middle,Month-to-Month,Premium,116.09,Mailed Check,Yes,3,1,4,1512.65,12/11/2025,54,Medium Risk,
CUST-00040,9/2/2025,11/30/2025,Churned,39,35-44,Female,West,3,Low,Month-to-Month,Basic,38.81,Electronic Check,No,2,2,4,116.43,11/30/2025,77,Churned,Competitor Offer
CUST-00041,10/10/2024,,Active,58,55-64,Female,Northeast,15,High,Month-to-Month,Standard,64.52,Mailed Check,Yes,3,2,3,969.74,12/7/2025,50,Medium Risk,
CUST-00042,12/17/2024,8/31/2025,Churned,63,55-64,Male,South,9,Middle,Two Year,Basic,36.49,Electronic Check,No,4,1,2,328.96,8/31/2025,80,Churned,Service Issues
CUST-00043,10/16/2022,,Active,49,45-54,Female,Northeast,39,Middle,Month-to-Month,Premium,96.98,Credit Card,No,3,2,4,3788.02,10/30/2025,64,Medium Risk,
CUST-00044,9/19/2022,1/31/2023,Churned,43,35-44,Female,Midwest,5,Middle,One Year,Basic,44.57,Mailed Check,No,4,3,3,223.52,1/31/2023,67,Churned,Poor Support Experience
CUST-00045,12/19/2023,6/30/2024,Churned,36,35-44,Female,South,7,High,Month-to-Month,Premium,118.61,Credit Card,No,2,2,3,832.05,6/30/2024,76,Churned,Competitor Offer
CUST-00046,10/3/2022,,Active,67,65+,Male,Northeast,39,High,Month-to-Month,Standard,76.32,Bank Transfer,Yes,0,2,5,2981.04,12/17/2025,39,Low Risk,
CUST-00047,5/14/2023,11/30/2024,Churned,61,55-64,Male,Northeast,19,High,Month-to-Month,Standard,65.68,Bank Transfer,No,3,2,3,1248.91,11/30/2024,61,Churned,Competitor Offer
CUST-00048,4/7/2022,,Active,78,65+,Male,South,45,Middle,Month-to-Month,Premium,100.05,Bank Transfer,Yes,1,2,5,4508.25,11/17/2025,49,Medium Risk,
CUST-00049,5/21/2022,,Active,64,55-64,Female,South,44,Middle,Month-to-Month,Basic,55.63,Bank Transfer,Yes,3,1,4,2451.04,11/16/2025,50,Medium Risk,
CUST-00050,8/12/2024,,Active,67,65+,Male,South,17,High,Month-to-Month,Standard,70.62,Credit Card,Yes,3,1,3,1202.66,11/11/2025,49,Medium Risk,
CUST-00051,3/12/2024,,Active,30,25-34,Male,Northeast,22,Low,One Year,Standard,84.92,Electronic Check,No,3,5,2,1870.78,9/17/2025,74,High Risk,
CUST-00052,1/29/2023,,Active,45,45-54,Female,Northeast,36,Middle,Month-to-Month,Basic,44.18,Bank Transfer,No,2,1,4,1592.46,10/20/2025,61,Medium Risk,
CUST-00053,8/21/2025,10/31/2025,Churned,77,65+,Male,Northeast,3,Middle,One Year,Basic,55.59,Mailed Check,Yes,4,2,4,166.77,10/31/2025,50,Churned,Service Issues
CUST-00054,1/27/2023,6/30/2025,Churned,34,25-34,Male,Midwest,30,Low,One Year,Standard,85,Credit Card,Yes,0,2,5,2552.56,6/30/2025,19,Churned,Relocation
CUST-00055,12/19/2023,,Active,21,18-24,Male,Midwest,25,Middle,Two Year,Premium,88.69,Bank Transfer,Yes,3,1,4,2221.24,12/19/2025,20,Low Risk,
CUST-00056,6/3/2023,,Active,73,65+,Female,Midwest,31,Low,One Year,Standard,83.29,Electronic Check,No,3,5,3,2585.74,11/16/2025,69,Medium Risk,
CUST-00057,4/3/2022,,Active,56,55-64,Male,West,45,Middle,Two Year,Premium,119.43,Credit Card,Yes,3,1,3,5381.51,12/17/2025,38,Low Risk,
CUST-00058,2/5/2023,8/31/2023,Churned,71,65+,Female,South,7,High,Month-to-Month,Basic,49.02,Bank Transfer,Yes,4,0,3,343.14,8/31/2023,66,Churned,Poor Support Experience
CUST-00059,3/10/2024,,Active,24,18-24,Male,Midwest,22,Middle,Month-to-Month,Basic,41.8,Bank Transfer,Yes,1,1,5,920.86,10/26/2025,42,Medium Risk,
CUST-00060,11/26/2023,,Active,28,25-34,Male,West,26,Middle,Month-to-Month,Standard,83.62,Bank Transfer,Yes,2,2,4,2177.87,12/2/2025,43,Medium Risk,
CUST-00061,4/19/2024,7/31/2024,Churned,39,35-44,Male,South,4,Middle,One Year,Standard,86.91,Electronic Check,No,0,3,4,347.64,7/31/2024,50,Churned,Billing Issues
CUST-00062,1/8/2025,,Active,30,25-34,Male,South,12,Low,Two Year,Basic,56.34,Credit Card,Yes,1,0,5,676.93,12/21/2025,27,Low Risk,
CUST-00063,7/26/2025,,Active,63,55-64,Female,South,6,Middle,Month-to-Month,Standard,71.21,Bank Transfer,Yes,3,2,3,428.33,11/24/2025,61,Medium Risk,
CUST-00064,3/24/2024,,Active,46,45-54,Male,Northeast,22,Middle,Month-to-Month,Standard,85.99,Mailed Check,No,3,3,3,1894.36,11/6/2025,70,High Risk,
CUST-00065,4/13/2023,,Active,68,65+,Female,West,33,Low,Two Year,Standard,66.71,Bank Transfer,Yes,2,0,5,2204.43,12/15/2025,13,Low Risk,
CUST-00066,9/16/2023,,Active,32,25-34,Male,South,28,Middle,One Year,Standard,76,Mailed Check,No,3,2,4,2131.42,11/12/2025,44,Medium Risk,
CUST-00067,2/1/2024,,Active,19,18-24,Female,Northeast,23,High,Month-to-Month,Premium,106.13,Mailed Check,No,2,2,3,2444.17,10/3/2025,73,High Risk,
CUST-00068,7/23/2022,,Active,71,65+,Female,Midwest,42,Low,One Year,Basic,44.37,Mailed Check,No,2,1,5,1866.22,11/15/2025,41,Medium Risk,
CUST-00069,2/10/2025,,Active,75,65+,Male,South,11,Middle,Two Year,Standard,77.14,Mailed Check,No,1,2,5,849.7,12/13/2025,37,Low Risk,
CUST-00070,5/25/2025,,Active,67,65+,Male,West,8,High,One Year,Standard,61.5,Bank Transfer,Yes,6,0,2,492.92,11/8/2025,58,Medium Risk,
CUST-00071,9/30/2023,,Active,38,35-44,Female,South,28,Low,One Year,Premium,115.34,Electronic Check,Yes,3,3,3,3234.71,11/1/2025,62,Medium Risk,
CUST-00072,8/11/2024,1/31/2025,Churned,68,65+,Male,Northeast,6,Low,Month-to-Month,Standard,82.12,Bank Transfer,Yes,0,0,5,493.95,1/31/2025,40,Churned,Competitor Offer
CUST-00073,2/12/2024,9/30/2025,Churned,35,35-44,Male,Midwest,20,Low,Month-to-Month,Basic,55.69,Mailed Check,No,2,2,4,1114.64,9/30/2025,64,Churned,Competitor Offer
CUST-00074,12/23/2023,4/30/2025,Churned,25,25-34,Male,West,17,Middle,One Year,Basic,54.93,Electronic Check,No,3,2,3,935.45,4/30/2025,64,Churned,Needs Changed
CUST-00075,3/19/2023,,Active,45,45-54,Male,Midwest,34,Low,Two Year,Premium,116.6,Electronic Check,No,0,3,4,3969.65,11/19/2025,46,Medium Risk,
CUST-00076,8/7/2023,,Active,50,45-54,Male,West,29,Middle,One Year,Standard,76.34,Credit Card,Yes,3,1,4,2217.31,12/16/2025,25,Low Risk,
CUST-00077,5/14/2023,,Active,26,25-34,Female,Northeast,32,Middle,Month-to-Month,Basic,46.64,Electronic Check,Yes,2,1,4,1494.58,11/17/2025,56,Medium Risk,
CUST-00078,5/12/2022,,Active,79,65+,Female,South,44,Middle,Two Year,Premium,108.63,Mailed Check,No,0,1,5,4786.24,12/5/2025,30,Low Risk,
CUST-00079,5/8/2023,,Active,37,35-44,Female,West,32,Middle,Month-to-Month,Standard,80.29,Credit Card,Yes,3,2,4,2572.88,12/3/2025,49,Medium Risk,
CUST-00080,7/23/2025,9/30/2025,Churned,28,25-34,Non-binary,Northeast,3,Low,Month-to-Month,Premium,116.19,Credit Card,Yes,5,0,3,348.57,9/30/2025,72,Churned,Competitor Offer
CUST-00081,9/18/2024,,Active,46,45-54,Male,Midwest,16,High,Month-to-Month,Premium,106.81,Mailed Check,No,0,1,4,1712.16,10/27/2025,53,Medium Risk,
CUST-00082,3/9/2022,11/30/2024,Churned,64,55-64,Female,South,33,Low,Two Year,Basic,50.57,Mailed Check,No,2,3,3,1670.33,11/30/2024,48,Churned,Billing Issues
CUST-00083,12/12/2022,,Active,45,45-54,Male,West,37,Middle,One Year,Standard,87.87,Bank Transfer,Yes,0,1,4,3256.47,12/25/2025,17,Low Risk,
CUST-00084,4/24/2023,,Active,75,65+,Male,Midwest,33,Middle,Month-to-Month,Basic,49.61,Electronic Check,No,3,3,3,1639.35,11/8/2025,81,High Risk,
CUST-00085,3/14/2023,,Active,68,65+,Male,Midwest,34,Middle,Two Year,Standard,57.86,Electronic Check,Yes,3,1,4,1969.85,12/9/2025,31,Low Risk,
CUST-00086,5/7/2025,,Active,74,65+,Female,South,8,High,Month-to-Month,Standard,86.04,Credit Card,Yes,0,1,4,689.61,10/26/2025,41,Medium Risk,
CUST-00087,8/17/2024,,Active,70,65+,Female,South,17,Middle,Month-to-Month,Standard,78.35,Electronic Check,Yes,3,0,3,1334.31,12/13/2025,57,Medium Risk,
CUST-00088,11/4/2023,12/31/2025,Churned,59,55-64,Male,Northeast,26,Low,Month-to-Month,Premium,116.96,Credit Card,No,1,1,4,3046.21,12/31/2025,54,Churned,Price Too High
CUST-00089,7/30/2023,,Active,30,25-34,Male,West,30,Middle,Month-to-Month,Basic,56.46,Mailed Check,Yes,4,2,3,1696.35,11/10/2025,62,Medium Risk,
CUST-00090,1/24/2025,3/31/2025,Churned,30,25-34,Male,West,3,Middle,Month-to-Month,Premium,102,Electronic Check,Yes,3,0,4,306,3/31/2025,71,Churned,Price Too High
CUST-00091,9/7/2023,11/30/2023,Churned,33,25-34,Female,Midwest,3,Middle,Month-to-Month,Basic,55.91,Credit Card,No,3,3,2,167.73,11/30/2023,95,Churned,Billing Issues
CUST-00092,4/8/2024,,Active,21,18-24,Female,Northeast,21,Low,Month-to-Month,Basic,52.69,Credit Card,No,2,2,3,1108.07,9/3/2025,70,High Risk,
CUST-00093,1/3/2025,,Active,22,18-24,Male,South,12,Low,Month-to-Month,Premium,113.26,Electronic Check,Yes,2,1,4,1360.82,11/7/2025,64,Medium Risk,
CUST-00094,6/6/2023,,Active,68,65+,Male,West,31,Middle,Month-to-Month,Basic,50.34,Credit Card,No,3,1,4,1562.82,12/8/2025,64,Medium Risk,
CUST-00095,5/21/2022,,Active,61,55-64,Female,Northeast,44,Low,Month-to-Month,Basic,44.53,Electronic Check,No,3,1,4,1962,11/1/2025,73,High Risk,
CUST-00096,7/7/2023,8/31/2024,Churned,29,25-34,Female,Midwest,14,Middle,Two Year,Standard,59.08,Credit Card,Yes,6,0,3,828.01,8/31/2024,28,Churned,Service Issues
CUST-00097,2/11/2024,7/31/2024,Churned,25,25-34,Male,South,6,Low,Month-to-Month,Standard,70.48,Electronic Check,No,0,4,4,422.88,7/31/2024,68,Churned,Competitor Offer
CUST-00098,5/27/2024,,Active,68,65+,Male,Northeast,20,Low,Month-to-Month,Standard,82.81,Mailed Check,No,1,2,4,1658.68,11/17/2025,49,Medium Risk,
CUST-00099,11/22/2023,,Active,64,55-64,Female,South,26,High,Two Year,Standard,72.06,Credit Card,Yes,2,1,5,1876.8,12/7/2025,15,Low Risk,
CUST-00100,1/18/2022,,Active,38,35-44,Male,West,48,Low,Month-to-Month,Standard,90.31,Credit Card,Yes,2,2,4,4340.28,10/26/2025,48,Medium Risk,
CUST-00101,9/21/2025,,Active,18,18-24,Female,South,4,Middle,One Year,Premium,127.37,Credit Card,No,3,2,3,511.39,10/29/2025,62,Medium Risk,
CUST-00102,3/30/2022,,Active,66,65+,Male,West,46,Middle,Month-to-Month,Premium,94.64,Electronic Check,No,3,3,3,4359.12,9/21/2025,77,High Risk,
CUST-00103,6/4/2022,,Active,43,35-44,Female,Midwest,43,Middle,Two Year,Basic,53.68,Electronic Check,No,1,1,4,2311.48,12/1/2025,45,Medium Risk,
CUST-00104,2/17/2024,,Active,63,55-64,Male,Northeast,23,Low,Month-to-Month,Basic,40.95,Mailed Check,No,3,3,3,943.07,10/2/2025,78,High Risk,
CUST-00105,5/8/2025,,Active,44,35-44,Male,South,8,Low,Two Year,Standard,73.63,Bank Transfer,Yes,2,0,4,590.14,12/19/2025,18,Low Risk,
CUST-00106,1/6/2024,,Active,65,65+,Male,West,24,Low,One Year,Standard,77.49,Credit Card,Yes,3,1,4,1862.08,12/5/2025,27,Low Risk,
CUST-00107,4/13/2025,12/31/2025,Churned,19,18-24,Female,West,9,Low,Month-to-Month,Basic,52.53,Credit Card,Yes,3,2,3,473.56,12/31/2025,68,Churned,Competitor Offer
CUST-00108,2/21/2024,,Active,37,35-44,Female,Northeast,23,High,One Year,Basic,37.89,Bank Transfer,Yes,4,1,3,872.61,10/26/2025,48,Medium Risk,
CUST-00109,5/29/2022,,Active,39,35-44,Female,Northeast,44,Middle,Month-to-Month,Basic,54.52,Bank Transfer,Yes,4,1,3,2402.16,11/15/2025,59,Medium Risk,
CUST-00110,4/17/2022,7/31/2023,Churned,26,25-34,Male,South,16,Middle,Month-to-Month,Premium,100.33,Credit Card,No,0,1,4,1606.78,7/31/2023,53,Churned,Competitor Offer
CUST-00111,6/5/2023,,Active,43,35-44,Non-binary,Northeast,31,Middle,One Year,Standard,74.87,Mailed Check,No,3,2,3,2324.33,11/14/2025,49,Medium Risk,
CUST-00112,2/9/2024,10/31/2025,Churned,25,25-34,Female,West,21,Middle,Two Year,Basic,35.33,Electronic Check,No,1,1,4,742.46,10/31/2025,43,Churned,Needs Changed
CUST-00113,7/12/2024,,Active,67,65+,Female,West,18,Middle,Two Year,Standard,81.91,Electronic Check,No,0,4,4,1476.84,12/2/2025,42,Medium Risk,
CUST-00114,12/28/2023,,Active,23,18-24,Female,Northeast,25,Low,Month-to-Month,Standard,75.36,Mailed Check,No,1,1,5,1887.39,12/3/2025,46,Medium Risk,
CUST-00115,1/28/2025,4/30/2025,Churned,55,55-64,Female,Northeast,4,Middle,One Year,Basic,54.04,Electronic Check,No,7,3,1,216.16,4/30/2025,93,Churned,Poor Support Experience
CUST-00116,12/30/2022,,Active,53,45-54,Male,South,37,Middle,One Year,Standard,66.62,Electronic Check,No,0,2,5,2468.94,11/28/2025,44,Medium Risk,
CUST-00117,10/2/2022,,Active,57,55-64,Female,West,39,Middle,Two Year,Premium,95.97,Electronic Check,No,3,3,3,3748.59,11/17/2025,59,Medium Risk,
CUST-00118,11/7/2024,,Active,65,65+,Male,South,14,Low,Two Year,Basic,38.42,Electronic Check,No,2,2,4,539.04,11/29/2025,44,Medium Risk,
CUST-00119,7/31/2025,,Active,76,65+,Female,Midwest,6,Middle,Two Year,Standard,71.58,Bank Transfer,Yes,2,1,5,430.55,12/16/2025,23,Low Risk,
CUST-00120,11/28/2022,,Active,36,35-44,Male,South,38,Low,Two Year,Standard,61.26,Credit Card,No,2,3,3,2331.56,12/1/2025,43,Medium Risk,
CUST-00121,7/17/2025,,Active,52,45-54,Male,Northeast,6,Middle,One Year,Standard,81.53,Electronic Check,No,1,3,4,490.4,11/12/2025,58,Medium Risk,
CUST-00122,12/4/2022,5/31/2024,Churned,37,35-44,Male,South,18,Low,Month-to-Month,Standard,66.2,Electronic Check,No,6,3,2,1193.58,5/31/2024,94,Churned,Service Issues
CUST-00123,4/8/2024,,Active,49,45-54,Male,South,21,High,Two Year,Standard,64.06,Mailed Check,No,0,2,5,1347.18,12/31/2025,26,Low Risk,
CUST-00124,11/23/2024,,Active,25,25-34,Male,Midwest,14,Middle,One Year,Standard,73.67,Credit Card,Yes,2,0,5,1033.6,12/30/2025,20,Low Risk,
CUST-00125,8/30/2025,,Active,18,18-24,Female,West,5,Middle,One Year,Basic,41.84,Electronic Check,No,4,3,2,209.83,9/11/2025,88,High Risk,
CUST-00126,7/31/2023,,Active,44,35-44,Female,Northeast,30,Middle,Month-to-Month,Premium,106.92,Bank Transfer,Yes,1,2,3,3212.4,12/4/2025,56,Medium Risk,
CUST-00127,8/12/2025,,Active,73,65+,Male,Northeast,5,Low,Two Year,Basic,54.38,Electronic Check,No,2,2,4,272.72,12/13/2025,52,Medium Risk,
CUST-00128,2/11/2022,,Active,30,25-34,Female,Northeast,47,Low,Month-to-Month,Premium,128.61,Bank Transfer,Yes,1,2,5,6052.39,11/8/2025,53,Medium Risk,
CUST-00129,12/8/2023,7/31/2024,Churned,73,65+,Male,Northeast,8,Low,Month-to-Month,Standard,63.59,Electronic Check,No,6,5,1,509.67,7/31/2024,98,Churned,Service Issues
CUST-00130,4/27/2023,6/30/2024,Churned,63,55-64,Male,Northeast,15,High,Month-to-Month,Basic,42.46,Mailed Check,Yes,3,2,4,637.54,6/30/2024,52,Churned,Competitor Offer
CUST-00131,12/9/2023,8/31/2025,Churned,44,35-44,Female,Midwest,21,Middle,One Year,Standard,64.08,Credit Card,No,3,2,3,1347.6,8/31/2025,51,Churned,Relocation
CUST-00132,5/6/2022,7/31/2025,Churned,69,65+,Male,West,39,High,Month-to-Month,Basic,40,Electronic Check,No,4,2,2,1561.8,7/31/2025,96,Churned,Service Issues
CUST-00133,5/16/2022,,Active,31,25-34,Female,South,44,High,Month-to-Month,Standard,71.26,Bank Transfer,Yes,0,2,5,3139.72,12/5/2025,37,Low Risk,
CUST-00134,8/1/2022,,Active,57,55-64,Male,Northeast,41,Middle,One Year,Standard,77.48,Mailed Check,No,2,3,3,3181.32,10/31/2025,50,Medium Risk,
CUST-00135,6/18/2023,,Active,54,45-54,Male,South,31,High,Month-to-Month,Basic,42.55,Bank Transfer,No,1,2,4,1320.97,12/5/2025,58,Medium Risk,
CUST-00136,5/5/2025,,Active,53,45-54,Non-binary,South,8,High,Two Year,Premium,104.42,Credit Card,Yes,2,0,4,836.93,12/24/2025,33,Low Risk,
CUST-00137,7/30/2022,,Active,27,25-34,Male,Midwest,42,Low,Month-to-Month,Basic,40.55,Mailed Check,Yes,3,1,3,1705.54,11/19/2025,56,Medium Risk,
CUST-00138,1/3/2025,3/31/2025,Churned,24,18-24,Male,Midwest,3,Middle,Month-to-Month,Standard,82.99,Electronic Check,No,6,3,2,248.97,3/31/2025,98,Churned,Poor Support Experience
CUST-00139,5/23/2025,7/31/2025,Churned,56,55-64,Female,South,3,High,One Year,Premium,127.67,Credit Card,No,3,2,4,383.01,7/31/2025,60,Churned,Price Too High
CUST-00140,3/30/2022,,Active,74,65+,Male,West,46,Middle,Month-to-Month,Premium,116.47,Mailed Check,No,3,3,3,5364.62,9/25/2025,77,High Risk,
CUST-00141,3/12/2022,,Active,31,25-34,Female,South,46,Middle,One Year,Standard,77.11,Electronic Check,No,1,2,5,3551.7,11/10/2025,45,Medium Risk,
CUST-00142,8/8/2023,11/30/2024,Churned,50,45-54,Female,South,16,Middle,Month-to-Month,Premium,123.96,Bank Transfer,Yes,2,1,5,1985.22,11/30/2024,47,Churned,Price Too High
CUST-00143,11/10/2023,,Active,18,18-24,Female,West,26,Middle,Two Year,Standard,81.74,Bank Transfer,Yes,3,0,3,2128.93,12/12/2025,24,Low Risk,
CUST-00144,9/18/2025,12/31/2025,Churned,63,55-64,Male,Midwest,4,Middle,One Year,Basic,42.94,Credit Card,Yes,1,2,4,172.4,12/31/2025,45,Churned,Competitor Offer
CUST-00145,7/2/2025,,Active,25,25-34,Female,Northeast,6,Middle,Two Year,Premium,97.73,Electronic Check,No,0,4,4,587.85,12/3/2025,56,Medium Risk,
CUST-00146,5/28/2024,,Active,58,55-64,Female,Midwest,20,Low,One Year,Standard,75.66,Credit Card,No,2,2,3,1515.46,11/23/2025,49,Medium Risk,
CUST-00147,3/7/2023,,Active,46,45-54,Female,Northeast,34,Middle,Two Year,Basic,49.24,Bank Transfer,Yes,2,2,4,1676.38,12/12/2025,27,Low Risk,
CUST-00148,8/12/2023,,Active,80,65+,Female,Northeast,29,Low,Month-to-Month,Premium,125.65,Credit Card,Yes,1,1,4,3649.49,11/4/2025,44,Medium Risk,
CUST-00149,5/20/2025,,Active,33,25-34,Female,Midwest,8,Middle,One Year,Premium,89.45,Electronic Check,No,1,3,4,716.94,10/24/2025,51,Medium Risk,
CUST-00150,2/8/2024,,Active,77,65+,Male,Northeast,23,Middle,Month-to-Month,Standard,81.17,Credit Card,Yes,3,0,4,1869.35,12/10/2025,38,Low Risk,
CUST-00151,9/5/2022,,Active,56,55-64,Male,Midwest,40,High,One Year,Basic,58.24,Credit Card,Yes,1,1,4,2333.08,12/16/2025,27,Low Risk,
CUST-00152,12/10/2024,,Active,65,65+,Male,Northeast,13,Middle,Two Year,Basic,41.64,Electronic Check,No,3,1,3,542.56,12/11/2025,56,Medium Risk,
CUST-00153,5/10/2022,,Active,32,25-34,Male,Midwest,44,Middle,Two Year,Standard,81.39,Bank Transfer,No,2,2,3,3586.04,12/30/2025,38,Low Risk,
CUST-00154,5/23/2023,,Active,68,65+,Male,West,32,Low,Month-to-Month,Basic,42.84,Bank Transfer,No,2,3,3,1372.8,11/7/2025,75,High Risk,
CUST-00155,10/4/2023,,Active,37,35-44,Male,West,27,Low,Month-to-Month,Standard,79.4,Electronic Check,No,1,2,4,2147.37,11/29/2025,63,Medium Risk,
CUST-00156,7/16/2025,,Active,63,55-64,Male,South,6,High,Month-to-Month,Standard,74.71,Credit Card,Yes,0,0,5,449.38,12/8/2025,39,Low Risk,
CUST-00157,7/26/2025,,Active,36,35-44,Male,West,6,Middle,Month-to-Month,Standard,76.69,Electronic Check,No,1,4,4,461.29,10/3/2025,74,High Risk,
CUST-00158,5/30/2024,,Active,33,25-34,Male,West,20,Middle,One Year,Premium,109.71,Bank Transfer,Yes,1,1,5,2197.5,12/10/2025,30,Low Risk,
CUST-00159,10/26/2023,,Active,25,25-34,Male,West,27,Middle,Month-to-Month,Standard,64.53,Bank Transfer,Yes,3,0,3,1745.22,11/10/2025,50,Medium Risk,
CUST-00160,4/20/2022,,Active,68,65+,Female,Northeast,45,High,Month-to-Month,Standard,65.25,Mailed Check,No,3,3,3,2940.17,11/2/2025,70,High Risk,
CUST-00161,4/28/2022,8/31/2022,Churned,47,45-54,Female,South,5,Middle,Month-to-Month,Standard,67.49,Credit Card,No,1,2,4,337.45,8/31/2022,60,Churned,Competitor Offer
CUST-00162,9/28/2025,,Active,73,65+,Female,South,4,High,One Year,Standard,73.55,Credit Card,Yes,4,1,4,295.3,11/4/2025,40,Medium Risk,
CUST-00163,1/7/2022,,Active,47,45-54,Female,West,48,Middle,Month-to-Month,Standard,71.32,Electronic Check,Yes,3,2,4,3427.64,10/25/2025,54,Medium Risk,
CUST-00164,5/16/2023,,Active,18,18-24,Female,South,32,Low,Month-to-Month,Standard,90.07,Electronic Check,No,4,1,3,2886.29,10/22/2025,69,Medium Risk,
CUST-00165,5/16/2024,,Active,36,35-44,Female,West,20,Low,One Year,Premium,119.96,Electronic Check,Yes,5,2,3,2402.8,11/2/2025,61,Medium Risk,
CUST-00166,7/18/2025,10/31/2025,Churned,49,45-54,Male,Northeast,4,Low,Month-to-Month,Standard,74.58,Electronic Check,No,1,2,4,298.32,10/31/2025,72,Churned,Competitor Offer
CUST-00167,2/18/2025,,Active,33,25-34,Female,South,11,Middle,Two Year,Standard,61.1,Bank Transfer,No,3,3,4,673.02,10/20/2025,42,Medium Risk,
CUST-00168,8/25/2024,,Active,80,65+,Male,West,17,Middle,One Year,Basic,37.51,Electronic Check,Yes,3,1,4,638.79,11/8/2025,42,Medium Risk,
CUST-00169,2/26/2024,,Active,73,65+,Female,South,23,Low,One Year,Basic,50.02,Electronic Check,Yes,1,4,5,1151.96,11/13/2025,50,Medium Risk,
CUST-00170,4/6/2022,,Active,42,35-44,Male,South,45,Middle,One Year,Standard,87.38,Electronic Check,No,3,2,4,3937.34,11/28/2025,50,Medium Risk,
CUST-00171,5/8/2024,12/31/2024,Churned,48,45-54,Female,South,8,Low,Two Year,Basic,42.64,Mailed Check,Yes,3,1,4,341.76,12/31/2024,39,Churned,Needs Changed
CUST-00172,4/2/2025,,Active,32,25-34,Female,Midwest,9,Low,Two Year,Premium,107.7,Electronic Check,No,3,4,3,970.92,10/18/2025,74,High Risk,
CUST-00173,4/1/2022,9/30/2023,Churned,59,55-64,Female,West,18,Middle,Month-to-Month,Basic,52.92,Bank Transfer,No,1,3,4,953.35,9/30/2023,64,Churned,Competitor Offer
CUST-00174,3/4/2022,,Active,48,45-54,Female,West,46,High,One Year,Basic,54.64,Credit Card,No,4,2,2,2516.72,10/14/2025,72,High Risk,
CUST-00175,5/16/2024,,Active,31,25-34,Male,Northeast,20,Low,One Year,Premium,121.98,Bank Transfer,No,0,1,5,2443.26,12/17/2025,39,Low Risk,
CUST-00176,7/9/2023,11/30/2023,Churned,62,55-64,Female,South,5,High,Month-to-Month,Basic,38.44,Electronic Check,No,4,3,2,192.2,11/30/2023,98,Churned,Competitor Offer
CUST-00177,6/13/2025,10/31/2025,Churned,69,65+,Male,West,5,Middle,Month-to-Month,Standard,74.16,Electronic Check,Yes,5,0,2,370.8,10/31/2025,86,Churned,Poor Support Experience
CUST-00178,12/17/2023,,Active,72,65+,Female,South,25,High,Month-to-Month,Premium,103.02,Mailed Check,No,1,3,5,2580.15,11/10/2025,59,Medium Risk,
CUST-00179,7/12/2025,,Active,58,55-64,Female,South,6,Low,One Year,Standard,66.47,Mailed Check,No,6,2,2,399.82,10/7/2025,77,High Risk,
CUST-00180,6/11/2025,,Active,56,55-64,Male,West,7,Middle,One Year,Basic,44,Mailed Check,No,7,2,1,308.66,9/16/2025,83,High Risk,
CUST-00181,11/29/2022,3/31/2024,Churned,40,35-44,Female,Northeast,17,High,Month-to-Month,Basic,49.71,Bank Transfer,No,4,1,4,846.57,3/31/2024,66,Churned,Service Issues
CUST-00182,2/27/2023,12/31/2024,Churned,30,25-34,Female,West,23,Low,Month-to-Month,Basic,46.51,Credit Card,No,1,2,4,1071.13,12/31/2024,61,Churned,Competitor Offer
CUST-00183,2/28/2024,,Active,31,25-34,Male,South,23,Middle,Month-to-Month,Standard,87.35,Credit Card,Yes,0,1,5,2011.67,12/4/2025,38,Low Risk,
CUST-00184,5/11/2022,,Active,54,45-54,Female,South,44,Middle,Two Year,Standard,83.6,Mailed Check,Yes,2,0,4,3683.4,12/5/2025,17,Low Risk,
CUST-00185,1/6/2024,,Active,40,35-44,Female,West,24,Middle,Month-to-Month,Standard,85.5,Credit Card,No,2,1,4,2054.56,10/26/2025,50,Medium Risk,
CUST-00186,12/11/2023,,Active,44,35-44,Female,Northeast,25,Middle,Month-to-Month,Premium,124.35,Electronic Check,No,3,3,3,3114.36,9/19/2025,87,High Risk,
CUST-00187,4/21/2025,,Active,34,25-34,Male,Midwest,9,Middle,Month-to-Month,Standard,69.62,Bank Transfer,Yes,2,2,4,627.62,11/22/2025,49,Medium Risk,
CUST-00188,5/30/2024,,Active,71,65+,Female,South,20,Middle,Two Year,Standard,57.41,Electronic Check,Yes,3,2,3,1149.92,11/30/2025,41,Medium Risk,
CUST-00189,7/30/2025,10/31/2025,Churned,45,45-54,Female,Northeast,4,High,One Year,Premium,128.95,Electronic Check,Yes,4,2,4,515.8,10/31/2025,57,Churned,Price Too High
CUST-00190,3/28/2025,,Active,42,35-44,Female,South,10,High,Month-to-Month,Standard,79.04,Credit Card,No,1,3,5,791.59,12/7/2025,66,Medium Risk,
CUST-00191,4/22/2023,,Active,76,65+,Male,Midwest,33,High,Month-to-Month,Premium,112.83,Bank Transfer,No,2,1,4,3728.46,12/6/2025,62,Medium Risk,
CUST-00192,5/3/2024,,Active,51,45-54,Male,South,20,Middle,One Year,Standard,79.93,Mailed Check,No,5,3,2,1601,12/2/2025,69,Medium Risk,
CUST-00193,6/10/2024,5/31/2025,Churned,50,45-54,Female,South,12,Middle,Month-to-Month,Standard,91.26,Mailed Check,No,0,1,5,1096.49,5/31/2025,51,Churned,Competitor Offer
CUST-00194,3/29/2023,,Active,29,25-34,Male,South,34,Middle,Month-to-Month,Basic,61.98,Electronic Check,Yes,3,1,4,2110.11,10/23/2025,62,Medium Risk,
CUST-00195,9/19/2025,,Active,57,55-64,Male,Midwest,4,Middle,Month-to-Month,Standard,66.41,Bank Transfer,Yes,0,0,5,266.64,12/18/2025,36,Low Risk,
CUST-00196,5/16/2024,,Active,43,35-44,Non-binary,South,20,Middle,Two Year,Premium,90.52,Mailed Check,No,6,1,2,1813.12,10/23/2025,52,Medium Risk,
CUST-00197,7/27/2023,9/30/2024,Churned,60,55-64,Non-binary,Midwest,15,Middle,Month-to-Month,Basic,56.33,Electronic Check,No,1,2,4,845.79,9/30/2024,69,Churned,Competitor Offer
CUST-00198,1/19/2024,,Active,39,35-44,Male,Northeast,24,Low,Month-to-Month,Basic,44.18,Bank Transfer,Yes,1,0,5,1061.64,11/7/2025,42,Medium Risk,
CUST-00199,3/2/2022,5/31/2022,Churned,66,65+,Female,South,3,Middle,One Year,Basic,38.96,Electronic Check,No,4,5,2,116.88,5/31/2022,93,Churned,Billing Issues
CUST-00200,6/2/2022,,Active,69,65+,Female,South,43,High,One Year,Basic,58.27,Credit Card,Yes,3,2,4,2509.09,12/6/2025,37,Low Risk,
CUST-00201,1/12/2023,,Active,45,45-54,Female,West,36,Middle,One Year,Premium,89.96,Credit Card,Yes,2,0,3,3242.61,12/13/2025,28,Low Risk,
CUST-00202,2/11/2024,,Active,73,65+,Female,West,23,Low,Month-to-Month,Premium,132.33,Credit Card,Yes,1,0,5,3047.55,11/16/2025,46,Medium Risk,
CUST-00203,1/11/2025,,Active,19,18-24,Female,Northeast,12,Low,One Year,Premium,98.09,Bank Transfer,Yes,4,0,4,1178.55,10/30/2025,49,Medium Risk,
CUST-00204,3/18/2023,,Active,66,65+,Non-binary,Northeast,34,High,Month-to-Month,Standard,86.96,Electronic Check,No,3,4,3,2960.54,10/19/2025,82,High Risk,
CUST-00205,7/11/2022,2/28/2025,Churned,77,65+,Female,Northeast,32,Middle,Month-to-Month,Basic,58.95,Electronic Check,No,1,5,4,1889.04,2/28/2025,75,Churned,Billing Issues
CUST-00206,5/14/2024,,Active,53,45-54,Female,West,20,High,One Year,Basic,37.55,Electronic Check,No,4,3,3,752.12,12/6/2025,68,Medium Risk,
CUST-00207,11/24/2022,,Active,47,45-54,Female,South,38,Middle,Month-to-Month,Basic,39.87,Credit Card,Yes,1,2,4,1517.46,11/24/2025,49,Medium Risk,
CUST-00208,12/22/2022,,Active,35,35-44,Male,South,37,Low,Two Year,Basic,34.62,Mailed Check,No,1,3,4,1283.02,11/16/2025,41,Medium Risk,
CUST-00209,12/17/2024,4/30/2025,Churned,77,65+,Male,Midwest,5,Middle,Month-to-Month,Premium,116.27,Bank Transfer,No,0,1,5,583.09,4/30/2025,63,Churned,Price Too High
CUST-00210,5/23/2024,,Active,50,45-54,Male,West,20,Middle,Month-to-Month,Standard,75.6,Credit Card,No,0,3,5,1514.26,11/20/2025,52,Medium Risk,
CUST-00211,2/15/2023,,Active,32,25-34,Female,West,35,Middle,One Year,Standard,66.66,Electronic Check,No,1,1,5,2336.1,12/27/2025,37,Low Risk,
CUST-00212,7/6/2024,,Active,31,25-34,Male,West,18,Middle,Month-to-Month,Standard,73.97,Electronic Check,No,0,2,5,1333.68,11/25/2025,58,Medium Risk,
CUST-00213,2/13/2022,,Active,20,18-24,Female,South,47,Middle,One Year,Premium,107.39,Credit Card,No,1,2,5,5053.77,11/18/2025,43,Medium Risk,
CUST-00214,4/12/2023,10/31/2023,Churned,20,18-24,Male,South,7,High,Month-to-Month,Standard,63.94,Credit Card,Yes,1,2,5,447.58,10/31/2023,50,Churned,Competitor Offer
CUST-00215,6/12/2022,,Active,79,65+,Female,Midwest,43,Middle,Month-to-Month,Standard,71.1,Bank Transfer,Yes,6,1,2,3061.58,10/31/2025,69,Medium Risk,
CUST-00216,9/15/2022,,Active,63,55-64,Female,Northeast,40,High,One Year,Standard,87.82,Credit Card,Yes,3,1,3,3518.08,12/4/2025,38,Low Risk,
CUST-00217,3/2/2025,,Active,42,35-44,Male,Midwest,10,Middle,Two Year,Standard,67.29,Electronic Check,No,0,2,5,673.91,10/28/2025,40,Medium Risk,
CUST-00218,8/29/2023,,Active,58,55-64,Female,West,29,Middle,Month-to-Month,Standard,68.29,Bank Transfer,No,0,3,5,1983.47,11/17/2025,49,Medium Risk,
CUST-00219,10/26/2024,8/31/2025,Churned,57,55-64,Male,South,11,Middle,One Year,Basic,48.12,Electronic Check,No,2,4,3,530.04,8/31/2025,73,Churned,Billing Issues
CUST-00220,5/3/2022,,Active,77,65+,Male,South,44,Middle,Month-to-Month,Premium,126.01,Bank Transfer,Yes,2,0,5,5552,12/12/2025,50,Medium Risk,
CUST-00221,1/1/2025,,Active,72,65+,Female,South,12,High,One Year,Premium,112.81,Bank Transfer,Yes,2,2,3,1355.41,11/3/2025,50,Medium Risk,
CUST-00222,5/6/2022,4/30/2025,Churned,37,35-44,Female,South,36,Middle,Month-to-Month,Premium,95.32,Bank Transfer,Yes,3,2,3,3435.81,4/30/2025,65,Churned,Price Too High
CUST-00223,7/30/2025,,Active,68,65+,Female,South,6,High,One Year,Standard,64.64,Bank Transfer,No,1,2,4,388.81,11/30/2025,45,Medium Risk,
CUST-00224,1/30/2025,8/31/2025,Churned,36,35-44,Male,Northeast,8,Middle,Month-to-Month,Standard,90.56,Credit Card,Yes,2,1,4,724.48,8/31/2025,48,Churned,Competitor Offer
CUST-00225,5/6/2023,7/31/2023,Churned,32,25-34,Male,Midwest,3,Low,Month-to-Month,Standard,72.86,Electronic Check,No,0,5,4,218.58,7/31/2023,76,Churned,Competitor Offer
CUST-00226,12/1/2023,,Active,51,45-54,Male,South,25,Middle,One Year,Standard,80.82,Mailed Check,Yes,1,1,4,2024.13,12/13/2025,24,Low Risk,
CUST-00227,3/5/2023,,Active,32,25-34,Male,West,34,Low,Two Year,Basic,36.79,Electronic Check,No,4,3,3,1252.51,11/4/2025,64,Medium Risk,
CUST-00228,10/31/2022,,Active,30,25-34,Female,Northeast,39,Middle,Two Year,Standard,72.92,Bank Transfer,Yes,2,2,4,2848.24,12/13/2025,20,Low Risk,
CUST-00229,2/11/2024,,Active,58,55-64,Male,South,23,Low,Month-to-Month,Premium,117.95,Credit Card,No,3,2,3,2716.39,9/30/2025,75,High Risk,
CUST-00230,12/21/2022,,Active,67,65+,Male,Northeast,37,High,Month-to-Month,Standard,76.76,Bank Transfer,Yes,2,1,4,2844.72,11/4/2025,40,Medium Risk,
CUST-00231,9/19/2022,11/30/2022,Churned,56,55-64,Male,Northeast,3,Middle,Month-to-Month,Basic,52.62,Electronic Check,Yes,4,1,2,157.86,11/30/2022,90,Churned,Service Issues
CUST-00232,4/13/2024,,Active,43,35-44,Female,South,21,Middle,Month-to-Month,Premium,101.65,Bank Transfer,Yes,2,2,4,2137.69,12/6/2025,54,Medium Risk,
CUST-00233,7/15/2022,,Active,29,25-34,Male,Midwest,42,Middle,Two Year,Premium,118.15,Bank Transfer,Yes,3,2,3,4969.38,10/23/2025,40,Medium Risk,
CUST-00234,5/6/2022,,Active,70,65+,Male,Northeast,44,Low,Month-to-Month,Premium,103.71,Bank Transfer,No,0,1,5,4569.48,10/31/2025,50,Medium Risk,
CUST-00235,7/5/2022,,Active,68,65+,Female,Midwest,42,Middle,Month-to-Month,Basic,44.64,Electronic Check,Yes,2,2,3,1877.56,11/3/2025,70,High Risk,
CUST-00236,6/4/2022,2/29/2024,Churned,28,25-34,Male,Northeast,21,Low,One Year,Standard,87.12,Mailed Check,No,2,2,3,1832.14,2/29/2024,47,Churned,Needs Changed
CUST-00237,2/13/2025,,Active,48,45-54,Female,Northeast,11,Middle,Two Year,Premium,121.18,Electronic Check,No,2,1,5,1334.8,11/18/2025,56,Medium Risk,
CUST-00238,5/16/2023,,Active,66,65+,Female,South,32,Middle,One Year,Standard,69.33,Credit Card,Yes,0,1,5,2221.68,12/7/2025,16,Low Risk,
CUST-00239,1/9/2022,,Active,76,65+,Female,South,48,Low,Month-to-Month,Standard,84.06,Bank Transfer,Yes,2,0,4,4039.92,12/7/2025,40,Medium Risk,
CUST-00240,7/18/2022,,Active,40,35-44,Male,South,42,High,One Year,Standard,74.11,Bank Transfer,Yes,5,1,3,3117.06,12/13/2025,39,Low Risk,
CUST-00241,9/20/2023,,Active,74,65+,Female,West,28,High,Two Year,Premium,90.67,Bank Transfer,Yes,1,1,5,2542.84,12/26/2025,13,Low Risk,
CUST-00242,9/13/2025,12/31/2025,Churned,21,18-24,Male,Midwest,4,High,Month-to-Month,Basic,58.56,Mailed Check,No,1,3,4,235.12,12/31/2025,68,Churned,Billing Issues
CUST-00243,9/15/2025,,Active,45,45-54,Female,Northeast,4,High,Month-to-Month,Premium,125.96,Credit Card,Yes,1,1,4,505.73,11/20/2025,52,Medium Risk,
CUST-00244,8/1/2025,,Active,54,45-54,Female,West,5,Middle,Month-to-Month,Premium,117.94,Bank Transfer,Yes,0,0,5,591.47,11/24/2025,53,Medium Risk,
CUST-00245,5/15/2024,,Active,54,45-54,Female,Midwest,20,Low,Month-to-Month,Premium,119.67,Bank Transfer,Yes,1,2,4,2397,11/20/2025,49,Medium Risk,
CUST-00246,6/17/2023,5/31/2024,Churned,33,25-34,Female,Northeast,12,Middle,Month-to-Month,Basic,58.02,Electronic Check,No,1,2,5,697.11,5/31/2024,74,Churned,Competitor Offer
CUST-00247,3/24/2025,,Active,72,65+,Female,Northeast,10,Middle,One Year,Standard,67.48,Credit Card,No,1,3,4,675.81,11/22/2025,45,Medium Risk,
CUST-00248,7/27/2025,,Active,55,55-64,Male,Northeast,6,High,One Year,Standard,81.06,Mailed Check,Yes,1,0,5,487.58,12/18/2025,30,Low Risk,
CUST-00249,8/14/2024,2/28/2025,Churned,68,65+,Male,South,7,High,Month-to-Month,Standard,87.07,Electronic Check,Yes,2,0,5,610.8,2/28/2025,54,Churned,Competitor Offer
CUST-00250,3/26/2022,,Active,80,65+,Female,Northeast,46,High,Month-to-Month,Standard,68.45,Mailed Check,No,2,1,3,3152.82,10/24/2025,55,Medium Risk,
CUST-00251,1/1/2025,,Active,27,25-34,Female,Midwest,12,High,Month-to-Month,Standard,84.36,Credit Card,Yes,0,1,5,1013.59,11/23/2025,43,Medium Risk,
CUST-00252,8/21/2022,,Active,19,18-24,Male,South,41,High,One Year,Premium,129.27,Mailed Check,Yes,3,0,3,5307.83,12/3/2025,42,Medium Risk,
CUST-00253,10/22/2024,,Active,34,25-34,Male,South,15,Low,One Year,Basic,45.75,Credit Card,Yes,2,2,3,687.63,10/31/2025,44,Medium Risk,
CUST-00254,8/15/2023,,Active,63,55-64,Female,Northeast,29,Low,Month-to-Month,Basic,55.78,Electronic Check,Yes,2,2,3,1620.14,12/4/2025,68,Medium Risk,
CUST-00255,8/6/2022,,Active,31,25-34,Male,South,41,High,Two Year,Basic,51.2,Electronic Check,No,4,3,3,2102.28,10/29/2025,66,Medium Risk,
CUST-00256,1/22/2024,7/31/2024,Churned,39,35-44,Female,South,7,Low,Month-to-Month,Premium,131.59,Credit Card,Yes,1,0,4,921.13,7/31/2024,51,Churned,Competitor Offer
CUST-00257,1/27/2023,,Active,60,55-64,Female,Northeast,36,Low,Month-to-Month,Premium,114.65,Bank Transfer,No,3,3,3,4132.56,10/9/2025,79,High Risk,
CUST-00258,1/23/2023,,Active,55,55-64,Male,Midwest,36,Middle,Two Year,Standard,63.49,Electronic Check,Yes,3,2,3,2288.49,11/20/2025,42,Medium Risk,
CUST-00259,6/5/2024,,Active,37,35-44,Female,West,19,Middle,Two Year,Standard,72.71,Bank Transfer,Yes,0,2,5,1383.67,12/14/2025,10,Low Risk,
CUST-00260,4/5/2025,,Active,45,45-54,Female,Northeast,9,High,Two Year,Premium,91.75,Credit Card,Yes,3,2,3,827.13,12/16/2025,39,Low Risk,
CUST-00261,9/12/2024,,Active,23,18-24,Male,South,16,High,Month-to-Month,Basic,60.72,Mailed Check,No,3,1,4,973.34,11/19/2025,62,Medium Risk,
CUST-00262,8/29/2022,4/30/2023,Churned,65,65+,Female,Midwest,9,Middle,Month-to-Month,Standard,83.97,Electronic Check,No,3,1,3,756.99,4/30/2023,80,Churned,Competitor Offer
CUST-00263,11/5/2023,,Active,38,35-44,Non-binary,Northeast,26,Middle,Month-to-Month,Standard,76.15,Credit Card,Yes,0,1,5,1983.32,12/4/2025,38,Low Risk,
CUST-00264,9/18/2023,,Active,64,55-64,Male,West,28,Middle,One Year,Standard,83.11,Bank Transfer,Yes,1,1,4,2330.83,12/13/2025,22,Low Risk,
CUST-00265,3/1/2024,,Active,28,25-34,Non-binary,South,22,Low,One Year,Basic,50.56,Bank Transfer,Yes,2,1,3,1113.84,12/6/2025,37,Low Risk,
CUST-00266,6/12/2023,,Active,73,65+,Female,Midwest,31,Low,One Year,Basic,52.79,Credit Card,No,3,2,4,1638.86,11/6/2025,50,Medium Risk,
CUST-00267,11/11/2023,10/31/2025,Churned,52,45-54,Male,Midwest,24,Low,Month-to-Month,Basic,59.38,Electronic Check,No,2,1,4,1426.9,10/31/2025,70,Churned,Competitor Offer
CUST-00268,2/17/2022,,Active,53,45-54,Female,South,47,Middle,Month-to-Month,Standard,78.97,Mailed Check,No,1,1,4,3716.31,11/19/2025,46,Medium Risk,
CUST-00269,8/7/2023,,Active,48,45-54,Male,South,29,Middle,Two Year,Basic,49.52,Bank Transfer,Yes,2,0,5,1438.3,12/16/2025,23,Low Risk,
CUST-00270,4/26/2022,,Active,24,18-24,Male,South,45,Middle,One Year,Standard,61.59,Bank Transfer,Yes,3,1,5,2775.23,12/5/2025,25,Low Risk,
CUST-00271,8/7/2023,,Active,47,45-54,Male,South,29,Middle,Two Year,Basic,48.59,Electronic Check,No,2,3,3,1411.3,11/10/2025,59,Medium Risk,
CUST-00272,10/28/2022,,Active,18,18-24,Male,Northeast,39,Middle,Month-to-Month,Basic,46.21,Mailed Check,Yes,4,1,3,1804.95,10/21/2025,58,Medium Risk,
CUST-00273,2/1/2023,,Active,45,45-54,Female,South,35,High,One Year,Premium,128.43,Mailed Check,No,0,2,5,4500.84,12/22/2025,39,Low Risk,
CUST-00274,11/5/2024,,Active,33,25-34,Male,West,14,Middle,Month-to-Month,Basic,52.15,Bank Transfer,No,2,3,3,731.66,10/25/2025,71,High Risk,
CUST-00275,3/21/2024,7/31/2024,Churned,48,45-54,Female,West,5,Middle,Two Year,Basic,36.46,Credit Card,No,2,2,4,182.3,7/31/2024,42,Churned,Needs Changed
CUST-00276,3/13/2024,,Active,26,25-34,Male,Northeast,22,Low,One Year,Basic,45.1,Bank Transfer,Yes,2,0,4,993.56,12/23/2025,30,Low Risk,
CUST-00277,4/27/2025,,Active,51,45-54,Male,South,9,Middle,Month-to-Month,Standard,75.16,Credit Card,Yes,1,0,5,677.57,10/25/2025,45,Medium Risk,
CUST-00278,9/24/2024,,Active,75,65+,Female,Midwest,16,High,One Year,Basic,37.75,Electronic Check,Yes,4,0,3,605.14,11/4/2025,55,Medium Risk,
CUST-00279,3/7/2024,8/31/2024,Churned,70,65+,Male,West,6,Middle,Month-to-Month,Basic,47.04,Bank Transfer,Yes,2,0,4,282.24,8/31/2024,58,Churned,Competitor Offer
CUST-00280,3/24/2024,,Active,55,55-64,Male,Northeast,22,Middle,Month-to-Month,Standard,76.05,Electronic Check,No,0,1,5,1675.38,11/3/2025,57,Medium Risk,
CUST-00281,10/22/2024,,Active,37,35-44,Male,South,15,Middle,One Year,Basic,48.17,Electronic Check,No,3,1,4,723.99,12/3/2025,55,Medium Risk,
CUST-00282,4/29/2024,,Active,27,25-34,Female,West,21,Middle,One Year,Basic,48.57,Bank Transfer,No,3,3,2,1021.43,10/12/2025,72,High Risk,
CUST-00283,7/2/2023,,Active,20,18-24,Male,West,30,High,Month-to-Month,Premium,96.07,Bank Transfer,Yes,3,1,3,2886.42,12/3/2025,64,Medium Risk,
CUST-00284,4/27/2025,6/30/2025,Churned,56,55-64,Female,South,3,Middle,One Year,Standard,86.56,Bank Transfer,No,3,3,4,259.68,6/30/2025,53,Churned,Billing Issues
CUST-00285,12/30/2024,,Active,22,18-24,Male,Midwest,13,Middle,Month-to-Month,Standard,65.75,Electronic Check,No,1,5,4,856.73,11/30/2025,65,Medium Risk,
CUST-00286,4/5/2022,,Active,42,35-44,Female,South,45,Middle,One Year,Basic,39.05,Credit Card,No,3,1,3,1759.61,11/23/2025,51,Medium Risk,
CUST-00287,11/1/2022,,Active,78,65+,Male,Northeast,38,Middle,Month-to-Month,Standard,66.53,Electronic Check,Yes,0,2,5,2532.14,11/4/2025,48,Medium Risk,
CUST-00288,1/3/2025,7/31/2025,Churned,50,45-54,Male,Midwest,7,Middle,One Year,Standard,60.54,Electronic Check,No,1,5,3,423.78,7/31/2025,63,Churned,Billing Issues
CUST-00289,9/3/2022,,Active,51,45-54,Non-binary,South,40,Low,One Year,Standard,61.3,Credit Card,Yes,2,2,4,2455.68,12/27/2025,31,Low Risk,
CUST-00290,10/9/2022,2/28/2023,Churned,58,55-64,Male,West,5,High,Month-to-Month,Standard,78.43,Electronic Check,No,5,3,2,393.33,2/28/2023,98,Churned,Competitor Offer
CUST-00291,10/12/2023,,Active,55,55-64,Female,South,27,Middle,Month-to-Month,Standard,63.52,Bank Transfer,Yes,1,2,4,1717.89,11/5/2025,44,Medium Risk,
CUST-00292,1/28/2022,3/31/2024,Churned,20,18-24,Female,West,27,Low,Month-to-Month,Premium,97.44,Bank Transfer,Yes,1,0,4,2633.8,3/31/2024,46,Churned,Competitor Offer
CUST-00293,4/14/2024,,Active,50,45-54,Female,South,21,Middle,Two Year,Standard,58.53,Mailed Check,Yes,2,1,4,1230.89,12/4/2025,18,Low Risk,
CUST-00294,5/14/2024,,Active,80,65+,Male,Northeast,20,High,One Year,Basic,46.04,Bank Transfer,No,2,2,4,922.18,11/14/2025,44,Medium Risk,
CUST-00295,9/25/2023,,Active,80,65+,Female,South,28,Middle,Month-to-Month,Standard,69.52,Credit Card,No,1,3,4,1949.68,12/8/2025,52,Medium Risk,
CUST-00296,11/14/2023,,Active,52,45-54,Male,Northeast,26,High,Month-to-Month,Standard,85.12,Electronic Check,No,0,3,4,2216.96,11/3/2025,58,Medium Risk,
CUST-00297,10/2/2024,,Active,70,65+,Male,Midwest,15,High,Month-to-Month,Standard,83.16,Bank Transfer,Yes,5,0,4,1249.9,11/28/2025,50,Medium Risk,
CUST-00298,8/1/2025,,Active,59,55-64,Female,Midwest,5,Middle,One Year,Premium,119.49,Mailed Check,No,5,3,2,599.24,9/7/2025,84,High Risk,
CUST-00299,5/6/2025,7/31/2025,Churned,63,55-64,Male,South,3,Low,Month-to-Month,Standard,66.98,Credit Card,No,3,1,3,200.94,7/31/2025,71,Churned,Competitor Offer
CUST-00300,3/28/2022,,Active,69,65+,Male,South,46,Low,One Year,Basic,42.86,Mailed Check,No,3,2,4,1974.12,11/13/2025,48,Medium Risk,
CUST-00301,6/14/2025,12/31/2025,Churned,57,55-64,Male,West,7,Middle,Month-to-Month,Standard,82.19,Mailed Check,No,2,2,3,576.56,12/31/2025,69,Churned,Competitor Offer
CUST-00302,9/1/2022,,Active,46,45-54,Female,West,40,High,Month-to-Month,Standard,86.27,Credit Card,No,3,2,4,3455.96,11/8/2025,59,Medium Risk,
CUST-00303,7/5/2023,,Active,58,55-64,Male,South,30,High,One Year,Standard,85.68,Credit Card,Yes,3,2,4,2574.27,12/29/2025,35,Low Risk,
CUST-00304,2/8/2023,,Active,60,55-64,Male,West,35,Low,One Year,Standard,71.09,Bank Transfer,Yes,0,1,5,2491.36,12/26/2025,20,Low Risk,
CUST-00305,9/10/2023,,Active,61,55-64,Male,Northeast,28,Middle,Month-to-Month,Standard,88.17,Credit Card,No,1,2,4,2472.72,11/27/2025,53,Medium Risk,
CUST-00306,8/21/2023,,Active,79,65+,Female,Northeast,29,High,Month-to-Month,Standard,70.77,Mailed Check,No,1,2,4,2055.51,11/5/2025,54,Medium Risk,
CUST-00307,11/19/2024,1/31/2025,Churned,37,35-44,Male,West,3,Low,Month-to-Month,Basic,43.79,Bank Transfer,Yes,4,0,3,132.03,1/31/2025,64,Churned,Competitor Offer
CUST-00308,1/30/2025,,Active,52,45-54,Male,South,12,Middle,One Year,Standard,80.53,Bank Transfer,No,2,1,3,967.57,11/16/2025,48,Medium Risk,
CUST-00309,11/27/2023,,Active,44,35-44,Male,South,26,Middle,Month-to-Month,Standard,77.4,Mailed Check,No,1,2,5,2015.88,11/7/2025,53,Medium Risk,
CUST-00310,4/11/2022,7/31/2023,Churned,72,65+,Male,West,16,Low,Month-to-Month,Premium,98.6,Bank Transfer,No,0,1,4,1579.08,7/31/2023,51,Churned,Competitor Offer
CUST-00311,12/22/2022,,Active,46,45-54,Female,Midwest,37,Low,One Year,Basic,49.58,Credit Card,No,1,2,5,1837.42,11/5/2025,40,Medium Risk,
CUST-00312,10/3/2023,,Active,53,45-54,Male,Midwest,27,Middle,One Year,Standard,84.62,Bank Transfer,Yes,1,2,5,2288.55,12/14/2025,26,Low Risk,
CUST-00313,1/29/2024,,Active,79,65+,Male,South,24,Middle,Two Year,Basic,43.53,Bank Transfer,Yes,1,2,5,1046.02,12/21/2025,23,Low Risk,
CUST-00314,2/1/2023,2/28/2025,Churned,75,65+,Male,South,25,High,Month-to-Month,Basic,55.77,Mailed Check,No,3,2,4,1395.93,2/28/2025,63,Churned,Competitor Offer
CUST-00315,3/15/2023,8/31/2023,Churned,64,55-64,Male,South,6,Middle,Month-to-Month,Standard,85.03,Electronic Check,No,0,3,4,510.18,8/31/2023,66,Churned,Billing Issues
CUST-00316,9/25/2023,,Active,57,55-64,Female,Midwest,28,Low,Month-to-Month,Standard,76.74,Bank Transfer,Yes,6,2,2,2152.17,9/28/2025,71,High Risk,
CUST-00317,12/5/2024,,Active,75,65+,Male,South,13,High,Month-to-Month,Standard,84.39,Mailed Check,No,2,3,5,1099.61,11/28/2025,53,Medium Risk,
CUST-00318,4/9/2025,8/31/2025,Churned,34,25-34,Non-binary,Midwest,5,High,Month-to-Month,Basic,46.96,Credit Card,No,7,2,2,234.8,8/31/2025,96,Churned,Service Issues
CUST-00319,6/13/2023,,Active,61,55-64,Male,South,31,Middle,One Year,Standard,76.57,Credit Card,Yes,1,1,4,2377.12,12/19/2025,25,Low Risk,
CUST-00320,4/8/2024,,Active,37,35-44,Female,West,21,Middle,Month-to-Month,Standard,71.2,Bank Transfer,Yes,3,0,4,1497.34,11/30/2025,45,Medium Risk,
CUST-00321,11/10/2024,,Active,58,55-64,Male,South,14,Middle,One Year,Premium,91.16,Bank Transfer,Yes,1,2,5,1278.98,12/24/2025,29,Low Risk,
CUST-00322,12/2/2024,,Active,29,25-34,Male,Midwest,13,Low,Month-to-Month,Standard,91.02,Credit Card,Yes,1,2,4,1186,10/25/2025,41,Medium Risk,
CUST-00323,7/13/2022,12/31/2023,Churned,57,55-64,Female,South,18,Middle,Month-to-Month,Basic,50.57,Electronic Check,No,4,3,3,911.78,12/31/2023,84,Churned,Service Issues
CUST-00324,10/31/2022,,Active,37,35-44,Female,West,39,Middle,One Year,Premium,120.35,Electronic Check,No,0,3,4,4700.89,10/21/2025,54,Medium Risk,
CUST-00325,10/31/2023,,Active,44,35-44,Male,South,27,Middle,Month-to-Month,Premium,102.6,Electronic Check,Yes,3,1,5,2774.82,11/8/2025,60,Medium Risk,
CUST-00326,5/9/2024,,Active,38,35-44,Female,West,20,Middle,Month-to-Month,Basic,39.11,Bank Transfer,Yes,4,1,3,783.38,11/24/2025,59,Medium Risk,
CUST-00327,3/14/2025,6/30/2025,Churned,71,65+,Female,Northeast,4,Low,One Year,Basic,54.94,Electronic Check,No,4,3,2,219.76,6/30/2025,94,Churned,Service Issues
CUST-00328,10/5/2023,4/30/2024,Churned,80,65+,Female,South,7,Low,Month-to-Month,Standard,69.52,Bank Transfer,Yes,1,0,4,487.68,4/30/2024,45,Churned,Competitor Offer
CUST-00329,11/9/2024,7/31/2025,Churned,79,65+,Male,South,9,Low,One Year,Premium,121.41,Credit Card,No,2,3,3,1094.51,7/31/2025,64,Churned,Billing Issues
CUST-00330,8/22/2022,12/31/2022,Churned,29,25-34,Male,South,5,Middle,Month-to-Month,Standard,81.28,Mailed Check,No,3,1,4,407.62,12/31/2022,62,Churned,Competitor Offer
CUST-00331,9/29/2024,,Active,69,65+,Male,West,16,Middle,Two Year,Standard,64.08,Bank Transfer,No,2,1,4,1027.2,12/11/2025,23,Low Risk,
CUST-00332,8/31/2024,,Active,80,65+,Male,Northeast,17,Middle,Month-to-Month,Standard,83.63,Electronic Check,No,0,2,5,1424.21,12/2/2025,57,Medium Risk,
CUST-00333,2/2/2023,,Active,71,65+,Male,West,35,Low,One Year,Basic,39.07,Credit Card,Yes,4,0,3,1369.22,12/12/2025,45,Medium Risk,
CUST-00334,4/7/2025,,Active,28,25-34,Female,South,9,Middle,Month-to-Month,Standard,67.21,Bank Transfer,No,2,3,4,605.9,11/27/2025,64,Medium Risk,
CUST-00335,5/12/2022,8/31/2022,Churned,35,35-44,Male,South,4,Middle,Month-to-Month,Basic,48.79,Electronic Check,No,4,3,3,195.16,8/31/2022,96,Churned,Billing Issues
CUST-00336,10/16/2024,,Active,19,18-24,Male,South,15,Low,One Year,Premium,122.98,Electronic Check,No,6,3,3,1848.38,9/19/2025,76,High Risk,
CUST-00337,5/29/2023,,Active,76,65+,Female,South,32,High,Month-to-Month,Standard,83.96,Bank Transfer,Yes,0,2,4,2690.5,12/20/2025,38,Low Risk,
CUST-00338,9/19/2022,,Active,51,45-54,Female,South,40,Middle,Month-to-Month,Standard,72.07,Credit Card,Yes,1,2,5,2887.12,11/12/2025,44,Medium Risk,
CUST-00339,12/22/2023,7/31/2025,Churned,27,25-34,Male,West,20,High,One Year,Premium,109.88,Bank Transfer,Yes,1,2,5,2200.9,7/31/2025,35,Churned,Price Too High
CUST-00340,8/7/2023,,Active,60,55-64,Non-binary,South,29,Low,One Year,Basic,43.23,Credit Card,No,4,1,3,1255.62,12/9/2025,58,Medium Risk,
CUST-00341,4/13/2022,,Active,78,65+,Male,South,45,High,One Year,Basic,48.36,Mailed Check,No,3,1,4,2179.12,11/25/2025,45,Medium Risk,
CUST-00342,6/16/2022,,Active,41,35-44,Male,South,43,Low,One Year,Standard,78.54,Bank Transfer,No,1,1,5,3381.94,12/24/2025,34,Low Risk,
CUST-00343,6/15/2025,,Active,51,45-54,Male,South,7,Low,Month-to-Month,Standard,87.04,Credit Card,No,1,1,5,610.59,11/28/2025,59,Medium Risk,
CUST-00344,5/1/2022,,Active,72,65+,Female,West,44,Middle,One Year,Premium,89.81,Bank Transfer,Yes,1,2,4,3957.04,12/18/2025,28,Low Risk,
CUST-00345,7/5/2024,,Active,72,65+,Male,West,18,Middle,Month-to-Month,Standard,85.74,Credit Card,Yes,3,2,4,1545.9,11/9/2025,46,Medium Risk,
CUST-00346,12/5/2024,,Active,56,55-64,Female,West,13,High,Two Year,Premium,96.99,Mailed Check,No,1,3,4,1263.77,12/12/2025,37,Low Risk,
CUST-00347,2/8/2024,,Active,49,45-54,Male,West,23,Low,Month-to-Month,Standard,70.22,Electronic Check,Yes,1,0,4,1617.16,10/23/2025,45,Medium Risk,
CUST-00348,4/19/2022,,Active,53,45-54,Female,South,45,Middle,Two Year,Standard,60.98,Electronic Check,Yes,3,3,3,2747.74,11/16/2025,44,Medium Risk,
CUST-00349,5/21/2025,,Active,76,65+,Male,West,8,Middle,Month-to-Month,Standard,77.85,Electronic Check,No,0,3,5,623.97,11/3/2025,71,High Risk,
CUST-00350,7/18/2024,12/31/2024,Churned,48,45-54,Male,West,6,Low,One Year,Standard,61.59,Mailed Check,Yes,2,1,4,370.46,12/31/2024,36,Churned,Competitor Offer
CUST-00351,4/15/2022,,Active,39,35-44,Female,South,45,Middle,One Year,Standard,66.45,Credit Card,Yes,1,1,4,2994.25,12/14/2025,24,Low Risk,
CUST-00352,5/28/2025,,Active,52,45-54,Female,South,8,Middle,One Year,Standard,69.38,Mailed Check,No,1,2,5,556.08,11/10/2025,46,Medium Risk,
CUST-00353,11/28/2023,,Active,67,65+,Female,South,26,Middle,Month-to-Month,Standard,72.36,Credit Card,No,1,1,4,1884.63,10/27/2025,48,Medium Risk,
CUST-00354,6/11/2025,,Active,80,65+,Male,West,7,Middle,One Year,Basic,55.04,Mailed Check,No,2,3,4,386.11,11/7/2025,56,Medium Risk,
CUST-00355,1/31/2025,,Active,44,35-44,Female,Midwest,12,High,Month-to-Month,Standard,69.15,Bank Transfer,Yes,0,2,5,830.84,12/8/2025,46,Medium Risk,
CUST-00356,9/28/2023,,Active,41,35-44,Non-binary,West,28,Middle,One Year,Standard,83.74,Bank Transfer,Yes,0,0,5,2348.5,12/30/2025,17,Low Risk,
CUST-00357,12/10/2022,5/31/2023,Churned,25,25-34,Female,Midwest,6,Low,One Year,Basic,46.77,Electronic Check,No,4,4,2,281.32,5/31/2023,90,Churned,Poor Support Experience
CUST-00358,11/22/2022,2/28/2023,Churned,19,18-24,Female,South,4,Middle,One Year,Basic,41.12,Bank Transfer,Yes,2,1,3,165.1,2/28/2023,49,Churned,Competitor Offer
CUST-00359,12/7/2024,2/28/2025,Churned,69,65+,Female,Northeast,3,High,Month-to-Month,Basic,39.25,Electronic Check,Yes,3,2,3,118.34,2/28/2025,77,Churned,Competitor Offer
CUST-00360,3/15/2025,9/30/2025,Churned,76,65+,Female,South,7,Middle,Month-to-Month,Standard,69.03,Bank Transfer,No,3,1,3,483.21,9/30/2025,72,Churned,Competitor Offer
CUST-00361,4/15/2023,,Active,68,65+,Female,Northeast,33,High,One Year,Basic,49.43,Credit Card,No,1,1,4,1633.41,12/12/2025,42,Medium Risk,
CUST-00362,2/15/2022,,Active,58,55-64,Female,South,47,High,Month-to-Month,Premium,103.12,Electronic Check,Yes,1,0,4,4852.84,12/10/2025,52,Medium Risk,
CUST-00363,6/19/2022,10/31/2022,Churned,37,35-44,Male,South,5,Low,One Year,Standard,80.43,Electronic Check,No,1,1,4,402.15,10/31/2022,46,Churned,Relocation
CUST-00364,4/15/2024,,Active,30,25-34,Male,West,21,Middle,Month-to-Month,Standard,68.36,Credit Card,Yes,3,2,4,1437.62,12/11/2025,45,Medium Risk,
CUST-00365,2/9/2024,9/30/2025,Churned,59,55-64,Male,Northeast,20,High,One Year,Standard,84.4,Electronic Check,No,5,4,2,1689.27,9/30/2025,79,Churned,Poor Support Experience
CUST-00366,9/28/2022,,Active,40,35-44,Male,Midwest,40,Low,Month-to-Month,Standard,85.45,Mailed Check,Yes,0,0,5,3423.12,12/22/2025,34,Low Risk,
CUST-00367,12/18/2022,,Active,76,65+,Female,South,37,Low,One Year,Standard,87.99,Mailed Check,No,0,1,5,3260.91,12/12/2025,26,Low Risk,
CUST-00368,2/24/2023,,Active,29,25-34,Female,South,35,High,Month-to-Month,Standard,69.76,Credit Card,Yes,3,2,4,2444.75,10/21/2025,49,Medium Risk,
CUST-00369,3/30/2022,,Active,76,65+,Male,Northeast,46,High,Two Year,Standard,79.04,Bank Transfer,Yes,3,2,4,3640.6,12/29/2025,24,Low Risk,
CUST-00370,7/15/2022,,Active,48,45-54,Female,Midwest,42,Middle,One Year,Standard,62,Credit Card,Yes,0,2,5,2607.72,12/5/2025,25,Low Risk,
CUST-00371,9/24/2023,,Active,66,65+,Male,West,28,High,One Year,Basic,48.58,Bank Transfer,Yes,3,2,3,1362.43,12/6/2025,43,Medium Risk,
CUST-00372,1/29/2024,,Active,72,65+,Male,South,24,Low,Month-to-Month,Premium,106.58,Credit Card,Yes,1,2,4,2561.12,10/23/2025,51,Medium Risk,
CUST-00373,11/15/2022,8/31/2024,Churned,69,65+,Male,South,22,High,One Year,Basic,59.44,Bank Transfer,Yes,3,2,3,1309.46,8/31/2024,45,Churned,Relocation
CUST-00374,10/13/2023,,Active,38,35-44,Female,Northeast,27,Low,One Year,Basic,46.85,Bank Transfer,Yes,1,0,4,1267.05,12/12/2025,26,Low Risk,
CUST-00375,6/20/2022,,Active,78,65+,Male,Northeast,43,Low,One Year,Basic,51.23,Credit Card,No,2,2,3,2205.97,10/21/2025,56,Medium Risk,
CUST-00376,10/29/2022,10/31/2023,Churned,67,65+,Male,Midwest,13,High,Month-to-Month,Standard,71.17,Electronic Check,Yes,1,1,4,926.28,10/31/2023,49,Churned,Competitor Offer
CUST-00377,2/28/2024,,Active,63,55-64,Female,Northeast,23,Middle,Month-to-Month,Premium,100.19,Electronic Check,Yes,1,0,4,2307.37,11/20/2025,56,Medium Risk,
CUST-00378,1/9/2024,,Active,26,25-34,Female,Midwest,24,High,Month-to-Month,Standard,71.2,Mailed Check,No,1,2,4,1710.94,10/26/2025,52,Medium Risk,
CUST-00379,5/13/2023,,Active,40,35-44,Female,Northeast,32,Low,One Year,Standard,67.6,Bank Transfer,No,3,1,4,2166.23,12/29/2025,38,Low Risk,
CUST-00380,3/5/2025,,Active,54,45-54,Female,Northeast,10,Low,One Year,Basic,39.4,Mailed Check,No,3,1,3,394.59,10/30/2025,59,Medium Risk,
CUST-00381,4/22/2022,,Active,25,25-34,Female,West,45,High,One Year,Basic,52.83,Credit Card,Yes,3,0,4,2380.51,12/18/2025,32,Low Risk,
CUST-00382,8/21/2024,,Active,75,65+,Female,West,17,Low,Two Year,Standard,60.01,Electronic Check,No,0,3,5,1021.97,12/14/2025,36,Low Risk,
CUST-00383,7/18/2025,10/31/2025,Churned,80,65+,Non-binary,West,4,Middle,Two Year,Premium,109.3,Mailed Check,No,3,1,5,437.2,10/31/2025,46,Churned,Price Too High
CUST-00384,8/5/2023,,Active,29,25-34,Female,South,29,High,Two Year,Standard,75.32,Mailed Check,No,3,3,4,2187.67,12/20/2025,33,Low Risk,
CUST-00385,11/14/2023,,Active,57,55-64,Male,West,26,Low,Month-to-Month,Standard,70.76,Bank Transfer,Yes,1,0,5,1842.94,12/19/2025,36,Low Risk,
CUST-00386,7/19/2025,,Active,54,45-54,Male,Northeast,6,High,Two Year,Standard,60.87,Credit Card,Yes,2,1,4,366.13,12/28/2025,22,Low Risk,
CUST-00387,11/16/2024,,Active,55,55-64,Female,West,14,Middle,Two Year,Premium,122.27,Mailed Check,No,0,1,4,1715.44,12/13/2025,32,Low Risk,
CUST-00388,1/14/2023,,Active,55,55-64,Male,West,36,Low,One Year,Standard,62.19,Bank Transfer,No,1,2,4,2241.63,12/13/2025,35,Low Risk,
CUST-00389,2/1/2023,,Active,75,65+,Male,Northeast,35,High,Month-to-Month,Premium,93.7,Electronic Check,No,1,3,4,3283.73,11/2/2025,61,Medium Risk,
CUST-00390,4/3/2022,,Active,76,65+,Female,West,45,High,Month-to-Month,Standard,84.48,Mailed Check,No,0,2,5,3806.68,10/29/2025,50,Medium Risk,
CUST-00391,5/9/2023,,Active,45,45-54,Male,South,32,Low,Month-to-Month,Basic,61.02,Bank Transfer,Yes,2,1,5,1955.4,12/7/2025,49,Medium Risk,
CUST-00392,8/20/2025,,Active,62,55-64,Male,South,5,Low,One Year,Standard,84.39,Bank Transfer,Yes,2,1,4,423.22,12/29/2025,34,Low Risk,
CUST-00393,1/29/2024,,Active,63,55-64,Female,West,24,Low,One Year,Basic,55.94,Bank Transfer,Yes,3,0,3,1344.24,10/20/2025,41,Medium Risk,
CUST-00394,9/14/2024,,Active,43,35-44,Female,Midwest,16,Low,One Year,Basic,36.94,Electronic Check,No,1,3,4,592.14,11/4/2025,55,Medium Risk,
CUST-00395,12/22/2024,9/30/2025,Churned,30,25-34,Female,Midwest,10,Middle,Month-to-Month,Standard,69.64,Bank Transfer,Yes,5,0,2,697.44,9/30/2025,70,Churned,Poor Support Experience
CUST-00396,2/10/2022,,Active,46,45-54,Male,Midwest,47,Low,Two Year,Standard,66.33,Mailed Check,No,1,2,5,3121.47,12/21/2025,26,Low Risk,
CUST-00397,4/16/2024,11/30/2025,Churned,46,45-54,Male,South,20,Low,Month-to-Month,Standard,80.44,Credit Card,Yes,3,2,4,1610.01,11/30/2025,50,Churned,Competitor Offer
CUST-00398,5/31/2024,12/31/2024,Churned,43,35-44,Female,Northeast,8,Low,Month-to-Month,Premium,105.42,Electronic Check,No,0,2,5,844.94,12/31/2024,74,Churned,Price Too High
CUST-00399,11/14/2023,,Active,28,25-34,Male,South,26,Low,Two Year,Standard,72.49,Bank Transfer,Yes,2,0,4,1888.01,12/23/2025,16,Low Risk,
CUST-00400,6/16/2025,8/31/2025,Churned,36,35-44,Female,South,3,Low,Month-to-Month,Standard,69.68,Credit Card,Yes,0,1,5,209.04,8/31/2025,39,Churned,Competitor Offer
CUST-00401,4/4/2025,,Active,49,45-54,Male,West,9,Low,Month-to-Month,Basic,40.35,Credit Card,Yes,2,2,4,363.76,10/25/2025,60,Medium Risk,
CUST-00402,9/29/2022,,Active,73,65+,Male,Midwest,40,Middle,One Year,Premium,105.47,Electronic Check,Yes,1,0,4,4225.12,12/4/2025,38,Low Risk,
CUST-00403,8/11/2023,9/30/2024,Churned,18,18-24,Female,South,14,Middle,Month-to-Month,Standard,71.66,Bank Transfer,Yes,2,2,3,1004.31,9/30/2024,53,Churned,Competitor Offer
CUST-00404,4/19/2022,,Active,72,65+,Male,South,45,Middle,Month-to-Month,Standard,74.26,Electronic Check,Yes,2,3,3,3346.14,12/9/2025,60,Medium Risk,
CUST-00405,6/10/2025,9/30/2025,Churned,46,45-54,Male,South,4,Middle,Month-to-Month,Standard,63.25,Bank Transfer,Yes,0,1,5,253,9/30/2025,41,Churned,Competitor Offer
CUST-00406,8/4/2024,,Active,68,65+,Male,South,17,Middle,One Year,Standard,83.77,Mailed Check,No,0,3,4,1426.61,12/16/2025,39,Low Risk,
CUST-00407,2/23/2025,,Active,20,18-24,Female,West,11,Middle,One Year,Basic,48.01,Bank Transfer,No,2,2,4,528.83,11/19/2025,51,Medium Risk,
CUST-00408,1/22/2022,,Active,75,65+,Female,Midwest,48,Middle,One Year,Basic,43.5,Bank Transfer,Yes,1,2,4,2090.6,12/7/2025,35,Low Risk,
CUST-00409,4/19/2022,,Active,35,35-44,Male,Northeast,45,Middle,One Year,Premium,93.41,Credit Card,Yes,2,1,4,4209.05,12/14/2025,21,Low Risk,
CUST-00410,8/10/2023,,Active,71,65+,Female,West,29,Middle,Month-to-Month,Standard,80.16,Credit Card,Yes,2,0,5,2328.24,12/8/2025,35,Low Risk,
CUST-00411,5/31/2022,,Active,38,35-44,Female,South,44,High,Two Year,Basic,51.95,Mailed Check,No,2,3,4,2288.92,10/21/2025,45,Medium Risk,
CUST-00412,1/22/2025,3/31/2025,Churned,54,45-54,Male,Northeast,3,Low,Month-to-Month,Basic,39.8,Electronic Check,No,4,2,3,119.4,3/31/2025,92,Churned,Service Issues
CUST-00413,9/26/2024,,Active,48,45-54,Female,South,16,Middle,Month-to-Month,Basic,53.44,Electronic Check,No,2,1,4,856.64,12/9/2025,69,Medium Risk,
CUST-00414,6/12/2024,8/31/2024,Churned,65,65+,Female,Midwest,3,Low,Month-to-Month,Basic,61.42,Mailed Check,No,2,2,4,184.26,8/31/2024,70,Churned,Competitor Offer
CUST-00415,5/1/2025,8/31/2025,Churned,34,25-34,Female,South,4,Middle,One Year,Premium,123.23,Mailed Check,No,6,3,3,492.92,8/31/2025,74,Churned,Price Too High
CUST-00416,2/28/2022,,Active,35,35-44,Female,Midwest,47,High,Month-to-Month,Standard,66.75,Electronic Check,No,1,2,4,3141.25,12/3/2025,64,Medium Risk,
CUST-00417,6/28/2023,,Active,47,45-54,Male,Midwest,31,Middle,Two Year,Standard,80.26,Electronic Check,No,1,3,4,2491.66,10/27/2025,41,Medium Risk,
CUST-00418,1/30/2025,,Active,19,18-24,Female,South,12,High,One Year,Standard,71.78,Bank Transfer,Yes,4,1,4,862.44,12/14/2025,37,Low Risk,
CUST-00419,6/15/2023,3/31/2024,Churned,31,25-34,Male,Northeast,10,Low,One Year,Premium,107.64,Electronic Check,No,2,1,4,1078.01,3/31/2024,58,Churned,Price Too High
CUST-00420,5/6/2024,6/30/2025,Churned,77,65+,Male,West,14,Middle,Month-to-Month,Basic,55.17,Credit Card,Yes,4,2,4,773.21,6/30/2025,60,Churned,Service Issues
CUST-00421,1/19/2023,,Active,50,45-54,Non-binary,South,36,Middle,Month-to-Month,Premium,118.2,Credit Card,Yes,3,2,3,4260.51,11/16/2025,63,Medium Risk,
CUST-00422,1/28/2023,,Active,26,25-34,Female,West,36,Middle,Month-to-Month,Standard,86.35,Credit Card,Yes,4,2,2,3112.5,11/12/2025,65,Medium Risk,
CUST-00423,8/31/2025,,Active,24,18-24,Male,Northeast,5,Low,Two Year,Premium,94.7,Bank Transfer,No,3,3,4,474.92,10/30/2025,47,Medium Risk,
CUST-00424,3/31/2025,,Active,19,18-24,Male,West,10,Low,One Year,Basic,38.15,Credit Card,Yes,3,2,3,382.07,11/9/2025,55,Medium Risk,
CUST-00425,7/4/2024,9/30/2025,Churned,22,18-24,Male,Northeast,15,High,Month-to-Month,Basic,38.41,Electronic Check,No,2,2,4,576.73,9/30/2025,70,Churned,Competitor Offer
CUST-00426,4/30/2022,,Active,35,35-44,Female,South,45,Middle,Two Year,Standard,83.18,Mailed Check,Yes,1,0,5,3748.1,12/22/2025,12,Low Risk,
CUST-00427,1/17/2022,,Active,26,25-34,Male,Midwest,48,Middle,Month-to-Month,Basic,59.14,Electronic Check,Yes,4,2,3,2842.28,10/29/2025,71,High Risk,
CUST-00428,11/5/2023,,Active,47,45-54,Male,South,26,Middle,Month-to-Month,Basic,42.5,Bank Transfer,Yes,6,1,3,1106.92,10/28/2025,66,Medium Risk,
CUST-00429,10/24/2024,11/30/2025,Churned,37,35-44,Female,Northeast,14,Middle,One Year,Standard,73.82,Electronic Check,No,4,5,2,1034.59,11/30/2025,78,Churned,Service Issues
CUST-00430,11/28/2024,3/31/2025,Churned,65,65+,Male,West,5,Low,Month-to-Month,Standard,76.23,Electronic Check,Yes,0,0,4,382.29,3/31/2025,52,Churned,Competitor Offer
CUST-00431,8/6/2025,11/30/2025,Churned,69,65+,Female,Northeast,4,Low,Month-to-Month,Standard,75.83,Electronic Check,No,3,5,3,303.32,11/30/2025,89,Churned,Competitor Offer
CUST-00432,6/30/2022,8/31/2024,Churned,38,35-44,Female,Northeast,27,Low,Month-to-Month,Basic,54.94,Credit Card,Yes,4,2,2,1485.02,8/31/2024,73,Churned,Poor Support Experience
CUST-00433,11/21/2022,11/30/2023,Churned,44,35-44,Female,Northeast,13,Middle,Month-to-Month,Premium,111.37,Credit Card,Yes,0,2,4,1449.48,11/30/2023,43,Churned,Price Too High
CUST-00434,10/2/2024,3/31/2025,Churned,51,45-54,Male,South,6,High,One Year,Basic,55.97,Credit Card,Yes,7,1,1,336.66,3/31/2025,66,Churned,Service Issues
CUST-00435,5/9/2023,12/31/2023,Churned,62,55-64,Female,Midwest,8,Low,Month-to-Month,Standard,88.97,Bank Transfer,Yes,4,0,4,713.09,12/31/2023,49,Churned,Poor Support Experience
CUST-00436,11/16/2024,,Active,51,45-54,Female,Northeast,14,Middle,One Year,Standard,77.41,Electronic Check,No,0,2,4,1086.06,12/9/2025,39,Low Risk,
CUST-00437,6/29/2024,,Active,55,55-64,Female,Northeast,19,High,Month-to-Month,Standard,77.48,Bank Transfer,Yes,3,1,4,1474.44,12/11/2025,44,Medium Risk,
CUST-00438,3/5/2023,,Active,52,45-54,Female,West,34,Middle,Month-to-Month,Premium,102.69,Credit Card,Yes,2,0,4,3496.08,12/1/2025,47,Medium Risk,
CUST-00439,3/7/2024,,Active,60,55-64,Female,Midwest,22,Middle,Month-to-Month,Standard,79.93,Bank Transfer,Yes,1,1,5,1760.86,12/23/2025,35,Low Risk,
CUST-00440,7/26/2023,10/31/2024,Churned,25,25-34,Male,West,16,Low,Month-to-Month,Basic,55.28,Electronic Check,No,6,1,2,885.31,10/31/2024,93,Churned,Poor Support Experience
CUST-00441,9/30/2022,4/30/2023,Churned,45,45-54,Female,Midwest,8,Low,Month-to-Month,Premium,100.5,Electronic Check,No,3,5,2,805.51,4/30/2023,98,Churned,Competitor Offer
CUST-00442,2/2/2024,,Active,38,35-44,Non-binary,South,23,Low,One Year,Premium,108.76,Bank Transfer,Yes,4,2,3,2504.74,10/25/2025,46,Medium Risk,
CUST-00443,7/31/2025,,Active,49,45-54,Male,Midwest,6,High,Month-to-Month,Premium,119.71,Electronic Check,No,6,3,2,720.06,10/1/2025,98,High Risk,
CUST-00444,1/11/2023,,Active,59,55-64,Female,Northeast,36,High,One Year,Basic,47.82,Bank Transfer,Yes,4,1,4,1723.68,10/28/2025,40,Medium Risk,
CUST-00445,9/22/2024,,Active,19,18-24,Non-binary,Midwest,16,Middle,Two Year,Basic,36.12,Mailed Check,No,6,2,1,579,11/5/2025,65,Medium Risk,
CUST-00446,8/23/2024,,Active,43,35-44,Female,Northeast,17,High,Two Year,Basic,53.6,Credit Card,Yes,2,1,3,912.8,12/19/2025,34,Low Risk,
CUST-00447,1/31/2022,,Active,27,25-34,Male,South,48,Low,One Year,Basic,55.47,Bank Transfer,Yes,4,2,3,2665.88,10/29/2025,51,Medium Risk,
CUST-00448,3/2/2023,,Active,44,35-44,Male,West,34,Middle,One Year,Standard,62.93,Credit Card,No,2,3,4,2142.44,11/22/2025,42,Medium Risk,
CUST-00449,6/4/2025,,Active,77,65+,Male,South,7,Low,Month-to-Month,Premium,122.91,Bank Transfer,No,3,3,4,862.21,11/6/2025,77,High Risk,
CUST-00450,7/15/2024,,Active,63,55-64,Male,South,18,Middle,Month-to-Month,Standard,76.72,Mailed Check,Yes,3,2,4,1383.26,10/22/2025,46,Medium Risk,
CUST-00451,12/8/2023,,Active,37,35-44,Female,Northeast,25,High,Month-to-Month,Basic,44.92,Mailed Check,No,2,1,4,1125.01,12/1/2025,59,Medium Risk,
CUST-00452,9/25/2023,11/30/2023,Churned,72,65+,Male,South,3,Low,Month-to-Month,Basic,53.33,Bank Transfer,No,3,3,4,159.99,11/30/2023,77,Churned,Competitor Offer
CUST-00453,11/27/2022,12/31/2023,Churned,53,45-54,Male,Midwest,14,Middle,Month-to-Month,Standard,90.03,Bank Transfer,Yes,3,2,3,1263.12,12/31/2023,50,Churned,Competitor Offer
CUST-00454,10/22/2024,,Active,45,45-54,Female,Northeast,15,Low,One Year,Basic,44.91,Credit Card,Yes,2,2,3,674.99,11/29/2025,47,Medium Risk,
CUST-00455,6/14/2023,,Active,80,65+,Male,West,31,High,One Year,Standard,74.57,Bank Transfer,Yes,4,1,4,2315.03,12/27/2025,32,Low Risk,
CUST-00456,5/31/2024,7/31/2024,Churned,28,25-34,Female,Northeast,3,Middle,Month-to-Month,Basic,38.78,Electronic Check,No,6,3,1,116.34,7/31/2024,98,Churned,Poor Support Experience
CUST-00457,3/3/2023,,Active,32,25-34,Female,Midwest,34,High,One Year,Standard,62.96,Electronic Check,Yes,1,0,5,2143.46,12/12/2025,27,Low Risk,
CUST-00458,10/10/2024,12/31/2024,Churned,35,35-44,Female,Midwest,3,Low,Month-to-Month,Basic,48.17,Electronic Check,No,2,1,3,145.23,12/31/2024,83,Churned,Competitor Offer
CUST-00459,6/6/2023,8/31/2023,Churned,21,18-24,Male,West,3,High,Month-to-Month,Standard,65,Mailed Check,No,1,1,4,195,8/31/2023,58,Churned,Competitor Offer
CUST-00460,9/25/2024,,Active,74,65+,Female,Midwest,16,Middle,One Year,Basic,50.64,Bank Transfer,Yes,5,0,2,811.76,12/5/2025,56,Medium Risk,
CUST-00461,1/21/2024,,Active,55,55-64,Male,Midwest,24,Middle,One Year,Basic,48.48,Credit Card,No,3,1,3,1164.98,11/6/2025,51,Medium Risk,
CUST-00462,3/5/2023,12/31/2025,Churned,34,25-34,Male,Northeast,34,Middle,One Year,Standard,73.32,Electronic Check,No,0,3,5,2496.18,12/31/2025,41,Churned,Billing Issues
CUST-00463,10/3/2022,,Active,62,55-64,Female,Midwest,39,Middle,Month-to-Month,Standard,70.32,Credit Card,No,0,3,5,2746.68,12/12/2025,47,Medium Risk,
CUST-00464,6/25/2024,11/30/2025,Churned,20,18-24,Male,Northeast,18,Middle,Month-to-Month,Premium,97.55,Electronic Check,No,3,2,3,1757.36,11/30/2025,80,Churned,Competitor Offer
CUST-00465,8/21/2023,,Active,44,35-44,Female,Northeast,29,Middle,Two Year,Standard,66.09,Credit Card,No,3,1,3,1919.58,12/9/2025,35,Low Risk,
CUST-00466,9/7/2022,8/31/2024,Churned,20,18-24,Female,Midwest,24,Middle,One Year,Basic,52.35,Credit Card,No,3,3,4,1257.98,8/31/2024,48,Churned,Billing Issues
CUST-00467,6/10/2024,12/31/2024,Churned,68,65+,Female,South,7,Middle,Month-to-Month,Standard,64.58,Bank Transfer,No,3,3,4,453.03,12/31/2024,70,Churned,Competitor Offer
CUST-00468,2/26/2022,10/31/2022,Churned,33,25-34,Non-binary,West,9,Low,Month-to-Month,Basic,57.91,Bank Transfer,Yes,4,1,3,521.19,10/31/2022,69,Churned,Poor Support Experience
CUST-00469,1/28/2024,,Active,51,45-54,Female,South,24,High,One Year,Premium,114.71,Mailed Check,No,0,1,5,2756.48,12/20/2025,35,Low Risk,
CUST-00470,12/14/2024,,Active,69,65+,Female,Northeast,13,Middle,One Year,Premium,122.13,Bank Transfer,Yes,1,1,5,1591.35,12/7/2025,31,Low Risk,
CUST-00471,4/22/2025,,Active,30,25-34,Male,Midwest,9,Middle,Month-to-Month,Premium,112.26,Credit Card,Yes,1,1,5,1012.02,11/9/2025,55,Medium Risk,
CUST-00472,11/7/2022,,Active,50,45-54,Female,South,38,High,Month-to-Month,Basic,53.78,Electronic Check,No,3,3,4,2046.88,9/7/2025,76,High Risk,
CUST-00473,8/4/2023,,Active,57,55-64,Female,South,29,Low,Month-to-Month,Standard,64.13,Mailed Check,No,3,1,4,1862.65,11/14/2025,56,Medium Risk,
CUST-00474,8/8/2024,,Active,21,18-24,Male,Northeast,17,Middle,One Year,Premium,93.55,Bank Transfer,Yes,3,2,3,1593.15,11/30/2025,42,Medium Risk,
CUST-00475,8/3/2023,,Active,37,35-44,Female,South,29,Middle,One Year,Standard,75.96,Electronic Check,Yes,0,0,5,2206.26,12/22/2025,27,Low Risk,
CUST-00476,12/22/2024,2/28/2025,Churned,54,45-54,Female,Midwest,3,Middle,Month-to-Month,Basic,41.61,Mailed Check,No,3,3,2,125.45,2/28/2025,96,Churned,Competitor Offer
CUST-00477,6/16/2023,4/30/2025,Churned,74,65+,Non-binary,South,23,High,Month-to-Month,Premium,120.54,Credit Card,Yes,1,1,5,2776.04,4/30/2025,48,Churned,Price Too High
CUST-00478,1/25/2025,,Active,68,65+,Female,South,12,Low,Two Year,Standard,68.1,Bank Transfer,Yes,3,2,4,818.22,12/16/2025,34,Low Risk,
CUST-00479,6/22/2023,,Active,77,65+,Female,Midwest,31,Low,Two Year,Standard,68.85,Credit Card,Yes,5,2,2,2137.44,11/19/2025,45,Medium Risk,
CUST-00480,6/7/2025,,Active,22,18-24,Male,Midwest,7,High,Two Year,Standard,71.07,Credit Card,Yes,1,1,5,498.56,12/26/2025,22,Low Risk,
CUST-00481,5/10/2023,,Active,74,65+,Male,West,32,High,One Year,Basic,42.7,Bank Transfer,Yes,5,1,3,1368.32,11/4/2025,52,Medium Risk,
CUST-00482,6/27/2022,,Active,39,35-44,Male,South,43,Middle,One Year,Standard,84.35,Mailed Check,No,4,1,3,3632.13,10/20/2025,48,Medium Risk,
CUST-00483,12/3/2022,,Active,49,45-54,Female,West,37,Low,One Year,Standard,61.62,Credit Card,Yes,3,0,4,2283.62,12/21/2025,23,Low Risk,
CUST-00484,11/28/2024,,Active,37,35-44,Male,Midwest,14,Middle,Month-to-Month,Basic,49.89,Electronic Check,Yes,5,0,3,699.96,11/28/2025,68,Medium Risk,
CUST-00485,7/22/2022,,Active,20,18-24,Female,West,42,Low,Month-to-Month,Premium,103.65,Credit Card,Yes,1,2,4,4359.5,11/10/2025,51,Medium Risk,
CUST-00486,1/11/2023,5/31/2024,Churned,72,65+,Male,South,17,Middle,Month-to-Month,Basic,55.4,Credit Card,No,1,3,3,942.63,5/31/2024,66,Churned,Competitor Offer
CUST-00487,6/27/2022,11/30/2023,Churned,52,45-54,Male,West,18,Middle,Two Year,Standard,75.68,Mailed Check,No,3,3,3,1363.38,11/30/2023,43,Churned,Billing Issues
CUST-00488,5/25/2022,,Active,32,25-34,Male,Northeast,44,Middle,One Year,Standard,73.76,Mailed Check,No,3,2,3,3249.88,10/31/2025,47,Medium Risk,
CUST-00489,3/14/2025,11/30/2025,Churned,78,65+,Female,South,9,High,Month-to-Month,Standard,69.93,Mailed Check,No,2,2,3,629.37,11/30/2025,69,Churned,Competitor Offer
CUST-00490,10/16/2023,,Active,41,35-44,Male,South,27,High,One Year,Premium,102.7,Electronic Check,Yes,2,2,5,2777.52,12/13/2025,49,Medium Risk,
CUST-00491,7/24/2025,,Active,66,65+,Female,West,6,Middle,Month-to-Month,Basic,56.24,Bank Transfer,Yes,3,2,4,338.28,10/29/2025,66,Medium Risk,
CUST-00492,5/1/2023,,Active,57,55-64,Female,South,32,Low,One Year,Basic,50.5,Bank Transfer,Yes,1,1,5,1618.28,12/16/2025,34,Low Risk,
CUST-00493,5/6/2025,,Active,72,65+,Female,Midwest,8,High,One Year,Standard,85.44,Mailed Check,Yes,1,1,5,684.8,12/31/2025,27,Low Risk,
CUST-00494,10/15/2023,,Active,28,25-34,Male,South,27,Middle,One Year,Standard,64.17,Credit Card,No,2,2,4,1735.47,12/6/2025,35,Low Risk,
CUST-00495,11/11/2023,,Active,55,55-64,Male,South,26,Middle,Month-to-Month,Basic,56.05,Electronic Check,No,7,3,1,1459.82,10/23/2025,98,High Risk,
CUST-00496,5/1/2022,,Active,80,65+,Male,South,44,Low,Month-to-Month,Basic,57.8,Bank Transfer,No,4,3,2,2546.68,9/22/2025,86,High Risk,
CUST-00497,6/26/2025,,Active,35,35-44,Female,Northeast,7,Low,One Year,Basic,42.74,Mailed Check,No,4,2,3,299.82,10/31/2025,67,Medium Risk,
CUST-00498,2/1/2023,,Active,79,65+,Male,South,35,Low,Two Year,Standard,72.66,Credit Card,Yes,1,2,4,2546.37,12/4/2025,20,Low Risk,
CUST-00499,5/24/2025,12/31/2025,Churned,38,35-44,Male,Midwest,8,Middle,One Year,Standard,74.86,Electronic Check,No,4,1,3,600,12/31/2025,62,Churned,Service Issues
CUST-00500,12/22/2022,3/31/2023,Churned,40,35-44,Female,South,4,Middle,One Year,Standard,68.22,Electronic Check,Yes,5,0,3,273.9,3/31/2023,58,Churned,Service Issues
CUST-00501,5/7/2025,,Active,46,45-54,Male,Midwest,8,High,One Year,Basic,39.79,Mailed Check,No,2,1,4,318.92,10/22/2025,48,Medium Risk,
CUST-00502,5/29/2025,,Active,25,25-34,Male,Midwest,8,Middle,One Year,Standard,72.74,Bank Transfer,No,2,2,4,583.01,11/10/2025,50,Medium Risk,
CUST-00503,12/8/2022,10/31/2025,Churned,65,65+,Female,South,35,Middle,One Year,Premium,92.8,Bank Transfer,No,6,2,2,3252.17,10/31/2025,64,Churned,Poor Support Experience
CUST-00504,11/1/2024,,Active,26,25-34,Male,West,14,Middle,One Year,Basic,48.08,Bank Transfer,Yes,1,0,5,674.56,12/15/2025,29,Low Risk,
CUST-00505,8/22/2022,,Active,77,65+,Male,Northeast,41,Middle,One Year,Premium,100.34,Bank Transfer,Yes,3,2,3,4119.98,11/10/2025,48,Medium Risk,
CUST-00506,7/19/2025,,Active,25,25-34,Female,South,6,Middle,Two Year,Standard,59.11,Bank Transfer,Yes,3,0,4,355.55,12/20/2025,29,Low Risk,
CUST-00507,6/30/2024,,Active,20,18-24,Female,South,19,High,Month-to-Month,Standard,76.13,Credit Card,No,4,2,3,1448.75,11/28/2025,69,Medium Risk,
CUST-00508,6/8/2024,,Active,71,65+,Female,South,19,Middle,One Year,Basic,36.78,Mailed Check,No,4,1,4,699.92,11/14/2025,53,Medium Risk,
CUST-00509,10/31/2024,,Active,21,18-24,Female,Northeast,15,Middle,One Year,Standard,73.2,Mailed Check,No,5,3,2,1100.2,11/9/2025,64,Medium Risk,
CUST-00510,1/8/2022,,Active,56,55-64,Female,South,48,High,Two Year,Premium,122.05,Credit Card,Yes,0,0,5,5865.72,12/17/2025,18,Low Risk,
CUST-00511,9/27/2024,,Active,30,25-34,Non-binary,West,16,Middle,Month-to-Month,Standard,78.91,Bank Transfer,No,1,2,4,1264.92,11/10/2025,53,Medium Risk,
CUST-00512,2/23/2024,11/30/2024,Churned,41,35-44,Male,Northeast,10,Low,Month-to-Month,Standard,88.55,Electronic Check,No,1,5,3,885.5,11/30/2024,81,Churned,Competitor Offer
CUST-00513,6/19/2023,,Active,40,35-44,Male,South,31,Low,Month-to-Month,Basic,49.62,Mailed Check,No,3,3,2,1540.44,10/9/2025,84,High Risk,
CUST-00514,3/25/2025,7/31/2025,Churned,45,45-54,Female,Midwest,5,Middle,Two Year,Basic,52.85,Electronic Check,Yes,1,1,4,264.25,7/31/2025,43,Churned,Relocation
CUST-00515,7/29/2025,,Active,56,55-64,Female,Midwest,6,High,One Year,Premium,122.35,Bank Transfer,Yes,0,2,4,735.94,12/19/2025,36,Low Risk,
CUST-00516,4/15/2022,9/30/2023,Churned,62,55-64,Female,West,18,Low,Month-to-Month,Basic,59.24,Bank Transfer,No,3,3,2,1067.21,9/30/2023,82,Churned,Poor Support Experience
CUST-00517,12/15/2024,5/31/2025,Churned,45,45-54,Male,Northeast,6,High,Month-to-Month,Standard,67.92,Electronic Check,Yes,1,4,5,408.54,5/31/2025,64,Churned,Billing Issues
CUST-00518,11/7/2023,1/31/2024,Churned,20,18-24,Male,Midwest,3,Low,Month-to-Month,Standard,87.27,Electronic Check,No,3,2,4,263.12,1/31/2024,76,Churned,Competitor Offer
CUST-00519,10/14/2024,,Active,50,45-54,Male,Northeast,15,Low,Month-to-Month,Basic,55.04,Bank Transfer,Yes,4,0,3,827.26,10/20/2025,57,Medium Risk,
CUST-00520,10/26/2023,7/31/2024,Churned,58,55-64,Female,South,10,Low,Month-to-Month,Basic,48.5,Credit Card,Yes,1,0,5,485.73,7/31/2024,48,Churned,Competitor Offer
CUST-00521,6/10/2022,,Active,44,35-44,Female,South,43,Low,Month-to-Month,Basic,58.23,Electronic Check,No,3,1,3,2507.37,10/10/2025,74,High Risk,
CUST-00522,6/11/2023,2/29/2024,Churned,56,55-64,Male,West,9,Low,Month-to-Month,Standard,89.13,Mailed Check,No,3,3,3,803.51,2/29/2024,72,Churned,Competitor Offer
CUST-00523,9/28/2024,,Active,42,35-44,Male,Midwest,16,Middle,Month-to-Month,Standard,91.54,Credit Card,Yes,0,0,5,1467.38,12/16/2025,33,Low Risk,
CUST-00524,1/27/2025,,Active,30,25-34,Female,South,12,Middle,One Year,Basic,44.6,Bank Transfer,Yes,2,2,4,535.87,11/18/2025,43,Medium Risk,
CUST-00525,12/19/2024,,Active,28,25-34,Female,West,13,Middle,Two Year,Basic,43.27,Bank Transfer,Yes,1,0,5,563.81,12/10/2025,17,Low Risk,
CUST-00526,9/23/2022,,Active,55,55-64,Male,Midwest,40,Middle,Month-to-Month,Premium,110.2,Bank Transfer,Yes,2,2,5,4414.6,11/17/2025,51,Medium Risk,
CUST-00527,2/9/2022,,Active,38,35-44,Male,Northeast,47,Low,Two Year,Standard,83.3,Credit Card,Yes,2,1,5,3920.1,12/4/2025,19,Low Risk,
CUST-00528,11/3/2022,,Active,36,35-44,Female,Midwest,38,High,One Year,Basic,57.86,Bank Transfer,Yes,2,1,3,2202.16,12/13/2025,38,Low Risk,
CUST-00529,2/24/2023,,Active,75,65+,Male,Northeast,35,Middle,Month-to-Month,Basic,40.15,Credit Card,No,5,3,3,1407.05,10/14/2025,79,High Risk,
CUST-00530,3/14/2025,6/30/2025,Churned,61,55-64,Male,West,4,Low,One Year,Basic,37.97,Credit Card,Yes,2,1,5,151.88,6/30/2025,38,Churned,Competitor Offer
CUST-00531,3/23/2022,,Active,79,65+,Male,Midwest,46,Middle,Two Year,Premium,108.14,Credit Card,Yes,1,1,5,4980.92,12/18/2025,27,Low Risk,
CUST-00532,4/3/2024,,Active,59,55-64,Female,Northeast,21,Low,Month-to-Month,Standard,70.73,Credit Card,Yes,3,0,3,1487.45,11/28/2025,45,Medium Risk,
CUST-00533,2/2/2022,,Active,34,25-34,Male,Northeast,47,Low,Month-to-Month,Basic,39.09,Electronic Check,No,1,2,5,1839.59,9/18/2025,70,High Risk,
CUST-00534,10/3/2023,,Active,69,65+,Non-binary,West,27,High,One Year,Premium,106.58,Electronic Check,No,3,1,4,2882.46,11/8/2025,53,Medium Risk,
CUST-00535,7/18/2025,11/30/2025,Churned,61,55-64,Female,South,5,Low,One Year,Premium,120.96,Electronic Check,No,1,2,4,604.8,11/30/2025,63,Churned,Price Too High
CUST-00536,3/31/2023,,Active,72,65+,Male,South,34,Middle,Two Year,Standard,66.67,Credit Card,No,1,2,4,2269.78,12/30/2025,29,Low Risk,
CUST-00537,2/25/2023,,Active,25,25-34,Female,Northeast,35,High,One Year,Premium,113.25,Credit Card,No,3,2,4,3968.85,11/15/2025,49,Medium Risk,
CUST-00538,5/15/2024,7/31/2025,Churned,44,35-44,Female,South,15,Low,Month-to-Month,Basic,47.26,Mailed Check,No,1,3,5,709.61,7/31/2025,59,Churned,Competitor Offer
CUST-00539,7/23/2024,4/30/2025,Churned,18,18-24,Male,South,10,Middle,Two Year,Premium,117.99,Credit Card,Yes,3,2,3,1181.67,4/30/2025,45,Churned,Price Too High
CUST-00540,9/22/2023,,Active,72,65+,Male,South,28,Low,One Year,Standard,77.65,Bank Transfer,Yes,3,1,3,2177.68,12/14/2025,37,Low Risk,
CUST-00541,10/2/2024,,Active,33,25-34,Male,South,15,Low,Month-to-Month,Standard,79.74,Credit Card,Yes,5,2,2,1198.5,9/30/2025,70,High Risk,
CUST-00542,5/20/2024,6/30/2025,Churned,18,18-24,Male,Midwest,14,Middle,Month-to-Month,Standard,63.8,Mailed Check,No,1,1,5,894.16,6/30/2025,50,Churned,Competitor Offer
CUST-00543,4/22/2022,,Active,29,25-34,Male,South,45,High,One Year,Standard,83.44,Electronic Check,Yes,0,0,5,3759.8,12/20/2025,28,Low Risk,
CUST-00544,1/31/2024,,Active,40,35-44,Female,South,24,Low,One Year,Basic,43.6,Bank Transfer,Yes,4,2,3,1047.7,11/30/2025,46,Medium Risk,
CUST-00545,11/4/2023,6/30/2025,Churned,71,65+,Male,South,20,Low,Month-to-Month,Basic,55.09,Credit Card,No,4,3,3,1103.46,6/30/2025,75,Churned,Competitor Offer
CUST-00546,12/3/2023,7/31/2024,Churned,60,55-64,Male,Northeast,8,Middle,Month-to-Month,Standard,80.76,Electronic Check,No,0,2,5,647.29,7/31/2024,62,Churned,Competitor Offer
CUST-00547,10/17/2024,,Active,19,18-24,Male,South,15,High,Month-to-Month,Standard,74.27,Electronic Check,Yes,0,1,5,1116.27,11/12/2025,45,Medium Risk,
CUST-00548,10/30/2023,,Active,27,25-34,Male,South,27,Middle,Two Year,Basic,43.74,Credit Card,Yes,2,0,5,1182.96,12/8/2025,25,Low Risk,
CUST-00549,11/2/2024,,Active,26,25-34,Female,Northeast,14,High,Month-to-Month,Premium,93.87,Bank Transfer,Yes,1,0,5,1317,12/31/2025,32,Low Risk,
CUST-00550,10/21/2023,,Active,27,25-34,Female,Midwest,27,Middle,Month-to-Month,Premium,111.35,Mailed Check,No,1,1,5,3011.46,12/8/2025,58,Medium Risk,
CUST-00551,12/22/2022,,Active,70,65+,Male,South,37,Middle,Two Year,Premium,105.19,Bank Transfer,Yes,3,1,4,3898.35,12/21/2025,26,Low Risk,
CUST-00552,9/8/2022,,Active,21,18-24,Female,West,40,Low,Two Year,Standard,72.6,Credit Card,Yes,0,1,5,2908.36,12/25/2025,8,Low Risk,
CUST-00553,2/17/2024,,Active,58,55-64,Female,Northeast,23,Middle,One Year,Premium,120.44,Bank Transfer,Yes,2,2,4,2773.74,12/28/2025,36,Low Risk,
CUST-00554,7/16/2025,,Active,61,55-64,Female,Midwest,6,High,Month-to-Month,Standard,83.8,Electronic Check,No,3,2,3,504.06,11/6/2025,83,High Risk,
CUST-00555,12/6/2022,,Active,43,35-44,Female,South,37,Middle,Two Year,Premium,98.17,Bank Transfer,No,4,2,3,3638.17,10/21/2025,54,Medium Risk,
CUST-00556,11/10/2024,,Active,26,25-34,Male,West,14,Low,Two Year,Standard,71.4,Mailed Check,No,4,3,3,1001.74,11/2/2025,42,Medium Risk,
CUST-00557,12/21/2023,,Active,71,65+,Female,Midwest,25,Low,Month-to-Month,Basic,52.81,Credit Card,Yes,1,2,5,1322.62,11/30/2025,45,Medium Risk,
CUST-00558,6/5/2024,,Active,23,18-24,Female,Midwest,19,High,Month-to-Month,Basic,46.93,Electronic Check,No,2,1,3,893.07,10/22/2025,78,High Risk,
CUST-00559,2/23/2024,,Active,62,55-64,Male,Midwest,23,Middle,Month-to-Month,Standard,76.24,Mailed Check,No,4,1,3,1755.8,11/5/2025,66,Medium Risk,
CUST-00560,12/18/2022,2/28/2023,Churned,59,55-64,Female,South,3,High,One Year,Basic,45.28,Mailed Check,No,3,2,4,136.52,2/28/2023,59,Churned,Competitor Offer
CUST-00561,12/13/2023,1/31/2025,Churned,48,45-54,Female,South,14,Low,Month-to-Month,Standard,63.89,Bank Transfer,Yes,6,1,2,896.38,1/31/2025,65,Churned,Service Issues
CUST-00562,4/13/2024,,Active,25,25-34,Male,South,21,Middle,Month-to-Month,Premium,131.86,Mailed Check,Yes,2,0,3,2773.02,10/20/2025,54,Medium Risk,
CUST-00563,9/13/2023,3/31/2025,Churned,52,45-54,Female,South,19,Middle,Month-to-Month,Standard,71.79,Mailed Check,No,1,2,4,1366.17,3/31/2025,50,Churned,Competitor Offer
CUST-00564,1/21/2024,,Active,76,65+,Female,South,24,Low,One Year,Basic,37.42,Electronic Check,No,2,3,4,899.2,11/29/2025,56,Medium Risk,
CUST-00565,11/8/2022,,Active,32,25-34,Female,South,38,Low,One Year,Premium,120.89,Mailed Check,Yes,0,0,5,4601.06,12/29/2025,22,Low Risk,
CUST-00566,8/19/2024,,Active,30,25-34,Female,West,17,Middle,Month-to-Month,Standard,85.99,Credit Card,Yes,1,0,4,1464.41,12/9/2025,35,Low Risk,
CUST-00567,2/4/2023,7/31/2023,Churned,60,55-64,Female,South,6,Low,Two Year,Standard,63.2,Bank Transfer,No,3,3,4,379.2,7/31/2023,47,Churned,Billing Issues
CUST-00568,1/21/2022,,Active,20,18-24,Female,West,48,Middle,Two Year,Premium,116.83,Bank Transfer,Yes,0,0,5,5614.84,12/25/2025,18,Low Risk,
CUST-00569,9/25/2022,,Active,18,18-24,Male,South,40,Middle,Month-to-Month,Standard,86.32,Bank Transfer,Yes,0,2,5,3457.96,11/15/2025,42,Medium Risk,
CUST-00570,3/12/2022,,Active,19,18-24,Male,South,46,Low,Month-to-Month,Standard,79.74,Electronic Check,Yes,3,0,5,3672.84,10/25/2025,46,Medium Risk,
CUST-00571,1/14/2025,5/31/2025,Churned,33,25-34,Female,Midwest,5,High,Month-to-Month,Standard,80.15,Electronic Check,No,0,3,4,400.75,5/31/2025,67,Churned,Billing Issues
CUST-00572,4/16/2025,,Active,22,18-24,Male,Northeast,9,Middle,One Year,Premium,96.51,Bank Transfer,Yes,3,0,4,870.04,11/26/2025,40,Medium Risk,
CUST-00573,1/30/2024,,Active,23,18-24,Male,Midwest,24,Low,One Year,Standard,66.62,Electronic Check,Yes,2,0,4,1600.88,12/19/2025,35,Low Risk,
CUST-00574,8/5/2025,,Active,18,18-24,Male,Northeast,5,Middle,One Year,Standard,70.28,Bank Transfer,Yes,6,0,3,352.45,12/5/2025,48,Medium Risk,
CUST-00575,2/26/2024,,Active,31,25-34,Female,South,23,Middle,Month-to-Month,Basic,59.03,Bank Transfer,Yes,1,0,4,1359.47,11/2/2025,41,Medium Risk,
CUST-00576,3/6/2024,12/31/2024,Churned,59,55-64,Male,West,10,High,One Year,Basic,54.86,Credit Card,Yes,1,2,4,549.42,12/31/2024,38,Churned,Competitor Offer
CUST-00577,4/8/2022,,Active,71,65+,Male,Northeast,45,Middle,Month-to-Month,Basic,49.74,Electronic Check,Yes,3,0,3,2241.3,11/11/2025,68,Medium Risk,
CUST-00578,6/14/2022,,Active,26,25-34,Male,West,43,Low,Month-to-Month,Basic,42.92,Credit Card,Yes,3,0,3,1848.12,12/1/2025,54,Medium Risk,
CUST-00579,1/9/2023,,Active,48,45-54,Female,Northeast,36,High,Month-to-Month,Standard,67.81,Credit Card,Yes,3,2,3,2444.22,10/31/2025,52,Medium Risk,
CUST-00580,3/11/2024,10/31/2024,Churned,53,45-54,Female,West,8,Middle,One Year,Standard,74.33,Electronic Check,No,2,5,4,594.64,10/31/2024,64,Churned,Billing Issues
CUST-00581,3/27/2022,,Active,47,45-54,Female,Northeast,46,Middle,Month-to-Month,Premium,109.13,Mailed Check,Yes,2,0,4,5026.54,11/14/2025,49,Medium Risk,
CUST-00582,1/25/2024,,Active,63,55-64,Female,Midwest,24,Low,Two Year,Basic,48.21,Bank Transfer,Yes,4,2,3,1158.48,12/15/2025,37,Low Risk,
CUST-00583,8/22/2025,,Active,77,65+,Female,South,5,Middle,Two Year,Standard,67.15,Credit Card,Yes,2,2,4,336.76,12/8/2025,29,Low Risk,
CUST-00584,6/5/2025,8/31/2025,Churned,47,45-54,Male,Midwest,3,Middle,Month-to-Month,Basic,51.5,Bank Transfer,Yes,4,2,3,154.5,8/31/2025,71,Churned,Service Issues
CUST-00585,9/17/2023,4/30/2024,Churned,55,55-64,Male,West,8,Middle,Two Year,Premium,94.28,Mailed Check,No,2,3,3,755.65,4/30/2024,50,Churned,Billing Issues
CUST-00586,5/2/2024,,Active,75,65+,Male,West,20,Middle,One Year,Basic,37.29,Electronic Check,No,2,3,3,746.92,11/10/2025,67,Medium Risk,
CUST-00587,11/14/2022,,Active,74,65+,Female,Midwest,38,High,Month-to-Month,Standard,64.52,Credit Card,Yes,3,1,3,2455.64,11/12/2025,51,Medium Risk,
CUST-00588,9/1/2023,,Active,27,25-34,Female,West,28,Middle,Two Year,Standard,59.98,Bank Transfer,Yes,1,0,5,1682.14,12/24/2025,10,Low Risk,
CUST-00589,6/11/2025,,Active,22,18-24,Male,South,7,Low,Two Year,Standard,62.09,Bank Transfer,No,1,2,4,435.56,12/5/2025,38,Low Risk,
CUST-00590,2/16/2023,1/31/2024,Churned,47,45-54,Female,South,12,High,One Year,Standard,73.18,Electronic Check,No,3,3,3,879.26,1/31/2024,69,Churned,Billing Issues
CUST-00591,5/14/2023,,Active,78,65+,Male,South,32,Middle,One Year,Premium,127.04,Credit Card,Yes,1,1,5,4071.01,12/23/2025,32,Low Risk,
CUST-00592,3/20/2024,4/30/2025,Churned,20,18-24,Female,South,14,Low,Two Year,Standard,68.12,Electronic Check,No,1,3,4,954.7,4/30/2025,36,Churned,Billing Issues
CUST-00593,9/29/2024,,Active,69,65+,Female,South,16,Low,Month-to-Month,Premium,100.39,Bank Transfer,Yes,1,1,4,1609.26,10/23/2025,49,Medium Risk,
CUST-00594,1/27/2025,10/31/2025,Churned,48,45-54,Male,West,10,Low,Month-to-Month,Standard,88.93,Bank Transfer,Yes,2,0,4,889.3,10/31/2025,46,Churned,Competitor Offer
CUST-00595,3/15/2025,,Active,43,35-44,Male,West,10,Low,Two Year,Standard,80.64,Mailed Check,No,1,2,5,807.61,12/29/2025,38,Low Risk,
CUST-00596,9/11/2023,,Active,26,25-34,Male,Midwest,28,Low,Two Year,Basic,38.73,Electronic Check,Yes,2,0,4,1086.18,12/25/2025,32,Low Risk,
CUST-00597,8/21/2025,10/31/2025,Churned,73,65+,Female,Midwest,3,Low,Two Year,Premium,108.82,Credit Card,No,3,1,3,326.46,10/31/2025,51,Churned,Price Too High
CUST-00598,3/30/2025,5/31/2025,Churned,56,55-64,Female,West,3,Middle,Month-to-Month,Basic,38.27,Bank Transfer,No,4,2,2,114.81,5/31/2025,95,Churned,Poor Support Experience
CUST-00599,6/15/2022,,Active,68,65+,Male,South,43,High,One Year,Standard,84.76,Credit Card,Yes,6,0,2,3649.76,12/12/2025,52,Medium Risk,
CUST-00600,4/27/2025,,Active,21,18-24,Male,Northeast,9,High,One Year,Basic,52.38,Bank Transfer,No,1,2,5,472.21,11/21/2025,54,Medium Risk,
CUST-00601,2/6/2022,,Active,56,55-64,Male,South,47,Middle,One Year,Premium,127.59,Bank Transfer,Yes,2,1,5,6004.37,12/24/2025,30,Low Risk,
CUST-00602,5/5/2024,3/31/2025,Churned,19,18-24,Male,South,11,Middle,Month-to-Month,Premium,99.35,Electronic Check,No,1,4,4,1094.34,3/31/2025,81,Churned,Billing Issues
CUST-00603,1/14/2024,,Active,56,55-64,Male,Midwest,24,High,Month-to-Month,Standard,69.91,Bank Transfer,Yes,5,1,3,1679.94,12/6/2025,58,Medium Risk,
CUST-00604,6/16/2023,,Active,39,35-44,Male,Northeast,31,Low,Month-to-Month,Basic,44.31,Credit Card,Yes,4,1,3,1375.59,10/28/2025,65,Medium Risk,
CUST-00605,4/8/2025,10/31/2025,Churned,29,25-34,Female,West,7,Middle,Month-to-Month,Basic,44.65,Bank Transfer,Yes,4,2,4,312.55,10/31/2025,67,Churned,Service Issues
CUST-00606,6/8/2022,,Active,70,65+,Female,Midwest,43,Middle,Two Year,Standard,74.78,Electronic Check,No,3,2,4,3220.02,10/28/2025,42,Medium Risk,
CUST-00607,8/25/2025,,Active,60,55-64,Male,Northeast,5,Low,One Year,Standard,77.58,Bank Transfer,No,2,2,5,389.06,11/29/2025,46,Medium Risk,
CUST-00608,4/10/2024,,Active,49,45-54,Male,Northeast,21,Middle,Month-to-Month,Premium,121.67,Credit Card,No,2,1,3,2558.73,11/7/2025,70,High Risk,
CUST-00609,8/14/2025,,Active,76,65+,Male,Northeast,5,Middle,Month-to-Month,Basic,53.1,Bank Transfer,No,4,2,3,266.3,10/22/2025,80,High Risk,
CUST-00610,5/17/2025,,Active,36,35-44,Male,West,8,Middle,One Year,Basic,45.48,Bank Transfer,No,1,3,4,364.52,10/27/2025,56,Medium Risk,
CUST-00611,3/27/2022,,Active,67,65+,Female,South,46,Middle,Month-to-Month,Standard,87,Credit Card,Yes,3,0,4,4007.24,11/14/2025,41,Medium Risk,
CUST-00612,2/26/2024,,Active,64,55-64,Female,West,23,Middle,Two Year,Standard,77.85,Credit Card,Yes,6,0,2,1792.89,11/10/2025,44,Medium Risk,
CUST-00613,9/11/2023,,Active,53,45-54,Female,Midwest,28,Middle,Month-to-Month,Basic,40.02,Mailed Check,No,4,2,3,1122.36,10/14/2025,75,High Risk,
CUST-00614,3/27/2023,,Active,57,55-64,Male,West,34,Low,Month-to-Month,Standard,65.02,Electronic Check,No,3,2,3,2213.62,10/19/2025,76,High Risk,
CUST-00615,3/17/2025,,Active,65,65+,Male,South,10,Middle,Month-to-Month,Standard,90.92,Mailed Check,Yes,4,1,2,910.56,10/1/2025,70,High Risk,
CUST-00616,6/7/2022,7/31/2025,Churned,25,25-34,Female,South,38,Middle,One Year,Standard,64.59,Electronic Check,No,3,2,3,2457.33,7/31/2025,55,Churned,Competitor Offer
CUST-00617,4/10/2023,,Active,66,65+,Female,West,33,Middle,Month-to-Month,Standard,71.97,Bank Transfer,Yes,0,2,5,2378.25,11/21/2025,42,Medium Risk,
CUST-00618,9/17/2024,,Active,37,35-44,Female,South,16,Middle,Month-to-Month,Standard,69.67,Credit Card,Yes,2,0,5,1116.82,12/31/2025,36,Low Risk,
CUST-00619,1/23/2023,,Active,24,18-24,Female,West,36,Middle,Month-to-Month,Premium,131.72,Bank Transfer,Yes,2,0,5,4747.86,12/8/2025,47,Medium Risk,
CUST-00620,2/2/2024,6/30/2024,Churned,50,45-54,Male,West,5,Low,Month-to-Month,Premium,114.19,Bank Transfer,No,0,2,5,570.95,6/30/2024,62,Churned,Competitor Offer
CUST-00621,11/14/2023,,Active,43,35-44,Male,South,26,Middle,One Year,Standard,65.3,Credit Card,Yes,1,0,5,1700.74,12/28/2025,20,Low Risk,
CUST-00622,4/10/2023,,Active,48,45-54,Female,West,33,High,Month-to-Month,Standard,82.83,Credit Card,No,2,1,4,2737.11,11/7/2025,50,Medium Risk,
CUST-00623,8/17/2024,8/31/2025,Churned,32,25-34,Female,South,13,Middle,Two Year,Basic,55.92,Electronic Check,No,4,2,2,727.8,8/31/2025,68,Churned,Service Issues
CUST-00624,10/20/2024,3/31/2025,Churned,20,18-24,Male,West,6,Middle,One Year,Premium,123.13,Bank Transfer,Yes,1,0,5,740.63,3/31/2025,37,Churned,Price Too High
CUST-00625,6/12/2022,8/31/2022,Churned,47,45-54,Female,South,3,Middle,Month-to-Month,Basic,53.11,Credit Card,Yes,7,0,2,159.33,8/31/2022,82,Churned,Service Issues
CUST-00626,8/21/2025,,Active,43,35-44,Male,South,5,High,Month-to-Month,Standard,87.01,Electronic Check,No,1,2,4,436.36,11/18/2025,69,Medium Risk,
CUST-00627,1/19/2025,9/30/2025,Churned,37,35-44,Female,South,9,Middle,Two Year,Standard,66.39,Bank Transfer,Yes,3,2,4,597.51,9/30/2025,34,Churned,Relocation
CUST-00628,7/16/2024,11/30/2024,Churned,35,35-44,Female,South,5,Middle,Month-to-Month,Basic,60.73,Bank Transfer,No,3,2,3,303.65,11/30/2024,76,Churned,Competitor Offer
CUST-00629,11/9/2023,1/31/2024,Churned,41,35-44,Female,Northeast,3,Middle,Month-to-Month,Standard,87.49,Bank Transfer,No,0,3,4,263.78,1/31/2024,60,Churned,Billing Issues
CUST-00630,6/22/2025,9/30/2025,Churned,53,45-54,Female,South,4,Middle,One Year,Standard,78.91,Mailed Check,No,0,3,4,315.64,9/30/2025,39,Churned,Billing Issues
CUST-00631,8/9/2023,,Active,18,18-24,Female,Midwest,29,Middle,Month-to-Month,Premium,126.3,Electronic Check,No,1,3,5,3668.37,9/29/2025,74,High Risk,
CUST-00632,2/11/2024,5/31/2024,Churned,65,65+,Female,South,4,High,Month-to-Month,Standard,83.4,Mailed Check,No,3,2,3,333.6,5/31/2024,71,Churned,Competitor Offer
CUST-00633,10/24/2023,11/30/2025,Churned,20,18-24,Female,West,26,Middle,Month-to-Month,Premium,114.86,Credit Card,Yes,2,0,4,2989.8,11/30/2025,49,Churned,Price Too High
CUST-00634,2/2/2022,,Active,38,35-44,Male,Midwest,47,Low,Two Year,Standard,66.03,Bank Transfer,Yes,0,1,5,3107.37,12/12/2025,9,Low Risk,
CUST-00635,3/19/2024,,Active,71,65+,Male,Northeast,22,High,Month-to-Month,Standard,83.33,Mailed Check,No,5,1,2,1835.76,9/30/2025,76,High Risk,
CUST-00636,9/14/2024,,Active,28,25-34,Female,Midwest,16,Low,One Year,Basic,52.47,Mailed Check,No,4,3,3,841.1,11/4/2025,64,Medium Risk,
CUST-00637,7/3/2023,,Active,21,18-24,Male,Northeast,30,Middle,One Year,Standard,78.41,Credit Card,No,3,3,3,2355.84,11/27/2025,51,Medium Risk,
CUST-00638,2/2/2023,7/31/2024,Churned,62,55-64,Female,South,18,Low,One Year,Standard,65.3,Electronic Check,Yes,0,1,5,1176.38,7/31/2024,29,Churned,Competitor Offer
CUST-00639,8/21/2024,,Active,38,35-44,Female,West,17,Middle,One Year,Basic,37.44,Mailed Check,No,1,2,5,637.6,10/30/2025,43,Medium Risk,
CUST-00640,9/24/2023,,Active,58,55-64,Female,Midwest,28,Middle,Month-to-Month,Standard,77.52,Bank Transfer,Yes,4,0,3,2174.04,11/8/2025,53,Medium Risk,
CUST-00641,9/12/2023,,Active,58,55-64,Male,West,28,Middle,One Year,Premium,90.63,Electronic Check,No,0,5,4,2541.72,12/4/2025,47,Medium Risk,
CUST-00642,4/11/2022,,Active,51,45-54,Female,South,45,Middle,Two Year,Standard,73.22,Bank Transfer,Yes,0,0,5,3299.3,12/31/2025,11,Low Risk,
CUST-00643,8/3/2025,,Active,74,65+,Female,South,5,High,Month-to-Month,Premium,106.5,Electronic Check,No,1,2,4,534.1,9/6/2025,75,High Risk,
CUST-00644,7/21/2024,,Active,74,65+,Female,South,18,High,Month-to-Month,Basic,57.04,Bank Transfer,Yes,1,2,4,1028.44,10/28/2025,47,Medium Risk,
CUST-00645,9/23/2025,12/31/2025,Churned,53,45-54,Male,Northeast,4,Low,Month-to-Month,Basic,49.47,Mailed Check,No,1,3,3,198.62,12/31/2025,75,Churned,Billing Issues
CUST-00646,7/11/2023,,Active,40,35-44,Female,West,30,Middle,Two Year,Premium,112.64,Credit Card,Yes,1,2,4,3384.27,12/27/2025,29,Low Risk,
CUST-00647,8/27/2025,12/31/2025,Churned,60,55-64,Male,West,5,Middle,Two Year,Basic,45.15,Mailed Check,No,4,3,3,226.43,12/31/2025,65,Churned,Service Issues
CUST-00648,11/1/2023,2/29/2024,Churned,65,65+,Male,Northeast,4,Low,Month-to-Month,Premium,107.83,Bank Transfer,Yes,1,0,4,432.94,2/29/2024,51,Churned,Competitor Offer
CUST-00649,2/11/2025,,Active,24,18-24,Female,South,11,Low,One Year,Basic,45.94,Credit Card,Yes,3,0,4,506.03,12/7/2025,39,Low Risk,
CUST-00650,2/18/2025,,Active,42,35-44,Female,South,11,Middle,One Year,Standard,68.02,Mailed Check,No,3,2,4,749.24,11/27/2025,49,Medium Risk,
CUST-00651,12/23/2023,,Active,30,25-34,Female,Midwest,25,Middle,Month-to-Month,Standard,83.31,Credit Card,Yes,1,1,5,2086.5,12/9/2025,37,Low Risk,
CUST-00652,6/15/2025,,Active,73,65+,Non-binary,Midwest,7,High,One Year,Standard,81.44,Bank Transfer,Yes,3,2,3,571.3,11/8/2025,43,Medium Risk,
CUST-00653,6/10/2024,,Active,53,45-54,Male,West,19,Middle,Month-to-Month,Premium,132.2,Credit Card,No,3,2,3,2515.76,10/30/2025,70,High Risk,
CUST-00654,3/27/2023,7/31/2023,Churned,28,25-34,Male,Northeast,5,Middle,Two Year,Premium,88.62,Bank Transfer,No,0,3,4,443.1,7/31/2023,34,Churned,Billing Issues
CUST-00655,6/15/2024,,Active,31,25-34,Male,West,19,Middle,One Year,Premium,125.07,Mailed Check,No,1,2,4,2380.09,10/30/2025,40,Medium Risk,
CUST-00656,9/3/2022,,Active,41,35-44,Male,South,40,High,Month-to-Month,Standard,76.83,Mailed Check,No,1,1,4,3077.8,11/6/2025,49,Medium Risk,
CUST-00657,4/23/2023,,Active,31,25-34,Male,Midwest,33,Low,One Year,Basic,56.36,Bank Transfer,Yes,3,1,3,1862.43,11/2/2025,45,Medium Risk,
CUST-00658,4/26/2023,,Active,35,35-44,Male,West,33,Middle,One Year,Standard,63.71,Electronic Check,No,1,3,4,2105.31,11/29/2025,51,Medium Risk,
CUST-00659,7/14/2023,,Active,60,55-64,Male,Midwest,30,Middle,Two Year,Basic,54.87,Credit Card,No,4,1,4,1648.56,12/12/2025,42,Medium Risk,
CUST-00660,4/14/2025,,Active,51,45-54,Female,Northeast,9,Low,One Year,Standard,61.47,Bank Transfer,Yes,2,0,5,554.15,12/7/2025,34,Low Risk,
CUST-00661,8/9/2022,,Active,66,65+,Male,South,41,Middle,One Year,Premium,129.34,Mailed Check,No,0,2,5,5310.7,11/2/2025,40,Medium Risk,
CUST-00662,10/6/2024,,Active,24,18-24,Female,South,15,Middle,Month-to-Month,Premium,113.18,Credit Card,No,1,1,4,1701.1,12/9/2025,59,Medium Risk,
CUST-00663,5/14/2024,,Active,45,45-54,Male,Midwest,20,High,Month-to-Month,Standard,75.83,Bank Transfer,Yes,5,2,3,1518.88,10/22/2025,58,Medium Risk,
CUST-00664,5/9/2022,,Active,74,65+,Female,South,44,Low,Month-to-Month,Standard,82.84,Electronic Check,No,2,1,4,3649.92,12/13/2025,56,Medium Risk,
CUST-00665,9/17/2023,,Active,63,55-64,Female,South,28,Low,Two Year,Basic,50.07,Mailed Check,No,3,2,4,1404.21,11/26/2025,41,Medium Risk,
CUST-00666,6/5/2024,12/31/2025,Churned,36,35-44,Female,Northeast,19,Middle,Month-to-Month,Basic,45.75,Electronic Check,No,5,2,3,870.63,12/31/2025,86,Churned,Competitor Offer
CUST-00667,3/18/2024,,Active,71,65+,Male,Midwest,22,Middle,Month-to-Month,Standard,85.52,Electronic Check,Yes,2,0,4,1884,12/12/2025,48,Medium Risk,
CUST-00668,12/16/2022,,Active,20,18-24,Female,Northeast,37,Middle,One Year,Standard,75.79,Bank Transfer,No,1,2,5,2808.79,12/29/2025,34,Low Risk,
CUST-00669,11/15/2023,10/31/2024,Churned,33,25-34,Male,Midwest,12,High,Month-to-Month,Basic,40.44,Bank Transfer,Yes,4,1,3,485.89,10/31/2024,71,Churned,Poor Support Experience
CUST-00670,11/27/2024,,Active,61,55-64,Female,Midwest,14,High,One Year,Standard,86.97,Credit Card,No,1,3,4,1220.18,12/29/2025,37,Low Risk,
CUST-00671,11/11/2024,,Active,64,55-64,Female,South,14,Middle,Month-to-Month,Standard,65.91,Mailed Check,Yes,6,2,3,924.72,11/18/2025,60,Medium Risk,
CUST-00672,6/18/2023,,Active,71,65+,Non-binary,West,31,Low,Month-to-Month,Standard,65,Electronic Check,No,0,3,5,2017.91,11/28/2025,62,Medium Risk,
CUST-00673,2/5/2025,,Active,70,65+,Female,South,11,High,Month-to-Month,Standard,68.09,Bank Transfer,No,1,2,4,750.01,11/6/2025,61,Medium Risk,
CUST-00674,11/11/2023,,Active,29,25-34,Male,South,26,High,Month-to-Month,Basic,42.66,Credit Card,Yes,4,2,3,1111.08,12/12/2025,64,Medium Risk,
CUST-00675,12/17/2024,,Active,45,45-54,Female,Northeast,13,Middle,One Year,Basic,44.63,Bank Transfer,No,3,3,4,581.53,10/22/2025,53,Medium Risk,
CUST-00676,10/31/2022,,Active,21,18-24,Male,West,39,Middle,One Year,Basic,47.68,Electronic Check,No,7,2,1,1862.4,11/7/2025,82,High Risk,
CUST-00677,5/19/2022,,Active,39,35-44,Female,South,44,Middle,Month-to-Month,Standard,89.06,Mailed Check,No,6,1,3,3924,11/21/2025,65,Medium Risk,
CUST-00678,2/2/2023,,Active,63,55-64,Female,Midwest,35,Low,Month-to-Month,Premium,109.49,Bank Transfer,No,6,3,2,3837.07,10/8/2025,92,High Risk,
CUST-00679,7/27/2025,9/30/2025,Churned,80,65+,Male,Northeast,3,High,Month-to-Month,Premium,129.18,Electronic Check,No,6,4,2,387.54,9/30/2025,98,Churned,Service Issues
CUST-00680,5/26/2022,,Active,52,45-54,Female,South,44,Middle,Month-to-Month,Standard,68.69,Mailed Check,No,5,1,3,3026.48,12/1/2025,65,Medium Risk,
CUST-00681,12/30/2023,,Active,66,65+,Male,Northeast,25,Low,Month-to-Month,Basic,49.77,Electronic Check,Yes,1,0,4,1246.5,10/24/2025,55,Medium Risk,
CUST-00682,4/15/2023,,Active,44,35-44,Female,West,33,High,Month-to-Month,Basic,55.4,Bank Transfer,Yes,3,2,3,1830.69,12/10/2025,62,Medium Risk,
CUST-00683,6/2/2025,,Active,54,45-54,Female,South,7,Middle,Month-to-Month,Premium,101.14,Bank Transfer,Yes,3,0,4,709.5,11/25/2025,57,Medium Risk,
CUST-00684,1/5/2022,,Active,54,45-54,Male,Northeast,48,High,One Year,Standard,84.23,Electronic Check,No,3,3,3,4048.08,12/4/2025,63,Medium Risk,
CUST-00685,2/6/2024,,Active,74,65+,Female,South,23,Low,One Year,Basic,47.78,Electronic Check,No,3,2,3,1100.38,10/26/2025,64,Medium Risk,
CUST-00686,1/25/2023,,Active,40,35-44,Female,West,36,Middle,Month-to-Month,Standard,91.08,Bank Transfer,Yes,1,0,5,3282.99,12/25/2025,37,Low Risk,
CUST-00687,6/28/2025,,Active,58,55-64,Female,South,7,Middle,One Year,Standard,77.63,Bank Transfer,Yes,0,1,4,544.57,12/9/2025,26,Low Risk,
CUST-00688,8/10/2025,,Active,18,18-24,Male,West,5,Middle,Month-to-Month,Standard,75.14,Bank Transfer,No,2,1,4,376.83,10/20/2025,62,Medium Risk,
CUST-00689,3/13/2024,,Active,55,55-64,Female,West,22,High,One Year,Premium,105.18,Bank Transfer,No,0,2,4,2317.12,12/6/2025,39,Low Risk,
CUST-00690,11/9/2023,,Active,77,65+,Female,Northeast,26,Middle,One Year,Standard,70.15,Credit Card,No,2,2,5,1827.05,12/23/2025,35,Low Risk,
CUST-00691,7/21/2025,11/30/2025,Churned,51,45-54,Female,West,5,Middle,One Year,Basic,48.22,Bank Transfer,No,4,2,2,241.1,11/30/2025,78,Churned,Poor Support Experience
CUST-00692,8/24/2022,,Active,56,55-64,Female,South,41,Middle,Month-to-Month,Basic,48.16,Credit Card,Yes,1,0,4,1977.44,10/31/2025,44,Medium Risk,
CUST-00693,2/25/2025,9/30/2025,Churned,29,25-34,Female,Midwest,8,Low,Month-to-Month,Premium,130.99,Credit Card,Yes,2,0,4,1047.92,9/30/2025,59,Churned,Competitor Offer
CUST-00694,6/5/2023,,Active,53,45-54,Female,Midwest,31,Middle,Month-to-Month,Standard,81.42,Credit Card,Yes,1,1,5,2527.68,12/24/2025,37,Low Risk,
CUST-00695,2/12/2024,,Active,57,55-64,Male,Northeast,23,Low,One Year,Basic,50.22,Credit Card,Yes,2,0,4,1156.56,12/26/2025,30,Low Risk,
CUST-00696,6/21/2023,,Active,75,65+,Male,Northeast,31,Middle,Month-to-Month,Basic,58.03,Credit Card,Yes,4,2,3,1801.54,10/30/2025,67,Medium Risk,
CUST-00697,10/3/2024,,Active,43,35-44,Female,Northeast,15,High,Month-to-Month,Standard,68.93,Bank Transfer,Yes,5,0,4,1036.01,12/7/2025,45,Medium Risk,
CUST-00698,1/10/2022,,Active,75,65+,Female,Midwest,48,High,Month-to-Month,Premium,116.91,Bank Transfer,Yes,5,0,3,5618.68,12/4/2025,61,Medium Risk,
CUST-00699,3/1/2024,5/31/2024,Churned,67,65+,Male,Midwest,3,Middle,Month-to-Month,Basic,43.29,Electronic Check,No,7,2,1,129.87,5/31/2024,98,Churned,Service Issues
CUST-00700,5/13/2023,,Active,37,35-44,Male,Midwest,32,Low,Month-to-Month,Standard,84.41,Mailed Check,No,0,3,5,2704.93,11/20/2025,54,Medium Risk,
CUST-00701,12/2/2023,,Active,37,35-44,Male,Midwest,25,Middle,Two Year,Premium,113.85,Bank Transfer,Yes,1,0,5,2851.38,12/27/2025,16,Low Risk,
CUST-00702,12/31/2024,,Active,38,35-44,Male,Midwest,13,Middle,Month-to-Month,Standard,64.22,Bank Transfer,No,0,2,4,836.78,11/15/2025,51,Medium Risk,
CUST-00703,1/7/2023,,Active,49,45-54,Male,Northeast,36,Low,Month-to-Month,Basic,47.69,Credit Card,Yes,4,0,3,1719,12/7/2025,62,Medium Risk,
CUST-00704,8/22/2023,6/30/2025,Churned,77,65+,Female,West,23,High,Month-to-Month,Standard,74.52,Electronic Check,No,3,3,4,1716.2,6/30/2025,69,Churned,Billing Issues
CUST-00705,3/18/2025,,Active,41,35-44,Female,South,10,Middle,One Year,Premium,119.31,Bank Transfer,Yes,3,0,3,1194.89,12/7/2025,48,Medium Risk,
CUST-00706,5/26/2024,,Active,61,55-64,Female,West,20,Middle,Month-to-Month,Standard,68.17,Credit Card,Yes,0,1,5,1365.44,12/25/2025,37,Low Risk,
CUST-00707,2/20/2022,,Active,76,65+,Non-binary,South,47,Low,Month-to-Month,Standard,80.06,Electronic Check,No,3,1,4,3767.62,12/9/2025,64,Medium Risk,
CUST-00708,5/23/2025,10/31/2025,Churned,41,35-44,Female,West,6,Middle,Month-to-Month,Premium,117.12,Electronic Check,No,1,3,4,702.72,10/31/2025,78,Churned,Price Too High
CUST-00709,3/10/2023,,Active,51,45-54,Male,Northeast,34,Middle,Two Year,Standard,59.73,Bank Transfer,No,1,3,4,2033.52,12/19/2025,33,Low Risk,
CUST-00710,7/7/2022,,Active,54,45-54,Female,South,42,Middle,Two Year,Basic,43.32,Credit Card,Yes,1,1,4,1822.04,12/24/2025,21,Low Risk,
CUST-00711,5/16/2022,,Active,35,35-44,Female,Northeast,44,Middle,Month-to-Month,Premium,130.72,Electronic Check,No,1,1,5,5759.52,11/30/2025,65,Medium Risk,
CUST-00712,9/11/2024,,Active,48,45-54,Female,South,16,Middle,Two Year,Premium,110.91,Credit Card,Yes,0,0,5,1777.88,12/19/2025,15,Low Risk,
CUST-00713,9/16/2024,,Active,72,65+,Male,Midwest,16,High,One Year,Premium,112.61,Credit Card,Yes,1,1,4,1805.14,12/25/2025,27,Low Risk,
CUST-00714,8/14/2024,,Active,36,35-44,Male,Northeast,17,Low,Month-to-Month,Basic,60.63,Electronic Check,No,1,2,5,1032.53,12/9/2025,66,Medium Risk,
CUST-00715,7/17/2024,7/31/2025,Churned,29,25-34,Female,Northeast,13,Middle,Month-to-Month,Premium,105.88,Credit Card,No,0,3,5,1378.03,7/31/2025,60,Churned,Competitor Offer
CUST-00716,12/24/2022,,Active,68,65+,Female,South,37,Low,Month-to-Month,Basic,44.02,Mailed Check,Yes,5,2,3,1631.38,11/11/2025,67,Medium Risk,
CUST-00717,11/5/2022,,Active,67,65+,Male,Northeast,38,Middle,One Year,Standard,78.51,Electronic Check,No,2,1,4,2988.1,12/7/2025,45,Medium Risk,
CUST-00718,9/8/2024,,Active,18,18-24,Male,South,16,Middle,One Year,Standard,68.19,Credit Card,No,3,1,4,1093.08,12/22/2025,36,Low Risk,
CUST-00719,9/13/2025,11/30/2025,Churned,65,65+,Male,West,3,Middle,Month-to-Month,Standard,80.23,Electronic Check,No,1,2,5,240.69,11/30/2025,68,Churned,Competitor Offer
CUST-00720,1/8/2022,,Active,58,55-64,Male,Midwest,48,Low,Month-to-Month,Standard,76.61,Credit Card,No,3,2,3,3681.88,10/26/2025,62,Medium Risk,
CUST-00721,3/5/2025,,Active,78,65+,Female,South,10,Middle,One Year,Premium,125.38,Mailed Check,No,3,1,3,1255.68,12/13/2025,62,Medium Risk,
CUST-00722,11/28/2023,,Active,45,45-54,Male,Northeast,26,Middle,Two Year,Basic,39.5,Credit Card,Yes,2,0,4,1028.77,12/21/2025,24,Low Risk,
CUST-00723,3/16/2023,,Active,20,18-24,Male,South,34,Low,Month-to-Month,Standard,90.67,Credit Card,Yes,1,2,5,3086.86,12/3/2025,44,Medium Risk,
CUST-00724,6/18/2025,12/31/2025,Churned,19,18-24,Male,Northeast,7,Low,One Year,Standard,76.15,Bank Transfer,Yes,5,2,3,534.19,12/31/2025,55,Churned,Service Issues
CUST-00725,3/4/2023,,Active,61,55-64,Female,West,34,High,Month-to-Month,Basic,56.36,Bank Transfer,Yes,3,0,4,1918.79,11/20/2025,51,Medium Risk,
CUST-00726,5/24/2022,,Active,54,45-54,Male,South,44,Low,Two Year,Standard,67.51,Electronic Check,No,3,2,3,2974.48,12/3/2025,48,Medium Risk,
CUST-00727,12/6/2023,7/31/2024,Churned,37,35-44,Female,West,8,High,Month-to-Month,Basic,58.26,Electronic Check,No,4,4,3,466.95,7/31/2024,98,Churned,Service Issues
CUST-00728,6/30/2023,,Active,50,45-54,Female,Midwest,31,Middle,Month-to-Month,Standard,75.63,Electronic Check,Yes,2,0,4,2347.92,11/11/2025,48,Medium Risk,
CUST-00729,1/18/2023,5/31/2023,Churned,60,55-64,Male,West,5,Low,One Year,Basic,41.83,Electronic Check,No,4,3,2,209.15,5/31/2023,92,Churned,Service Issues
CUST-00730,7/30/2022,12/31/2022,Churned,49,45-54,Male,Northeast,6,Low,Month-to-Month,Standard,82.75,Electronic Check,Yes,5,4,1,497.74,12/31/2022,96,Churned,Poor Support Experience
CUST-00731,8/30/2025,10/31/2025,Churned,56,55-64,Female,Northeast,3,Low,Month-to-Month,Basic,61.55,Credit Card,Yes,1,0,4,184.65,10/31/2025,47,Churned,Competitor Offer
CUST-00732,4/18/2024,,Active,68,65+,Male,Northeast,21,High,Month-to-Month,Standard,65.24,Electronic Check,No,4,1,3,1372,10/7/2025,76,High Risk,
CUST-00733,11/30/2022,,Active,62,55-64,Male,South,38,High,Month-to-Month,Standard,89.45,Bank Transfer,Yes,1,1,4,3404.46,12/22/2025,37,Low Risk,
CUST-00734,5/1/2025,,Active,37,35-44,Female,Midwest,8,Middle,Month-to-Month,Basic,48.13,Electronic Check,No,2,4,3,385.76,9/29/2025,93,High Risk,
CUST-00735,7/27/2023,,Active,62,55-64,Female,West,30,Middle,One Year,Premium,91.43,Electronic Check,No,3,3,3,2747.01,11/4/2025,60,Medium Risk,
CUST-00736,4/14/2022,,Active,31,25-34,Male,Midwest,45,Middle,Month-to-Month,Standard,80.86,Electronic Check,No,3,3,3,3643.54,11/8/2025,76,High Risk,
CUST-00737,7/29/2024,,Active,50,45-54,Female,Northeast,18,Middle,One Year,Basic,42.86,Credit Card,Yes,4,2,3,772.76,11/12/2025,53,Medium Risk,
CUST-00738,1/6/2024,12/31/2025,Churned,39,35-44,Female,Midwest,24,Middle,Month-to-Month,Standard,87.98,Bank Transfer,Yes,3,1,3,2114.16,12/31/2025,48,Churned,Competitor Offer
CUST-00739,8/9/2025,11/30/2025,Churned,19,18-24,Male,Northeast,4,Middle,One Year,Standard,68.05,Bank Transfer,Yes,2,1,4,272.2,11/30/2025,36,Churned,Needs Changed
CUST-00740,9/18/2025,,Active,57,55-64,Male,West,4,High,Month-to-Month,Standard,84.19,Credit Card,No,0,2,5,338.02,12/12/2025,58,Medium Risk,
CUST-00741,9/25/2023,,Active,48,45-54,Male,West,28,Middle,Two Year,Premium,115.45,Credit Card,No,3,2,4,3237.79,12/4/2025,41,Medium Risk,
CUST-00742,12/6/2023,,Active,43,35-44,Female,South,25,High,Month-to-Month,Premium,133.2,Credit Card,Yes,2,0,5,3336,10/20/2025,43,Medium Risk,
CUST-00743,7/14/2024,,Active,30,25-34,Female,South,18,High,One Year,Basic,48.07,Credit Card,No,4,2,4,866.7,10/25/2025,53,Medium Risk,
CUST-00744,4/11/2024,6/30/2024,Churned,42,35-44,Female,South,3,Low,One Year,Basic,55.86,Electronic Check,No,4,2,2,167.58,6/30/2024,83,Churned,Service Issues
CUST-00745,5/28/2025,,Active,34,25-34,Male,South,8,Low,Month-to-Month,Premium,112.67,Bank Transfer,Yes,2,1,4,903.05,11/22/2025,58,Medium Risk,
CUST-00746,9/14/2025,,Active,41,35-44,Female,West,4,Middle,Month-to-Month,Standard,75.95,Bank Transfer,Yes,2,0,5,304.94,12/1/2025,49,Medium Risk,
CUST-00747,1/18/2023,3/31/2023,Churned,42,35-44,Male,Northeast,3,Middle,Month-to-Month,Basic,45.04,Electronic Check,No,1,2,5,135.12,3/31/2023,73,Churned,Competitor Offer
CUST-00748,8/7/2025,12/31/2025,Churned,51,45-54,Female,South,5,High,Month-to-Month,Premium,108.4,Electronic Check,Yes,1,3,5,543.63,12/31/2025,73,Churned,Competitor Offer
CUST-00749,10/10/2022,,Active,78,65+,Male,West,39,Middle,One Year,Basic,42.79,Electronic Check,No,2,2,3,1671.37,12/9/2025,64,Medium Risk,
CUST-00750,7/20/2024,11/30/2025,Churned,77,65+,Male,West,17,Middle,Month-to-Month,Basic,57.86,Electronic Check,No,4,4,3,984.49,11/30/2025,92,Churned,Billing Issues
CUST-00751,4/27/2022,1/31/2023,Churned,75,65+,Female,South,10,Low,One Year,Premium,107.73,Electronic Check,No,1,2,4,1078.92,1/31/2023,60,Churned,Price Too High
CUST-00752,7/5/2022,,Active,29,25-34,Female,Northeast,42,Middle,One Year,Standard,73.07,Credit Card,Yes,3,2,4,3073.34,12/12/2025,33,Low Risk,
CUST-00753,1/26/2024,,Active,38,35-44,Male,Midwest,24,Middle,One Year,Basic,51.24,Electronic Check,No,4,3,3,1231.3,9/29/2025,70,High Risk,
CUST-00754,11/10/2024,,Active,66,65+,Male,South,14,Low,Month-to-Month,Standard,88.24,Electronic Check,No,2,1,5,1238,10/20/2025,60,Medium Risk,
CUST-00755,6/11/2023,,Active,36,35-44,Female,West,31,Middle,Month-to-Month,Premium,109.36,Mailed Check,No,3,2,4,3395.08,12/4/2025,66,Medium Risk,
CUST-00756,2/26/2024,,Active,57,55-64,Female,Northeast,23,Middle,One Year,Standard,74.09,Mailed Check,No,6,2,2,1706.29,11/28/2025,63,Medium Risk,
CUST-00757,7/7/2022,,Active,43,35-44,Male,South,42,Middle,Two Year,Basic,35.65,Bank Transfer,Yes,1,2,5,1499.42,12/27/2025,29,Low Risk,
CUST-00758,12/5/2024,,Active,31,25-34,Male,South,13,Middle,One Year,Premium,114.67,Credit Card,Yes,0,2,4,1494.15,12/20/2025,31,Low Risk,
CUST-00759,12/13/2023,,Active,36,35-44,Female,Midwest,25,Low,Two Year,Basic,47.79,Bank Transfer,Yes,2,1,4,1196.91,12/13/2025,28,Low Risk,
CUST-00760,11/26/2022,,Active,60,55-64,Female,South,38,Low,One Year,Basic,52.02,Credit Card,Yes,4,1,3,1979.88,10/27/2025,43,Medium Risk,
CUST-00761,5/13/2025,,Active,60,55-64,Female,South,8,Low,One Year,Standard,72.47,Credit Card,Yes,1,0,4,580.85,12/23/2025,27,Low Risk,
CUST-00762,11/19/2024,,Active,76,65+,Male,South,14,Middle,One Year,Basic,39.18,Credit Card,Yes,1,0,5,549.7,12/18/2025,27,Low Risk,
CUST-00763,4/25/2024,10/31/2024,Churned,43,35-44,Male,West,7,High,Month-to-Month,Premium,110.76,Credit Card,No,4,1,3,775.32,10/31/2024,82,Churned,Poor Support Experience
CUST-00764,9/27/2023,,Active,70,65+,Female,West,28,Low,One Year,Basic,44.64,Bank Transfer,No,1,1,4,1251.93,12/10/2025,36,Low Risk,
CUST-00765,8/19/2025,,Active,70,65+,Male,West,5,Middle,Month-to-Month,Basic,38.46,Bank Transfer,No,2,3,3,192.88,9/22/2025,81,High Risk,
CUST-00766,2/24/2024,,Active,73,65+,Male,Midwest,23,Middle,Month-to-Month,Basic,39.32,Bank Transfer,Yes,4,0,4,905.54,11/26/2025,52,Medium Risk,
CUST-00767,12/28/2024,,Active,18,18-24,Male,South,13,Middle,Month-to-Month,Premium,109.06,Electronic Check,No,2,2,5,1421.06,10/27/2025,69,Medium Risk,
CUST-00768,8/23/2023,,Active,34,25-34,Male,Midwest,29,Low,Two Year,Standard,63.02,Electronic Check,Yes,0,0,5,1830.43,12/7/2025,20,Low Risk,
CUST-00769,8/11/2025,,Active,50,45-54,Female,South,5,Middle,Month-to-Month,Basic,41.22,Credit Card,Yes,5,2,3,206.72,9/23/2025,74,High Risk,
CUST-00770,6/9/2023,,Active,26,25-34,Male,South,31,Low,Month-to-Month,Standard,71.28,Mailed Check,No,3,2,4,2212.89,11/9/2025,60,Medium Risk,
CUST-00771,1/27/2022,,Active,36,35-44,Male,South,48,Low,One Year,Basic,55.17,Credit Card,Yes,2,1,3,2651.48,12/15/2025,38,Low Risk,
CUST-00772,12/14/2022,3/31/2024,Churned,29,25-34,Non-binary,South,16,Low,One Year,Basic,58.23,Credit Card,No,4,3,2,933.42,3/31/2024,69,Churned,Poor Support Experience
CUST-00773,3/23/2023,8/31/2023,Churned,71,65+,Male,Midwest,6,High,Month-to-Month,Basic,46.51,Credit Card,No,4,3,2,279.06,8/31/2023,98,Churned,Billing Issues
CUST-00774,12/26/2024,,Active,30,25-34,Male,West,13,High,Month-to-Month,Standard,81.97,Credit Card,Yes,2,1,4,1068.07,12/1/2025,45,Medium Risk,
CUST-00775,11/28/2024,8/31/2025,Churned,37,35-44,Female,Northeast,10,Middle,One Year,Standard,62.17,Credit Card,No,3,3,4,622.63,8/31/2025,51,Churned,Billing Issues
CUST-00776,4/4/2024,,Active,37,35-44,Female,Midwest,21,Middle,One Year,Basic,40.15,Electronic Check,No,2,3,3,844.35,10/30/2025,68,Medium Risk,
CUST-00777,11/4/2024,,Active,21,18-24,Male,Midwest,14,Low,One Year,Basic,40.25,Electronic Check,No,4,1,2,564.7,10/19/2025,78,High Risk,
CUST-00778,5/2/2022,,Active,71,65+,Female,South,44,Middle,Month-to-Month,Premium,120.74,Credit Card,Yes,3,0,3,5319.8,11/26/2025,55,Medium Risk,
CUST-00779,5/8/2022,,Active,48,45-54,Male,West,44,Low,Month-to-Month,Standard,90.85,Credit Card,No,1,3,3,4002.84,11/30/2025,60,Medium Risk,
CUST-00780,10/29/2023,12/31/2023,Churned,45,45-54,Female,South,3,High,Month-to-Month,Basic,54.92,Mailed Check,No,1,3,4,165.58,12/31/2023,71,Churned,Billing Issues
CUST-00781,11/24/2023,,Active,18,18-24,Male,South,26,High,Month-to-Month,Basic,49.27,Credit Card,Yes,3,2,4,1283.24,10/30/2025,52,Medium Risk,
CUST-00782,4/29/2024,,Active,45,45-54,Female,Midwest,21,Low,Two Year,Standard,71.48,Electronic Check,No,1,1,5,1503.22,12/21/2025,37,Low Risk,
CUST-00783,10/21/2022,,Active,45,45-54,Male,Midwest,39,Middle,Month-to-Month,Standard,89.08,Credit Card,Yes,1,1,4,3479.48,12/10/2025,40,Medium Risk,
CUST-00784,8/16/2023,,Active,41,35-44,Male,South,29,High,One Year,Basic,42.35,Electronic Check,No,1,3,5,1230.07,10/22/2025,56,Medium Risk,
CUST-00785,9/9/2022,,Active,52,45-54,Female,Northeast,40,Middle,One Year,Standard,83.23,Credit Card,Yes,3,1,3,3334.2,12/4/2025,35,Low Risk,
CUST-00786,6/5/2022,,Active,72,65+,Male,Northeast,43,Middle,Two Year,Basic,40,Credit Card,Yes,5,1,3,1722.4,11/21/2025,43,Medium Risk,
CUST-00787,11/6/2024,1/31/2025,Churned,42,35-44,Female,Midwest,3,Middle,Month-to-Month,Premium,98.42,Bank Transfer,Yes,4,1,2,296.74,1/31/2025,80,Churned,Competitor Offer
CUST-00788,11/17/2022,2/28/2023,Churned,36,35-44,Male,South,4,Low,Month-to-Month,Basic,42.89,Bank Transfer,Yes,7,2,2,172.2,2/28/2023,88,Churned,Service Issues
CUST-00789,3/26/2024,,Active,68,65+,Female,Midwest,22,Middle,Two Year,Standard,68.46,Electronic Check,No,1,3,4,1508.18,12/8/2025,41,Medium Risk,
CUST-00790,3/10/2024,,Active,80,65+,Female,Northeast,22,Middle,Month-to-Month,Basic,41.31,Credit Card,Yes,1,2,5,910.06,11/12/2025,51,Medium Risk,
CUST-00791,9/20/2022,,Active,18,18-24,Female,Midwest,40,Middle,Month-to-Month,Standard,80.47,Electronic Check,No,3,2,3,3223.64,10/18/2025,74,High Risk,
CUST-00792,1/7/2023,,Active,45,45-54,Male,South,36,Low,Month-to-Month,Premium,114.5,Electronic Check,No,3,2,3,4127.16,9/15/2025,83,High Risk,
CUST-00793,6/19/2025,9/30/2025,Churned,78,65+,Female,Midwest,4,Middle,Two Year,Standard,74.31,Credit Card,No,1,1,5,297.24,9/30/2025,35,Churned,Needs Changed
CUST-00794,6/3/2023,,Active,51,45-54,Male,West,31,High,Month-to-Month,Standard,65.77,Bank Transfer,No,3,2,3,2041.84,12/5/2025,61,Medium Risk,
CUST-00795,5/19/2023,,Active,42,35-44,Female,Northeast,32,Low,Two Year,Basic,38.8,Credit Card,Yes,4,2,2,1243.34,12/9/2025,52,Medium Risk,
CUST-00796,9/16/2025,,Active,38,35-44,Female,West,4,High,Month-to-Month,Basic,46.54,Electronic Check,No,4,1,3,186.86,9/16/2025,92,High Risk,
CUST-00797,1/5/2025,,Active,73,65+,Male,Midwest,12,High,Month-to-Month,Standard,69.25,Electronic Check,No,4,1,3,832.04,9/13/2025,84,High Risk,
CUST-00798,9/18/2024,,Active,63,55-64,Female,West,16,Middle,One Year,Basic,37.11,Bank Transfer,Yes,5,1,2,594.88,10/30/2025,60,Medium Risk,
CUST-00799,7/14/2024,,Active,56,55-64,Female,South,18,Middle,Month-to-Month,Basic,51.75,Credit Card,No,4,3,3,933.06,10/26/2025,79,High Risk,
CUST-00800,7/28/2023,,Active,23,18-24,Female,West,30,High,One Year,Standard,82.34,Credit Card,Yes,1,1,4,2473.92,12/4/2025,21,Low Risk,
CUST-00801,8/17/2023,,Active,23,18-24,Male,Northeast,29,Middle,One Year,Basic,55.84,Credit Card,Yes,1,2,4,1621.88,12/17/2025,34,Low Risk,
CUST-00802,4/18/2023,,Active,50,45-54,Female,Northeast,33,Middle,Month-to-Month,Standard,71.43,Bank Transfer,Yes,1,1,4,2360.4,12/28/2025,36,Low Risk,
CUST-00803,11/9/2024,,Active,76,65+,Male,South,14,High,Two Year,Basic,45.41,Electronic Check,No,4,3,3,637.1,11/1/2025,63,Medium Risk,
CUST-00804,6/9/2023,11/30/2023,Churned,74,65+,Male,West,6,Middle,Month-to-Month,Basic,51.55,Mailed Check,No,6,3,2,309.3,11/30/2023,98,Churned,Competitor Offer
CUST-00805,10/28/2023,,Active,69,65+,Female,Midwest,27,Middle,Month-to-Month,Standard,67.42,Electronic Check,Yes,1,1,5,1823.37,10/28/2025,50,Medium Risk,
CUST-00806,3/7/2025,,Active,78,65+,Female,Northeast,10,Middle,Month-to-Month,Basic,45.94,Mailed Check,No,4,1,3,460.09,9/12/2025,76,High Risk,
CUST-00807,11/13/2022,,Active,51,45-54,Female,South,38,Low,Month-to-Month,Standard,88.51,Mailed Check,No,1,2,4,3368.7,10/26/2025,53,Medium Risk,
CUST-00808,8/21/2023,2/29/2024,Churned,76,65+,Male,South,7,Middle,Month-to-Month,Standard,90.2,Bank Transfer,Yes,2,1,5,632.75,2/29/2024,50,Churned,Competitor Offer
CUST-00809,8/21/2023,,Active,78,65+,Female,Midwest,29,Low,Month-to-Month,Standard,76.38,Credit Card,Yes,0,2,5,2218.47,12/10/2025,36,Low Risk,
CUST-00810,9/16/2022,,Active,64,55-64,Female,South,40,Low,One Year,Basic,57.48,Credit Card,No,2,2,4,2302.64,10/30/2025,44,Medium Risk,
CUST-00811,1/15/2023,,Active,76,65+,Female,Midwest,36,Middle,Month-to-Month,Standard,80.6,Electronic Check,No,2,2,4,2905.23,11/8/2025,65,Medium Risk,
CUST-00812,6/18/2024,,Active,62,55-64,Male,South,19,High,Month-to-Month,Premium,134.66,Credit Card,No,2,1,4,2562.58,10/24/2025,61,Medium Risk,
CUST-00813,8/8/2024,,Active,71,65+,Female,West,17,Middle,One Year,Basic,48.79,Electronic Check,No,1,3,3,830.89,12/10/2025,62,Medium Risk,
CUST-00814,3/5/2025,,Active,80,65+,Female,South,10,Middle,Month-to-Month,Premium,121.11,Electronic Check,No,0,1,4,1212.92,9/26/2025,71,High Risk,
CUST-00815,12/8/2024,,Active,47,45-54,Male,Northeast,13,Low,Month-to-Month,Standard,69.64,Bank Transfer,Yes,0,2,5,907.4,12/4/2025,36,Low Risk,
CUST-00816,4/17/2025,,Active,46,45-54,Female,Northeast,9,Middle,Two Year,Basic,38.16,Bank Transfer,No,3,1,3,344.01,11/1/2025,54,Medium Risk,
CUST-00817,6/30/2024,1/31/2025,Churned,53,45-54,Male,South,8,Middle,Month-to-Month,Standard,78.22,Electronic Check,No,2,3,4,626.93,1/31/2025,76,Churned,Billing Issues
CUST-00818,10/19/2024,,Active,67,65+,Female,West,15,Middle,Month-to-Month,Premium,105.95,Mailed Check,Yes,1,2,4,1592.43,11/20/2025,51,Medium Risk,
CUST-00819,7/19/2024,12/31/2024,Churned,60,55-64,Male,Northeast,6,Low,One Year,Standard,87.52,Credit Card,No,4,3,2,526.43,12/31/2024,76,Churned,Billing Issues
CUST-00820,7/9/2024,,Active,76,65+,Female,South,18,Low,Month-to-Month,Standard,64.37,Electronic Check,No,0,2,4,1160.6,10/26/2025,55,Medium Risk,
CUST-00821,11/1/2024,9/30/2025,Churned,37,35-44,Male,South,11,Middle,Month-to-Month,Basic,57.53,Electronic Check,No,3,4,3,633.69,9/30/2025,98,Churned,Billing Issues
CUST-00822,4/27/2025,10/31/2025,Churned,46,45-54,Male,West,7,Middle,Month-to-Month,Premium,129.08,Credit Card,Yes,3,2,3,903.56,10/31/2025,68,Churned,Price Too High
CUST-00823,12/24/2022,,Active,63,55-64,Male,South,37,Middle,One Year,Premium,98.47,Credit Card,Yes,0,1,5,3649.31,12/13/2025,29,Low Risk,
CUST-00824,5/23/2022,6/30/2023,Churned,59,55-64,Male,Northeast,14,Middle,Month-to-Month,Premium,118.76,Mailed Check,No,3,1,4,1664.42,6/30/2023,63,Churned,Price Too High
CUST-00825,12/26/2024,6/30/2025,Churned,27,25-34,Male,South,7,Middle,Month-to-Month,Premium,111.89,Electronic Check,No,6,2,2,784.91,6/30/2025,98,Churned,Poor Support Experience
CUST-00826,2/10/2024,,Active,37,35-44,Male,South,23,Low,Month-to-Month,Premium,97.36,Credit Card,Yes,0,1,4,2242.2,11/21/2025,46,Medium Risk,
CUST-00827,7/16/2025,,Active,45,45-54,Male,South,6,Middle,One Year,Premium,95.34,Electronic Check,No,1,3,4,573.47,12/5/2025,62,Medium Risk,
CUST-00828,3/25/2022,,Active,52,45-54,Non-binary,South,46,Middle,Month-to-Month,Standard,77.98,Electronic Check,No,0,5,5,3591.76,10/22/2025,65,Medium Risk,
CUST-00829,11/5/2023,,Active,59,55-64,Female,South,26,High,One Year,Standard,63.27,Credit Card,No,3,3,3,1647.87,12/12/2025,50,Medium Risk,
CUST-00830,1/16/2023,,Active,70,65+,Female,Midwest,36,Low,One Year,Basic,45.01,Credit Card,No,7,3,2,1622.4,9/20/2025,77,High Risk,
CUST-00831,3/12/2022,,Active,67,65+,Male,Northeast,46,Middle,Two Year,Premium,87.59,Credit Card,Yes,2,0,4,4034.38,12/8/2025,17,Low Risk,
CUST-00832,6/3/2022,,Active,47,45-54,Male,West,43,Low,Month-to-Month,Premium,119.41,Electronic Check,Yes,2,0,5,5141.79,11/28/2025,54,Medium Risk,
CUST-00833,7/30/2023,,Active,74,65+,Male,Northeast,30,Middle,One Year,Standard,83.03,Credit Card,No,3,3,3,2494.65,10/22/2025,51,Medium Risk,
CUST-00834,2/13/2022,,Active,40,35-44,Non-binary,Northeast,47,High,One Year,Basic,55.9,Credit Card,Yes,3,1,4,2630.66,12/12/2025,36,Low Risk,
CUST-00835,4/27/2022,9/30/2024,Churned,47,45-54,Female,Midwest,30,Middle,One Year,Standard,77.91,Bank Transfer,Yes,4,2,2,2339.64,9/30/2024,51,Churned,Service Issues
CUST-00836,12/14/2024,,Active,48,45-54,Male,Northeast,13,Low,Two Year,Basic,45.22,Bank Transfer,Yes,4,2,4,589.22,12/14/2025,33,Low Risk,
CUST-00837,9/3/2022,,Active,26,25-34,Male,Midwest,40,Middle,Two Year,Basic,52.15,Credit Card,Yes,4,1,2,2089.12,11/18/2025,46,Medium Risk,
CUST-00838,8/2/2025,,Active,63,55-64,Female,Northeast,5,Low,Two Year,Standard,65.79,Bank Transfer,Yes,1,2,5,329.94,12/21/2025,25,Low Risk,
CUST-00839,11/27/2024,,Active,42,35-44,Male,Northeast,14,Middle,Two Year,Premium,84.97,Electronic Check,No,6,1,2,1192.12,12/4/2025,63,Medium Risk,
CUST-00840,9/25/2024,,Active,78,65+,Female,Northeast,16,Middle,Month-to-Month,Basic,44.99,Credit Card,Yes,6,2,2,721.18,9/14/2025,83,High Risk,
CUST-00841,8/9/2025,,Active,47,45-54,Male,Midwest,5,High,Two Year,Premium,85.85,Electronic Check,No,1,2,5,430.54,12/1/2025,46,Medium Risk,
CUST-00842,3/25/2024,7/31/2024,Churned,28,25-34,Male,South,5,High,Month-to-Month,Standard,87.87,Bank Transfer,Yes,3,0,5,439.35,7/31/2024,51,Churned,Competitor Offer
CUST-00843,4/29/2025,,Active,47,45-54,Female,South,9,High,Month-to-Month,Basic,45.93,Credit Card,Yes,3,1,3,414.06,11/11/2025,67,Medium Risk,
CUST-00844,6/14/2022,,Active,43,35-44,Non-binary,Northeast,43,Middle,One Year,Standard,80.43,Mailed Check,No,3,2,4,3463.33,12/31/2025,38,Low Risk,
CUST-00845,12/4/2023,,Active,72,65+,Female,South,25,High,Month-to-Month,Premium,98.52,Mailed Check,No,3,1,4,2467.44,10/24/2025,65,Medium Risk,
CUST-00846,8/9/2023,,Active,18,18-24,Non-binary,South,29,Middle,One Year,Standard,62.82,Credit Card,Yes,4,1,3,1824.6,12/4/2025,36,Low Risk,
CUST-00847,9/3/2022,,Active,39,35-44,Female,Northeast,40,High,One Year,Standard,71.04,Credit Card,Yes,3,2,3,2845.88,12/31/2025,38,Low Risk,
CUST-00848,8/9/2022,11/30/2023,Churned,67,65+,Female,Midwest,16,Low,Month-to-Month,Basic,46.23,Electronic Check,No,4,3,2,740.37,11/30/2023,97,Churned,Billing Issues
CUST-00849,12/29/2024,,Active,51,45-54,Male,West,13,High,One Year,Basic,54.14,Bank Transfer,No,1,2,5,705.44,10/31/2025,43,Medium Risk,
CUST-00850,10/6/2022,,Active,46,45-54,Male,South,39,Middle,Month-to-Month,Basic,57.93,Bank Transfer,Yes,6,1,3,2262.75,11/12/2025,63,Medium Risk,
CUST-00851,9/29/2025,,Active,56,55-64,Female,South,4,High,Month-to-Month,Premium,127.87,Bank Transfer,No,1,3,4,513.4,9/29/2025,73,High Risk,
CUST-00852,5/5/2022,,Active,76,65+,Male,Midwest,44,Middle,Month-to-Month,Standard,88.34,Credit Card,No,0,1,5,3892.28,11/4/2025,49,Medium Risk,
CUST-00853,5/17/2023,,Active,36,35-44,Male,South,32,Middle,Two Year,Standard,77.57,Electronic Check,No,1,3,5,2485.72,12/8/2025,39,Low Risk,
CUST-00854,12/16/2023,1/31/2025,Churned,57,55-64,Female,South,14,Middle,Month-to-Month,Basic,49.66,Bank Transfer,Yes,5,1,3,696.72,1/31/2025,65,Churned,Poor Support Experience
CUST-00855,12/20/2024,,Active,66,65+,Male,Northeast,13,Middle,Two Year,Basic,51.15,Credit Card,No,3,2,4,666.49,11/24/2025,42,Medium Risk,
CUST-00856,11/19/2023,,Active,59,55-64,Female,West,26,Middle,Two Year,Standard,82.66,Mailed Check,No,0,2,5,2152.88,12/20/2025,22,Low Risk,
CUST-00857,11/30/2023,,Active,51,45-54,Male,South,26,Middle,One Year,Standard,78.56,Bank Transfer,Yes,0,2,4,2046.1,12/18/2025,25,Low Risk,
CUST-00858,8/10/2024,,Active,31,25-34,Male,South,17,Middle,One Year,Premium,121.19,Electronic Check,No,3,1,4,2063.87,11/16/2025,60,Medium Risk,
CUST-00859,2/21/2022,,Active,35,35-44,Female,Midwest,47,Middle,Two Year,Basic,37,Electronic Check,Yes,1,3,4,1741.24,12/22/2025,36,Low Risk,
CUST-00860,5/13/2022,,Active,71,65+,Male,Midwest,44,Low,Two Year,Premium,93.13,Mailed Check,No,3,2,3,4103.32,12/15/2025,37,Low Risk,
CUST-00861,4/11/2023,,Active,67,65+,Female,West,33,High,Month-to-Month,Premium,104.86,Electronic Check,No,3,2,3,3465.09,9/25/2025,81,High Risk,
CUST-00862,1/9/2025,,Active,43,35-44,Male,Midwest,12,Middle,One Year,Standard,76.5,Credit Card,Yes,3,0,4,919.15,12/9/2025,32,Low Risk,
CUST-00863,6/20/2024,,Active,50,45-54,Female,West,19,Low,One Year,Standard,77,Mailed Check,Yes,2,2,3,1465.3,12/14/2025,33,Low Risk,
CUST-00864,4/17/2023,6/30/2023,Churned,64,55-64,Male,West,3,Middle,Month-to-Month,Premium,126.12,Electronic Check,Yes,1,4,4,378.36,6/30/2023,72,Churned,Price Too High
CUST-00865,6/21/2022,10/31/2024,Churned,43,35-44,Male,Northeast,29,Low,Month-to-Month,Standard,76.19,Credit Card,Yes,2,0,4,2211.79,10/31/2024,42,Churned,Competitor Offer
CUST-00866,1/18/2023,,Active,39,35-44,Female,South,36,Middle,Two Year,Basic,49.96,Bank Transfer,Yes,2,0,4,1800.81,12/12/2025,23,Low Risk,
CUST-00867,5/20/2023,,Active,48,45-54,Male,Northeast,32,Middle,Month-to-Month,Basic,52.82,Bank Transfer,Yes,2,1,5,1692.61,12/2/2025,46,Medium Risk,
CUST-00868,9/27/2023,,Active,25,25-34,Female,Northeast,28,Low,Month-to-Month,Basic,39.54,Credit Card,Yes,2,1,3,1108.89,11/15/2025,58,Medium Risk,
CUST-00869,4/10/2024,,Active,65,65+,Male,Northeast,21,Low,One Year,Basic,51.74,Credit Card,Yes,1,1,5,1088.1,12/14/2025,27,Low Risk,
CUST-00870,2/26/2022,,Active,68,65+,Male,Midwest,47,High,Month-to-Month,Standard,88.59,Credit Card,Yes,3,0,4,4169.05,11/5/2025,44,Medium Risk,
CUST-00871,10/18/2024,,Active,32,25-34,Female,West,15,Low,One Year,Basic,51.03,Mailed Check,No,3,1,3,766.99,10/24/2025,54,Medium Risk,
CUST-00872,6/29/2022,,Active,56,55-64,Female,South,43,Middle,One Year,Basic,51.19,Electronic Check,No,4,2,2,2204.25,10/11/2025,78,High Risk,
CUST-00873,1/3/2025,,Active,60,55-64,Male,South,12,Middle,Month-to-Month,Basic,60.81,Electronic Check,No,2,2,4,730.63,9/8/2025,79,High Risk,
CUST-00874,11/9/2022,,Active,28,25-34,Male,West,38,Middle,Month-to-Month,Premium,112.18,Electronic Check,No,2,2,4,4269.56,10/4/2025,75,High Risk,
CUST-00875,7/23/2025,,Active,23,18-24,Female,Northeast,6,Low,One Year,Basic,53.46,Bank Transfer,Yes,3,2,4,321.56,12/13/2025,50,Medium Risk,
CUST-00876,4/5/2023,,Active,54,45-54,Female,West,33,Middle,Month-to-Month,Basic,59.49,Credit Card,No,4,1,2,1965.84,9/25/2025,80,High Risk,
CUST-00877,12/30/2022,10/31/2023,Churned,35,35-44,Male,South,11,High,Two Year,Standard,59.74,Credit Card,No,3,2,4,658.04,10/31/2023,42,Churned,Competitor Offer
CUST-00878,1/20/2024,4/30/2024,Churned,73,65+,Female,Midwest,4,Middle,Month-to-Month,Basic,57.85,Bank Transfer,Yes,4,1,3,231.4,4/30/2024,72,Churned,Service Issues
CUST-00879,8/4/2025,10/31/2025,Churned,70,65+,Male,West,3,Low,Month-to-Month,Basic,50.01,Electronic Check,No,3,3,2,150.03,10/31/2025,98,Churned,Billing Issues
CUST-00880,4/20/2023,,Active,33,25-34,Female,South,33,Low,Month-to-Month,Basic,43.02,Electronic Check,No,1,2,4,1421.61,10/27/2025,66,Medium Risk,
CUST-00881,3/15/2025,,Active,54,45-54,Female,West,10,Middle,Month-to-Month,Standard,75.95,Credit Card,Yes,2,1,4,760.64,11/11/2025,51,Medium Risk,
CUST-00882,7/21/2022,,Active,22,18-24,Female,Midwest,42,High,Month-to-Month,Standard,86.33,Mailed Check,No,4,3,4,3631.02,11/5/2025,63,Medium Risk,
CUST-00883,2/29/2024,9/30/2025,Churned,56,55-64,Female,West,20,High,Month-to-Month,Premium,106.37,Electronic Check,No,6,3,2,2129,9/30/2025,98,Churned,Competitor Offer
CUST-00884,9/10/2024,,Active,56,55-64,Male,West,16,Low,One Year,Standard,78.26,Bank Transfer,Yes,5,1,3,1254.5,10/28/2025,42,Medium Risk,
CUST-00885,5/25/2025,,Active,55,55-64,Female,Midwest,8,Low,Month-to-Month,Standard,79.56,Electronic Check,No,3,1,3,637.67,9/26/2025,81,High Risk,
CUST-00886,6/16/2023,,Active,66,65+,Female,Midwest,31,High,One Year,Standard,76.81,Bank Transfer,Yes,3,1,4,2384.56,12/13/2025,32,Low Risk,
CUST-00887,1/19/2023,,Active,43,35-44,Female,South,36,Middle,One Year,Basic,38.86,Mailed Check,Yes,3,2,4,1400.7,11/29/2025,42,Medium Risk,
CUST-00888,6/24/2022,,Active,57,55-64,Female,Midwest,43,High,Month-to-Month,Premium,104.52,Bank Transfer,Yes,0,1,5,4500.64,11/5/2025,42,Medium Risk,
CUST-00889,2/1/2025,11/30/2025,Churned,27,25-34,Female,South,10,Middle,Month-to-Month,Basic,55.62,Mailed Check,No,2,1,4,556.2,11/30/2025,71,Churned,Competitor Offer
CUST-00890,5/5/2022,,Active,70,65+,Female,South,44,Low,One Year,Premium,111.2,Mailed Check,Yes,3,1,5,4899.48,12/1/2025,41,Medium Risk,
CUST-00891,10/13/2022,12/31/2022,Churned,33,25-34,Female,Midwest,3,High,One Year,Basic,37.5,Credit Card,Yes,4,0,4,113.06,12/31/2022,46,Churned,Poor Support Experience
CUST-00892,10/25/2023,4/30/2024,Churned,63,55-64,Female,Midwest,7,Middle,Month-to-Month,Basic,56.4,Electronic Check,Yes,4,1,3,395.65,4/30/2024,78,Churned,Poor Support Experience
CUST-00893,5/15/2023,2/29/2024,Churned,69,65+,Female,Midwest,10,Middle,One Year,Premium,98.22,Electronic Check,No,4,4,3,983.67,2/29/2024,81,Churned,Price Too High
CUST-00894,6/10/2025,12/31/2025,Churned,77,65+,Male,South,7,High,Month-to-Month,Basic,45.35,Bank Transfer,Yes,2,0,4,318.13,12/31/2025,57,Churned,Competitor Offer
CUST-00895,12/9/2024,,Active,18,18-24,Male,Northeast,13,High,Two Year,Basic,39.43,Electronic Check,No,4,5,3,513.77,12/5/2025,68,Medium Risk,
CUST-00896,12/28/2024,,Active,74,65+,Female,South,13,Low,One Year,Basic,39.88,Credit Card,Yes,3,2,3,519.64,10/24/2025,43,Medium Risk,
CUST-00897,7/1/2023,,Active,72,65+,Female,South,30,Middle,One Year,Premium,101.03,Bank Transfer,Yes,2,1,5,3035.46,12/24/2025,34,Low Risk,
CUST-00898,5/19/2022,7/31/2022,Churned,46,45-54,Male,Midwest,3,Middle,Month-to-Month,Standard,66.27,Electronic Check,No,3,5,3,198.81,7/31/2022,93,Churned,Competitor Offer
CUST-00899,7/9/2024,4/30/2025,Churned,71,65+,Male,Midwest,10,High,Two Year,Premium,95.4,Credit Card,Yes,1,2,4,955.43,4/30/2025,34,Churned,Price Too High
CUST-00900,5/7/2024,,Active,29,25-34,Female,West,20,Middle,Month-to-Month,Basic,56.47,Bank Transfer,Yes,4,0,3,1131.1,11/19/2025,60,Medium Risk,
CUST-00901,9/3/2024,,Active,34,25-34,Male,Midwest,16,High,Two Year,Standard,67.07,Mailed Check,No,1,3,5,1075.14,12/31/2025,30,Low Risk,
CUST-00902,9/20/2024,3/31/2025,Churned,36,35-44,Male,Northeast,7,Low,Month-to-Month,Premium,131.37,Bank Transfer,Yes,1,2,5,921.56,3/31/2025,55,Churned,Price Too High
CUST-00903,3/20/2022,,Active,21,18-24,Female,South,46,Middle,Month-to-Month,Basic,39.3,Electronic Check,Yes,1,2,5,1810.16,12/7/2025,56,Medium Risk,
CUST-00904,7/1/2024,,Active,34,25-34,Female,South,18,Middle,Month-to-Month,Premium,124.54,Bank Transfer,No,2,1,4,2245.46,12/7/2025,62,Medium Risk,
CUST-00905,3/29/2024,,Active,65,65+,Non-binary,South,22,High,One Year,Premium,103.08,Bank Transfer,Yes,0,1,4,2270.86,12/29/2025,26,Low Risk,
CUST-00906,5/10/2023,11/30/2025,Churned,62,55-64,Male,West,31,Middle,One Year,Standard,82.02,Mailed Check,No,5,3,3,2545.08,11/30/2025,59,Churned,Poor Support Experience
CUST-00907,4/14/2025,,Active,73,65+,Female,Northeast,9,Low,Month-to-Month,Standard,87.13,Bank Transfer,Yes,2,0,5,785.48,11/24/2025,47,Medium Risk,
CUST-00908,4/2/2024,,Active,38,35-44,Male,South,21,Middle,Two Year,Standard,64.96,Bank Transfer,Yes,0,1,5,1366.1,12/27/2025,15,Low Risk,
CUST-00909,1/17/2025,,Active,37,35-44,Female,Northeast,12,High,Month-to-Month,Basic,53.39,Bank Transfer,No,2,2,3,641.48,10/2/2025,77,High Risk,
CUST-00910,6/15/2025,,Active,64,55-64,Female,South,7,Middle,Month-to-Month,Standard,63.06,Credit Card,Yes,3,1,3,442.37,11/17/2025,58,Medium Risk,
CUST-00911,4/15/2025,12/31/2025,Churned,42,35-44,Male,Northeast,9,High,Month-to-Month,Basic,45.81,Bank Transfer,Yes,4,2,4,412.98,12/31/2025,64,Churned,Service Issues
CUST-00912,3/3/2025,,Active,19,18-24,Female,Northeast,10,Middle,Month-to-Month,Standard,67.23,Credit Card,No,2,1,4,673.31,12/1/2025,62,Medium Risk,
CUST-00913,6/18/2022,,Active,69,65+,Male,Midwest,43,Middle,Two Year,Premium,99.72,Bank Transfer,Yes,1,2,4,4293.96,12/31/2025,29,Low Risk,
CUST-00914,4/28/2023,,Active,34,25-34,Male,South,33,Middle,Month-to-Month,Premium,105.81,Credit Card,Yes,3,0,4,3496.5,11/3/2025,48,Medium Risk,
CUST-00915,9/20/2025,,Active,21,18-24,Male,Northeast,4,Low,Month-to-Month,Basic,40.61,Mailed Check,No,2,1,4,163.05,11/3/2025,67,Medium Risk,
CUST-00916,8/14/2023,,Active,20,18-24,Male,South,29,Low,One Year,Premium,106.26,Bank Transfer,Yes,3,1,3,3086.31,12/5/2025,41,Medium Risk,
CUST-00917,9/23/2023,,Active,48,45-54,Male,West,28,Middle,Month-to-Month,Standard,85.54,Bank Transfer,No,6,2,1,2398.96,11/5/2025,84,High Risk,
CUST-00918,5/26/2025,11/30/2025,Churned,72,65+,Female,South,7,Middle,Month-to-Month,Premium,112.97,Bank Transfer,No,2,3,4,790.79,11/30/2025,77,Churned,Billing Issues
CUST-00919,1/21/2024,,Active,72,65+,Female,Midwest,24,High,One Year,Basic,52.19,Credit Card,Yes,2,0,4,1254.12,12/23/2025,29,Low Risk,
CUST-00920,4/14/2023,,Active,60,55-64,Female,Midwest,33,Low,One Year,Basic,50.66,Credit Card,Yes,3,1,4,1674.06,12/5/2025,37,Low Risk,
CUST-00921,7/23/2024,,Active,52,45-54,Male,Northeast,18,High,Month-to-Month,Standard,64.75,Credit Card,No,3,1,4,1167.44,11/11/2025,53,Medium Risk,
CUST-00922,12/23/2024,,Active,66,65+,Male,Midwest,13,Low,One Year,Basic,54.54,Bank Transfer,Yes,4,0,3,710.66,12/13/2025,45,Medium Risk,
CUST-00923,5/4/2024,,Active,75,65+,Female,Midwest,20,Middle,Month-to-Month,Standard,83.03,Credit Card,No,0,3,5,1663.1,11/15/2025,52,Medium Risk,
CUST-00924,1/16/2022,,Active,39,35-44,Male,Midwest,48,Middle,Month-to-Month,Standard,75.84,Bank Transfer,No,0,1,4,3644.88,10/20/2025,46,Medium Risk,
CUST-00925,8/27/2025,,Active,49,45-54,Female,South,5,Low,One Year,Premium,112.23,Credit Card,Yes,2,0,4,562.83,12/9/2025,36,Low Risk,
CUST-00926,12/16/2022,,Active,69,65+,Female,South,37,Low,Month-to-Month,Basic,54.9,Bank Transfer,Yes,4,1,3,2034.58,10/20/2025,61,Medium Risk,
CUST-00927,2/21/2024,,Active,54,45-54,Male,South,23,Middle,Month-to-Month,Standard,69.75,Electronic Check,Yes,5,2,3,1606.35,12/5/2025,69,Medium Risk,
CUST-00928,3/5/2024,,Active,59,55-64,Female,Northeast,22,Low,Month-to-Month,Basic,39.3,Mailed Check,No,4,3,3,865.78,9/20/2025,76,High Risk,
CUST-00929,11/29/2024,1/31/2025,Churned,58,55-64,Female,South,3,Middle,One Year,Standard,77.14,Credit Card,Yes,3,0,4,232.58,1/31/2025,33,Churned,Competitor Offer
CUST-00930,11/1/2024,,Active,43,35-44,Male,South,14,Low,Two Year,Basic,49.1,Mailed Check,No,2,2,5,688.88,12/27/2025,37,Low Risk,
CUST-00931,12/24/2023,12/31/2025,Churned,30,25-34,Male,West,25,Middle,Month-to-Month,Basic,50.48,Bank Transfer,No,7,2,2,1264.28,12/31/2025,88,Churned,Service Issues
CUST-00932,3/31/2022,,Active,60,55-64,Male,South,46,Middle,Month-to-Month,Premium,95.36,Credit Card,Yes,3,1,4,4392.28,11/11/2025,57,Medium Risk,
CUST-00933,11/7/2022,,Active,69,65+,Male,South,38,Middle,One Year,Standard,72.48,Credit Card,Yes,3,1,4,2758.6,12/30/2025,24,Low Risk,
CUST-00934,2/27/2024,,Active,60,55-64,Female,South,23,Low,One Year,Basic,41.8,Electronic Check,No,3,2,3,962.66,11/14/2025,69,Medium Risk,
CUST-00935,12/23/2022,,Active,54,45-54,Non-binary,West,37,High,One Year,Standard,67.76,Mailed Check,Yes,3,2,4,2511.2,12/26/2025,31,Low Risk,
CUST-00936,4/30/2023,,Active,64,55-64,Male,Midwest,33,Middle,Month-to-Month,Standard,77.92,Credit Card,No,3,2,3,2574.87,11/18/2025,60,Medium Risk,
CUST-00937,6/25/2025,8/31/2025,Churned,70,65+,Male,West,3,High,Month-to-Month,Standard,72.92,Electronic Check,No,1,3,4,218.76,8/31/2025,72,Churned,Billing Issues
CUST-00938,5/11/2022,,Active,34,25-34,Female,Midwest,44,High,Month-to-Month,Standard,85.12,Bank Transfer,Yes,0,0,5,3750.4,12/31/2025,36,Low Risk,
CUST-00939,9/10/2024,3/31/2025,Churned,50,45-54,Female,South,7,Low,One Year,Standard,72.73,Mailed Check,No,3,2,3,510.2,3/31/2025,59,Churned,Competitor Offer
CUST-00940,2/19/2025,,Active,64,55-64,Male,West,11,Middle,Month-to-Month,Standard,90.71,Credit Card,No,0,2,5,999.17,11/25/2025,54,Medium Risk,
CUST-00941,11/14/2023,,Active,63,55-64,Female,South,26,Middle,Month-to-Month,Premium,100.33,Credit Card,Yes,5,2,3,2613.08,10/30/2025,66,Medium Risk,
CUST-00942,10/25/2022,,Active,43,35-44,Female,West,39,Middle,Month-to-Month,Premium,113.44,Bank Transfer,No,3,3,3,4430.96,10/30/2025,76,High Risk,
CUST-00943,5/31/2023,,Active,62,55-64,Female,Northeast,32,Low,One Year,Standard,83.45,Credit Card,Yes,3,2,3,2674.15,11/26/2025,40,Medium Risk,
CUST-00944,1/26/2022,,Active,48,45-54,Male,West,48,Middle,One Year,Basic,42.86,Bank Transfer,Yes,4,1,2,2059.84,11/11/2025,60,Medium Risk,
CUST-00945,5/30/2023,,Active,54,45-54,Female,Northeast,32,Low,One Year,Standard,64.42,Credit Card,Yes,6,0,2,2064.35,12/3/2025,54,Medium Risk,
CUST-00946,8/1/2025,,Active,35,35-44,Female,Midwest,5,High,Two Year,Premium,87.34,Bank Transfer,Yes,2,2,3,438.01,12/30/2025,33,Low Risk,
CUST-00947,9/22/2022,,Active,54,45-54,Female,South,40,Middle,One Year,Standard,62.02,Electronic Check,Yes,0,1,5,2484.52,12/25/2025,31,Low Risk,
CUST-00948,3/22/2023,,Active,46,45-54,Female,South,34,Middle,One Year,Standard,81.28,Credit Card,Yes,2,0,4,2767.18,12/18/2025,20,Low Risk,
CUST-00949,9/3/2025,,Active,32,25-34,Male,Midwest,4,High,Month-to-Month,Standard,89.61,Credit Card,Yes,3,0,5,359.78,11/6/2025,47,Medium Risk,
CUST-00950,6/24/2022,,Active,74,65+,Female,South,43,Middle,One Year,Basic,56.79,Electronic Check,No,4,5,2,2445.37,9/14/2025,88,High Risk,
CUST-00951,8/7/2024,,Active,64,55-64,Female,South,17,Low,Month-to-Month,Premium,104.2,Electronic Check,No,5,3,3,1774.52,10/16/2025,90,High Risk,
CUST-00952,6/27/2024,,Active,31,25-34,Female,Northeast,19,Middle,Month-to-Month,Standard,78.62,Bank Transfer,Yes,1,1,4,1496.14,12/8/2025,38,Low Risk,
CUST-00953,10/31/2022,,Active,44,35-44,Female,West,39,Low,Month-to-Month,Standard,81.29,Electronic Check,No,2,4,4,3175.19,10/21/2025,66,Medium Risk,
CUST-00954,3/7/2023,,Active,19,18-24,Male,Northeast,34,Middle,Month-to-Month,Premium,121.29,Mailed Check,No,1,2,4,4129.32,10/25/2025,60,Medium Risk,
CUST-00955,4/12/2023,,Active,78,65+,Female,Northeast,33,High,Month-to-Month,Standard,67.72,Bank Transfer,Yes,2,2,5,2237.82,11/17/2025,48,Medium Risk,
CUST-00956,7/4/2024,,Active,30,25-34,Female,South,18,Middle,Month-to-Month,Premium,104.84,Electronic Check,No,2,5,4,1890.26,10/18/2025,82,High Risk,
CUST-00957,3/20/2023,,Active,75,65+,Female,Northeast,34,High,Month-to-Month,Premium,100.32,Bank Transfer,No,2,2,4,3415.38,11/5/2025,62,Medium Risk,
CUST-00958,3/27/2024,5/31/2024,Churned,68,65+,Male,South,3,Low,Month-to-Month,Standard,78.67,Electronic Check,No,2,3,4,236.01,5/31/2024,72,Churned,Competitor Offer
CUST-00959,2/20/2024,,Active,24,18-24,Female,Midwest,23,High,Month-to-Month,Standard,68.33,Credit Card,No,0,3,5,1573.63,11/14/2025,51,Medium Risk,
CUST-00960,12/17/2023,,Active,58,55-64,Male,Midwest,25,High,One Year,Standard,64.34,Electronic Check,Yes,1,1,5,1611.41,12/19/2025,29,Low Risk,
CUST-00961,5/11/2024,,Active,34,25-34,Male,South,20,Middle,Two Year,Premium,110.75,Credit Card,Yes,2,0,4,2218.32,12/24/2025,21,Low Risk,
CUST-00962,8/9/2022,,Active,69,65+,Non-binary,South,41,Middle,One Year,Basic,37.75,Mailed Check,No,3,2,3,1550.03,12/2/2025,60,Medium Risk,
CUST-00963,3/13/2024,,Active,69,65+,Female,Northeast,22,Middle,One Year,Premium,95.52,Mailed Check,No,3,2,4,2104.3,10/22/2025,48,Medium Risk,
CUST-00964,2/6/2025,,Active,35,35-44,Male,South,11,Low,Two Year,Standard,78.32,Credit Card,No,1,3,4,862.69,12/12/2025,40,Medium Risk,
CUST-00965,10/12/2024,5/31/2025,Churned,52,45-54,Male,West,8,Middle,Month-to-Month,Basic,48.16,Credit Card,Yes,3,2,2,386,5/31/2025,81,Churned,Poor Support Experience
CUST-00966,2/13/2022,3/31/2024,Churned,43,35-44,Male,West,26,Low,Month-to-Month,Premium,116.88,Electronic Check,No,0,4,4,3042.38,3/31/2024,75,Churned,Billing Issues
CUST-00967,7/8/2022,,Active,20,18-24,Female,Northeast,42,Middle,Month-to-Month,Premium,119.7,Credit Card,Yes,0,2,5,5034.6,10/21/2025,47,Medium Risk,
CUST-00968,11/23/2024,10/31/2025,Churned,49,45-54,Male,West,12,Low,Month-to-Month,Standard,77.4,Bank Transfer,No,2,3,4,929.96,10/31/2025,65,Churned,Competitor Offer
CUST-00969,5/11/2025,8/31/2025,Churned,60,55-64,Male,South,4,High,Two Year,Standard,60.96,Electronic Check,No,3,3,3,243.84,8/31/2025,62,Churned,Billing Issues
CUST-00970,6/30/2023,,Active,51,45-54,Non-binary,Midwest,31,High,Month-to-Month,Basic,59.44,Bank Transfer,Yes,4,2,3,1845.31,12/8/2025,64,Medium Risk,
CUST-00971,3/30/2023,1/31/2025,Churned,61,55-64,Male,Northeast,23,Low,Month-to-Month,Basic,47.88,Electronic Check,Yes,4,0,4,1102.68,1/31/2025,64,Churned,Poor Support Experience
CUST-00972,8/21/2025,12/31/2025,Churned,27,25-34,Male,South,5,Middle,One Year,Basic,58.46,Bank Transfer,Yes,1,1,4,293.18,12/31/2025,38,Churned,Relocation
CUST-00973,6/12/2025,,Active,45,45-54,Female,Northeast,7,High,Two Year,Standard,57.41,Credit Card,No,1,2,4,402.73,12/15/2025,39,Low Risk,
CUST-00974,11/3/2022,,Active,22,18-24,Male,Northeast,38,Middle,Month-to-Month,Basic,57.41,Credit Card,Yes,4,2,2,2185.02,9/7/2025,74,High Risk,
CUST-00975,12/18/2022,,Active,20,18-24,Female,South,37,Middle,Month-to-Month,Basic,43.21,Electronic Check,No,4,4,2,1601.37,9/3/2025,98,High Risk,
CUST-00976,5/2/2025,7/31/2025,Churned,76,65+,Female,West,3,Middle,Month-to-Month,Standard,72.07,Electronic Check,No,0,3,5,216.21,7/31/2025,72,Churned,Competitor Offer
CUST-00977,8/13/2024,,Active,33,25-34,Female,Midwest,17,Low,Month-to-Month,Premium,117.73,Electronic Check,No,1,1,4,2004.95,11/3/2025,65,Medium Risk,
CUST-00978,7/25/2024,,Active,74,65+,Male,South,18,Low,One Year,Premium,116.94,Mailed Check,Yes,6,1,2,2108.42,10/28/2025,63,Medium Risk,
CUST-00979,9/5/2024,,Active,27,25-34,Female,Midwest,16,High,Month-to-Month,Standard,70.89,Electronic Check,No,3,2,4,1136.36,11/7/2025,67,Medium Risk,
CUST-00980,6/14/2024,,Active,28,25-34,Female,South,19,Middle,Two Year,Standard,58.21,Electronic Check,No,3,2,4,1107.73,12/11/2025,43,Medium Risk,
CUST-00981,2/28/2022,,Active,51,45-54,Female,West,47,High,Month-to-Month,Standard,74,Bank Transfer,Yes,1,0,5,3482.44,12/8/2025,33,Low Risk,
CUST-00982,3/22/2023,,Active,36,35-44,Female,Northeast,34,Middle,One Year,Standard,78.87,Bank Transfer,Yes,1,1,5,2685.12,12/4/2025,23,Low Risk,
CUST-00983,7/24/2024,,Active,60,55-64,Female,West,18,Low,Month-to-Month,Basic,57.03,Bank Transfer,No,4,2,3,1028.26,11/6/2025,72,High Risk,
CUST-00984,12/26/2022,,Active,37,35-44,Female,South,37,High,Two Year,Standard,65.93,Bank Transfer,Yes,0,2,5,2443.37,12/4/2025,14,Low Risk,
CUST-00985,1/23/2023,,Active,66,65+,Female,Midwest,36,Low,Two Year,Basic,36.99,Electronic Check,No,2,3,4,1333.29,11/24/2025,49,Medium Risk,
CUST-00986,6/18/2024,,Active,33,25-34,Female,Midwest,19,High,Month-to-Month,Premium,101.45,Bank Transfer,Yes,5,0,3,1930.59,12/8/2025,59,Medium Risk,
CUST-00987,5/10/2024,,Active,60,55-64,Female,Midwest,20,High,Two Year,Premium,112.85,Bank Transfer,Yes,1,1,5,2260.38,12/12/2025,25,Low Risk,
CUST-00988,2/26/2022,3/31/2023,Churned,47,45-54,Female,Northeast,14,Middle,Month-to-Month,Standard,88.01,Credit Card,Yes,5,2,3,1233.46,3/31/2023,59,Churned,Poor Support Experience
CUST-00989,1/15/2022,,Active,51,45-54,Female,South,48,Low,Two Year,Standard,63.37,Credit Card,Yes,1,0,5,3045.56,12/25/2025,14,Low Risk,
CUST-00990,9/12/2022,,Active,68,65+,Male,South,40,Middle,Month-to-Month,Basic,56.38,Credit Card,Yes,3,2,3,2258.6,11/16/2025,62,Medium Risk,
CUST-00991,3/14/2025,9/30/2025,Churned,56,55-64,Female,Midwest,7,Middle,Month-to-Month,Basic,59.77,Credit Card,Yes,4,1,4,418.39,9/30/2025,61,Churned,Poor Support Experience
CUST-00992,8/9/2024,5/31/2025,Churned,44,35-44,Female,Northeast,10,Low,Month-to-Month,Basic,58.8,Electronic Check,No,1,3,5,588.88,5/31/2025,77,Churned,Billing Issues
CUST-00993,3/20/2023,,Active,64,55-64,Male,West,34,Middle,Month-to-Month,Basic,53.41,Bank Transfer,No,1,2,3,1818.34,11/30/2025,63,Medium Risk,
CUST-00994,7/11/2025,,Active,32,25-34,Male,West,6,Middle,One Year,Premium,95.17,Electronic Check,No,0,1,5,572.45,10/21/2025,53,Medium Risk,
CUST-00995,9/11/2025,11/30/2025,Churned,78,65+,Male,South,3,High,Month-to-Month,Standard,75.63,Electronic Check,No,2,2,3,226.89,11/30/2025,76,Churned,Competitor Offer
CUST-00996,9/17/2024,,Active,29,25-34,Male,South,16,High,Month-to-Month,Standard,67.89,Bank Transfer,Yes,1,0,5,1088.28,12/6/2025,33,Low Risk,
CUST-00997,3/28/2023,7/31/2023,Churned,28,25-34,Male,South,5,High,One Year,Premium,125.67,Bank Transfer,Yes,3,1,4,628.35,7/31/2023,47,Churned,Price Too High
CUST-00998,10/27/2024,,Active,19,18-24,Non-binary,Northeast,15,Low,One Year,Standard,76.08,Credit Card,Yes,1,0,5,1143.48,12/18/2025,16,Low Risk,
CUST-00999,3/29/2024,,Active,54,45-54,Female,South,22,Low,One Year,Basic,56.64,Credit Card,Yes,3,0,3,1247.78,10/26/2025,44,Medium Risk,
CUST-01000,9/23/2022,,Active,30,25-34,Female,South,40,Low,Two Year,Standard,61.35,Electronic Check,No,1,1,5,2457.68,12/24/2025,30,Low Risk,
CUST-01001,6/1/2022,,Active,40,35-44,Female,Midwest,43,High,Month-to-Month,Premium,94.98,Credit Card,No,2,3,3,4089.82,12/5/2025,61,Medium Risk,
CUST-01002,12/3/2024,6/30/2025,Churned,71,65+,Male,South,7,Middle,One Year,Basic,49.39,Electronic Check,No,3,3,3,346.47,6/30/2025,79,Churned,Billing Issues
CUST-01003,6/9/2024,2/28/2025,Churned,57,55-64,Female,South,9,Middle,Month-to-Month,Basic,38.25,Electronic Check,No,4,3,3,344.82,2/28/2025,95,Churned,Competitor Offer
CUST-01004,3/31/2025,12/31/2025,Churned,60,55-64,Female,Northeast,10,Middle,Month-to-Month,Standard,81.63,Credit Card,Yes,3,1,4,817.52,12/31/2025,49,Churned,Competitor Offer
CUST-01005,11/23/2022,,Active,53,45-54,Male,Northeast,38,Low,Two Year,Premium,110.86,Bank Transfer,Yes,3,2,3,4219.32,12/25/2025,38,Low Risk,
CUST-01006,9/5/2025,,Active,23,18-24,Female,Northeast,4,Middle,Month-to-Month,Standard,81.52,Bank Transfer,No,0,2,5,327.3,11/18/2025,53,Medium Risk,
CUST-01007,2/24/2022,,Active,68,65+,Male,Midwest,47,High,One Year,Standard,80.19,Electronic Check,No,3,3,3,3773.73,10/25/2025,57,Medium Risk,
CUST-01008,1/12/2025,3/31/2025,Churned,54,45-54,Male,Midwest,3,Middle,Two Year,Premium,114.61,Electronic Check,No,5,4,3,343.83,3/31/2025,75,Churned,Poor Support Experience
CUST-01009,5/11/2023,,Active,48,45-54,Male,Northeast,32,Low,Month-to-Month,Standard,66.48,Electronic Check,No,3,1,4,2130.36,12/10/2025,60,Medium Risk,
CUST-01010,2/22/2022,3/31/2024,Churned,45,45-54,Male,West,26,Middle,Month-to-Month,Standard,74.42,Electronic Check,No,1,1,5,1937.16,3/31/2024,61,Churned,Competitor Offer
CUST-01011,3/25/2025,,Active,30,25-34,Male,Midwest,10,Middle,One Year,Standard,69.22,Bank Transfer,Yes,2,0,4,693.24,12/13/2025,30,Low Risk,
CUST-01012,12/24/2023,,Active,59,55-64,Female,Northeast,25,Low,Two Year,Basic,42.09,Credit Card,Yes,1,1,5,1054.14,12/24/2025,25,Low Risk,
CUST-01013,1/23/2024,,Active,66,65+,Male,West,24,High,One Year,Standard,77.16,Credit Card,No,3,2,4,1854.16,11/27/2025,43,Medium Risk,
CUST-01014,10/18/2022,,Active,47,45-54,Male,West,39,Low,Two Year,Premium,114.4,Bank Transfer,Yes,0,0,5,4468.48,12/26/2025,19,Low Risk,
CUST-01015,11/19/2023,,Active,50,45-54,Male,South,26,Low,Month-to-Month,Standard,65.68,Credit Card,Yes,6,1,2,1710.65,10/30/2025,70,High Risk,
CUST-01016,9/26/2022,,Active,68,65+,Female,Midwest,40,Middle,One Year,Premium,99.63,Credit Card,No,1,3,5,3991.16,12/12/2025,46,Medium Risk,
CUST-01017,3/2/2022,,Active,23,18-24,Male,West,46,Low,Month-to-Month,Standard,63.82,Electronic Check,No,1,2,5,2939.56,11/17/2025,64,Medium Risk,
CUST-01018,5/8/2025,7/31/2025,Churned,62,55-64,Female,Midwest,3,Middle,Month-to-Month,Basic,42.55,Credit Card,No,3,3,3,127.65,7/31/2025,82,Churned,Competitor Offer
CUST-01019,1/21/2024,7/31/2024,Churned,24,18-24,Male,South,7,Middle,Month-to-Month,Basic,46.95,Credit Card,No,4,2,4,328.65,7/31/2024,74,Churned,Service Issues
CUST-01020,7/20/2023,4/30/2025,Churned,36,35-44,Male,West,22,Middle,Two Year,Basic,48.32,Electronic Check,No,4,3,2,1064.48,4/30/2025,77,Churned,Service Issues
CUST-01021,3/14/2022,7/31/2022,Churned,25,25-34,Female,Midwest,5,Middle,Month-to-Month,Standard,82.27,Electronic Check,No,5,1,2,411.35,7/31/2022,94,Churned,Competitor Offer
CUST-01022,6/30/2025,9/30/2025,Churned,71,65+,Female,South,4,High,Month-to-Month,Standard,82.55,Credit Card,No,0,1,5,330.2,9/30/2025,56,Churned,Competitor Offer
CUST-01023,12/18/2022,3/31/2023,Churned,28,25-34,Female,West,4,Middle,Month-to-Month,Premium,115.71,Bank Transfer,No,2,2,4,464.58,3/31/2023,68,Churned,Competitor Offer
CUST-01024,4/4/2023,1/31/2025,Churned,68,65+,Female,West,22,Middle,One Year,Basic,39.48,Electronic Check,No,2,1,4,869.74,1/31/2025,53,Churned,Needs Changed
CUST-01025,6/7/2022,,Active,62,55-64,Female,Midwest,43,High,Two Year,Basic,49.06,Credit Card,Yes,2,1,3,2112.54,12/17/2025,32,Low Risk,
CUST-01026,3/2/2024,9/30/2024,Churned,60,55-64,Female,Midwest,7,Low,Month-to-Month,Standard,89.22,Credit Card,Yes,4,1,3,624.54,9/30/2024,66,Churned,Competitor Offer
CUST-01027,7/25/2025,,Active,26,25-34,Male,South,6,High,Month-to-Month,Standard,66.52,Bank Transfer,Yes,3,0,4,400.12,10/20/2025,45,Medium Risk,
CUST-01028,8/29/2024,,Active,66,65+,Male,South,17,Middle,Two Year,Standard,69.94,Credit Card,Yes,0,2,5,1191.08,12/10/2025,16,Low Risk,
CUST-01029,12/23/2023,,Active,48,45-54,Male,Northeast,25,Low,Month-to-Month,Basic,51.92,Credit Card,No,2,2,3,1300.34,9/26/2025,71,High Risk,
CUST-01030,8/28/2023,,Active,26,25-34,Male,South,29,Low,One Year,Standard,63.71,Electronic Check,Yes,3,3,4,1850.47,12/20/2025,39,Low Risk,
CUST-01031,8/25/2025,,Active,42,35-44,Male,West,5,Middle,One Year,Standard,76.24,Electronic Check,No,2,4,3,382.34,11/21/2025,69,Medium Risk,
CUST-01032,8/21/2024,,Active,22,18-24,Male,Midwest,17,High,Month-to-Month,Basic,48.56,Credit Card,Yes,1,0,5,826.98,11/27/2025,40,Medium Risk,
CUST-01033,4/22/2025,9/30/2025,Churned,76,65+,Female,West,6,Low,Month-to-Month,Standard,89.09,Electronic Check,Yes,1,2,4,534.54,9/30/2025,60,Churned,Competitor Offer
CUST-01034,1/28/2025,,Active,18,18-24,Male,Northeast,12,Middle,Month-to-Month,Premium,113.01,Bank Transfer,Yes,0,1,4,1357.82,10/28/2025,48,Medium Risk,
CUST-01035,2/19/2022,,Active,19,18-24,Female,Northeast,47,Low,Month-to-Month,Basic,43.55,Credit Card,No,4,1,3,2049.45,10/18/2025,73,High Risk,
CUST-01036,3/31/2024,,Active,52,45-54,Female,West,22,Middle,Two Year,Premium,95.28,Credit Card,Yes,3,2,4,2099.02,12/4/2025,32,Low Risk,
CUST-01037,5/22/2024,,Active,29,25-34,Male,West,20,High,One Year,Premium,93.58,Bank Transfer,No,2,2,3,1874.4,11/9/2025,42,Medium Risk,
CUST-01038,4/28/2023,,Active,72,65+,Female,West,33,High,One Year,Standard,71.54,Credit Card,Yes,1,2,5,2364.03,12/26/2025,21,Low Risk,
CUST-01039,11/3/2022,,Active,62,55-64,Female,South,38,Low,One Year,Premium,108.97,Mailed Check,Yes,2,0,4,4147.38,12/14/2025,30,Low Risk,
CUST-01040,8/11/2022,,Active,76,65+,Male,West,41,High,One Year,Basic,45.93,Credit Card,Yes,3,0,3,1885.89,11/15/2025,42,Medium Risk,
CUST-01041,8/18/2023,,Active,36,35-44,Female,South,29,High,Month-to-Month,Premium,95.44,Bank Transfer,Yes,2,2,4,2772.05,11/26/2025,51,Medium Risk,
CUST-01042,12/25/2022,,Active,57,55-64,Female,West,37,Middle,Month-to-Month,Standard,78.17,Credit Card,Yes,3,2,3,2896.97,11/30/2025,51,Medium Risk,
CUST-01043,12/10/2023,,Active,61,55-64,Female,Northeast,25,Middle,Month-to-Month,Standard,87.87,Bank Transfer,Yes,1,2,4,2200.71,12/6/2025,43,Medium Risk,
CUST-01044,6/6/2024,,Active,25,25-34,Female,Northeast,19,Middle,Month-to-Month,Basic,47.18,Mailed Check,No,3,1,3,897.84,11/1/2025,70,High Risk,
CUST-01045,10/20/2023,,Active,57,55-64,Male,West,27,Middle,Two Year,Premium,105.61,Bank Transfer,Yes,6,2,2,2856.21,10/29/2025,61,Medium Risk,
CUST-01046,9/16/2024,,Active,64,55-64,Male,South,16,Low,Month-to-Month,Standard,82.07,Credit Card,Yes,2,2,4,1315.58,10/23/2025,47,Medium Risk,
CUST-01047,7/28/2023,,Active,72,65+,Non-binary,South,30,Low,Two Year,Standard,78.6,Electronic Check,No,3,2,4,2361.54,12/6/2025,38,Low Risk,
CUST-01048,3/11/2024,5/31/2024,Churned,46,45-54,Female,South,3,High,Month-to-Month,Basic,56.15,Electronic Check,No,4,2,2,168.45,5/31/2024,98,Churned,Competitor Offer
CUST-01049,10/24/2023,,Active,56,55-64,Male,South,27,High,Month-to-Month,Standard,63.38,Mailed Check,No,1,1,4,1714.11,12/7/2025,45,Medium Risk,
CUST-01050,5/7/2025,,Active,66,65+,Female,Midwest,8,Middle,Month-to-Month,Premium,102.03,Credit Card,Yes,1,1,5,817.77,11/26/2025,54,Medium Risk,
CUST-01051,9/3/2024,,Active,47,45-54,Female,South,16,High,Month-to-Month,Standard,63.29,Bank Transfer,No,0,2,4,1014.54,10/27/2025,45,Medium Risk,
CUST-01052,11/11/2024,3/31/2025,Churned,72,65+,Male,South,5,High,Month-to-Month,Premium,101.3,Bank Transfer,Yes,1,2,5,508.02,3/31/2025,56,Churned,Price Too High
CUST-01053,5/26/2024,,Active,65,65+,Female,Northeast,20,Low,Two Year,Standard,80.35,Credit Card,Yes,2,2,5,1609.42,12/27/2025,23,Low Risk,
CUST-01054,12/22/2022,,Active,34,25-34,Female,Northeast,37,Middle,Month-to-Month,Basic,41.18,Bank Transfer,No,1,1,5,1526.14,10/25/2025,59,Medium Risk,
CUST-01055,5/19/2025,,Active,39,35-44,Male,Northeast,8,Middle,Month-to-Month,Basic,51.62,Mailed Check,Yes,7,1,1,413.73,9/20/2025,86,High Risk,
CUST-01056,1/23/2024,,Active,64,55-64,Female,Midwest,24,High,One Year,Standard,71.66,Bank Transfer,Yes,3,2,3,1721.98,12/14/2025,39,Low Risk,
CUST-01057,12/10/2022,,Active,35,35-44,Non-binary,Northeast,37,High,Month-to-Month,Premium,97.13,Credit Card,Yes,2,1,5,3599.65,12/8/2025,53,Medium Risk,
CUST-01058,1/3/2022,,Active,75,65+,Male,South,48,Middle,Month-to-Month,Premium,128.98,Electronic Check,No,1,4,4,6198.76,9/28/2025,72,High Risk,
CUST-01059,6/16/2025,,Active,60,55-64,Female,South,7,High,Two Year,Basic,52.86,Bank Transfer,Yes,3,2,3,370.81,12/12/2025,48,Medium Risk,
CUST-01060,7/28/2025,,Active,67,65+,Female,South,6,Low,Month-to-Month,Standard,78.43,Electronic Check,No,0,5,3,471.76,11/7/2025,78,High Risk,
CUST-01061,1/16/2024,,Active,32,25-34,Female,West,24,Middle,Month-to-Month,Standard,90.91,Electronic Check,No,3,1,4,2184.56,11/20/2025,63,Medium Risk,
CUST-01062,5/26/2022,,Active,74,65+,Male,Northeast,44,High,One Year,Standard,87.05,Bank Transfer,Yes,3,1,3,3835.44,12/9/2025,34,Low Risk,
CUST-01063,8/2/2023,11/30/2023,Churned,71,65+,Male,South,4,Middle,Month-to-Month,Basic,54.65,Electronic Check,No,2,2,3,218.6,11/30/2023,84,Churned,Competitor Offer
CUST-01064,8/1/2024,,Active,73,65+,Female,Midwest,17,Middle,Two Year,Basic,48.46,Mailed Check,No,3,1,3,825.28,11/15/2025,47,Medium Risk,
CUST-01065,3/24/2025,5/31/2025,Churned,48,45-54,Female,South,3,Middle,Month-to-Month,Standard,77.53,Mailed Check,No,3,2,3,232.59,5/31/2025,73,Churned,Competitor Offer
CUST-01066,7/30/2025,,Active,75,65+,Female,South,6,Low,One Year,Premium,108.03,Bank Transfer,Yes,1,2,4,649.8,10/20/2025,45,Medium Risk,
CUST-01067,1/8/2023,9/30/2023,Churned,54,45-54,Female,Midwest,9,Middle,Month-to-Month,Standard,84.79,Electronic Check,Yes,3,4,3,763.11,9/30/2023,78,Churned,Competitor Offer
CUST-01068,11/16/2024,,Active,19,18-24,Male,Northeast,14,Middle,One Year,Standard,61.04,Bank Transfer,No,5,2,3,856.4,11/30/2025,55,Medium Risk,
CUST-01069,6/5/2022,,Active,26,25-34,Female,Midwest,43,Middle,Month-to-Month,Standard,87.47,Electronic Check,Yes,3,1,4,3766.45,12/12/2025,56,Medium Risk,
CUST-01070,9/30/2024,2/28/2025,Churned,60,55-64,Female,South,6,High,Month-to-Month,Premium,115.95,Electronic Check,No,1,3,5,697.44,2/28/2025,78,Churned,Billing Issues
CUST-01071,7/21/2025,,Active,72,65+,Female,West,6,Low,Month-to-Month,Basic,60.67,Credit Card,Yes,1,1,4,364.93,10/25/2025,53,Medium Risk,
CUST-01072,4/1/2025,7/31/2025,Churned,48,45-54,Female,South,4,Middle,Month-to-Month,Basic,49.03,Mailed Check,No,6,3,2,196.12,7/31/2025,98,Churned,Poor Support Experience
CUST-01073,6/9/2024,,Active,47,45-54,Female,Midwest,19,High,Two Year,Premium,97.25,Credit Card,Yes,2,1,4,1850.67,12/25/2025,25,Low Risk,
CUST-01074,2/14/2025,5/31/2025,Churned,36,35-44,Female,Midwest,4,Middle,Two Year,Basic,36.62,Electronic Check,Yes,3,2,3,146.48,5/31/2025,55,Churned,Competitor Offer
CUST-01075,11/7/2022,,Active,46,45-54,Female,South,38,Middle,Month-to-Month,Basic,43.42,Electronic Check,Yes,1,2,3,1652.56,11/22/2025,69,Medium Risk,
CUST-01076,8/3/2024,,Active,72,65+,Female,Midwest,17,Middle,One Year,Basic,59.12,Credit Card,Yes,4,1,3,1006.82,11/24/2025,50,Medium Risk,
CUST-01077,2/1/2023,1/31/2024,Churned,50,45-54,Female,Northeast,12,Low,One Year,Basic,50.65,Credit Card,No,3,1,4,608.56,1/31/2024,51,Churned,Relocation
CUST-01078,8/31/2024,,Active,47,45-54,Male,Midwest,17,High,Two Year,Premium,109.74,Credit Card,No,2,2,4,1868.88,12/24/2025,38,Low Risk,
CUST-01079,7/22/2023,,Active,44,35-44,Male,Midwest,30,Middle,Month-to-Month,Basic,48.53,Credit Card,Yes,1,1,4,1458.09,10/28/2025,43,Medium Risk,
CUST-01080,10/22/2024,,Active,68,65+,Female,Midwest,15,Low,One Year,Premium,126.58,Bank Transfer,Yes,1,2,4,1902.5,12/13/2025,30,Low Risk,
CUST-01081,5/9/2023,12/31/2024,Churned,49,45-54,Female,South,20,Low,Two Year,Premium,101.52,Bank Transfer,Yes,6,2,2,2033.44,12/31/2024,58,Churned,Service Issues
CUST-01082,4/12/2025,8/31/2025,Churned,80,65+,Female,South,5,Middle,One Year,Premium,124.62,Credit Card,Yes,0,0,5,623.1,8/31/2025,33,Churned,Price Too High
CUST-01083,7/12/2023,,Active,29,25-34,Non-binary,Northeast,30,Middle,One Year,Standard,67.31,Bank Transfer,Yes,3,2,3,2022.33,12/6/2025,36,Low Risk,
CUST-01084,9/16/2024,,Active,43,35-44,Male,Midwest,16,Middle,One Year,Standard,72.42,Electronic Check,Yes,3,1,3,1160.9,11/14/2025,46,Medium Risk,
CUST-01085,1/7/2025,,Active,53,45-54,Female,West,12,Middle,Month-to-Month,Standard,71.56,Bank Transfer,Yes,1,2,5,859.79,10/29/2025,48,Medium Risk,
CUST-01086,5/1/2025,8/31/2025,Churned,23,18-24,Male,South,4,High,Month-to-Month,Premium,111.1,Electronic Check,Yes,1,2,4,444.4,8/31/2025,64,Churned,Competitor Offer
CUST-01087,12/11/2024,,Active,72,65+,Male,Midwest,13,Middle,One Year,Basic,51.45,Bank Transfer,Yes,1,1,4,670.39,12/13/2025,28,Low Risk,
CUST-01088,10/29/2023,,Active,59,55-64,Female,South,27,Low,Month-to-Month,Standard,76.78,Credit Card,Yes,0,1,5,2076.51,12/9/2025,34,Low Risk,
CUST-01089,7/14/2025,10/31/2025,Churned,34,25-34,Male,South,4,Middle,Month-to-Month,Premium,99.72,Electronic Check,No,2,1,4,398.88,10/31/2025,75,Churned,Competitor Offer
CUST-01090,11/15/2024,5/31/2025,Churned,65,65+,Male,South,7,Low,Month-to-Month,Basic,61.72,Credit Card,Yes,1,0,5,432.97,5/31/2025,50,Churned,Competitor Offer
CUST-01091,3/21/2022,7/31/2022,Churned,45,45-54,Female,Northeast,5,Middle,Month-to-Month,Basic,52.18,Credit Card,No,6,3,1,260.9,7/31/2022,98,Churned,Billing Issues
CUST-01092,1/24/2025,,Active,33,25-34,Male,South,12,Low,Month-to-Month,Standard,91.12,Electronic Check,No,2,1,5,1094.81,9/10/2025,72,High Risk,
CUST-01093,6/17/2024,,Active,58,55-64,Female,Northeast,19,High,Month-to-Month,Standard,66.4,Credit Card,No,1,1,4,1263.6,11/8/2025,49,Medium Risk,
CUST-01094,11/3/2024,4/30/2025,Churned,76,65+,Female,Northeast,6,High,Month-to-Month,Premium,121.27,Bank Transfer,Yes,5,2,3,729.44,4/30/2025,75,Churned,Poor Support Experience
CUST-01095,10/20/2024,,Active,49,45-54,Male,South,15,Middle,Month-to-Month,Standard,82.41,Electronic Check,No,1,2,5,1238.63,10/27/2025,62,Medium Risk,
CUST-01096,9/14/2024,,Active,33,25-34,Male,Midwest,16,Middle,Two Year,Basic,51.74,Electronic Check,No,2,3,3,829.4,10/26/2025,59,Medium Risk,
CUST-01097,12/22/2022,,Active,55,55-64,Male,Midwest,37,Middle,Two Year,Basic,45.21,Bank Transfer,Yes,6,1,3,1675.49,10/31/2025,43,Medium Risk,
CUST-01098,4/8/2023,,Active,47,45-54,Female,South,33,High,Month-to-Month,Standard,79.46,Bank Transfer,Yes,1,1,5,2625.75,11/29/2025,41,Medium Risk,
CUST-01099,7/17/2025,,Active,45,45-54,Male,South,6,Low,One Year,Standard,79.49,Credit Card,Yes,1,0,5,478.13,12/27/2025,24,Low Risk,
CUST-01100,5/13/2022,,Active,44,35-44,Female,South,44,Low,Two Year,Standard,81.52,Mailed Check,No,1,1,5,3591.76,12/23/2025,25,Low Risk,
CUST-01101,4/19/2022,,Active,64,55-64,Female,Midwest,45,High,Month-to-Month,Standard,80.84,Bank Transfer,Yes,0,0,5,3642.64,12/9/2025,32,Low Risk,
CUST-01102,2/25/2025,,Active,40,35-44,Male,Northeast,11,Low,One Year,Standard,87.35,Mailed Check,No,5,1,3,962.16,11/20/2025,61,Medium Risk,
CUST-01103,12/13/2023,,Active,49,45-54,Male,Northeast,25,Middle,Month-to-Month,Standard,90.97,Electronic Check,No,1,3,4,2278.33,11/7/2025,67,Medium Risk,
CUST-01104,10/19/2022,,Active,23,18-24,Male,South,39,Middle,Month-to-Month,Premium,115.88,Credit Card,Yes,3,0,4,4526.28,11/13/2025,51,Medium Risk,
CUST-01105,6/27/2023,6/30/2025,Churned,40,35-44,Female,Northeast,25,Low,Month-to-Month,Premium,129.24,Credit Card,Yes,2,1,4,3234.88,6/30/2025,51,Churned,Price Too High
CUST-01106,4/19/2024,,Active,69,65+,Female,Midwest,21,High,Month-to-Month,Premium,110.43,Bank Transfer,No,0,3,5,2322.35,10/23/2025,60,Medium Risk,
CUST-01107,6/8/2024,,Active,74,65+,Male,South,19,Low,Month-to-Month,Basic,55.52,Credit Card,Yes,4,1,3,1056.54,10/30/2025,63,Medium Risk,
CUST-01108,2/7/2022,,Active,19,18-24,Female,South,47,High,Two Year,Basic,40.73,Bank Transfer,Yes,2,2,4,1916.75,12/26/2025,24,Low Risk,
CUST-01109,7/25/2024,,Active,71,65+,Male,Midwest,18,Low,Two Year,Standard,63.49,Electronic Check,No,3,1,3,1144.72,11/5/2025,46,Medium Risk,
CUST-01110,6/20/2022,,Active,22,18-24,Male,Northeast,43,Low,Two Year,Basic,40.82,Mailed Check,No,3,2,4,1757.7,12/7/2025,40,Medium Risk,
CUST-01111,3/26/2023,,Active,18,18-24,Male,South,34,High,One Year,Premium,106.1,Mailed Check,No,0,2,4,3612.17,12/19/2025,37,Low Risk,
CUST-01112,9/19/2022,1/31/2024,Churned,78,65+,Male,West,17,High,Two Year,Basic,37.77,Electronic Check,No,4,2,4,643.23,1/31/2024,55,Churned,Poor Support Experience
CUST-01113,9/16/2024,12/31/2025,Churned,60,55-64,Female,Northeast,16,Middle,Month-to-Month,Basic,47.95,Credit Card,No,4,2,3,768.64,12/31/2025,73,Churned,Poor Support Experience
CUST-01114,8/3/2022,,Active,25,25-34,Female,Northeast,41,Low,One Year,Standard,69.15,Credit Card,Yes,1,0,5,2839.31,12/24/2025,16,Low Risk,
CUST-01115,1/2/2023,,Active,46,45-54,Female,South,36,Low,One Year,Standard,67.08,Mailed Check,Yes,0,1,4,2417.91,12/29/2025,16,Low Risk,
CUST-01116,7/1/2023,10/31/2025,Churned,44,35-44,Male,Midwest,28,Low,Month-to-Month,Basic,39.42,Mailed Check,Yes,3,1,3,1104.94,10/31/2025,60,Churned,Competitor Offer
CUST-01117,8/29/2024,12/31/2024,Churned,46,45-54,Female,Midwest,5,Low,Month-to-Month,Standard,77.26,Electronic Check,No,3,2,4,387.46,12/31/2024,77,Churned,Competitor Offer
CUST-01118,3/30/2022,,Active,27,25-34,Male,West,46,Middle,Month-to-Month,Basic,59.27,Bank Transfer,Yes,4,2,4,2729.98,10/22/2025,59,Medium Risk,
CUST-01119,12/18/2024,11/30/2025,Churned,62,55-64,Female,South,12,Middle,One Year,Basic,58.63,Electronic Check,No,4,1,3,704.44,11/30/2025,75,Churned,Poor Support Experience
CUST-01120,2/5/2025,,Active,68,65+,Male,Midwest,11,High,One Year,Standard,75.46,Credit Card,No,0,3,5,831.19,10/21/2025,45,Medium Risk,
CUST-01121,4/20/2024,7/31/2024,Churned,78,65+,Male,Midwest,4,Middle,Month-to-Month,Basic,49.11,Mailed Check,Yes,5,2,2,196.44,7/31/2024,90,Churned,Poor Support Experience
CUST-01122,7/24/2025,,Active,44,35-44,Male,West,6,Low,Month-to-Month,Premium,113.96,Mailed Check,Yes,3,0,3,685.47,12/8/2025,63,Medium Risk,
CUST-01123,6/7/2023,5/31/2024,Churned,30,25-34,Male,Northeast,12,Low,One Year,Basic,59.46,Electronic Check,No,1,5,4,714.41,5/31/2024,68,Churned,Billing Issues
CUST-01124,4/16/2023,,Active,58,55-64,Male,Northeast,33,Middle,Month-to-Month,Premium,126.01,Credit Card,Yes,6,2,1,4164,11/7/2025,80,High Risk,
CUST-01125,5/16/2024,,Active,72,65+,Male,Northeast,20,Middle,Two Year,Standard,77.41,Bank Transfer,Yes,0,2,5,1550.52,12/7/2025,16,Low Risk,
CUST-01126,5/26/2023,10/31/2024,Churned,68,65+,Female,West,18,Middle,One Year,Basic,53.91,Mailed Check,No,3,2,3,971.19,10/31/2024,58,Churned,Needs Changed
CUST-01127,8/23/2025,,Active,77,65+,Male,Midwest,5,Low,Two Year,Premium,97.23,Electronic Check,No,1,1,5,487.61,10/24/2025,53,Medium Risk,
CUST-01128,3/9/2023,,Active,69,65+,Female,Midwest,34,Middle,Month-to-Month,Premium,120.47,Electronic Check,No,0,1,5,4101.41,11/12/2025,63,Medium Risk,
CUST-01129,8/19/2022,3/31/2024,Churned,74,65+,Male,Midwest,20,High,Month-to-Month,Standard,78.41,Mailed Check,No,1,1,5,1570.56,3/31/2024,44,Churned,Competitor Offer
CUST-01130,3/28/2025,,Active,80,65+,Male,South,10,High,Month-to-Month,Standard,83.78,Mailed Check,No,3,3,4,839.06,12/3/2025,67,Medium Risk,
CUST-01131,10/20/2022,,Active,21,18-24,Male,Midwest,39,Low,Month-to-Month,Basic,51.77,Credit Card,No,3,3,3,2022.15,10/17/2025,71,High Risk,
CUST-01132,7/6/2024,1/31/2025,Churned,72,65+,Male,South,7,Middle,Month-to-Month,Standard,72.77,Electronic Check,No,1,5,4,510.48,1/31/2025,72,Churned,Competitor Offer
CUST-01133,3/17/2025,,Active,61,55-64,Female,West,10,High,Month-to-Month,Standard,91,Bank Transfer,No,1,1,5,911.37,11/13/2025,57,Medium Risk,
CUST-01134,2/6/2022,,Active,74,65+,Female,West,47,Low,Two Year,Premium,96.92,Mailed Check,No,2,2,3,4561.04,11/22/2025,47,Medium Risk,
CUST-01135,9/23/2024,,Active,65,65+,Female,South,16,Middle,Two Year,Standard,75.13,Mailed Check,No,6,3,2,1204.34,11/12/2025,64,Medium Risk,
CUST-01136,7/3/2025,9/30/2025,Churned,72,65+,Female,Midwest,3,Middle,One Year,Standard,77.75,Bank Transfer,No,2,3,3,233.25,9/30/2025,58,Churned,Billing Issues
CUST-01137,7/30/2025,,Active,78,65+,Male,South,6,Middle,Month-to-Month,Premium,96.44,Credit Card,Yes,1,2,5,580.09,10/28/2025,60,Medium Risk,
CUST-01138,5/13/2025,7/31/2025,Churned,30,25-34,Male,South,3,High,Month-to-Month,Standard,87.61,Bank Transfer,Yes,2,1,4,262.83,7/31/2025,47,Churned,Competitor Offer
CUST-01139,9/11/2022,,Active,53,45-54,Male,Northeast,40,Middle,Month-to-Month,Basic,57.46,Credit Card,No,3,3,2,2301.84,10/4/2025,82,High Risk,
CUST-01140,2/18/2025,4/30/2025,Churned,42,35-44,Male,Northeast,3,Middle,One Year,Basic,40.61,Mailed Check,Yes,4,2,2,121.83,4/30/2025,71,Churned,Poor Support Experience
CUST-01141,4/5/2025,,Active,73,65+,Female,Midwest,9,Middle,Month-to-Month,Basic,45.03,Credit Card,Yes,3,0,4,405.95,11/1/2025,59,Medium Risk,
CUST-01142,6/24/2025,,Active,47,45-54,Male,West,7,Middle,Month-to-Month,Premium,134.26,Credit Card,No,0,2,5,941.83,11/17/2025,68,Medium Risk,
CUST-01143,4/30/2025,,Active,39,35-44,Male,Northeast,9,High,Month-to-Month,Basic,54.91,Bank Transfer,Yes,2,2,3,495.01,11/21/2025,63,Medium Risk,
CUST-01144,8/23/2024,8/31/2025,Churned,33,25-34,Female,South,13,High,Month-to-Month,Standard,88.74,Credit Card,Yes,1,2,4,1154.95,8/31/2025,44,Churned,Competitor Offer
CUST-01145,3/9/2025,,Active,71,65+,Male,South,10,Low,Two Year,Premium,121.81,Credit Card,No,1,3,5,1219.93,11/25/2025,44,Medium Risk,
CUST-01146,7/25/2023,5/31/2025,Churned,54,45-54,Male,Northeast,23,High,Month-to-Month,Basic,55.09,Electronic Check,No,1,2,3,1268.73,5/31/2025,77,Churned,Competitor Offer
CUST-01147,8/24/2023,9/30/2024,Churned,42,35-44,Male,South,14,Low,Month-to-Month,Standard,78.03,Mailed Check,Yes,1,0,4,1093.59,9/30/2024,36,Churned,Competitor Offer
CUST-01148,3/17/2025,8/31/2025,Churned,73,65+,Male,Northeast,6,Middle,Two Year,Basic,38.04,Electronic Check,No,5,3,2,228.24,8/31/2025,89,Churned,Billing Issues
CUST-01149,2/8/2023,,Active,71,65+,Male,West,35,Low,Two Year,Standard,80.72,Bank Transfer,No,0,2,5,2828.83,12/29/2025,28,Low Risk,
CUST-01150,11/24/2022,5/31/2023,Churned,26,25-34,Non-binary,Northeast,7,Low,One Year,Premium,111.55,Mailed Check,No,5,1,2,782.52,5/31/2023,75,Churned,Service Issues
CUST-01151,6/28/2022,,Active,60,55-64,Female,South,43,Middle,Two Year,Basic,55.66,Electronic Check,No,2,1,4,2396.7,12/11/2025,42,Medium Risk,
CUST-01152,5/5/2023,,Active,59,55-64,Female,South,32,Middle,Month-to-Month,Standard,64.93,Bank Transfer,Yes,1,0,5,2080.67,12/11/2025,38,Low Risk,
CUST-01153,5/7/2024,,Active,47,45-54,Female,South,20,Middle,Month-to-Month,Standard,76.46,Credit Card,No,3,1,4,1531.5,11/9/2025,54,Medium Risk,
CUST-01154,10/1/2024,,Active,31,25-34,Female,South,15,Middle,One Year,Standard,70.49,Electronic Check,No,2,1,5,1059.47,11/17/2025,40,Medium Risk,
CUST-01155,5/23/2022,7/31/2025,Churned,44,35-44,Male,Northeast,39,Middle,One Year,Standard,87.31,Electronic Check,No,1,1,4,3409.02,7/31/2025,44,Churned,Needs Changed
CUST-01156,10/19/2024,,Active,57,55-64,Male,Midwest,15,Middle,Month-to-Month,Premium,97.45,Mailed Check,No,1,1,5,1464.67,11/29/2025,60,Medium Risk,
CUST-01157,7/3/2024,,Active,74,65+,Female,South,18,Low,One Year,Standard,75.21,Electronic Check,No,0,1,5,1356.04,10/28/2025,41,Medium Risk,
CUST-01158,2/13/2024,4/30/2024,Churned,23,18-24,Female,West,3,High,One Year,Premium,121.76,Electronic Check,No,3,3,3,365.28,4/30/2024,79,Churned,Billing Issues
CUST-01159,12/28/2023,,Active,26,25-34,Male,South,25,Low,One Year,Standard,65.38,Electronic Check,Yes,4,2,3,1637.44,11/30/2025,54,Medium Risk,
CUST-01160,1/7/2025,,Active,53,45-54,Female,Northeast,12,Middle,Month-to-Month,Standard,71.83,Bank Transfer,Yes,6,0,3,863.04,11/14/2025,67,Medium Risk,
CUST-01161,9/4/2025,,Active,75,65+,Female,Midwest,4,High,One Year,Standard,67.63,Mailed Check,Yes,2,2,3,271.53,10/22/2025,45,Medium Risk,
CUST-01162,1/6/2023,5/31/2023,Churned,59,55-64,Male,Northeast,5,Middle,Month-to-Month,Premium,129.3,Bank Transfer,No,1,3,4,646.5,5/31/2023,70,Churned,Competitor Offer
CUST-01163,10/7/2023,,Active,72,65+,Male,West,27,Middle,Two Year,Standard,64.68,Bank Transfer,Yes,1,0,5,1749.27,12/24/2025,14,Low Risk,
CUST-01164,11/4/2024,,Active,55,55-64,Female,West,14,Middle,Month-to-Month,Standard,69.24,Credit Card,Yes,0,0,4,971.44,12/15/2025,31,Low Risk,
CUST-01165,5/18/2022,,Active,32,25-34,Non-binary,Northeast,44,Middle,Two Year,Basic,48.79,Mailed Check,No,3,3,3,2149.68,11/19/2025,49,Medium Risk,
CUST-01166,10/22/2023,,Active,68,65+,Male,South,27,Middle,Month-to-Month,Premium,107.75,Credit Card,No,0,1,5,2914.11,11/27/2025,52,Medium Risk,
CUST-01167,8/22/2025,11/30/2025,Churned,40,35-44,Female,Northeast,4,High,Two Year,Basic,51.9,Electronic Check,Yes,2,4,4,207.6,11/30/2025,54,Churned,Billing Issues
CUST-01168,9/4/2023,,Active,21,18-24,Male,South,28,Low,Two Year,Basic,39.86,Mailed Check,No,2,3,4,1117.88,11/26/2025,43,Medium Risk,
CUST-01169,8/16/2022,,Active,38,35-44,Female,West,41,Middle,Month-to-Month,Standard,69.64,Mailed Check,Yes,3,1,3,2859.4,10/28/2025,51,Medium Risk,
CUST-01170,2/26/2023,,Active,37,35-44,Male,West,35,Middle,Two Year,Standard,78,Bank Transfer,Yes,0,0,5,2733.51,12/27/2025,4,Low Risk,
CUST-01171,1/30/2023,,Active,44,35-44,Male,Midwest,36,Low,One Year,Standard,72.66,Credit Card,Yes,2,1,4,2619.03,12/27/2025,27,Low Risk,
CUST-01172,8/2/2024,,Active,25,25-34,Non-binary,South,17,Middle,Month-to-Month,Basic,58.09,Credit Card,Yes,1,0,5,989.27,11/25/2025,45,Medium Risk,
CUST-01173,2/6/2025,,Active,34,25-34,Female,West,11,Low,One Year,Basic,48.96,Electronic Check,No,1,3,4,539.29,10/23/2025,61,Medium Risk,
CUST-01174,5/12/2023,,Active,25,25-34,Female,South,32,Middle,One Year,Standard,80.4,Mailed Check,Yes,2,2,4,2576.43,12/24/2025,28,Low Risk,
CUST-01175,4/21/2025,,Active,37,35-44,Male,Midwest,9,Middle,Month-to-Month,Basic,55.65,Bank Transfer,Yes,3,2,3,501.68,9/27/2025,74,High Risk,
CUST-01176,12/28/2023,,Active,47,45-54,Male,West,25,Middle,One Year,Standard,66.57,Credit Card,Yes,0,0,5,1667.25,12/6/2025,18,Low Risk,
CUST-01177,6/14/2024,12/31/2024,Churned,32,25-34,Female,South,7,Middle,Month-to-Month,Standard,69.02,Credit Card,Yes,5,2,3,484.18,12/31/2024,65,Churned,Poor Support Experience
CUST-01178,5/17/2024,,Active,77,65+,Male,West,20,High,One Year,Basic,58.91,Bank Transfer,Yes,4,0,4,1179.96,12/29/2025,34,Low Risk,
CUST-01179,3/20/2023,,Active,19,18-24,Female,West,34,Middle,Month-to-Month,Standard,86.76,Mailed Check,Yes,1,2,5,2953.74,11/23/2025,44,Medium Risk,
CUST-01180,11/1/2023,,Active,46,45-54,Female,Northeast,26,Middle,Month-to-Month,Premium,119.69,Bank Transfer,Yes,3,1,4,3117.34,11/10/2025,51,Medium Risk,
CUST-01181,7/16/2025,,Active,53,45-54,Female,South,6,Low,One Year,Basic,46.6,Mailed Check,No,2,1,4,280.3,12/6/2025,53,Medium Risk,
CUST-01182,8/25/2024,,Active,51,45-54,Male,South,17,Middle,Month-to-Month,Basic,54.32,Credit Card,Yes,2,0,4,925.06,11/20/2025,48,Medium Risk,
CUST-01183,8/11/2024,,Active,52,45-54,Male,Midwest,17,Middle,Two Year,Standard,57.71,Bank Transfer,Yes,4,1,4,982.81,12/30/2025,21,Low Risk,
CUST-01184,1/10/2024,,Active,79,65+,Female,Northeast,24,High,Month-to-Month,Standard,80.07,Mailed Check,Yes,1,0,5,1924.08,12/23/2025,37,Low Risk,
CUST-01185,6/28/2023,,Active,42,35-44,Male,South,31,Middle,Month-to-Month,Standard,64.43,Credit Card,No,2,2,3,2000.24,11/9/2025,63,Medium Risk,
CUST-01186,9/4/2023,,Active,73,65+,Female,Northeast,28,Low,Month-to-Month,Standard,80.25,Mailed Check,No,1,2,4,2250.6,10/21/2025,51,Medium Risk,
CUST-01187,8/17/2025,,Active,23,18-24,Female,Northeast,5,High,Month-to-Month,Basic,46.98,Credit Card,No,1,2,5,235.6,10/21/2025,70,High Risk,
CUST-01188,7/23/2024,9/30/2024,Churned,24,18-24,Female,South,3,Low,One Year,Basic,40.65,Bank Transfer,Yes,3,0,4,121.95,9/30/2024,44,Churned,Competitor Offer
CUST-01189,2/24/2025,,Active,55,55-64,Male,South,11,Middle,Month-to-Month,Premium,102.48,Credit Card,Yes,1,1,5,1128.82,11/24/2025,54,Medium Risk,
CUST-01190,8/1/2024,4/30/2025,Churned,41,35-44,Male,South,9,High,Month-to-Month,Basic,53.32,Electronic Check,No,6,2,1,480.68,4/30/2025,98,Churned,Competitor Offer
CUST-01191,12/11/2022,,Active,45,45-54,Male,South,37,Low,Month-to-Month,Standard,67.96,Bank Transfer,Yes,0,0,5,2518.6,12/27/2025,28,Low Risk,
CUST-01192,1/14/2025,,Active,37,35-44,Female,Northeast,12,Middle,Month-to-Month,Standard,73,Credit Card,Yes,1,0,5,877.1,11/13/2025,46,Medium Risk,
CUST-01193,3/21/2024,,Active,46,45-54,Female,South,22,High,Month-to-Month,Standard,91.97,Bank Transfer,Yes,3,0,4,2026.1,12/9/2025,38,Low Risk,
CUST-01194,6/1/2025,8/31/2025,Churned,63,55-64,Male,South,3,Low,One Year,Basic,58.78,Bank Transfer,No,7,3,1,176.34,8/31/2025,88,Churned,Poor Support Experience
CUST-01195,2/9/2024,,Active,60,55-64,Male,Midwest,23,Low,Month-to-Month,Basic,44.91,Electronic Check,No,2,1,4,1034.27,10/24/2025,70,High Risk,
CUST-01196,2/24/2022,,Active,34,25-34,Female,Midwest,47,Middle,One Year,Basic,49.42,Electronic Check,No,1,3,5,2325.7,11/19/2025,55,Medium Risk,
CUST-01197,2/25/2022,,Active,39,35-44,Female,Midwest,47,Middle,Month-to-Month,Premium,106.43,Credit Card,No,2,1,3,5008.61,11/24/2025,67,Medium Risk,
CUST-01198,3/26/2023,,Active,22,18-24,Male,West,34,Middle,Month-to-Month,Basic,56.22,Mailed Check,No,4,1,4,1914,10/30/2025,66,Medium Risk,
CUST-01199,10/26/2024,,Active,22,18-24,Male,West,15,Middle,One Year,Standard,77.25,Bank Transfer,Yes,0,2,5,1161.07,12/18/2025,22,Low Risk,
CUST-01200,8/15/2022,,Active,34,25-34,Male,South,41,Low,Two Year,Basic,37.41,Credit Card,No,1,3,5,1536.05,12/12/2025,35,Low Risk,
CUST-01201,5/20/2022,11/30/2023,Churned,38,35-44,Male,Midwest,19,Middle,Two Year,Basic,45.82,Mailed Check,Yes,5,1,2,871.27,11/30/2023,53,Churned,Poor Support Experience
CUST-01202,3/25/2025,,Active,30,25-34,Male,West,10,Middle,One Year,Basic,41.22,Electronic Check,Yes,2,3,3,412.82,12/12/2025,67,Medium Risk,
CUST-01203,4/9/2023,,Active,43,35-44,Male,West,33,High,One Year,Standard,85.65,Electronic Check,No,0,2,5,2830.29,12/20/2025,39,Low Risk,
CUST-01204,10/26/2023,,Active,24,18-24,Male,Northeast,27,High,Month-to-Month,Premium,114.93,Bank Transfer,Yes,3,0,4,3108.27,11/2/2025,49,Medium Risk,
CUST-01205,4/5/2022,,Active,48,45-54,Female,West,45,Low,Month-to-Month,Basic,60.19,Credit Card,Yes,4,1,3,2712.15,11/30/2025,60,Medium Risk,
CUST-01206,4/11/2022,,Active,26,25-34,Female,Northeast,45,Middle,One Year,Standard,67.97,Mailed Check,Yes,1,1,5,3062.73,12/30/2025,24,Low Risk,
CUST-01207,6/16/2023,,Active,69,65+,Male,South,31,Low,Month-to-Month,Standard,70.43,Credit Card,No,0,1,4,2186.51,12/12/2025,48,Medium Risk,
CUST-01208,10/10/2024,10/31/2025,Churned,71,65+,Male,South,13,Middle,Month-to-Month,Basic,49.91,Electronic Check,No,3,1,3,649.58,10/31/2025,82,Churned,Competitor Offer
CUST-01209,9/6/2024,,Active,75,65+,Male,Midwest,16,Low,Month-to-Month,Premium,125.42,Mailed Check,No,2,1,4,2010.48,11/27/2025,59,Medium Risk,
CUST-01210,9/3/2023,,Active,62,55-64,Female,South,28,Middle,One Year,Standard,68.7,Bank Transfer,Yes,1,1,4,1926.69,12/22/2025,19,Low Risk,
CUST-01211,10/17/2024,1/31/2025,Churned,19,18-24,Male,West,4,High,Two Year,Premium,117.31,Mailed Check,No,1,2,4,471,1/31/2025,46,Churned,Price Too High
CUST-01212,5/21/2025,7/31/2025,Churned,54,45-54,Male,South,3,Low,Month-to-Month,Premium,108.26,Electronic Check,No,0,1,5,324.78,7/31/2025,67,Churned,Price Too High
CUST-01213,3/13/2023,,Active,43,35-44,Female,West,34,High,One Year,Standard,67.46,Bank Transfer,Yes,2,1,5,2296.67,12/25/2025,25,Low Risk,
CUST-01214,7/24/2022,,Active,61,55-64,Male,West,42,High,Month-to-Month,Basic,39.66,Electronic Check,No,3,2,4,1668.08,10/24/2025,71,High Risk,
CUST-01215,9/14/2022,,Active,49,45-54,Female,South,40,High,Two Year,Standard,59.07,Mailed Check,Yes,1,0,5,2366.36,12/15/2025,9,Low Risk,
CUST-01216,6/2/2025,,Active,19,18-24,Male,South,7,Middle,Month-to-Month,Basic,42.05,Credit Card,No,5,2,3,294.98,10/3/2025,86,High Risk,
CUST-01217,3/28/2023,7/31/2023,Churned,29,25-34,Male,Midwest,5,Low,Month-to-Month,Basic,58.89,Bank Transfer,No,1,1,3,294.45,7/31/2023,73,Churned,Competitor Offer
CUST-01218,7/26/2022,,Active,65,65+,Male,Midwest,42,Low,Month-to-Month,Basic,56.36,Mailed Check,Yes,3,0,3,2370.52,12/2/2025,57,Medium Risk,
CUST-01219,4/24/2025,6/30/2025,Churned,65,65+,Male,South,3,High,Month-to-Month,Basic,48.4,Electronic Check,No,3,5,3,145.2,6/30/2025,97,Churned,Competitor Offer
CUST-01220,12/2/2023,7/31/2025,Churned,29,25-34,Male,South,20,Middle,One Year,Premium,113.08,Mailed Check,No,3,1,3,2265,7/31/2025,56,Churned,Price Too High
CUST-01221,5/10/2023,,Active,49,45-54,Female,Midwest,32,Middle,Two Year,Premium,115.51,Electronic Check,Yes,1,0,5,3701.51,12/21/2025,27,Low Risk,
CUST-01222,7/27/2022,,Active,62,55-64,Female,West,42,Middle,Month-to-Month,Standard,77.91,Electronic Check,No,6,2,3,3276.9,10/23/2025,82,High Risk,
CUST-01223,6/2/2024,,Active,60,55-64,Female,Midwest,19,Middle,Two Year,Standard,68.2,Bank Transfer,No,1,2,5,1297.84,12/31/2025,26,Low Risk,
CUST-01224,10/7/2023,,Active,80,65+,Male,Northeast,27,Low,Month-to-Month,Standard,78.36,Credit Card,Yes,1,2,4,2119.26,12/21/2025,38,Low Risk,
CUST-01225,7/17/2025,,Active,58,55-64,Male,South,6,Middle,One Year,Standard,72.85,Bank Transfer,Yes,3,0,4,438.19,12/13/2025,30,Low Risk,
CUST-01226,4/8/2022,,Active,67,65+,Female,West,45,Middle,Month-to-Month,Basic,46.83,Electronic Check,Yes,3,0,4,2110.15,12/1/2025,54,Medium Risk,
CUST-01227,6/7/2025,,Active,70,65+,Male,South,7,High,Month-to-Month,Standard,69.42,Electronic Check,Yes,1,1,4,486.98,11/17/2025,52,Medium Risk,
CUST-01228,11/29/2024,,Active,19,18-24,Male,Northeast,14,Middle,Two Year,Basic,46.86,Credit Card,Yes,4,2,3,657.44,12/17/2025,38,Low Risk,
CUST-01229,10/16/2022,,Active,34,25-34,Male,Northeast,39,Middle,Month-to-Month,Standard,63.17,Electronic Check,No,1,1,4,2467.43,11/5/2025,58,Medium Risk,
CUST-01230,5/23/2023,,Active,45,45-54,Female,Northeast,32,Middle,One Year,Basic,45.1,Bank Transfer,Yes,1,0,4,1445.24,12/12/2025,28,Low Risk,
CUST-01231,4/28/2025,6/30/2025,Churned,63,55-64,Male,South,3,Low,Month-to-Month,Standard,90.09,Electronic Check,No,3,2,4,270.27,6/30/2025,74,Churned,Competitor Offer
CUST-01232,7/10/2024,9/30/2025,Churned,56,55-64,Female,South,15,Low,One Year,Premium,91.86,Bank Transfer,Yes,6,0,3,1379.28,9/30/2025,40,Churned,Poor Support Experience
CUST-01233,10/28/2023,,Active,26,25-34,Female,South,27,Middle,Month-to-Month,Basic,59.36,Bank Transfer,Yes,2,1,4,1605.39,11/19/2025,48,Medium Risk,
CUST-01234,3/14/2024,,Active,80,65+,Female,South,22,Middle,Month-to-Month,Premium,108.72,Bank Transfer,No,0,2,4,2395.1,11/9/2025,60,Medium Risk,
CUST-01235,10/5/2024,4/30/2025,Churned,42,35-44,Male,South,7,Middle,Two Year,Basic,51.59,Credit Card,Yes,1,1,4,361.9,4/30/2025,28,Churned,Needs Changed
CUST-01236,8/3/2022,,Active,33,25-34,Male,Northeast,41,Middle,One Year,Basic,40.44,Mailed Check,No,2,2,4,1660.48,12/4/2025,43,Medium Risk,
CUST-01237,5/10/2024,,Active,65,65+,Female,Midwest,20,Middle,Month-to-Month,Premium,114.49,Bank Transfer,No,0,2,5,2293.24,12/7/2025,60,Medium Risk,
CUST-01238,9/29/2025,,Active,73,65+,Female,West,4,High,Month-to-Month,Standard,79.27,Bank Transfer,No,3,1,4,318.27,12/11/2025,60,Medium Risk,
CUST-01239,2/28/2023,,Active,24,18-24,Female,South,35,Low,Month-to-Month,Standard,72.48,Credit Card,No,3,3,4,2540.07,10/31/2025,61,Medium Risk,
CUST-01240,6/11/2025,,Active,52,45-54,Male,Northeast,7,High,Month-to-Month,Standard,83.61,Electronic Check,No,1,5,4,586.52,9/27/2025,73,High Risk,
CUST-01241,2/28/2024,9/30/2024,Churned,78,65+,Female,Northeast,8,Low,Month-to-Month,Premium,111.13,Mailed Check,No,6,1,2,889.04,9/30/2024,94,Churned,Competitor Offer
CUST-01242,11/9/2023,,Active,73,65+,Female,Northeast,26,Middle,Month-to-Month,Basic,52.78,Electronic Check,Yes,4,1,3,1374.65,11/6/2025,69,Medium Risk,
CUST-01243,7/26/2023,,Active,33,25-34,Female,South,30,High,Month-to-Month,Basic,39.93,Mailed Check,Yes,1,0,4,1199.7,11/2/2025,42,Medium Risk,
CUST-01244,6/10/2023,,Active,79,65+,Male,Northeast,31,Middle,Month-to-Month,Basic,57.75,Electronic Check,No,4,3,3,1792.86,10/20/2025,85,High Risk,
CUST-01245,5/1/2022,12/31/2022,Churned,51,45-54,Female,West,8,Low,Month-to-Month,Basic,45.34,Electronic Check,No,4,2,3,363.4,12/31/2022,92,Churned,Service Issues
CUST-01246,1/14/2024,3/31/2024,Churned,54,45-54,Non-binary,Midwest,3,High,Month-to-Month,Basic,58.4,Bank Transfer,Yes,2,2,4,175.2,3/31/2024,63,Churned,Competitor Offer
CUST-01247,1/15/2022,,Active,42,35-44,Male,Midwest,48,Middle,One Year,Premium,127.32,Bank Transfer,Yes,0,1,5,6119,12/28/2025,28,Low Risk,
CUST-01248,10/23/2022,6/30/2025,Churned,79,65+,Male,Northeast,33,Middle,Month-to-Month,Premium,115.86,Bank Transfer,No,1,3,4,3828.6,6/30/2025,65,Churned,Billing Issues
CUST-01249,5/12/2024,,Active,50,45-54,Female,West,20,High,Month-to-Month,Standard,79.6,Credit Card,Yes,2,2,4,1594.38,11/27/2025,42,Medium Risk,
CUST-01250,3/15/2022,,Active,80,65+,Male,Midwest,46,Middle,One Year,Standard,67.45,Bank Transfer,Yes,6,2,3,3106.74,11/11/2025,47,Medium Risk,
CUST-01251,7/25/2024,10/31/2024,Churned,51,45-54,Male,Midwest,4,Middle,Month-to-Month,Standard,67.05,Bank Transfer,Yes,3,2,4,268.2,10/31/2024,57,Churned,Competitor Offer
CUST-01252,11/10/2023,,Active,44,35-44,Male,South,26,Middle,Month-to-Month,Premium,94.84,Credit Card,Yes,0,2,5,2470.1,12/13/2025,38,Low Risk,
CUST-01253,11/15/2022,,Active,25,25-34,Female,South,38,Middle,One Year,Standard,63.35,Mailed Check,No,0,1,5,2411.1,12/23/2025,28,Low Risk,
CUST-01254,11/30/2024,,Active,75,65+,Female,South,14,Middle,Month-to-Month,Basic,59.58,Electronic Check,Yes,2,2,4,835.9,12/6/2025,59,Medium Risk,
CUST-01255,3/29/2023,,Active,20,18-24,Male,South,34,Middle,Month-to-Month,Premium,121.91,Mailed Check,No,2,2,4,4150.43,11/22/2025,61,Medium Risk,
CUST-01256,8/26/2023,,Active,47,45-54,Male,South,29,High,Month-to-Month,Basic,61.21,Credit Card,No,1,1,4,1777.85,11/6/2025,59,Medium Risk,
CUST-01257,4/26/2022,6/30/2022,Churned,48,45-54,Male,Northeast,3,High,One Year,Standard,63.31,Mailed Check,No,0,1,4,189.93,6/30/2022,39,Churned,Relocation
CUST-01258,5/20/2025,11/30/2025,Churned,66,65+,Female,Midwest,7,High,One Year,Basic,46.9,Bank Transfer,Yes,5,0,3,328.3,11/30/2025,56,Churned,Poor Support Experience
CUST-01259,6/18/2022,,Active,28,25-34,Female,Northeast,43,Low,Month-to-Month,Basic,61.45,Electronic Check,No,1,1,4,2646.03,11/8/2025,62,Medium Risk,
CUST-01260,12/11/2022,,Active,57,55-64,Male,Northeast,37,High,One Year,Premium,98.79,Bank Transfer,Yes,3,0,4,3661.15,12/21/2025,36,Low Risk,
CUST-01261,7/4/2023,,Active,80,65+,Male,South,30,High,Two Year,Premium,106.01,Electronic Check,Yes,3,2,4,3185.07,12/3/2025,44,Medium Risk,
CUST-01262,2/10/2025,6/30/2025,Churned,76,65+,Male,Northeast,5,Middle,Month-to-Month,Premium,125.34,Credit Card,Yes,1,0,5,626.7,6/30/2025,52,Churned,Price Too High
CUST-01263,7/30/2025,,Active,55,55-64,Male,South,6,Middle,Two Year,Basic,50.37,Bank Transfer,Yes,1,1,4,302.98,12/30/2025,32,Low Risk,
CUST-01264,8/22/2023,10/31/2023,Churned,21,18-24,Female,Northeast,3,Middle,Month-to-Month,Premium,96.55,Electronic Check,No,0,4,5,289.65,10/31/2023,80,Churned,Competitor Offer
CUST-01265,8/1/2025,,Active,23,18-24,Male,Midwest,5,Middle,Month-to-Month,Standard,80.47,Credit Card,Yes,3,1,5,403.56,12/12/2025,49,Medium Risk,
CUST-01266,4/6/2025,,Active,20,18-24,Female,South,9,Middle,One Year,Basic,49.07,Bank Transfer,No,2,1,3,442.37,10/23/2025,56,Medium Risk,
CUST-01267,5/17/2022,9/30/2024,Churned,76,65+,Female,Northeast,29,Middle,Month-to-Month,Basic,57.46,Credit Card,Yes,3,1,4,1668.06,9/30/2024,51,Churned,Competitor Offer
CUST-01268,9/25/2023,11/30/2023,Churned,19,18-24,Male,South,3,High,Month-to-Month,Basic,41.36,Electronic Check,No,1,1,4,124.08,11/30/2023,69,Churned,Competitor Offer
CUST-01269,1/18/2022,,Active,49,45-54,Non-binary,South,48,High,One Year,Standard,71.76,Mailed Check,No,2,1,5,3448.8,12/16/2025,38,Low Risk,
CUST-01270,6/17/2022,,Active,72,65+,Female,West,43,Middle,Month-to-Month,Basic,47.72,Electronic Check,No,6,1,2,2054.84,10/31/2025,94,High Risk,
CUST-01271,9/13/2023,,Active,48,45-54,Female,Midwest,28,Middle,Month-to-Month,Standard,63.25,Credit Card,Yes,4,2,4,1773.85,11/6/2025,46,Medium Risk,
CUST-01272,10/20/2023,,Active,62,55-64,Female,Northeast,27,Low,One Year,Standard,72.81,Credit Card,Yes,4,0,4,1969.14,12/26/2025,28,Low Risk,
CUST-01273,11/23/2024,,Active,41,35-44,Male,West,14,Middle,Month-to-Month,Standard,68.4,Mailed Check,No,3,2,4,959.66,11/3/2025,58,Medium Risk,
CUST-01274,10/20/2022,12/31/2023,Churned,39,35-44,Male,West,15,Middle,Month-to-Month,Basic,49.2,Credit Card,Yes,7,1,2,739.48,12/31/2023,80,Churned,Competitor Offer
CUST-01275,8/23/2023,,Active,22,18-24,Male,Northeast,29,Low,Month-to-Month,Standard,67.39,Credit Card,No,0,3,5,1957.34,11/24/2025,49,Medium Risk,
CUST-01276,8/3/2024,,Active,52,45-54,Female,Midwest,17,Low,Month-to-Month,Standard,63.67,Mailed Check,No,3,3,3,1084.31,10/31/2025,68,Medium Risk,
CUST-01277,5/30/2022,,Active,57,55-64,Male,South,44,Low,Two Year,Premium,104.87,Electronic Check,Yes,2,2,4,4620.56,11/5/2025,41,Medium Risk,
CUST-01278,4/12/2022,7/31/2022,Churned,55,55-64,Female,Northeast,4,Low,Month-to-Month,Standard,69.39,Electronic Check,No,0,3,5,277.56,7/31/2022,65,Churned,Billing Issues
CUST-01279,12/29/2022,,Active,35,35-44,Male,Northeast,37,Middle,Two Year,Premium,116.74,Electronic Check,No,1,1,5,4326.38,12/2/2025,42,Medium Risk,
CUST-01280,4/17/2024,,Active,42,35-44,Female,Northeast,21,High,One Year,Standard,85.22,Credit Card,Yes,4,1,4,1792.18,12/28/2025,35,Low Risk,
CUST-01281,10/23/2022,,Active,22,18-24,Female,Midwest,39,Middle,Month-to-Month,Basic,60.46,Credit Card,Yes,1,1,5,2361.58,11/23/2025,46,Medium Risk,
CUST-01282,9/28/2023,,Active,50,45-54,Female,Northeast,28,High,One Year,Basic,41.72,Electronic Check,No,2,2,4,1170.05,11/9/2025,55,Medium Risk,
CUST-01283,2/25/2023,,Active,34,25-34,Female,Northeast,35,Low,Month-to-Month,Premium,113.37,Bank Transfer,No,2,2,4,3973.05,12/12/2025,66,Medium Risk,
CUST-01284,5/25/2023,,Active,52,45-54,Female,South,32,High,One Year,Basic,57.39,Credit Card,No,2,1,4,1839.06,12/10/2025,46,Medium Risk,
CUST-01285,12/28/2024,,Active,35,35-44,Male,West,13,High,One Year,Premium,125.22,Bank Transfer,Yes,1,0,5,1631.62,12/13/2025,28,Low Risk,
CUST-01286,2/9/2022,,Active,69,65+,Male,South,47,Middle,Month-to-Month,Basic,41.91,Bank Transfer,Yes,2,1,3,1972.29,11/12/2025,54,Medium Risk,
CUST-01287,9/10/2023,,Active,45,45-54,Female,South,28,Middle,One Year,Standard,82.57,Electronic Check,No,3,2,4,2315.68,11/3/2025,48,Medium Risk,
CUST-01288,1/22/2024,10/31/2025,Churned,35,35-44,Male,Northeast,22,Middle,Month-to-Month,Standard,75.31,Credit Card,Yes,5,1,2,1657.95,10/31/2025,65,Churned,Poor Support Experience
CUST-01289,4/6/2024,,Active,48,45-54,Female,South,21,Middle,One Year,Standard,81,Credit Card,Yes,2,0,4,1703.42,12/21/2025,23,Low Risk,
CUST-01290,9/26/2024,,Active,26,25-34,Non-binary,South,16,Low,Two Year,Standard,69.75,Electronic Check,No,3,2,4,1118.1,10/31/2025,46,Medium Risk,
CUST-01291,1/15/2023,,Active,23,18-24,Female,Midwest,36,Middle,One Year,Standard,80.27,Electronic Check,No,2,3,3,2893.32,11/24/2025,56,Medium Risk,
CUST-01292,6/28/2024,,Active,31,25-34,Female,Midwest,19,Middle,Month-to-Month,Standard,86.26,Credit Card,No,1,1,5,1641.52,11/22/2025,51,Medium Risk,
CUST-01293,8/13/2025,,Active,60,55-64,Male,South,5,Middle,Two Year,Basic,42.65,Electronic Check,No,2,2,3,213.89,11/6/2025,62,Medium Risk,
CUST-01294,2/8/2025,,Active,19,18-24,Non-binary,South,11,Low,Month-to-Month,Basic,52.65,Credit Card,Yes,4,0,3,579.94,11/14/2025,67,Medium Risk,
CUST-01295,12/30/2023,,Active,77,65+,Male,West,25,Middle,Month-to-Month,Standard,88.62,Mailed Check,No,0,2,5,2219.49,10/21/2025,51,Medium Risk,
CUST-01296,9/27/2023,,Active,24,18-24,Male,West,28,Low,One Year,Standard,76.74,Electronic Check,No,1,3,4,2152.17,12/3/2025,50,Medium Risk,
CUST-01297,11/3/2022,,Active,48,45-54,Male,Northeast,38,Low,Two Year,Premium,86.69,Bank Transfer,Yes,1,1,5,3299.42,12/26/2025,12,Low Risk,
CUST-01298,7/30/2024,,Active,28,25-34,Female,West,18,Middle,Two Year,Basic,35.93,Credit Card,No,1,2,4,647.82,12/28/2025,35,Low Risk,
CUST-01299,3/6/2022,2/28/2025,Churned,38,35-44,Female,Midwest,36,Middle,Month-to-Month,Premium,113.64,Bank Transfer,Yes,2,0,5,4096.14,2/28/2025,46,Churned,Competitor Offer
CUST-01300,5/14/2024,6/30/2025,Churned,36,35-44,Female,Midwest,14,Low,Month-to-Month,Standard,72.5,Mailed Check,No,3,3,3,1016.09,6/30/2025,67,Churned,Competitor Offer
CUST-01301,1/12/2024,,Active,59,55-64,Female,South,24,Middle,Two Year,Premium,109.94,Electronic Check,No,0,1,4,2641.86,12/24/2025,37,Low Risk,
CUST-01302,11/17/2022,,Active,44,35-44,Male,Northeast,38,Middle,Month-to-Month,Basic,52.94,Mailed Check,No,3,2,3,2014.88,10/21/2025,74,High Risk,
CUST-01303,3/17/2022,5/31/2022,Churned,31,25-34,Female,Midwest,3,Middle,Month-to-Month,Standard,76.69,Bank Transfer,Yes,3,2,3,230.07,5/31/2022,62,Churned,Competitor Offer
CUST-01304,2/12/2022,,Active,40,35-44,Male,Northeast,47,Middle,Two Year,Standard,72.4,Bank Transfer,Yes,2,0,5,3407.16,12/13/2025,13,Low Risk,
CUST-01305,1/30/2024,,Active,61,55-64,Male,South,24,Middle,Month-to-Month,Basic,60.53,Mailed Check,No,4,1,3,1454.54,11/4/2025,69,Medium Risk,
CUST-01306,10/18/2023,,Active,66,65+,Male,South,27,High,Month-to-Month,Basic,46.42,Mailed Check,Yes,2,1,5,1255.44,10/20/2025,48,Medium Risk,
CUST-01307,10/7/2024,3/31/2025,Churned,70,65+,Male,Northeast,6,Low,Month-to-Month,Standard,75.11,Bank Transfer,Yes,2,2,4,451.79,3/31/2025,55,Churned,Competitor Offer
CUST-01308,2/7/2023,,Active,60,55-64,Male,Northeast,35,High,Two Year,Standard,63.86,Electronic Check,Yes,2,3,4,2237.98,12/18/2025,29,Low Risk,
CUST-01309,2/26/2023,10/31/2025,Churned,31,25-34,Female,Midwest,33,High,Two Year,Premium,99.77,Credit Card,Yes,0,0,5,3295.41,10/31/2025,18,Churned,Price Too High
CUST-01310,11/1/2022,,Active,32,25-34,Male,Midwest,38,Low,Month-to-Month,Basic,42.86,Mailed Check,Yes,2,1,4,1631.24,12/4/2025,49,Medium Risk,
CUST-01311,12/13/2023,,Active,79,65+,Male,Midwest,25,High,Two Year,Basic,52.49,Credit Card,Yes,3,2,4,1314.62,12/26/2025,29,Low Risk,
CUST-01312,8/13/2022,,Active,62,55-64,Female,South,41,Low,Two Year,Premium,90.68,Credit Card,Yes,3,0,3,3723.32,12/24/2025,24,Low Risk,
CUST-01313,12/10/2023,,Active,55,55-64,Female,Midwest,25,Middle,One Year,Standard,79.67,Electronic Check,No,2,1,4,1995.35,11/5/2025,42,Medium Risk,
CUST-01314,10/7/2023,,Active,58,55-64,Female,Midwest,27,Low,One Year,Premium,100.43,Mailed Check,No,3,1,3,2716.14,12/3/2025,57,Medium Risk,
CUST-01315,3/15/2025,,Active,72,65+,Female,Northeast,10,Low,One Year,Premium,115,Mailed Check,No,0,1,5,1151.73,10/20/2025,47,Medium Risk,
CUST-01316,11/7/2024,,Active,19,18-24,Male,South,14,Low,Two Year,Basic,39.2,Credit Card,Yes,4,1,4,549.98,12/5/2025,31,Low Risk,
CUST-01317,4/23/2023,,Active,23,18-24,Non-binary,South,33,Low,Month-to-Month,Premium,124.86,Credit Card,Yes,2,2,3,4125.99,12/3/2025,64,Medium Risk,
CUST-01318,9/5/2023,,Active,35,35-44,Female,South,28,Middle,Two Year,Standard,79.65,Mailed Check,No,0,1,5,2233.77,12/6/2025,21,Low Risk,
CUST-01319,2/11/2025,,Active,23,18-24,Female,Midwest,11,Middle,Month-to-Month,Standard,85.09,Credit Card,No,0,1,4,937.27,10/23/2025,54,Medium Risk,
CUST-01320,8/23/2025,,Active,61,55-64,Female,West,5,Middle,One Year,Standard,65.92,Bank Transfer,Yes,3,2,3,330.59,11/4/2025,49,Medium Risk,
CUST-01321,7/20/2023,,Active,77,65+,Female,Northeast,30,High,One Year,Standard,80.71,Credit Card,Yes,1,0,5,2424.93,12/12/2025,22,Low Risk,
CUST-01322,6/21/2024,8/31/2024,Churned,21,18-24,Male,West,3,Middle,Month-to-Month,Basic,53.41,Electronic Check,Yes,3,3,4,160.23,8/31/2024,73,Churned,Competitor Offer
CUST-01323,3/20/2024,1/31/2025,Churned,69,65+,Male,South,11,Middle,Month-to-Month,Standard,69.02,Bank Transfer,Yes,3,1,3,760.26,1/31/2025,59,Churned,Competitor Offer
CUST-01324,10/16/2023,10/31/2025,Churned,53,45-54,Non-binary,Midwest,25,Middle,Month-to-Month,Standard,91.91,Bank Transfer,Yes,0,2,4,2300.51,10/31/2025,40,Churned,Competitor Offer
CUST-01325,1/7/2024,10/31/2024,Churned,33,25-34,Female,Northeast,10,Low,Month-to-Month,Basic,45.97,Electronic Check,No,4,3,3,459.7,10/31/2024,93,Churned,Service Issues
CUST-01326,9/29/2024,8/31/2025,Churned,19,18-24,Female,Northeast,12,Middle,One Year,Standard,73.41,Credit Card,Yes,5,2,2,882.02,8/31/2025,63,Churned,Service Issues
CUST-01327,12/18/2024,3/31/2025,Churned,64,55-64,Male,Northeast,4,High,Month-to-Month,Basic,39.6,Mailed Check,No,3,2,3,158.99,3/31/2025,80,Churned,Competitor Offer
CUST-01328,1/5/2022,,Active,18,18-24,Male,South,48,High,Month-to-Month,Basic,43.69,Electronic Check,No,5,1,3,2099.76,10/11/2025,81,High Risk,
CUST-01329,9/26/2023,,Active,56,55-64,Female,West,28,High,Month-to-Month,Standard,73.62,Bank Transfer,No,3,1,4,2064.66,11/16/2025,56,Medium Risk,
CUST-01330,5/22/2024,,Active,67,65+,Male,West,20,High,Month-to-Month,Premium,134.97,Electronic Check,No,4,1,3,2703.44,11/8/2025,80,High Risk,
CUST-01331,8/7/2023,,Active,42,35-44,Female,Midwest,29,Middle,Month-to-Month,Standard,83.45,Bank Transfer,No,3,2,3,2423.8,12/7/2025,66,Medium Risk,
CUST-01332,1/5/2024,,Active,65,65+,Male,Midwest,24,Middle,Month-to-Month,Premium,133.38,Bank Transfer,Yes,3,1,4,3205.12,11/12/2025,50,Medium Risk,
CUST-01333,7/10/2022,,Active,65,65+,Male,Midwest,42,Low,Month-to-Month,Basic,61.13,Bank Transfer,No,4,2,3,2571.14,11/9/2025,73,High Risk,
CUST-01334,7/6/2024,,Active,27,25-34,Male,Northeast,18,Middle,Month-to-Month,Basic,54,Credit Card,Yes,6,2,1,973.62,10/27/2025,82,High Risk,
CUST-01335,8/31/2023,,Active,31,25-34,Female,Northeast,29,Low,One Year,Basic,41.24,Credit Card,Yes,1,1,4,1197.82,12/30/2025,27,Low Risk,
CUST-01336,8/20/2025,,Active,49,45-54,Female,Northeast,5,Middle,Month-to-Month,Standard,88.06,Bank Transfer,Yes,4,1,3,441.62,11/3/2025,63,Medium Risk,
CUST-01337,9/19/2023,,Active,44,35-44,Male,South,28,Middle,Month-to-Month,Premium,124.22,Bank Transfer,No,3,2,4,3483.74,12/10/2025,66,Medium Risk,
CUST-01338,3/17/2024,,Active,52,45-54,Male,South,22,High,Month-to-Month,Standard,79.63,Bank Transfer,Yes,0,0,4,1754.24,12/10/2025,30,Low Risk,
CUST-01339,1/16/2022,5/31/2025,Churned,24,18-24,Male,South,41,Middle,Month-to-Month,Premium,104.73,Credit Card,Yes,1,1,5,4298.64,5/31/2025,50,Churned,Price Too High
CUST-01340,9/2/2025,,Active,43,35-44,Male,South,4,Middle,One Year,Standard,71.47,Electronic Check,No,0,1,5,286.95,11/23/2025,45,Medium Risk,
CUST-01341,9/9/2023,,Active,73,65+,Female,Midwest,28,Low,One Year,Standard,82.61,Credit Card,Yes,0,1,5,2316.8,12/8/2025,16,Low Risk,
CUST-01342,7/21/2024,,Active,72,65+,Female,West,18,Low,Two Year,Standard,57.75,Electronic Check,No,2,3,5,1041.24,10/29/2025,41,Medium Risk,
CUST-01343,2/27/2025,,Active,79,65+,Female,West,11,Middle,Two Year,Basic,49.31,Credit Card,No,2,2,3,543.15,10/30/2025,53,Medium Risk,
CUST-01344,7/26/2024,,Active,64,55-64,Male,West,18,Low,Month-to-Month,Standard,70.23,Credit Card,Yes,3,0,4,1266.24,12/6/2025,39,Low Risk,
CUST-01345,7/12/2024,,Active,75,65+,Male,South,18,High,Month-to-Month,Standard,73.99,Credit Card,No,1,2,4,1334.04,11/23/2025,48,Medium Risk,
CUST-01346,8/23/2022,,Active,53,45-54,Female,Midwest,41,Middle,Month-to-Month,Standard,74.45,Electronic Check,No,2,1,3,3056.93,12/2/2025,67,Medium Risk,
CUST-01347,9/16/2024,,Active,47,45-54,Female,South,16,Low,Month-to-Month,Premium,125.6,Bank Transfer,Yes,1,2,5,2013.36,11/8/2025,50,Medium Risk,
CUST-01348,4/15/2025,,Active,20,18-24,Non-binary,West,9,Low,Month-to-Month,Standard,69.76,Bank Transfer,Yes,3,1,4,628.89,10/31/2025,52,Medium Risk,
CUST-01349,6/17/2024,12/31/2025,Churned,19,18-24,Male,Northeast,19,High,Month-to-Month,Premium,93,Electronic Check,Yes,3,1,3,1769.8,12/31/2025,60,Churned,Competitor Offer
CUST-01350,12/12/2023,,Active,42,35-44,Male,Northeast,25,High,Two Year,Standard,62.46,Electronic Check,No,1,1,5,1564.32,12/12/2025,32,Low Risk,
CUST-01351,7/7/2025,,Active,76,65+,Male,Northeast,6,Low,Month-to-Month,Standard,71.96,Electronic Check,Yes,1,1,5,432.84,11/23/2025,53,Medium Risk,
CUST-01352,7/1/2022,,Active,50,45-54,Male,South,42,High,One Year,Premium,125.12,Credit Card,Yes,6,0,3,5262.56,11/19/2025,49,Medium Risk,
CUST-01353,7/27/2024,,Active,58,55-64,Male,Northeast,18,Low,One Year,Standard,73.62,Credit Card,Yes,0,0,5,1327.36,12/6/2025,19,Low Risk,
CUST-01354,6/12/2023,,Active,66,65+,Male,South,31,High,Month-to-Month,Standard,70.63,Bank Transfer,No,3,1,4,2192.71,10/31/2025,54,Medium Risk,
CUST-01355,3/19/2023,,Active,78,65+,Male,South,34,Low,Month-to-Month,Standard,91.24,Credit Card,Yes,3,1,3,3106.27,12/12/2025,47,Medium Risk,
CUST-01356,5/5/2024,4/30/2025,Churned,32,25-34,Male,West,12,High,Month-to-Month,Basic,57.55,Mailed Check,No,6,3,2,691.46,4/30/2025,98,Churned,Service Issues
CUST-01357,5/10/2025,,Active,19,18-24,Non-binary,Northeast,8,Middle,One Year,Basic,48.23,Bank Transfer,No,2,1,3,386.56,12/13/2025,61,Medium Risk,
CUST-01358,2/11/2023,,Active,71,65+,Male,West,35,Middle,Month-to-Month,Standard,89.07,Credit Card,Yes,3,1,3,3121.47,11/15/2025,52,Medium Risk,
CUST-01359,10/22/2022,,Active,25,25-34,Male,South,39,Middle,Month-to-Month,Standard,75.91,Electronic Check,No,2,3,4,2965.05,11/15/2025,68,Medium Risk,
CUST-01360,2/15/2022,,Active,61,55-64,Non-binary,Midwest,47,Low,Two Year,Standard,75.85,Mailed Check,No,3,3,4,3569.51,12/20/2025,35,Low Risk,
CUST-01361,1/29/2023,,Active,57,55-64,Male,West,36,Low,Month-to-Month,Standard,75.93,Bank Transfer,Yes,3,0,4,2736.9,12/24/2025,38,Low Risk,
CUST-01362,12/13/2024,,Active,68,65+,Male,South,13,High,Two Year,Standard,72.17,Credit Card,Yes,1,1,5,940.37,12/16/2025,14,Low Risk,
CUST-01363,8/14/2023,,Active,36,35-44,Male,Midwest,29,Low,One Year,Basic,51.04,Bank Transfer,Yes,3,1,3,1482.47,11/1/2025,40,Medium Risk,
CUST-01364,10/22/2023,,Active,37,35-44,Female,South,27,Low,One Year,Standard,82.98,Electronic Check,No,2,3,3,2244.18,12/2/2025,55,Medium Risk,
CUST-01365,1/16/2024,,Active,41,35-44,Male,Northeast,24,High,Month-to-Month,Standard,66.79,Electronic Check,Yes,3,2,4,1604.96,12/2/2025,58,Medium Risk,
CUST-01366,3/10/2022,,Active,64,55-64,Male,Northeast,46,Low,One Year,Standard,73.29,Bank Transfer,Yes,1,0,4,3375.74,12/22/2025,17,Low Risk,
CUST-01367,9/4/2025,,Active,68,65+,Male,Northeast,4,High,Month-to-Month,Basic,53.66,Bank Transfer,No,2,1,4,215.44,12/12/2025,63,Medium Risk,
CUST-01368,2/16/2022,1/31/2025,Churned,36,35-44,Male,South,36,Middle,Month-to-Month,Basic,53.59,Electronic Check,No,4,3,2,1931.64,1/31/2025,98,Churned,Billing Issues
CUST-01369,11/4/2024,,Active,43,35-44,Female,West,14,Middle,One Year,Premium,109.3,Bank Transfer,Yes,3,2,4,1533.48,11/17/2025,41,Medium Risk,
CUST-01370,12/10/2023,,Active,31,25-34,Female,Northeast,25,Low,One Year,Standard,67.82,Mailed Check,No,0,3,5,1698.56,12/13/2025,37,Low Risk,
CUST-01371,4/1/2025,10/31/2025,Churned,24,18-24,Male,Northeast,7,Middle,Month-to-Month,Basic,56.86,Credit Card,No,3,3,3,398.02,10/31/2025,81,Churned,Competitor Offer
CUST-01372,4/23/2024,11/30/2024,Churned,53,45-54,Female,Northeast,8,Low,Two Year,Premium,109.54,Electronic Check,No,3,4,4,876.32,11/30/2024,69,Churned,Price Too High
CUST-01373,8/21/2025,11/30/2025,Churned,75,65+,Female,Northeast,4,High,Month-to-Month,Basic,39.35,Electronic Check,No,3,3,3,157.4,11/30/2025,90,Churned,Competitor Offer
CUST-01374,9/4/2023,,Active,78,65+,Male,West,28,Low,One Year,Standard,83.07,Bank Transfer,Yes,6,1,2,2329.71,11/26/2025,51,Medium Risk,
CUST-01375,4/16/2024,,Active,45,45-54,Male,West,21,Middle,Two Year,Premium,117.71,Mailed Check,No,3,3,3,2475.45,11/4/2025,50,Medium Risk,
CUST-01376,8/27/2024,10/31/2024,Churned,32,25-34,Male,West,3,Middle,Month-to-Month,Premium,97.26,Mailed Check,No,3,3,3,291.78,10/31/2024,88,Churned,Billing Issues
CUST-01377,7/4/2022,10/31/2022,Churned,21,18-24,Female,Northeast,4,High,Month-to-Month,Basic,55.35,Electronic Check,No,6,1,3,221.4,10/31/2022,91,Churned,Service Issues
CUST-01378,12/2/2022,11/30/2024,Churned,25,25-34,Male,West,24,Middle,Month-to-Month,Premium,127.59,Credit Card,Yes,2,2,4,3065.98,11/30/2024,53,Churned,Price Too High
CUST-01379,5/9/2023,,Active,76,65+,Female,South,32,Middle,One Year,Basic,47.93,Mailed Check,No,4,3,2,1535.92,10/22/2025,76,High Risk,
CUST-01380,1/25/2022,4/30/2022,Churned,41,35-44,Male,Midwest,4,High,Two Year,Standard,73.37,Electronic Check,No,0,3,4,293.48,4/30/2022,46,Churned,Billing Issues
CUST-01381,5/10/2024,,Active,62,55-64,Female,West,20,Middle,One Year,Standard,80.46,Credit Card,Yes,3,2,4,1611.62,12/27/2025,33,Low Risk,
CUST-01382,8/2/2024,11/30/2025,Churned,45,45-54,Female,Midwest,16,Middle,Month-to-Month,Standard,70.92,Mailed Check,Yes,0,2,5,1135.78,11/30/2025,34,Churned,Competitor Offer
CUST-01383,4/15/2024,,Active,41,35-44,Female,South,21,Low,Month-to-Month,Basic,52.88,Electronic Check,No,3,5,3,1112.06,9/10/2025,90,High Risk,
CUST-01384,9/3/2025,,Active,74,65+,Female,West,4,Middle,One Year,Basic,39.7,Mailed Check,No,6,2,2,159.4,10/19/2025,82,High Risk,
CUST-01385,3/18/2023,3/31/2024,Churned,79,65+,Female,Northeast,13,Low,Month-to-Month,Standard,75.03,Mailed Check,No,3,3,2,976.52,3/31/2024,76,Churned,Billing Issues
CUST-01386,5/2/2023,,Active,44,35-44,Female,South,32,High,One Year,Basic,40.83,Mailed Check,No,1,1,5,1308.39,12/11/2025,36,Low Risk,
CUST-01387,4/2/2025,,Active,54,45-54,Male,South,9,Low,Two Year,Premium,107.12,Mailed Check,No,3,1,3,965.69,12/9/2025,54,Medium Risk,
CUST-01388,5/12/2024,,Active,34,25-34,Female,West,20,Middle,Month-to-Month,Basic,43.24,Credit Card,Yes,4,0,3,866.1,11/22/2025,56,Medium Risk,
CUST-01389,12/14/2022,9/30/2025,Churned,55,55-64,Female,West,34,Low,Two Year,Standard,69.19,Credit Card,Yes,0,2,5,2355.58,9/30/2025,12,Churned,Competitor Offer
CUST-01390,1/20/2023,,Active,69,65+,Male,Midwest,36,High,Month-to-Month,Standard,73.34,Electronic Check,Yes,1,1,4,2643.54,11/30/2025,49,Medium Risk,
CUST-01391,4/18/2022,,Active,32,25-34,Non-binary,South,45,Middle,Month-to-Month,Standard,71.16,Mailed Check,No,2,3,4,3206.48,11/21/2025,60,Medium Risk,
CUST-01392,7/17/2022,,Active,20,18-24,Female,Northeast,42,High,One Year,Standard,82.39,Mailed Check,No,1,2,4,3465.34,12/9/2025,35,Low Risk,
CUST-01393,5/20/2022,,Active,65,65+,Male,South,44,High,Month-to-Month,Standard,89.89,Mailed Check,No,3,3,4,3960.56,12/2/2025,57,Medium Risk,
CUST-01394,8/21/2023,,Active,43,35-44,Female,Northeast,29,High,Month-to-Month,Standard,65.71,Bank Transfer,Yes,0,0,5,1908.56,12/17/2025,29,Low Risk,
CUST-01395,3/10/2022,,Active,64,55-64,Male,Midwest,46,Middle,One Year,Standard,73.12,Bank Transfer,Yes,0,0,5,3367.92,12/18/2025,16,Low Risk,
CUST-01396,7/6/2024,,Active,43,35-44,Male,Northeast,18,Low,Two Year,Basic,46.33,Bank Transfer,Yes,2,2,4,835.32,12/15/2025,30,Low Risk,
CUST-01397,4/17/2023,,Active,66,65+,Female,Northeast,33,Middle,Month-to-Month,Basic,51.84,Electronic Check,No,2,5,3,1713.06,10/27/2025,86,High Risk,
CUST-01398,11/15/2023,,Active,44,35-44,Male,Midwest,26,High,Month-to-Month,Standard,83.19,Credit Card,No,5,3,3,2166.69,9/10/2025,76,High Risk,
CUST-01399,6/21/2022,,Active,79,65+,Male,Northeast,43,Middle,One Year,Standard,85.18,Credit Card,No,2,3,4,3667.86,10/27/2025,40,Medium Risk,
CUST-01400,5/23/2025,,Active,61,55-64,Male,West,8,High,Month-to-Month,Premium,98.29,Bank Transfer,Yes,3,1,4,787.79,10/23/2025,58,Medium Risk,
CUST-01401,4/28/2022,8/31/2023,Churned,37,35-44,Male,South,17,Middle,One Year,Standard,86.16,Electronic Check,No,3,1,4,1466.01,8/31/2023,44,Churned,Relocation
CUST-01402,4/16/2025,,Active,64,55-64,Male,South,9,High,One Year,Standard,76.37,Mailed Check,No,0,1,5,688.48,11/2/2025,41,Medium Risk,
CUST-01403,10/15/2023,,Active,24,18-24,Female,West,27,Middle,Two Year,Basic,52.3,Bank Transfer,Yes,1,2,5,1414.44,12/19/2025,28,Low Risk,
CUST-01404,1/15/2025,12/31/2025,Churned,38,35-44,Female,Midwest,12,Middle,Month-to-Month,Standard,80.96,Electronic Check,No,2,2,4,972.73,12/31/2025,74,Churned,Competitor Offer
CUST-01405,4/27/2022,,Active,37,35-44,Female,South,45,Low,Two Year,Basic,41.37,Electronic Check,Yes,4,2,3,1864.13,12/7/2025,48,Medium Risk,
CUST-01406,8/22/2025,,Active,68,65+,Male,Midwest,5,Middle,Month-to-Month,Standard,87.7,Bank Transfer,No,1,1,5,439.82,10/26/2025,58,Medium Risk,
CUST-01407,9/7/2025,,Active,55,55-64,Female,South,4,High,Month-to-Month,Premium,118.89,Credit Card,Yes,1,2,4,477.34,12/7/2025,60,Medium Risk,
CUST-01408,6/24/2025,,Active,37,35-44,Female,West,7,Middle,Month-to-Month,Premium,100.31,Credit Card,Yes,0,1,4,703.67,11/29/2025,51,Medium Risk,
CUST-01409,7/1/2024,,Active,63,55-64,Male,Midwest,18,Low,Two Year,Basic,35.66,Electronic Check,No,2,5,2,642.94,10/11/2025,76,High Risk,
CUST-01410,11/16/2023,,Active,66,65+,Female,South,26,Low,Month-to-Month,Premium,116.14,Bank Transfer,Yes,0,1,4,3024.86,12/1/2025,43,Medium Risk,
CUST-01411,4/17/2024,,Active,37,35-44,Female,Northeast,21,High,Two Year,Basic,43.16,Electronic Check,Yes,2,0,5,907.66,12/16/2025,27,Low Risk,
CUST-01412,3/11/2025,,Active,38,35-44,Male,Northeast,10,Low,Two Year,Standard,71.35,Bank Transfer,Yes,0,1,5,714.57,12/20/2025,23,Low Risk,
CUST-01413,3/31/2025,,Active,61,55-64,Male,South,10,High,Month-to-Month,Standard,64.9,Bank Transfer,Yes,2,0,4,649.97,11/25/2025,48,Medium Risk,
CUST-01414,4/24/2025,,Active,59,55-64,Female,South,9,Low,Two Year,Basic,53.12,Credit Card,No,4,2,3,478.88,10/26/2025,57,Medium Risk,
CUST-01415,1/20/2023,,Active,19,18-24,Male,Midwest,36,Low,One Year,Basic,37.88,Mailed Check,No,2,1,4,1365.39,11/24/2025,47,Medium Risk,
CUST-01416,11/19/2022,,Active,38,35-44,Female,South,38,High,Month-to-Month,Basic,47.22,Bank Transfer,Yes,1,1,5,1797.2,11/5/2025,42,Medium Risk,
CUST-01417,4/26/2022,5/31/2024,Churned,71,65+,Male,South,26,Low,One Year,Basic,50.76,Bank Transfer,Yes,6,0,2,1321.28,5/31/2024,59,Churned,Service Issues
CUST-01418,10/30/2024,,Active,78,65+,Male,South,15,Middle,One Year,Standard,70.85,Bank Transfer,No,3,1,4,1064.87,12/20/2025,37,Low Risk,
CUST-01419,7/18/2022,,Active,51,45-54,Female,South,42,High,Month-to-Month,Basic,39.5,Credit Card,Yes,1,0,5,1661.36,12/13/2025,45,Medium Risk,
CUST-01420,11/20/2023,,Active,63,55-64,Female,South,26,Middle,Month-to-Month,Basic,47.04,Electronic Check,No,2,2,4,1225.17,11/6/2025,70,High Risk,
CUST-01421,11/15/2024,,Active,47,45-54,Female,South,14,Middle,One Year,Standard,71.29,Mailed Check,No,1,1,5,1000.2,12/25/2025,28,Low Risk,
CUST-01422,6/26/2024,,Active,75,65+,Male,South,19,Middle,One Year,Premium,101.42,Electronic Check,Yes,1,2,4,1930.02,12/8/2025,44,Medium Risk,
CUST-01423,12/29/2024,,Active,43,35-44,Female,South,13,Middle,One Year,Standard,78.88,Bank Transfer,No,3,3,3,1027.8,11/17/2025,50,Medium Risk,
CUST-01424,3/25/2022,,Active,62,55-64,Female,Northeast,46,Low,Month-to-Month,Basic,39.93,Credit Card,No,7,3,1,1839.18,9/21/2025,89,High Risk,
CUST-01425,7/15/2024,,Active,45,45-54,Male,Northeast,18,Middle,Two Year,Basic,48.11,Bank Transfer,No,2,3,4,867.42,11/4/2025,41,Medium Risk,
CUST-01426,12/30/2023,,Active,72,65+,Male,South,25,Middle,One Year,Standard,75.19,Mailed Check,No,3,1,4,1883.14,11/14/2025,41,Medium Risk,
CUST-01427,11/14/2024,,Active,49,45-54,Male,West,14,Low,One Year,Premium,125.4,Mailed Check,No,1,1,5,1759.36,12/29/2025,39,Low Risk,
CUST-01428,9/20/2025,,Active,36,35-44,Male,Midwest,4,Low,Month-to-Month,Basic,50.8,Credit Card,Yes,4,1,4,203.96,10/24/2025,66,Medium Risk,
CUST-01429,1/30/2023,,Active,63,55-64,Female,South,36,High,One Year,Basic,46.56,Electronic Check,No,1,3,5,1678.26,10/23/2025,53,Medium Risk,
CUST-01430,11/23/2023,,Active,38,35-44,Male,South,26,High,One Year,Standard,73.11,Credit Card,Yes,3,1,4,1904.16,12/5/2025,25,Low Risk,
CUST-01431,4/22/2024,,Active,69,65+,Male,West,21,Middle,Month-to-Month,Basic,53.56,Bank Transfer,Yes,6,1,3,1126.36,10/21/2025,67,Medium Risk,
CUST-01432,7/9/2023,,Active,38,35-44,Male,Midwest,30,Middle,Month-to-Month,Basic,54.6,Bank Transfer,Yes,3,1,3,1640.46,11/5/2025,57,Medium Risk,
CUST-01433,4/1/2022,,Active,71,65+,Male,West,45,Low,Month-to-Month,Basic,44.55,Credit Card,Yes,2,1,4,2007.43,11/26/2025,47,Medium Risk,
CUST-01434,3/24/2023,,Active,67,65+,Male,South,34,High,One Year,Standard,76.44,Credit Card,Yes,2,1,5,2602.41,12/29/2025,25,Low Risk,
CUST-01435,6/10/2024,8/31/2024,Churned,33,25-34,Male,Midwest,3,Middle,One Year,Basic,48.08,Electronic Check,No,7,1,2,144.24,8/31/2024,90,Churned,Service Issues
CUST-01436,5/19/2023,,Active,44,35-44,Male,Northeast,32,Middle,Month-to-Month,Standard,76.2,Bank Transfer,Yes,3,0,3,2441.82,10/25/2025,50,Medium Risk,
CUST-01437,7/30/2024,11/30/2024,Churned,36,35-44,Male,South,5,Low,One Year,Basic,59.5,Credit Card,Yes,4,1,4,297.5,11/30/2024,46,Churned,Poor Support Experience
CUST-01438,8/26/2025,10/31/2025,Churned,45,45-54,Female,South,3,Middle,One Year,Standard,64.66,Bank Transfer,No,2,1,4,193.98,10/31/2025,45,Churned,Competitor Offer
CUST-01439,4/21/2025,,Active,74,65+,Male,South,9,Middle,One Year,Basic,48.67,Credit Card,Yes,2,2,5,438.76,10/21/2025,41,Medium Risk,
CUST-01440,10/19/2023,,Active,34,25-34,Female,Midwest,27,High,Month-to-Month,Basic,52.64,Electronic Check,Yes,3,2,3,1423.65,10/28/2025,74,High Risk,
CUST-01441,11/13/2024,,Active,18,18-24,Male,Northeast,14,Middle,Month-to-Month,Standard,67.47,Bank Transfer,Yes,1,0,4,946.6,12/23/2025,32,Low Risk,
CUST-01442,8/12/2022,,Active,31,25-34,Female,South,41,High,Month-to-Month,Premium,116.51,Electronic Check,No,3,2,3,4783.91,9/15/2025,80,High Risk,
CUST-01443,1/25/2023,,Active,67,65+,Male,South,36,High,One Year,Premium,99.21,Bank Transfer,No,2,2,3,3576.03,12/9/2025,51,Medium Risk,
CUST-01444,8/5/2025,,Active,34,25-34,Male,Northeast,5,Middle,One Year,Standard,88.01,Bank Transfer,No,6,3,3,441.37,11/2/2025,66,Medium Risk,
CUST-01445,8/11/2023,,Active,19,18-24,Male,West,29,High,Two Year,Premium,120.15,Bank Transfer,No,0,1,4,3489.75,12/22/2025,29,Low Risk,
CUST-01446,12/15/2023,,Active,35,35-44,Male,South,25,Middle,One Year,Basic,53.16,Electronic Check,Yes,2,2,3,1331.4,11/22/2025,51,Medium Risk,
CUST-01447,3/21/2022,,Active,77,65+,Male,West,46,Low,One Year,Premium,90.91,Bank Transfer,Yes,1,1,5,4187.3,12/25/2025,22,Low Risk,
CUST-01448,6/10/2025,,Active,36,35-44,Male,South,7,Middle,Month-to-Month,Standard,86.7,Electronic Check,No,2,1,4,608.2,11/20/2025,65,Medium Risk,
CUST-01449,1/2/2022,,Active,71,65+,Female,Midwest,48,High,One Year,Premium,126.13,Bank Transfer,Yes,3,2,4,6061.8,12/30/2025,39,Low Risk,
CUST-01450,12/29/2023,11/30/2024,Churned,39,35-44,Female,South,12,High,Month-to-Month,Basic,56.14,Credit Card,Yes,7,2,1,674.52,11/30/2024,89,Churned,Poor Support Experience
CUST-01451,8/14/2022,,Active,47,45-54,Male,Midwest,41,Middle,Month-to-Month,Basic,47.49,Credit Card,Yes,3,1,3,1949.93,10/23/2025,61,Medium Risk,
CUST-01452,4/18/2022,,Active,58,55-64,Male,West,45,Middle,Month-to-Month,Standard,66.62,Bank Transfer,Yes,1,1,4,3001.9,12/30/2025,38,Low Risk,
CUST-01453,2/26/2025,,Active,30,25-34,Male,Northeast,11,Middle,Month-to-Month,Standard,82.2,Bank Transfer,Yes,1,1,4,905.43,12/12/2025,47,Medium Risk,
CUST-01454,8/26/2024,,Active,25,25-34,Female,South,17,Low,One Year,Basic,55.01,Mailed Check,Yes,1,1,4,936.83,12/27/2025,34,Low Risk,
CUST-01455,10/8/2022,,Active,46,45-54,Female,South,39,Middle,One Year,Standard,81.79,Electronic Check,No,3,3,3,3194.73,11/22/2025,59,Medium Risk,
CUST-01456,1/7/2024,,Active,30,25-34,Male,South,24,Middle,One Year,Standard,82.23,Bank Transfer,No,2,2,5,1975.98,12/19/2025,38,Low Risk,
CUST-01457,2/10/2025,,Active,79,65+,Female,West,11,Middle,Two Year,Basic,39.18,Bank Transfer,No,6,1,2,431.57,11/28/2025,68,Medium Risk,
CUST-01458,3/10/2023,,Active,31,25-34,Male,West,34,Middle,Month-to-Month,Standard,67.95,Bank Transfer,Yes,4,1,3,2313.36,12/7/2025,53,Medium Risk,
CUST-01459,9/25/2023,,Active,26,25-34,Female,Midwest,28,Low,Month-to-Month,Premium,102.38,Bank Transfer,Yes,3,2,4,2871.26,11/25/2025,57,Medium Risk,
CUST-01460,3/12/2022,,Active,73,65+,Female,South,46,Low,Two Year,Standard,70.5,Bank Transfer,Yes,3,2,4,3247.24,12/22/2025,22,Low Risk,
CUST-01461,4/23/2024,7/31/2024,Churned,30,25-34,Female,South,4,Middle,Month-to-Month,Basic,51.8,Bank Transfer,No,4,2,3,207.2,7/31/2024,83,Churned,Poor Support Experience
CUST-01462,3/29/2023,,Active,40,35-44,Female,South,34,High,One Year,Basic,52.86,Mailed Check,No,1,2,4,1799.61,10/27/2025,45,Medium Risk,
CUST-01463,8/5/2024,,Active,68,65+,Male,Midwest,17,High,Month-to-Month,Standard,89.14,Bank Transfer,No,3,1,5,1518.06,11/10/2025,57,Medium Risk,
CUST-01464,11/12/2023,,Active,48,45-54,Female,South,26,Middle,One Year,Standard,73.24,Credit Card,No,0,1,5,1907.54,12/16/2025,31,Low Risk,
CUST-01465,2/26/2022,,Active,77,65+,Female,Northeast,47,High,One Year,Standard,80.62,Mailed Check,No,4,1,4,3793.98,12/8/2025,44,Medium Risk,
CUST-01466,1/7/2022,,Active,24,18-24,Female,South,48,Middle,Month-to-Month,Premium,127.92,Bank Transfer,Yes,3,2,3,6147.84,11/10/2025,65,Medium Risk,
CUST-01467,3/17/2024,9/30/2024,Churned,56,55-64,Male,Midwest,7,Low,Two Year,Premium,113.64,Bank Transfer,Yes,1,2,4,795.48,9/30/2024,38,Churned,Price Too High
CUST-01468,7/14/2025,9/30/2025,Churned,29,25-34,Male,South,3,Middle,Month-to-Month,Standard,83.65,Electronic Check,No,4,3,2,250.95,9/30/2025,98,Churned,Service Issues
CUST-01469,8/18/2023,9/30/2025,Churned,41,35-44,Male,West,26,High,Month-to-Month,Premium,111.28,Bank Transfer,No,4,1,2,2896.62,9/30/2025,83,Churned,Price Too High
CUST-01470,10/10/2022,,Active,26,25-34,Male,West,39,Low,Two Year,Premium,112.33,Electronic Check,Yes,1,1,4,4387.59,12/9/2025,29,Low Risk,
CUST-01471,8/14/2024,,Active,57,55-64,Male,South,17,High,Month-to-Month,Premium,107.11,Credit Card,Yes,3,2,4,1824.09,11/15/2025,55,Medium Risk,
CUST-01472,9/19/2022,,Active,75,65+,Male,West,40,Middle,Two Year,Standard,76.12,Electronic Check,No,2,1,5,3049.36,12/26/2025,33,Low Risk,
CUST-01473,3/23/2024,12/31/2025,Churned,35,35-44,Male,Northeast,22,High,Two Year,Basic,46.6,Mailed Check,No,1,2,4,1026.6,12/31/2025,34,Churned,Needs Changed
CUST-01474,12/2/2023,,Active,65,65+,Female,South,25,Middle,One Year,Standard,62.38,Credit Card,Yes,3,1,4,1562.32,12/31/2025,25,Low Risk,
CUST-01475,4/30/2022,,Active,19,18-24,Non-binary,Northeast,45,Low,Month-to-Month,Standard,80.37,Credit Card,No,1,3,4,3621.49,11/2/2025,52,Medium Risk,
CUST-01476,3/8/2023,,Active,59,55-64,Female,Midwest,34,Low,One Year,Basic,39.62,Credit Card,Yes,2,0,5,1348.85,12/10/2025,27,Low Risk,
CUST-01477,3/20/2025,6/30/2025,Churned,55,55-64,Female,South,4,Middle,Month-to-Month,Standard,75.31,Electronic Check,No,2,3,4,301.24,6/30/2025,74,Churned,Billing Issues
CUST-01478,7/21/2022,,Active,71,65+,Female,Midwest,42,Middle,Month-to-Month,Standard,84.11,Electronic Check,No,3,2,4,3537.66,11/6/2025,63,Medium Risk,
CUST-01479,6/26/2024,,Active,27,25-34,Male,Midwest,19,Low,Two Year,Standard,66.09,Credit Card,Yes,2,1,3,1257.69,12/19/2025,21,Low Risk,
CUST-01480,10/28/2022,,Active,39,35-44,Female,South,39,Low,Month-to-Month,Premium,107.37,Electronic Check,No,1,1,5,4193.87,10/24/2025,67,Medium Risk,
CUST-01481,10/25/2024,,Active,21,18-24,Male,South,15,Low,One Year,Basic,39.99,Electronic Check,No,2,4,3,601.05,10/31/2025,64,Medium Risk,
CUST-01482,2/11/2024,,Active,29,25-34,Male,West,23,High,Month-to-Month,Premium,134.42,Credit Card,No,2,1,4,3095.7,11/14/2025,58,Medium Risk,
CUST-01483,6/24/2025,,Active,47,45-54,Male,South,7,High,One Year,Premium,124.07,Credit Card,Yes,0,0,5,870.35,12/8/2025,30,Low Risk,
CUST-01484,10/20/2022,,Active,79,65+,Female,South,39,Middle,Month-to-Month,Basic,59.67,Credit Card,Yes,1,1,4,2330.73,11/9/2025,45,Medium Risk,
CUST-01485,5/30/2025,,Active,62,55-64,Female,Midwest,8,Middle,Month-to-Month,Standard,84.96,Electronic Check,Yes,0,2,5,680.95,11/5/2025,56,Medium Risk,
CUST-01486,6/27/2024,,Active,51,45-54,Female,West,19,Middle,Month-to-Month,Basic,49.46,Bank Transfer,Yes,3,1,4,941.22,12/8/2025,53,Medium Risk,
CUST-01487,11/30/2022,9/30/2023,Churned,48,45-54,Female,Northeast,11,Middle,Month-to-Month,Premium,119.26,Electronic Check,No,0,3,4,1313.65,9/30/2023,78,Churned,Billing Issues
CUST-01488,10/12/2024,,Active,56,55-64,Female,West,15,Middle,Month-to-Month,Premium,117.78,Credit Card,Yes,1,1,4,1770.24,11/14/2025,50,Medium Risk,
CUST-01489,10/12/2022,,Active,58,55-64,Female,South,39,Middle,Two Year,Standard,74.97,Credit Card,Yes,1,1,5,2928.31,12/6/2025,12,Low Risk,
CUST-01490,7/26/2022,,Active,20,18-24,Male,Northeast,42,Low,Month-to-Month,Standard,68.21,Bank Transfer,Yes,6,1,3,2868.9,11/3/2025,56,Medium Risk,
CUST-01491,1/4/2022,2/29/2024,Churned,64,55-64,Male,South,26,Low,Month-to-Month,Basic,57.93,Bank Transfer,Yes,2,2,3,1507.92,2/29/2024,61,Churned,Competitor Offer
CUST-01492,8/29/2022,3/31/2024,Churned,28,25-34,Male,South,20,Middle,Month-to-Month,Basic,61.67,Bank Transfer,No,4,1,4,1235.26,3/31/2024,65,Churned,Competitor Offer
CUST-01493,7/27/2022,,Active,44,35-44,Female,Midwest,42,Low,One Year,Basic,49.61,Electronic Check,No,2,2,3,2086.58,10/30/2025,59,Medium Risk,
CUST-01494,10/30/2024,,Active,70,65+,Female,Midwest,15,Middle,Month-to-Month,Standard,79.31,Electronic Check,No,5,2,2,1192.03,9/24/2025,91,High Risk,
CUST-01495,8/5/2025,10/31/2025,Churned,41,35-44,Male,West,3,Middle,Month-to-Month,Basic,58.78,Electronic Check,No,4,2,2,176.34,10/31/2025,98,Churned,Competitor Offer
CUST-01496,2/5/2025,,Active,54,45-54,Female,South,11,Middle,Month-to-Month,Premium,93.87,Credit Card,Yes,0,0,5,1033.98,12/16/2025,37,Low Risk,
CUST-01497,5/15/2023,,Active,47,45-54,Female,Northeast,32,Middle,Month-to-Month,Premium,126.56,Credit Card,Yes,2,1,5,4055.62,10/20/2025,51,Medium Risk,
CUST-01498,10/24/2022,,Active,33,25-34,Female,West,39,Low,Month-to-Month,Basic,49.88,Bank Transfer,No,2,3,3,1948.32,10/23/2025,75,High Risk,
CUST-01499,4/18/2024,3/31/2025,Churned,18,18-24,Female,Northeast,12,Low,Month-to-Month,Standard,83.67,Electronic Check,No,0,4,5,1005.3,3/31/2025,74,Churned,Billing Issues
CUST-01500,12/4/2024,2/28/2025,Churned,38,35-44,Male,Northeast,3,Low,Month-to-Month,Basic,39.64,Mailed Check,No,3,3,3,119.51,2/28/2025,80,Churned,Billing Issues
