MonthStart,CustomerID,MonthlyRevenue
7/1/2023,CUST-00001,85.14
8/1/2023,CUST-00001,85.14
9/1/2023,CUST-00001,85.14
10/1/2023,CUST-00001,85.14
11/1/2023,CUST-00001,85.14
12/1/2023,CUST-00001,86.42
1/1/2024,CUST-00001,85.14
2/1/2024,CUST-00001,85.14
3/1/2024,CUST-00001,85.14
4/1/2024,CUST-00001,85.14
5/1/2024,CUST-00001,85.14
6/1/2024,CUST-00001,85.14
7/1/2024,CUST-00001,85.14
8/1/2024,CUST-00001,85.14
9/1/2024,CUST-00001,85.14
10/1/2024,CUST-00001,85.14
11/1/2024,CUST-00001,85.14
12/1/2024,CUST-00001,86.42
1/1/2025,CUST-00001,85.14
2/1/2025,CUST-00001,85.14
3/1/2025,CUST-00001,85.14
4/1/2025,CUST-00001,85.14
5/1/2025,CUST-00001,85.14
6/1/2025,CUST-00001,85.14
7/1/2025,CUST-00001,85.14
8/1/2025,CUST-00001,85.14
9/1/2025,CUST-00001,85.14
10/1/2025,CUST-00001,85.14
11/1/2025,CUST-00001,85.14
12/1/2025,CUST-00001,86.42
6/1/2022,CUST-00002,80.54
7/1/2022,CUST-00002,80.54
8/1/2022,CUST-00002,80.54
9/1/2022,CUST-00002,80.54
10/1/2022,CUST-00002,80.54
11/1/2022,CUST-00002,80.54
12/1/2022,CUST-00002,81.75
1/1/2023,CUST-00002,80.54
2/1/2023,CUST-00002,80.54
3/1/2023,CUST-00002,80.54
4/1/2023,CUST-00002,80.54
5/1/2023,CUST-00002,80.54
6/1/2023,CUST-00002,80.54
7/1/2023,CUST-00002,80.54
8/1/2023,CUST-00002,80.54
9/1/2023,CUST-00002,80.54
10/1/2023,CUST-00002,80.54
11/1/2023,CUST-00002,80.54
12/1/2023,CUST-00002,81.75
1/1/2024,CUST-00002,80.54
2/1/2024,CUST-00002,80.54
3/1/2024,CUST-00002,80.54
4/1/2024,CUST-00002,80.54
5/1/2024,CUST-00002,80.54
6/1/2024,CUST-00002,80.54
7/1/2024,CUST-00002,80.54
8/1/2024,CUST-00002,80.54
9/1/2024,CUST-00002,80.54
10/1/2024,CUST-00002,80.54
11/1/2024,CUST-00002,80.54
12/1/2024,CUST-00002,81.75
1/1/2025,CUST-00002,80.54
2/1/2025,CUST-00002,80.54
3/1/2025,CUST-00002,80.54
4/1/2025,CUST-00002,80.54
5/1/2025,CUST-00002,80.54
6/1/2025,CUST-00002,80.54
9/1/2025,CUST-00003,39.72
10/1/2025,CUST-00003,39.72
11/1/2025,CUST-00003,39.72
12/1/2025,CUST-00003,40.32
10/1/2022,CUST-00004,38.57
11/1/2022,CUST-00004,38.57
12/1/2022,CUST-00004,39.15
1/1/2023,CUST-00004,38.57
2/1/2023,CUST-00004,38.57
3/1/2023,CUST-00004,38.57
4/1/2023,CUST-00004,38.57
5/1/2023,CUST-00004,38.57
6/1/2023,CUST-00004,38.57
7/1/2023,CUST-00004,38.57
8/1/2023,CUST-00004,38.57
9/1/2023,CUST-00004,38.57
10/1/2023,CUST-00004,38.57
11/1/2023,CUST-00004,38.57
12/1/2023,CUST-00004,39.15
1/1/2024,CUST-00004,38.57
2/1/2024,CUST-00004,38.57
3/1/2024,CUST-00004,38.57
4/1/2024,CUST-00004,38.57
5/1/2024,CUST-00004,38.57
6/1/2024,CUST-00004,38.57
7/1/2024,CUST-00004,38.57
8/1/2024,CUST-00004,38.57
9/1/2024,CUST-00004,38.57
10/1/2024,CUST-00004,38.57
11/1/2024,CUST-00004,38.57
12/1/2024,CUST-00004,39.15
1/1/2025,CUST-00004,38.57
2/1/2025,CUST-00004,38.57
3/1/2025,CUST-00004,38.57
4/1/2025,CUST-00004,38.57
5/1/2025,CUST-00004,38.57
6/1/2025,CUST-00004,38.57
7/1/2025,CUST-00004,38.57
8/1/2025,CUST-00004,38.57
9/1/2025,CUST-00004,38.57
10/1/2025,CUST-00004,38.57
11/1/2025,CUST-00004,38.57
12/1/2025,CUST-00004,39.15
12/1/2024,CUST-00005,124.78
1/1/2025,CUST-00005,122.94
2/1/2025,CUST-00005,122.94
3/1/2025,CUST-00005,122.94
4/1/2025,CUST-00005,122.94
5/1/2025,CUST-00005,122.94
6/1/2025,CUST-00005,122.94
7/1/2025,CUST-00005,122.94
8/1/2025,CUST-00005,122.94
9/1/2025,CUST-00005,122.94
10/1/2025,CUST-00005,122.94
11/1/2025,CUST-00005,122.94
12/1/2025,CUST-00005,124.78
7/1/2024,CUST-00006,44.45
8/1/2024,CUST-00006,44.45
9/1/2024,CUST-00006,44.45
10/1/2024,CUST-00006,44.45
11/1/2024,CUST-00006,44.45
12/1/2024,CUST-00006,45.12
1/1/2025,CUST-00006,44.45
2/1/2025,CUST-00006,44.45
4/1/2023,CUST-00007,39.62
5/1/2023,CUST-00007,39.62
6/1/2023,CUST-00007,39.62
7/1/2023,CUST-00007,39.62
8/1/2023,CUST-00007,39.62
9/1/2023,CUST-00007,39.62
10/1/2023,CUST-00007,39.62
11/1/2023,CUST-00007,39.62
12/1/2023,CUST-00007,40.21
1/1/2024,CUST-00007,39.62
2/1/2024,CUST-00007,39.62
3/1/2024,CUST-00007,39.62
4/1/2024,CUST-00007,39.62
5/1/2024,CUST-00007,39.62
6/1/2024,CUST-00007,39.62
7/1/2024,CUST-00007,39.62
8/1/2024,CUST-00007,39.62
9/1/2024,CUST-00007,39.62
10/1/2024,CUST-00007,39.62
11/1/2024,CUST-00007,39.62
12/1/2024,CUST-00007,40.21
1/1/2025,CUST-00007,39.62
2/1/2025,CUST-00007,39.62
3/1/2025,CUST-00007,39.62
4/1/2025,CUST-00007,39.62
5/1/2025,CUST-00007,39.62
6/1/2025,CUST-00007,39.62
7/1/2025,CUST-00007,39.62
8/1/2025,CUST-00007,39.62
9/1/2025,CUST-00007,39.62
10/1/2025,CUST-00007,39.62
11/1/2025,CUST-00007,39.62
12/1/2025,CUST-00007,40.21
10/1/2023,CUST-00008,58.74
11/1/2023,CUST-00008,58.74
12/1/2023,CUST-00008,59.62
1/1/2024,CUST-00008,58.74
2/1/2024,CUST-00008,58.74
3/1/2024,CUST-00008,58.74
4/1/2024,CUST-00008,58.74
5/1/2024,CUST-00008,58.74
6/1/2024,CUST-00008,58.74
7/1/2024,CUST-00008,58.74
8/1/2024,CUST-00008,58.74
9/1/2024,CUST-00008,58.74
10/1/2024,CUST-00008,58.74
11/1/2024,CUST-00008,58.74
12/1/2024,CUST-00008,59.62
1/1/2025,CUST-00008,58.74
2/1/2025,CUST-00008,58.74
3/1/2025,CUST-00008,58.74
4/1/2025,CUST-00008,58.74
5/1/2025,CUST-00008,58.74
6/1/2025,CUST-00008,58.74
7/1/2025,CUST-00008,58.74
8/1/2025,CUST-00008,58.74
9/1/2025,CUST-00008,58.74
10/1/2025,CUST-00008,58.74
11/1/2025,CUST-00008,58.74
12/1/2025,CUST-00008,59.62
10/1/2023,CUST-00009,75.71
11/1/2023,CUST-00009,75.71
12/1/2023,CUST-00009,76.85
1/1/2024,CUST-00009,75.71
2/1/2024,CUST-00009,75.71
3/1/2024,CUST-00009,75.71
6/1/2022,CUST-00010,124.06
7/1/2022,CUST-00010,124.06
8/1/2022,CUST-00010,124.06
9/1/2022,CUST-00010,124.06
10/1/2022,CUST-00010,124.06
11/1/2022,CUST-00010,124.06
12/1/2022,CUST-00010,125.92
1/1/2023,CUST-00010,124.06
2/1/2023,CUST-00010,124.06
3/1/2023,CUST-00010,124.06
4/1/2023,CUST-00010,124.06
5/1/2023,CUST-00010,124.06
6/1/2023,CUST-00010,124.06
7/1/2023,CUST-00010,124.06
8/1/2023,CUST-00010,124.06
9/1/2023,CUST-00010,124.06
10/1/2023,CUST-00010,124.06
11/1/2023,CUST-00010,124.06
12/1/2023,CUST-00010,125.92
1/1/2024,CUST-00010,124.06
2/1/2024,CUST-00010,124.06
3/1/2024,CUST-00010,124.06
4/1/2024,CUST-00010,124.06
5/1/2024,CUST-00010,124.06
6/1/2024,CUST-00010,124.06
7/1/2024,CUST-00010,124.06
8/1/2024,CUST-00010,124.06
9/1/2024,CUST-00010,124.06
10/1/2024,CUST-00010,124.06
11/1/2024,CUST-00010,124.06
12/1/2024,CUST-00010,125.92
1/1/2025,CUST-00010,124.06
2/1/2025,CUST-00010,124.06
3/1/2025,CUST-00010,124.06
4/1/2025,CUST-00010,124.06
5/1/2025,CUST-00010,124.06
6/1/2025,CUST-00010,124.06
7/1/2025,CUST-00010,124.06
8/1/2025,CUST-00010,124.06
9/1/2025,CUST-00010,124.06
10/1/2025,CUST-00010,124.06
11/1/2025,CUST-00010,124.06
12/1/2025,CUST-00010,125.92
6/1/2025,CUST-00011,108.87
7/1/2025,CUST-00011,108.87
8/1/2025,CUST-00011,108.87
9/1/2025,CUST-00011,108.87
10/1/2025,CUST-00011,108.87
11/1/2025,CUST-00011,108.87
12/1/2025,CUST-00011,110.5
4/1/2022,CUST-00012,80.77
5/1/2022,CUST-00012,80.77
6/1/2022,CUST-00012,80.77
7/1/2022,CUST-00012,80.77
8/1/2022,CUST-00012,80.77
9/1/2022,CUST-00012,80.77
10/1/2022,CUST-00012,80.77
11/1/2022,CUST-00012,80.77
12/1/2022,CUST-00012,81.98
1/1/2023,CUST-00012,80.77
2/1/2023,CUST-00012,80.77
3/1/2023,CUST-00012,80.77
4/1/2023,CUST-00012,80.77
5/1/2023,CUST-00012,80.77
6/1/2023,CUST-00012,80.77
7/1/2023,CUST-00012,80.77
8/1/2023,CUST-00012,80.77
9/1/2023,CUST-00012,80.77
10/1/2023,CUST-00012,80.77
11/1/2023,CUST-00012,80.77
12/1/2023,CUST-00012,81.98
1/1/2024,CUST-00012,80.77
2/1/2024,CUST-00012,80.77
3/1/2024,CUST-00012,80.77
4/1/2024,CUST-00012,80.77
5/1/2024,CUST-00012,80.77
6/1/2024,CUST-00012,80.77
7/1/2024,CUST-00012,80.77
8/1/2024,CUST-00012,80.77
9/1/2024,CUST-00012,80.77
10/1/2024,CUST-00012,80.77
11/1/2024,CUST-00012,80.77
12/1/2024,CUST-00012,81.98
1/1/2025,CUST-00012,80.77
2/1/2025,CUST-00012,80.77
3/1/2025,CUST-00012,80.77
4/1/2025,CUST-00012,80.77
5/1/2025,CUST-00012,80.77
6/1/2025,CUST-00012,80.77
7/1/2025,CUST-00012,80.77
8/1/2025,CUST-00012,80.77
9/1/2025,CUST-00012,80.77
10/1/2025,CUST-00012,80.77
11/1/2025,CUST-00012,80.77
12/1/2025,CUST-00012,81.98
10/1/2023,CUST-00013,45.26
11/1/2023,CUST-00013,45.26
12/1/2023,CUST-00013,45.94
1/1/2024,CUST-00013,45.26
2/1/2024,CUST-00013,45.26
3/1/2024,CUST-00013,45.26
4/1/2024,CUST-00013,45.26
5/1/2024,CUST-00013,45.26
6/1/2024,CUST-00013,45.26
7/1/2024,CUST-00013,45.26
8/1/2024,CUST-00013,45.26
9/1/2024,CUST-00013,45.26
10/1/2024,CUST-00013,45.26
11/1/2024,CUST-00013,45.26
12/1/2024,CUST-00013,45.94
1/1/2025,CUST-00013,45.26
2/1/2025,CUST-00013,45.26
3/1/2025,CUST-00013,45.26
4/1/2025,CUST-00013,45.26
5/1/2025,CUST-00013,45.26
6/1/2025,CUST-00013,45.26
7/1/2025,CUST-00013,45.26
8/1/2025,CUST-00013,45.26
9/1/2025,CUST-00013,45.26
10/1/2025,CUST-00013,45.26
11/1/2025,CUST-00013,45.26
12/1/2025,CUST-00013,45.94
8/1/2023,CUST-00014,91.39
9/1/2023,CUST-00014,91.39
10/1/2023,CUST-00014,91.39
11/1/2023,CUST-00014,91.39
12/1/2023,CUST-00014,92.76
1/1/2024,CUST-00014,91.39
2/1/2024,CUST-00014,91.39
3/1/2024,CUST-00014,91.39
4/1/2024,CUST-00014,91.39
5/1/2024,CUST-00014,91.39
6/1/2024,CUST-00014,91.39
7/1/2024,CUST-00014,91.39
8/1/2024,CUST-00014,91.39
9/1/2024,CUST-00014,91.39
10/1/2024,CUST-00014,91.39
11/1/2024,CUST-00014,91.39
12/1/2024,CUST-00014,92.76
1/1/2025,CUST-00014,91.39
2/1/2025,CUST-00014,91.39
3/1/2025,CUST-00014,91.39
4/1/2025,CUST-00014,91.39
5/1/2025,CUST-00014,91.39
6/1/2025,CUST-00014,91.39
7/1/2025,CUST-00014,91.39
8/1/2025,CUST-00014,91.39
9/1/2025,CUST-00014,91.39
10/1/2025,CUST-00014,91.39
11/1/2025,CUST-00014,91.39
12/1/2025,CUST-00014,92.76
8/1/2025,CUST-00015,72.37
9/1/2025,CUST-00015,72.37
10/1/2025,CUST-00015,72.37
11/1/2025,CUST-00015,72.37
12/1/2025,CUST-00015,73.46
8/1/2025,CUST-00016,50.56
9/1/2025,CUST-00016,50.56
10/1/2025,CUST-00016,50.56
11/1/2025,CUST-00016,50.56
12/1/2025,CUST-00016,51.32
7/1/2022,CUST-00017,70.74
8/1/2022,CUST-00017,70.74
9/1/2022,CUST-00017,70.74
10/1/2022,CUST-00017,70.74
11/1/2022,CUST-00017,70.74
12/1/2022,CUST-00017,71.8
1/1/2023,CUST-00017,70.74
2/1/2023,CUST-00017,70.74
3/1/2023,CUST-00017,70.74
4/1/2023,CUST-00017,70.74
5/1/2023,CUST-00017,70.74
6/1/2023,CUST-00017,70.74
7/1/2023,CUST-00017,70.74
8/1/2023,CUST-00017,70.74
9/1/2023,CUST-00017,70.74
10/1/2023,CUST-00017,70.74
11/1/2023,CUST-00017,70.74
12/1/2023,CUST-00017,71.8
1/1/2024,CUST-00017,70.74
2/1/2024,CUST-00017,70.74
3/1/2024,CUST-00017,70.74
4/1/2024,CUST-00017,70.74
5/1/2024,CUST-00017,70.74
6/1/2024,CUST-00017,70.74
7/1/2024,CUST-00017,70.74
8/1/2024,CUST-00017,70.74
9/1/2024,CUST-00017,70.74
10/1/2024,CUST-00017,70.74
11/1/2024,CUST-00017,70.74
12/1/2024,CUST-00017,71.8
1/1/2025,CUST-00017,70.74
2/1/2025,CUST-00017,70.74
3/1/2025,CUST-00017,70.74
4/1/2025,CUST-00017,70.74
5/1/2025,CUST-00017,70.74
6/1/2025,CUST-00017,70.74
7/1/2025,CUST-00017,70.74
8/1/2025,CUST-00017,70.74
9/1/2025,CUST-00017,70.74
10/1/2025,CUST-00017,70.74
11/1/2025,CUST-00017,70.74
12/1/2025,CUST-00017,71.8
7/1/2024,CUST-00018,41.28
8/1/2024,CUST-00018,41.28
9/1/2024,CUST-00018,41.28
10/1/2024,CUST-00018,41.28
11/1/2024,CUST-00018,41.28
12/1/2024,CUST-00018,41.9
1/1/2025,CUST-00018,41.28
2/1/2025,CUST-00018,41.28
3/1/2025,CUST-00018,41.28
4/1/2025,CUST-00018,41.28
5/1/2025,CUST-00018,41.28
6/1/2025,CUST-00018,41.28
7/1/2025,CUST-00018,41.28
5/1/2022,CUST-00019,91.33
6/1/2022,CUST-00019,91.33
7/1/2022,CUST-00019,91.33
8/1/2022,CUST-00019,91.33
9/1/2022,CUST-00019,91.33
10/1/2022,CUST-00019,91.33
11/1/2022,CUST-00019,91.33
12/1/2022,CUST-00019,92.7
1/1/2023,CUST-00019,91.33
2/1/2023,CUST-00019,91.33
3/1/2023,CUST-00019,91.33
4/1/2023,CUST-00019,91.33
5/1/2023,CUST-00019,91.33
6/1/2023,CUST-00019,91.33
7/1/2023,CUST-00019,91.33
8/1/2023,CUST-00019,91.33
9/1/2023,CUST-00019,91.33
10/1/2023,CUST-00019,91.33
11/1/2023,CUST-00019,91.33
12/1/2023,CUST-00019,92.7
1/1/2024,CUST-00019,91.33
2/1/2024,CUST-00019,91.33
3/1/2024,CUST-00019,91.33
4/1/2024,CUST-00019,91.33
5/1/2024,CUST-00019,91.33
6/1/2024,CUST-00019,91.33
7/1/2024,CUST-00019,91.33
8/1/2024,CUST-00019,91.33
9/1/2024,CUST-00019,91.33
10/1/2024,CUST-00019,91.33
11/1/2024,CUST-00019,91.33
12/1/2024,CUST-00019,92.7
1/1/2025,CUST-00019,91.33
2/1/2025,CUST-00019,91.33
3/1/2025,CUST-00019,91.33
4/1/2025,CUST-00019,91.33
5/1/2025,CUST-00019,91.33
6/1/2025,CUST-00019,91.33
4/1/2023,CUST-00020,56.8
5/1/2023,CUST-00020,56.8
6/1/2023,CUST-00020,56.8
7/1/2023,CUST-00020,56.8
8/1/2023,CUST-00020,56.8
9/1/2023,CUST-00020,56.8
10/1/2023,CUST-00020,56.8
11/1/2023,CUST-00020,56.8
12/1/2023,CUST-00020,57.65
1/1/2024,CUST-00020,56.8
2/1/2024,CUST-00020,56.8
3/1/2024,CUST-00020,56.8
4/1/2024,CUST-00020,56.8
5/1/2024,CUST-00020,56.8
6/1/2024,CUST-00020,56.8
7/1/2024,CUST-00020,56.8
8/1/2024,CUST-00020,56.8
9/1/2024,CUST-00020,56.8
10/1/2024,CUST-00020,56.8
11/1/2024,CUST-00020,56.8
12/1/2024,CUST-00020,57.65
1/1/2025,CUST-00020,56.8
2/1/2025,CUST-00020,56.8
3/1/2025,CUST-00020,56.8
4/1/2025,CUST-00020,56.8
5/1/2025,CUST-00020,56.8
6/1/2025,CUST-00020,56.8
7/1/2025,CUST-00020,56.8
8/1/2025,CUST-00020,56.8
9/1/2025,CUST-00020,56.8
10/1/2025,CUST-00020,56.8
11/1/2025,CUST-00020,56.8
12/1/2025,CUST-00020,57.65
2/1/2023,CUST-00021,127.3
3/1/2023,CUST-00021,127.3
4/1/2023,CUST-00021,127.3
10/1/2023,CUST-00022,51.62
11/1/2023,CUST-00022,51.62
12/1/2023,CUST-00022,52.39
1/1/2024,CUST-00022,51.62
2/1/2024,CUST-00022,51.62
3/1/2024,CUST-00022,51.62
4/1/2024,CUST-00022,51.62
5/1/2024,CUST-00022,51.62
6/1/2024,CUST-00022,51.62
7/1/2024,CUST-00022,51.62
8/1/2024,CUST-00022,51.62
9/1/2024,CUST-00022,51.62
10/1/2024,CUST-00022,51.62
11/1/2024,CUST-00022,51.62
12/1/2024,CUST-00022,52.39
1/1/2025,CUST-00022,51.62
2/1/2025,CUST-00022,51.62
3/1/2025,CUST-00022,51.62
4/1/2025,CUST-00022,51.62
5/1/2025,CUST-00022,51.62
6/1/2025,CUST-00022,51.62
7/1/2025,CUST-00022,51.62
8/1/2025,CUST-00022,51.62
9/1/2025,CUST-00022,51.62
10/1/2025,CUST-00022,51.62
11/1/2025,CUST-00022,51.62
12/1/2025,CUST-00022,52.39
3/1/2022,CUST-00023,45.25
4/1/2022,CUST-00023,45.25
5/1/2022,CUST-00023,45.25
6/1/2022,CUST-00023,45.25
7/1/2022,CUST-00023,45.25
8/1/2022,CUST-00023,45.25
9/1/2022,CUST-00023,45.25
10/1/2022,CUST-00023,45.25
11/1/2022,CUST-00023,45.25
12/1/2022,CUST-00023,45.93
1/1/2023,CUST-00023,45.25
2/1/2023,CUST-00023,45.25
3/1/2023,CUST-00023,45.25
4/1/2023,CUST-00023,45.25
5/1/2023,CUST-00023,45.25
6/1/2023,CUST-00023,45.25
7/1/2023,CUST-00023,45.25
8/1/2023,CUST-00023,45.25
9/1/2023,CUST-00023,45.25
10/1/2023,CUST-00023,45.25
11/1/2023,CUST-00023,45.25
12/1/2023,CUST-00023,45.93
1/1/2024,CUST-00023,45.25
2/1/2024,CUST-00023,45.25
3/1/2024,CUST-00023,45.25
4/1/2024,CUST-00023,45.25
5/1/2024,CUST-00023,45.25
6/1/2024,CUST-00023,45.25
7/1/2024,CUST-00023,45.25
8/1/2024,CUST-00023,45.25
9/1/2024,CUST-00023,45.25
10/1/2024,CUST-00023,45.25
11/1/2024,CUST-00023,45.25
12/1/2024,CUST-00023,45.93
1/1/2025,CUST-00023,45.25
2/1/2025,CUST-00023,45.25
3/1/2025,CUST-00023,45.25
4/1/2025,CUST-00023,45.25
5/1/2025,CUST-00023,45.25
6/1/2025,CUST-00023,45.25
7/1/2025,CUST-00023,45.25
8/1/2025,CUST-00023,45.25
9/1/2025,CUST-00023,45.25
10/1/2025,CUST-00023,45.25
11/1/2025,CUST-00023,45.25
12/1/2025,CUST-00023,45.93
6/1/2023,CUST-00024,125.17
7/1/2023,CUST-00024,125.17
8/1/2023,CUST-00024,125.17
9/1/2023,CUST-00024,125.17
10/1/2023,CUST-00024,125.17
11/1/2023,CUST-00024,125.17
12/1/2023,CUST-00024,127.05
1/1/2024,CUST-00024,125.17
2/1/2024,CUST-00024,125.17
3/1/2024,CUST-00024,125.17
4/1/2024,CUST-00024,125.17
5/1/2024,CUST-00024,125.17
6/1/2024,CUST-00024,125.17
7/1/2024,CUST-00024,125.17
8/1/2024,CUST-00024,125.17
9/1/2024,CUST-00024,125.17
10/1/2024,CUST-00024,125.17
11/1/2024,CUST-00024,125.17
12/1/2024,CUST-00024,127.05
1/1/2025,CUST-00024,125.17
2/1/2025,CUST-00024,125.17
3/1/2025,CUST-00024,125.17
4/1/2025,CUST-00024,125.17
5/1/2025,CUST-00024,125.17
6/1/2025,CUST-00024,125.17
7/1/2025,CUST-00024,125.17
8/1/2025,CUST-00024,125.17
9/1/2025,CUST-00024,125.17
10/1/2025,CUST-00024,125.17
11/1/2025,CUST-00024,125.17
12/1/2025,CUST-00024,127.05
8/1/2023,CUST-00025,79.32
9/1/2023,CUST-00025,79.32
10/1/2023,CUST-00025,79.32
11/1/2023,CUST-00025,79.32
12/1/2023,CUST-00025,80.51
1/1/2024,CUST-00025,79.32
2/1/2024,CUST-00025,79.32
3/1/2024,CUST-00025,79.32
4/1/2024,CUST-00025,79.32
5/1/2024,CUST-00025,79.32
6/1/2024,CUST-00025,79.32
7/1/2024,CUST-00025,79.32
8/1/2024,CUST-00025,79.32
9/1/2024,CUST-00025,79.32
10/1/2024,CUST-00025,79.32
11/1/2024,CUST-00025,79.32
12/1/2024,CUST-00025,80.51
1/1/2025,CUST-00025,79.32
2/1/2025,CUST-00025,79.32
3/1/2025,CUST-00025,79.32
4/1/2025,CUST-00025,79.32
5/1/2025,CUST-00025,79.32
6/1/2025,CUST-00025,79.32
7/1/2025,CUST-00025,79.32
8/1/2025,CUST-00025,79.32
9/1/2025,CUST-00025,79.32
10/1/2025,CUST-00025,79.32
11/1/2025,CUST-00025,79.32
12/1/2025,CUST-00025,80.51
7/1/2025,CUST-00026,89.17
8/1/2025,CUST-00026,89.17
9/1/2025,CUST-00026,89.17
10/1/2025,CUST-00026,89.17
11/1/2025,CUST-00026,89.17
12/1/2025,CUST-00026,90.51
10/1/2024,CUST-00027,76.51
11/1/2024,CUST-00027,76.51
12/1/2024,CUST-00027,77.66
1/1/2025,CUST-00027,76.51
2/1/2025,CUST-00027,76.51
3/1/2025,CUST-00027,76.51
4/1/2025,CUST-00027,76.51
5/1/2025,CUST-00027,76.51
6/1/2025,CUST-00027,76.51
7/1/2025,CUST-00027,76.51
8/1/2025,CUST-00027,76.51
9/1/2025,CUST-00027,76.51
10/1/2025,CUST-00027,76.51
11/1/2025,CUST-00027,76.51
12/1/2025,CUST-00027,77.66
10/1/2022,CUST-00028,85.79
11/1/2022,CUST-00028,85.79
12/1/2022,CUST-00028,87.08
1/1/2023,CUST-00028,85.79
2/1/2023,CUST-00028,85.79
3/1/2023,CUST-00028,85.79
4/1/2023,CUST-00028,85.79
5/1/2023,CUST-00028,85.79
6/1/2023,CUST-00028,85.79
7/1/2023,CUST-00028,85.79
8/1/2023,CUST-00028,85.79
9/1/2023,CUST-00028,85.79
10/1/2023,CUST-00028,85.79
11/1/2023,CUST-00028,85.79
12/1/2023,CUST-00028,87.08
1/1/2024,CUST-00028,85.79
2/1/2024,CUST-00028,85.79
3/1/2024,CUST-00028,85.79
4/1/2024,CUST-00028,85.79
5/1/2024,CUST-00028,85.79
6/1/2024,CUST-00028,85.79
7/1/2024,CUST-00028,85.79
8/1/2024,CUST-00028,85.79
9/1/2024,CUST-00028,85.79
10/1/2024,CUST-00028,85.79
11/1/2024,CUST-00028,85.79
12/1/2024,CUST-00028,87.08
1/1/2025,CUST-00028,85.79
2/1/2025,CUST-00028,85.79
3/1/2025,CUST-00028,85.79
4/1/2025,CUST-00028,85.79
5/1/2025,CUST-00028,85.79
6/1/2025,CUST-00028,85.79
7/1/2025,CUST-00028,85.79
8/1/2025,CUST-00028,85.79
9/1/2025,CUST-00028,85.79
10/1/2025,CUST-00028,85.79
11/1/2025,CUST-00028,85.79
12/1/2025,CUST-00028,87.08
4/1/2022,CUST-00029,110.28
5/1/2022,CUST-00029,110.28
6/1/2022,CUST-00029,110.28
7/1/2022,CUST-00029,110.28
3/1/2024,CUST-00030,117.3
4/1/2024,CUST-00030,117.3
5/1/2024,CUST-00030,117.3
6/1/2024,CUST-00030,117.3
7/1/2024,CUST-00030,117.3
8/1/2024,CUST-00030,117.3
9/1/2024,CUST-00030,117.3
10/1/2024,CUST-00030,117.3
11/1/2024,CUST-00030,117.3
12/1/2024,CUST-00030,119.06
1/1/2025,CUST-00030,117.3
2/1/2025,CUST-00030,117.3
3/1/2025,CUST-00030,117.3
4/1/2025,CUST-00030,117.3
5/1/2025,CUST-00030,117.3
6/1/2025,CUST-00030,117.3
7/1/2025,CUST-00030,117.3
8/1/2025,CUST-00030,117.3
9/1/2025,CUST-00030,117.3
10/1/2025,CUST-00030,117.3
11/1/2025,CUST-00030,117.3
12/1/2025,CUST-00030,119.06
6/1/2023,CUST-00031,63.15
7/1/2023,CUST-00031,63.15
8/1/2023,CUST-00031,63.15
9/1/2023,CUST-00031,63.15
10/1/2023,CUST-00031,63.15
11/1/2023,CUST-00031,63.15
12/1/2023,CUST-00031,64.1
1/1/2024,CUST-00031,63.15
2/1/2024,CUST-00031,63.15
3/1/2024,CUST-00031,63.15
4/1/2024,CUST-00031,63.15
5/1/2024,CUST-00031,63.15
6/1/2024,CUST-00031,63.15
7/1/2024,CUST-00031,63.15
8/1/2024,CUST-00031,63.15
9/1/2024,CUST-00031,63.15
10/1/2024,CUST-00031,63.15
11/1/2024,CUST-00031,63.15
12/1/2024,CUST-00031,64.1
1/1/2025,CUST-00031,63.15
2/1/2025,CUST-00031,63.15
3/1/2025,CUST-00031,63.15
4/1/2025,CUST-00031,63.15
5/1/2025,CUST-00031,63.15
6/1/2025,CUST-00031,63.15
7/1/2025,CUST-00031,63.15
8/1/2025,CUST-00031,63.15
9/1/2025,CUST-00031,63.15
10/1/2025,CUST-00031,63.15
11/1/2025,CUST-00031,63.15
12/1/2025,CUST-00031,64.1
12/1/2022,CUST-00032,87.98
1/1/2023,CUST-00032,86.68
2/1/2023,CUST-00032,86.68
3/1/2023,CUST-00032,86.68
4/1/2023,CUST-00032,86.68
5/1/2023,CUST-00032,86.68
6/1/2023,CUST-00032,86.68
7/1/2023,CUST-00032,86.68
8/1/2023,CUST-00032,86.68
9/1/2023,CUST-00032,86.68
10/1/2023,CUST-00032,86.68
11/1/2023,CUST-00032,86.68
12/1/2023,CUST-00032,87.98
1/1/2024,CUST-00032,86.68
2/1/2024,CUST-00032,86.68
3/1/2024,CUST-00032,86.68
4/1/2024,CUST-00032,86.68
5/1/2024,CUST-00032,86.68
6/1/2024,CUST-00032,86.68
9/1/2022,CUST-00033,66.03
10/1/2022,CUST-00033,66.03
11/1/2022,CUST-00033,66.03
12/1/2022,CUST-00033,67.02
1/1/2023,CUST-00033,66.03
2/1/2023,CUST-00033,66.03
3/1/2023,CUST-00033,66.03
4/1/2023,CUST-00033,66.03
5/1/2023,CUST-00033,66.03
6/1/2023,CUST-00033,66.03
7/1/2023,CUST-00033,66.03
8/1/2023,CUST-00033,66.03
9/1/2023,CUST-00033,66.03
10/1/2023,CUST-00033,66.03
11/1/2023,CUST-00033,66.03
12/1/2023,CUST-00033,67.02
1/1/2024,CUST-00033,66.03
2/1/2024,CUST-00033,66.03
3/1/2024,CUST-00033,66.03
4/1/2024,CUST-00033,66.03
5/1/2024,CUST-00033,66.03
6/1/2024,CUST-00033,66.03
7/1/2024,CUST-00033,66.03
8/1/2024,CUST-00033,66.03
9/1/2024,CUST-00033,66.03
10/1/2024,CUST-00033,66.03
11/1/2024,CUST-00033,66.03
12/1/2024,CUST-00033,67.02
1/1/2025,CUST-00033,66.03
2/1/2025,CUST-00033,66.03
3/1/2025,CUST-00033,66.03
4/1/2025,CUST-00033,66.03
5/1/2025,CUST-00033,66.03
6/1/2025,CUST-00033,66.03
7/1/2025,CUST-00033,66.03
8/1/2025,CUST-00033,66.03
9/1/2025,CUST-00033,66.03
10/1/2025,CUST-00033,66.03
11/1/2025,CUST-00033,66.03
12/1/2025,CUST-00033,67.02
6/1/2024,CUST-00034,103.66
7/1/2024,CUST-00034,103.66
8/1/2024,CUST-00034,103.66
9/1/2024,CUST-00034,103.66
10/1/2024,CUST-00034,103.66
6/1/2022,CUST-00035,81.66
7/1/2022,CUST-00035,81.66
8/1/2022,CUST-00035,81.66
9/1/2022,CUST-00035,81.66
10/1/2022,CUST-00035,81.66
11/1/2022,CUST-00035,81.66
12/1/2022,CUST-00035,82.88
1/1/2023,CUST-00035,81.66
2/1/2023,CUST-00035,81.66
3/1/2023,CUST-00035,81.66
4/1/2023,CUST-00035,81.66
5/1/2023,CUST-00035,81.66
6/1/2023,CUST-00035,81.66
7/1/2023,CUST-00035,81.66
8/1/2023,CUST-00035,81.66
9/1/2023,CUST-00035,81.66
10/1/2023,CUST-00035,81.66
11/1/2023,CUST-00035,81.66
12/1/2023,CUST-00035,82.88
1/1/2024,CUST-00035,81.66
2/1/2024,CUST-00035,81.66
3/1/2024,CUST-00035,81.66
4/1/2024,CUST-00035,81.66
5/1/2024,CUST-00035,81.66
6/1/2024,CUST-00035,81.66
7/1/2024,CUST-00035,81.66
8/1/2024,CUST-00035,81.66
9/1/2024,CUST-00035,81.66
10/1/2024,CUST-00035,81.66
11/1/2024,CUST-00035,81.66
12/1/2024,CUST-00035,82.88
1/1/2025,CUST-00035,81.66
2/1/2025,CUST-00035,81.66
3/1/2025,CUST-00035,81.66
4/1/2025,CUST-00035,81.66
5/1/2025,CUST-00035,81.66
6/1/2025,CUST-00035,81.66
7/1/2025,CUST-00035,81.66
8/1/2025,CUST-00035,81.66
9/1/2025,CUST-00035,81.66
10/1/2025,CUST-00035,81.66
11/1/2025,CUST-00035,81.66
12/1/2025,CUST-00035,82.88
9/1/2025,CUST-00036,69.59
10/1/2025,CUST-00036,69.59
11/1/2025,CUST-00036,69.59
12/1/2025,CUST-00036,70.63
9/1/2024,CUST-00037,100.42
10/1/2024,CUST-00037,100.42
11/1/2024,CUST-00037,100.42
12/1/2024,CUST-00037,101.93
1/1/2025,CUST-00037,100.42
2/1/2025,CUST-00037,100.42
3/1/2025,CUST-00037,100.42
4/1/2025,CUST-00037,100.42
5/1/2025,CUST-00037,100.42
6/1/2025,CUST-00037,100.42
7/1/2025,CUST-00037,100.42
8/1/2025,CUST-00037,100.42
9/1/2025,CUST-00037,100.42
10/1/2025,CUST-00037,100.42
11/1/2025,CUST-00037,100.42
12/1/2025,CUST-00037,101.93
9/1/2025,CUST-00038,53.05
10/1/2025,CUST-00038,53.05
11/1/2025,CUST-00038,53.05
12/1/2024,CUST-00039,117.83
1/1/2025,CUST-00039,116.09
2/1/2025,CUST-00039,116.09
3/1/2025,CUST-00039,116.09
4/1/2025,CUST-00039,116.09
5/1/2025,CUST-00039,116.09
6/1/2025,CUST-00039,116.09
7/1/2025,CUST-00039,116.09
8/1/2025,CUST-00039,116.09
9/1/2025,CUST-00039,116.09
10/1/2025,CUST-00039,116.09
11/1/2025,CUST-00039,116.09
12/1/2025,CUST-00039,117.83
9/1/2025,CUST-00040,38.81
10/1/2025,CUST-00040,38.81
11/1/2025,CUST-00040,38.81
10/1/2024,CUST-00041,64.52
11/1/2024,CUST-00041,64.52
12/1/2024,CUST-00041,65.49
1/1/2025,CUST-00041,64.52
2/1/2025,CUST-00041,64.52
3/1/2025,CUST-00041,64.52
4/1/2025,CUST-00041,64.52
5/1/2025,CUST-00041,64.52
6/1/2025,CUST-00041,64.52
7/1/2025,CUST-00041,64.52
8/1/2025,CUST-00041,64.52
9/1/2025,CUST-00041,64.52
10/1/2025,CUST-00041,64.52
11/1/2025,CUST-00041,64.52
12/1/2025,CUST-00041,65.49
12/1/2024,CUST-00042,37.04
1/1/2025,CUST-00042,36.49
2/1/2025,CUST-00042,36.49
3/1/2025,CUST-00042,36.49
4/1/2025,CUST-00042,36.49
5/1/2025,CUST-00042,36.49
6/1/2025,CUST-00042,36.49
7/1/2025,CUST-00042,36.49
8/1/2025,CUST-00042,36.49
10/1/2022,CUST-00043,96.98
11/1/2022,CUST-00043,96.98
12/1/2022,CUST-00043,98.43
1/1/2023,CUST-00043,96.98
2/1/2023,CUST-00043,96.98
3/1/2023,CUST-00043,96.98
4/1/2023,CUST-00043,96.98
5/1/2023,CUST-00043,96.98
6/1/2023,CUST-00043,96.98
7/1/2023,CUST-00043,96.98
8/1/2023,CUST-00043,96.98
9/1/2023,CUST-00043,96.98
10/1/2023,CUST-00043,96.98
11/1/2023,CUST-00043,96.98
12/1/2023,CUST-00043,98.43
1/1/2024,CUST-00043,96.98
2/1/2024,CUST-00043,96.98
3/1/2024,CUST-00043,96.98
4/1/2024,CUST-00043,96.98
5/1/2024,CUST-00043,96.98
6/1/2024,CUST-00043,96.98
7/1/2024,CUST-00043,96.98
8/1/2024,CUST-00043,96.98
9/1/2024,CUST-00043,96.98
10/1/2024,CUST-00043,96.98
11/1/2024,CUST-00043,96.98
12/1/2024,CUST-00043,98.43
1/1/2025,CUST-00043,96.98
2/1/2025,CUST-00043,96.98
3/1/2025,CUST-00043,96.98
4/1/2025,CUST-00043,96.98
5/1/2025,CUST-00043,96.98
6/1/2025,CUST-00043,96.98
7/1/2025,CUST-00043,96.98
8/1/2025,CUST-00043,96.98
9/1/2025,CUST-00043,96.98
10/1/2025,CUST-00043,96.98
11/1/2025,CUST-00043,96.98
12/1/2025,CUST-00043,98.43
9/1/2022,CUST-00044,44.57
10/1/2022,CUST-00044,44.57
11/1/2022,CUST-00044,44.57
12/1/2022,CUST-00044,45.24
1/1/2023,CUST-00044,44.57
12/1/2023,CUST-00045,120.39
1/1/2024,CUST-00045,118.61
2/1/2024,CUST-00045,118.61
3/1/2024,CUST-00045,118.61
4/1/2024,CUST-00045,118.61
5/1/2024,CUST-00045,118.61
6/1/2024,CUST-00045,118.61
10/1/2022,CUST-00046,76.32
11/1/2022,CUST-00046,76.32
12/1/2022,CUST-00046,77.46
1/1/2023,CUST-00046,76.32
2/1/2023,CUST-00046,76.32
3/1/2023,CUST-00046,76.32
4/1/2023,CUST-00046,76.32
5/1/2023,CUST-00046,76.32
6/1/2023,CUST-00046,76.32
7/1/2023,CUST-00046,76.32
8/1/2023,CUST-00046,76.32
9/1/2023,CUST-00046,76.32
10/1/2023,CUST-00046,76.32
11/1/2023,CUST-00046,76.32
12/1/2023,CUST-00046,77.46
1/1/2024,CUST-00046,76.32
2/1/2024,CUST-00046,76.32
3/1/2024,CUST-00046,76.32
4/1/2024,CUST-00046,76.32
5/1/2024,CUST-00046,76.32
6/1/2024,CUST-00046,76.32
7/1/2024,CUST-00046,76.32
8/1/2024,CUST-00046,76.32
9/1/2024,CUST-00046,76.32
10/1/2024,CUST-00046,76.32
11/1/2024,CUST-00046,76.32
12/1/2024,CUST-00046,77.46
1/1/2025,CUST-00046,76.32
2/1/2025,CUST-00046,76.32
3/1/2025,CUST-00046,76.32
4/1/2025,CUST-00046,76.32
5/1/2025,CUST-00046,76.32
6/1/2025,CUST-00046,76.32
7/1/2025,CUST-00046,76.32
8/1/2025,CUST-00046,76.32
9/1/2025,CUST-00046,76.32
10/1/2025,CUST-00046,76.32
11/1/2025,CUST-00046,76.32
12/1/2025,CUST-00046,77.46
5/1/2023,CUST-00047,65.68
6/1/2023,CUST-00047,65.68
7/1/2023,CUST-00047,65.68
8/1/2023,CUST-00047,65.68
9/1/2023,CUST-00047,65.68
10/1/2023,CUST-00047,65.68
11/1/2023,CUST-00047,65.68
12/1/2023,CUST-00047,66.67
1/1/2024,CUST-00047,65.68
2/1/2024,CUST-00047,65.68
3/1/2024,CUST-00047,65.68
4/1/2024,CUST-00047,65.68
5/1/2024,CUST-00047,65.68
6/1/2024,CUST-00047,65.68
7/1/2024,CUST-00047,65.68
8/1/2024,CUST-00047,65.68
9/1/2024,CUST-00047,65.68
10/1/2024,CUST-00047,65.68
11/1/2024,CUST-00047,65.68
4/1/2022,CUST-00048,100.05
5/1/2022,CUST-00048,100.05
6/1/2022,CUST-00048,100.05
7/1/2022,CUST-00048,100.05
8/1/2022,CUST-00048,100.05
9/1/2022,CUST-00048,100.05
10/1/2022,CUST-00048,100.05
11/1/2022,CUST-00048,100.05
12/1/2022,CUST-00048,101.55
1/1/2023,CUST-00048,100.05
2/1/2023,CUST-00048,100.05
3/1/2023,CUST-00048,100.05
4/1/2023,CUST-00048,100.05
5/1/2023,CUST-00048,100.05
6/1/2023,CUST-00048,100.05
7/1/2023,CUST-00048,100.05
8/1/2023,CUST-00048,100.05
9/1/2023,CUST-00048,100.05
10/1/2023,CUST-00048,100.05
11/1/2023,CUST-00048,100.05
12/1/2023,CUST-00048,101.55
1/1/2024,CUST-00048,100.05
2/1/2024,CUST-00048,100.05
3/1/2024,CUST-00048,100.05
4/1/2024,CUST-00048,100.05
5/1/2024,CUST-00048,100.05
6/1/2024,CUST-00048,100.05
7/1/2024,CUST-00048,100.05
8/1/2024,CUST-00048,100.05
9/1/2024,CUST-00048,100.05
10/1/2024,CUST-00048,100.05
11/1/2024,CUST-00048,100.05
12/1/2024,CUST-00048,101.55
1/1/2025,CUST-00048,100.05
2/1/2025,CUST-00048,100.05
3/1/2025,CUST-00048,100.05
4/1/2025,CUST-00048,100.05
5/1/2025,CUST-00048,100.05
6/1/2025,CUST-00048,100.05
7/1/2025,CUST-00048,100.05
8/1/2025,CUST-00048,100.05
9/1/2025,CUST-00048,100.05
10/1/2025,CUST-00048,100.05
11/1/2025,CUST-00048,100.05
12/1/2025,CUST-00048,101.55
5/1/2022,CUST-00049,55.63
6/1/2022,CUST-00049,55.63
7/1/2022,CUST-00049,55.63
8/1/2022,CUST-00049,55.63
9/1/2022,CUST-00049,55.63
10/1/2022,CUST-00049,55.63
11/1/2022,CUST-00049,55.63
12/1/2022,CUST-00049,56.46
1/1/2023,CUST-00049,55.63
2/1/2023,CUST-00049,55.63
3/1/2023,CUST-00049,55.63
4/1/2023,CUST-00049,55.63
5/1/2023,CUST-00049,55.63
6/1/2023,CUST-00049,55.63
7/1/2023,CUST-00049,55.63
8/1/2023,CUST-00049,55.63
9/1/2023,CUST-00049,55.63
10/1/2023,CUST-00049,55.63
11/1/2023,CUST-00049,55.63
12/1/2023,CUST-00049,56.46
1/1/2024,CUST-00049,55.63
2/1/2024,CUST-00049,55.63
3/1/2024,CUST-00049,55.63
4/1/2024,CUST-00049,55.63
5/1/2024,CUST-00049,55.63
6/1/2024,CUST-00049,55.63
7/1/2024,CUST-00049,55.63
8/1/2024,CUST-00049,55.63
9/1/2024,CUST-00049,55.63
10/1/2024,CUST-00049,55.63
11/1/2024,CUST-00049,55.63
12/1/2024,CUST-00049,56.46
1/1/2025,CUST-00049,55.63
2/1/2025,CUST-00049,55.63
3/1/2025,CUST-00049,55.63
4/1/2025,CUST-00049,55.63
5/1/2025,CUST-00049,55.63
6/1/2025,CUST-00049,55.63
7/1/2025,CUST-00049,55.63
8/1/2025,CUST-00049,55.63
9/1/2025,CUST-00049,55.63
10/1/2025,CUST-00049,55.63
11/1/2025,CUST-00049,55.63
12/1/2025,CUST-00049,56.46
8/1/2024,CUST-00050,70.62
9/1/2024,CUST-00050,70.62
10/1/2024,CUST-00050,70.62
11/1/2024,CUST-00050,70.62
12/1/2024,CUST-00050,71.68
1/1/2025,CUST-00050,70.62
2/1/2025,CUST-00050,70.62
3/1/2025,CUST-00050,70.62
4/1/2025,CUST-00050,70.62
5/1/2025,CUST-00050,70.62
6/1/2025,CUST-00050,70.62
7/1/2025,CUST-00050,70.62
8/1/2025,CUST-00050,70.62
9/1/2025,CUST-00050,70.62
10/1/2025,CUST-00050,70.62
11/1/2025,CUST-00050,70.62
12/1/2025,CUST-00050,71.68
3/1/2024,CUST-00051,84.92
4/1/2024,CUST-00051,84.92
5/1/2024,CUST-00051,84.92
6/1/2024,CUST-00051,84.92
7/1/2024,CUST-00051,84.92
8/1/2024,CUST-00051,84.92
9/1/2024,CUST-00051,84.92
10/1/2024,CUST-00051,84.92
11/1/2024,CUST-00051,84.92
12/1/2024,CUST-00051,86.19
1/1/2025,CUST-00051,84.92
2/1/2025,CUST-00051,84.92
3/1/2025,CUST-00051,84.92
4/1/2025,CUST-00051,84.92
5/1/2025,CUST-00051,84.92
6/1/2025,CUST-00051,84.92
7/1/2025,CUST-00051,84.92
8/1/2025,CUST-00051,84.92
9/1/2025,CUST-00051,84.92
10/1/2025,CUST-00051,84.92
11/1/2025,CUST-00051,84.92
12/1/2025,CUST-00051,86.19
1/1/2023,CUST-00052,44.18
2/1/2023,CUST-00052,44.18
3/1/2023,CUST-00052,44.18
4/1/2023,CUST-00052,44.18
5/1/2023,CUST-00052,44.18
6/1/2023,CUST-00052,44.18
7/1/2023,CUST-00052,44.18
8/1/2023,CUST-00052,44.18
9/1/2023,CUST-00052,44.18
10/1/2023,CUST-00052,44.18
11/1/2023,CUST-00052,44.18
12/1/2023,CUST-00052,44.84
1/1/2024,CUST-00052,44.18
2/1/2024,CUST-00052,44.18
3/1/2024,CUST-00052,44.18
4/1/2024,CUST-00052,44.18
5/1/2024,CUST-00052,44.18
6/1/2024,CUST-00052,44.18
7/1/2024,CUST-00052,44.18
8/1/2024,CUST-00052,44.18
9/1/2024,CUST-00052,44.18
10/1/2024,CUST-00052,44.18
11/1/2024,CUST-00052,44.18
12/1/2024,CUST-00052,44.84
1/1/2025,CUST-00052,44.18
2/1/2025,CUST-00052,44.18
3/1/2025,CUST-00052,44.18
4/1/2025,CUST-00052,44.18
5/1/2025,CUST-00052,44.18
6/1/2025,CUST-00052,44.18
7/1/2025,CUST-00052,44.18
8/1/2025,CUST-00052,44.18
9/1/2025,CUST-00052,44.18
10/1/2025,CUST-00052,44.18
11/1/2025,CUST-00052,44.18
12/1/2025,CUST-00052,44.84
8/1/2025,CUST-00053,55.59
9/1/2025,CUST-00053,55.59
10/1/2025,CUST-00053,55.59
1/1/2023,CUST-00054,85
2/1/2023,CUST-00054,85
3/1/2023,CUST-00054,85
4/1/2023,CUST-00054,85
5/1/2023,CUST-00054,85
6/1/2023,CUST-00054,85
7/1/2023,CUST-00054,85
8/1/2023,CUST-00054,85
9/1/2023,CUST-00054,85
10/1/2023,CUST-00054,85
11/1/2023,CUST-00054,85
12/1/2023,CUST-00054,86.28
1/1/2024,CUST-00054,85
2/1/2024,CUST-00054,85
3/1/2024,CUST-00054,85
4/1/2024,CUST-00054,85
5/1/2024,CUST-00054,85
6/1/2024,CUST-00054,85
7/1/2024,CUST-00054,85
8/1/2024,CUST-00054,85
9/1/2024,CUST-00054,85
10/1/2024,CUST-00054,85
11/1/2024,CUST-00054,85
12/1/2024,CUST-00054,86.28
1/1/2025,CUST-00054,85
2/1/2025,CUST-00054,85
3/1/2025,CUST-00054,85
4/1/2025,CUST-00054,85
5/1/2025,CUST-00054,85
6/1/2025,CUST-00054,85
12/1/2023,CUST-00055,90.02
1/1/2024,CUST-00055,88.69
2/1/2024,CUST-00055,88.69
3/1/2024,CUST-00055,88.69
4/1/2024,CUST-00055,88.69
5/1/2024,CUST-00055,88.69
6/1/2024,CUST-00055,88.69
7/1/2024,CUST-00055,88.69
8/1/2024,CUST-00055,88.69
9/1/2024,CUST-00055,88.69
10/1/2024,CUST-00055,88.69
11/1/2024,CUST-00055,88.69
12/1/2024,CUST-00055,90.02
1/1/2025,CUST-00055,88.69
2/1/2025,CUST-00055,88.69
3/1/2025,CUST-00055,88.69
4/1/2025,CUST-00055,88.69
5/1/2025,CUST-00055,88.69
6/1/2025,CUST-00055,88.69
7/1/2025,CUST-00055,88.69
8/1/2025,CUST-00055,88.69
9/1/2025,CUST-00055,88.69
10/1/2025,CUST-00055,88.69
11/1/2025,CUST-00055,88.69
12/1/2025,CUST-00055,90.02
6/1/2023,CUST-00056,83.29
7/1/2023,CUST-00056,83.29
8/1/2023,CUST-00056,83.29
9/1/2023,CUST-00056,83.29
10/1/2023,CUST-00056,83.29
11/1/2023,CUST-00056,83.29
12/1/2023,CUST-00056,84.54
1/1/2024,CUST-00056,83.29
2/1/2024,CUST-00056,83.29
3/1/2024,CUST-00056,83.29
4/1/2024,CUST-00056,83.29
5/1/2024,CUST-00056,83.29
6/1/2024,CUST-00056,83.29
7/1/2024,CUST-00056,83.29
8/1/2024,CUST-00056,83.29
9/1/2024,CUST-00056,83.29
10/1/2024,CUST-00056,83.29
11/1/2024,CUST-00056,83.29
12/1/2024,CUST-00056,84.54
1/1/2025,CUST-00056,83.29
2/1/2025,CUST-00056,83.29
3/1/2025,CUST-00056,83.29
4/1/2025,CUST-00056,83.29
5/1/2025,CUST-00056,83.29
6/1/2025,CUST-00056,83.29
7/1/2025,CUST-00056,83.29
8/1/2025,CUST-00056,83.29
9/1/2025,CUST-00056,83.29
10/1/2025,CUST-00056,83.29
11/1/2025,CUST-00056,83.29
12/1/2025,CUST-00056,84.54
4/1/2022,CUST-00057,119.43
5/1/2022,CUST-00057,119.43
6/1/2022,CUST-00057,119.43
7/1/2022,CUST-00057,119.43
8/1/2022,CUST-00057,119.43
9/1/2022,CUST-00057,119.43
10/1/2022,CUST-00057,119.43
11/1/2022,CUST-00057,119.43
12/1/2022,CUST-00057,121.22
1/1/2023,CUST-00057,119.43
2/1/2023,CUST-00057,119.43
3/1/2023,CUST-00057,119.43
4/1/2023,CUST-00057,119.43
5/1/2023,CUST-00057,119.43
6/1/2023,CUST-00057,119.43
7/1/2023,CUST-00057,119.43
8/1/2023,CUST-00057,119.43
9/1/2023,CUST-00057,119.43
10/1/2023,CUST-00057,119.43
11/1/2023,CUST-00057,119.43
12/1/2023,CUST-00057,121.22
1/1/2024,CUST-00057,119.43
2/1/2024,CUST-00057,119.43
3/1/2024,CUST-00057,119.43
4/1/2024,CUST-00057,119.43
5/1/2024,CUST-00057,119.43
6/1/2024,CUST-00057,119.43
7/1/2024,CUST-00057,119.43
8/1/2024,CUST-00057,119.43
9/1/2024,CUST-00057,119.43
10/1/2024,CUST-00057,119.43
11/1/2024,CUST-00057,119.43
12/1/2024,CUST-00057,121.22
1/1/2025,CUST-00057,119.43
2/1/2025,CUST-00057,119.43
3/1/2025,CUST-00057,119.43
4/1/2025,CUST-00057,119.43
5/1/2025,CUST-00057,119.43
6/1/2025,CUST-00057,119.43
7/1/2025,CUST-00057,119.43
8/1/2025,CUST-00057,119.43
9/1/2025,CUST-00057,119.43
10/1/2025,CUST-00057,119.43
11/1/2025,CUST-00057,119.43
12/1/2025,CUST-00057,121.22
2/1/2023,CUST-00058,49.02
3/1/2023,CUST-00058,49.02
4/1/2023,CUST-00058,49.02
5/1/2023,CUST-00058,49.02
6/1/2023,CUST-00058,49.02
7/1/2023,CUST-00058,49.02
8/1/2023,CUST-00058,49.02
3/1/2024,CUST-00059,41.8
4/1/2024,CUST-00059,41.8
5/1/2024,CUST-00059,41.8
6/1/2024,CUST-00059,41.8
7/1/2024,CUST-00059,41.8
8/1/2024,CUST-00059,41.8
9/1/2024,CUST-00059,41.8
10/1/2024,CUST-00059,41.8
11/1/2024,CUST-00059,41.8
12/1/2024,CUST-00059,42.43
1/1/2025,CUST-00059,41.8
2/1/2025,CUST-00059,41.8
3/1/2025,CUST-00059,41.8
4/1/2025,CUST-00059,41.8
5/1/2025,CUST-00059,41.8
6/1/2025,CUST-00059,41.8
7/1/2025,CUST-00059,41.8
8/1/2025,CUST-00059,41.8
9/1/2025,CUST-00059,41.8
10/1/2025,CUST-00059,41.8
11/1/2025,CUST-00059,41.8
12/1/2025,CUST-00059,42.43
11/1/2023,CUST-00060,83.62
12/1/2023,CUST-00060,84.87
1/1/2024,CUST-00060,83.62
2/1/2024,CUST-00060,83.62
3/1/2024,CUST-00060,83.62
4/1/2024,CUST-00060,83.62
5/1/2024,CUST-00060,83.62
6/1/2024,CUST-00060,83.62
7/1/2024,CUST-00060,83.62
8/1/2024,CUST-00060,83.62
9/1/2024,CUST-00060,83.62
10/1/2024,CUST-00060,83.62
11/1/2024,CUST-00060,83.62
12/1/2024,CUST-00060,84.87
1/1/2025,CUST-00060,83.62
2/1/2025,CUST-00060,83.62
3/1/2025,CUST-00060,83.62
4/1/2025,CUST-00060,83.62
5/1/2025,CUST-00060,83.62
6/1/2025,CUST-00060,83.62
7/1/2025,CUST-00060,83.62
8/1/2025,CUST-00060,83.62
9/1/2025,CUST-00060,83.62
10/1/2025,CUST-00060,83.62
11/1/2025,CUST-00060,83.62
12/1/2025,CUST-00060,84.87
4/1/2024,CUST-00061,86.91
5/1/2024,CUST-00061,86.91
6/1/2024,CUST-00061,86.91
7/1/2024,CUST-00061,86.91
1/1/2025,CUST-00062,56.34
2/1/2025,CUST-00062,56.34
3/1/2025,CUST-00062,56.34
4/1/2025,CUST-00062,56.34
5/1/2025,CUST-00062,56.34
6/1/2025,CUST-00062,56.34
7/1/2025,CUST-00062,56.34
8/1/2025,CUST-00062,56.34
9/1/2025,CUST-00062,56.34
10/1/2025,CUST-00062,56.34
11/1/2025,CUST-00062,56.34
12/1/2025,CUST-00062,57.19
7/1/2025,CUST-00063,71.21
8/1/2025,CUST-00063,71.21
9/1/2025,CUST-00063,71.21
10/1/2025,CUST-00063,71.21
11/1/2025,CUST-00063,71.21
12/1/2025,CUST-00063,72.28
3/1/2024,CUST-00064,85.99
4/1/2024,CUST-00064,85.99
5/1/2024,CUST-00064,85.99
6/1/2024,CUST-00064,85.99
7/1/2024,CUST-00064,85.99
8/1/2024,CUST-00064,85.99
9/1/2024,CUST-00064,85.99
10/1/2024,CUST-00064,85.99
11/1/2024,CUST-00064,85.99
12/1/2024,CUST-00064,87.28
1/1/2025,CUST-00064,85.99
2/1/2025,CUST-00064,85.99
3/1/2025,CUST-00064,85.99
4/1/2025,CUST-00064,85.99
5/1/2025,CUST-00064,85.99
6/1/2025,CUST-00064,85.99
7/1/2025,CUST-00064,85.99
8/1/2025,CUST-00064,85.99
9/1/2025,CUST-00064,85.99
10/1/2025,CUST-00064,85.99
11/1/2025,CUST-00064,85.99
12/1/2025,CUST-00064,87.28
4/1/2023,CUST-00065,66.71
5/1/2023,CUST-00065,66.71
6/1/2023,CUST-00065,66.71
7/1/2023,CUST-00065,66.71
8/1/2023,CUST-00065,66.71
9/1/2023,CUST-00065,66.71
10/1/2023,CUST-00065,66.71
11/1/2023,CUST-00065,66.71
12/1/2023,CUST-00065,67.71
1/1/2024,CUST-00065,66.71
2/1/2024,CUST-00065,66.71
3/1/2024,CUST-00065,66.71
4/1/2024,CUST-00065,66.71
5/1/2024,CUST-00065,66.71
6/1/2024,CUST-00065,66.71
7/1/2024,CUST-00065,66.71
8/1/2024,CUST-00065,66.71
9/1/2024,CUST-00065,66.71
10/1/2024,CUST-00065,66.71
11/1/2024,CUST-00065,66.71
12/1/2024,CUST-00065,67.71
1/1/2025,CUST-00065,66.71
2/1/2025,CUST-00065,66.71
3/1/2025,CUST-00065,66.71
4/1/2025,CUST-00065,66.71
5/1/2025,CUST-00065,66.71
6/1/2025,CUST-00065,66.71
7/1/2025,CUST-00065,66.71
8/1/2025,CUST-00065,66.71
9/1/2025,CUST-00065,66.71
10/1/2025,CUST-00065,66.71
11/1/2025,CUST-00065,66.71
12/1/2025,CUST-00065,67.71
9/1/2023,CUST-00066,76
10/1/2023,CUST-00066,76
11/1/2023,CUST-00066,76
12/1/2023,CUST-00066,77.14
1/1/2024,CUST-00066,76
2/1/2024,CUST-00066,76
3/1/2024,CUST-00066,76
4/1/2024,CUST-00066,76
5/1/2024,CUST-00066,76
6/1/2024,CUST-00066,76
7/1/2024,CUST-00066,76
8/1/2024,CUST-00066,76
9/1/2024,CUST-00066,76
10/1/2024,CUST-00066,76
11/1/2024,CUST-00066,76
12/1/2024,CUST-00066,77.14
1/1/2025,CUST-00066,76
2/1/2025,CUST-00066,76
3/1/2025,CUST-00066,76
4/1/2025,CUST-00066,76
5/1/2025,CUST-00066,76
6/1/2025,CUST-00066,76
7/1/2025,CUST-00066,76
8/1/2025,CUST-00066,76
9/1/2025,CUST-00066,76
10/1/2025,CUST-00066,76
11/1/2025,CUST-00066,76
12/1/2025,CUST-00066,77.14
2/1/2024,CUST-00067,106.13
3/1/2024,CUST-00067,106.13
4/1/2024,CUST-00067,106.13
5/1/2024,CUST-00067,106.13
6/1/2024,CUST-00067,106.13
7/1/2024,CUST-00067,106.13
8/1/2024,CUST-00067,106.13
9/1/2024,CUST-00067,106.13
10/1/2024,CUST-00067,106.13
11/1/2024,CUST-00067,106.13
12/1/2024,CUST-00067,107.72
1/1/2025,CUST-00067,106.13
2/1/2025,CUST-00067,106.13
3/1/2025,CUST-00067,106.13
4/1/2025,CUST-00067,106.13
5/1/2025,CUST-00067,106.13
6/1/2025,CUST-00067,106.13
7/1/2025,CUST-00067,106.13
8/1/2025,CUST-00067,106.13
9/1/2025,CUST-00067,106.13
10/1/2025,CUST-00067,106.13
11/1/2025,CUST-00067,106.13
12/1/2025,CUST-00067,107.72
7/1/2022,CUST-00068,44.37
8/1/2022,CUST-00068,44.37
9/1/2022,CUST-00068,44.37
10/1/2022,CUST-00068,44.37
11/1/2022,CUST-00068,44.37
12/1/2022,CUST-00068,45.04
1/1/2023,CUST-00068,44.37
2/1/2023,CUST-00068,44.37
3/1/2023,CUST-00068,44.37
4/1/2023,CUST-00068,44.37
5/1/2023,CUST-00068,44.37
6/1/2023,CUST-00068,44.37
7/1/2023,CUST-00068,44.37
8/1/2023,CUST-00068,44.37
9/1/2023,CUST-00068,44.37
10/1/2023,CUST-00068,44.37
11/1/2023,CUST-00068,44.37
12/1/2023,CUST-00068,45.04
1/1/2024,CUST-00068,44.37
2/1/2024,CUST-00068,44.37
3/1/2024,CUST-00068,44.37
4/1/2024,CUST-00068,44.37
5/1/2024,CUST-00068,44.37
6/1/2024,CUST-00068,44.37
7/1/2024,CUST-00068,44.37
8/1/2024,CUST-00068,44.37
9/1/2024,CUST-00068,44.37
10/1/2024,CUST-00068,44.37
11/1/2024,CUST-00068,44.37
12/1/2024,CUST-00068,45.04
1/1/2025,CUST-00068,44.37
2/1/2025,CUST-00068,44.37
3/1/2025,CUST-00068,44.37
4/1/2025,CUST-00068,44.37
5/1/2025,CUST-00068,44.37
6/1/2025,CUST-00068,44.37
7/1/2025,CUST-00068,44.37
8/1/2025,CUST-00068,44.37
9/1/2025,CUST-00068,44.37
10/1/2025,CUST-00068,44.37
11/1/2025,CUST-00068,44.37
12/1/2025,CUST-00068,45.04
2/1/2025,CUST-00069,77.14
3/1/2025,CUST-00069,77.14
4/1/2025,CUST-00069,77.14
5/1/2025,CUST-00069,77.14
6/1/2025,CUST-00069,77.14
7/1/2025,CUST-00069,77.14
8/1/2025,CUST-00069,77.14
9/1/2025,CUST-00069,77.14
10/1/2025,CUST-00069,77.14
11/1/2025,CUST-00069,77.14
12/1/2025,CUST-00069,78.3
5/1/2025,CUST-00070,61.5
6/1/2025,CUST-00070,61.5
7/1/2025,CUST-00070,61.5
8/1/2025,CUST-00070,61.5
9/1/2025,CUST-00070,61.5
10/1/2025,CUST-00070,61.5
11/1/2025,CUST-00070,61.5
12/1/2025,CUST-00070,62.42
9/1/2023,CUST-00071,115.34
10/1/2023,CUST-00071,115.34
11/1/2023,CUST-00071,115.34
12/1/2023,CUST-00071,117.07
1/1/2024,CUST-00071,115.34
2/1/2024,CUST-00071,115.34
3/1/2024,CUST-00071,115.34
4/1/2024,CUST-00071,115.34
5/1/2024,CUST-00071,115.34
6/1/2024,CUST-00071,115.34
7/1/2024,CUST-00071,115.34
8/1/2024,CUST-00071,115.34
9/1/2024,CUST-00071,115.34
10/1/2024,CUST-00071,115.34
11/1/2024,CUST-00071,115.34
12/1/2024,CUST-00071,117.07
1/1/2025,CUST-00071,115.34
2/1/2025,CUST-00071,115.34
3/1/2025,CUST-00071,115.34
4/1/2025,CUST-00071,115.34
5/1/2025,CUST-00071,115.34
6/1/2025,CUST-00071,115.34
7/1/2025,CUST-00071,115.34
8/1/2025,CUST-00071,115.34
9/1/2025,CUST-00071,115.34
10/1/2025,CUST-00071,115.34
11/1/2025,CUST-00071,115.34
12/1/2025,CUST-00071,117.07
8/1/2024,CUST-00072,82.12
9/1/2024,CUST-00072,82.12
10/1/2024,CUST-00072,82.12
11/1/2024,CUST-00072,82.12
12/1/2024,CUST-00072,83.35
1/1/2025,CUST-00072,82.12
2/1/2024,CUST-00073,55.69
3/1/2024,CUST-00073,55.69
4/1/2024,CUST-00073,55.69
5/1/2024,CUST-00073,55.69
6/1/2024,CUST-00073,55.69
7/1/2024,CUST-00073,55.69
8/1/2024,CUST-00073,55.69
9/1/2024,CUST-00073,55.69
10/1/2024,CUST-00073,55.69
11/1/2024,CUST-00073,55.69
12/1/2024,CUST-00073,56.53
1/1/2025,CUST-00073,55.69
2/1/2025,CUST-00073,55.69
3/1/2025,CUST-00073,55.69
4/1/2025,CUST-00073,55.69
5/1/2025,CUST-00073,55.69
6/1/2025,CUST-00073,55.69
7/1/2025,CUST-00073,55.69
8/1/2025,CUST-00073,55.69
9/1/2025,CUST-00073,55.69
12/1/2023,CUST-00074,55.75
1/1/2024,CUST-00074,54.93
2/1/2024,CUST-00074,54.93
3/1/2024,CUST-00074,54.93
4/1/2024,CUST-00074,54.93
5/1/2024,CUST-00074,54.93
6/1/2024,CUST-00074,54.93
7/1/2024,CUST-00074,54.93
8/1/2024,CUST-00074,54.93
9/1/2024,CUST-00074,54.93
10/1/2024,CUST-00074,54.93
11/1/2024,CUST-00074,54.93
12/1/2024,CUST-00074,55.75
1/1/2025,CUST-00074,54.93
2/1/2025,CUST-00074,54.93
3/1/2025,CUST-00074,54.93
4/1/2025,CUST-00074,54.93
3/1/2023,CUST-00075,116.6
4/1/2023,CUST-00075,116.6
5/1/2023,CUST-00075,116.6
6/1/2023,CUST-00075,116.6
7/1/2023,CUST-00075,116.6
8/1/2023,CUST-00075,116.6
9/1/2023,CUST-00075,116.6
10/1/2023,CUST-00075,116.6
11/1/2023,CUST-00075,116.6
12/1/2023,CUST-00075,118.35
1/1/2024,CUST-00075,116.6
2/1/2024,CUST-00075,116.6
3/1/2024,CUST-00075,116.6
4/1/2024,CUST-00075,116.6
5/1/2024,CUST-00075,116.6
6/1/2024,CUST-00075,116.6
7/1/2024,CUST-00075,116.6
8/1/2024,CUST-00075,116.6
9/1/2024,CUST-00075,116.6
10/1/2024,CUST-00075,116.6
11/1/2024,CUST-00075,116.6
12/1/2024,CUST-00075,118.35
1/1/2025,CUST-00075,116.6
2/1/2025,CUST-00075,116.6
3/1/2025,CUST-00075,116.6
4/1/2025,CUST-00075,116.6
5/1/2025,CUST-00075,116.6
6/1/2025,CUST-00075,116.6
7/1/2025,CUST-00075,116.6
8/1/2025,CUST-00075,116.6
9/1/2025,CUST-00075,116.6
10/1/2025,CUST-00075,116.6
11/1/2025,CUST-00075,116.6
12/1/2025,CUST-00075,118.35
8/1/2023,CUST-00076,76.34
9/1/2023,CUST-00076,76.34
10/1/2023,CUST-00076,76.34
11/1/2023,CUST-00076,76.34
12/1/2023,CUST-00076,77.49
1/1/2024,CUST-00076,76.34
2/1/2024,CUST-00076,76.34
3/1/2024,CUST-00076,76.34
4/1/2024,CUST-00076,76.34
5/1/2024,CUST-00076,76.34
6/1/2024,CUST-00076,76.34
7/1/2024,CUST-00076,76.34
8/1/2024,CUST-00076,76.34
9/1/2024,CUST-00076,76.34
10/1/2024,CUST-00076,76.34
11/1/2024,CUST-00076,76.34
12/1/2024,CUST-00076,77.49
1/1/2025,CUST-00076,76.34
2/1/2025,CUST-00076,76.34
3/1/2025,CUST-00076,76.34
4/1/2025,CUST-00076,76.34
5/1/2025,CUST-00076,76.34
6/1/2025,CUST-00076,76.34
7/1/2025,CUST-00076,76.34
8/1/2025,CUST-00076,76.34
9/1/2025,CUST-00076,76.34
10/1/2025,CUST-00076,76.34
11/1/2025,CUST-00076,76.34
12/1/2025,CUST-00076,77.49
5/1/2023,CUST-00077,46.64
6/1/2023,CUST-00077,46.64
7/1/2023,CUST-00077,46.64
8/1/2023,CUST-00077,46.64
9/1/2023,CUST-00077,46.64
10/1/2023,CUST-00077,46.64
11/1/2023,CUST-00077,46.64
12/1/2023,CUST-00077,47.34
1/1/2024,CUST-00077,46.64
2/1/2024,CUST-00077,46.64
3/1/2024,CUST-00077,46.64
4/1/2024,CUST-00077,46.64
5/1/2024,CUST-00077,46.64
6/1/2024,CUST-00077,46.64
7/1/2024,CUST-00077,46.64
8/1/2024,CUST-00077,46.64
9/1/2024,CUST-00077,46.64
10/1/2024,CUST-00077,46.64
11/1/2024,CUST-00077,46.64
12/1/2024,CUST-00077,47.34
1/1/2025,CUST-00077,46.64
2/1/2025,CUST-00077,46.64
3/1/2025,CUST-00077,46.64
4/1/2025,CUST-00077,46.64
5/1/2025,CUST-00077,46.64
6/1/2025,CUST-00077,46.64
7/1/2025,CUST-00077,46.64
8/1/2025,CUST-00077,46.64
9/1/2025,CUST-00077,46.64
10/1/2025,CUST-00077,46.64
11/1/2025,CUST-00077,46.64
12/1/2025,CUST-00077,47.34
5/1/2022,CUST-00078,108.63
6/1/2022,CUST-00078,108.63
7/1/2022,CUST-00078,108.63
8/1/2022,CUST-00078,108.63
9/1/2022,CUST-00078,108.63
10/1/2022,CUST-00078,108.63
11/1/2022,CUST-00078,108.63
12/1/2022,CUST-00078,110.26
1/1/2023,CUST-00078,108.63
2/1/2023,CUST-00078,108.63
3/1/2023,CUST-00078,108.63
4/1/2023,CUST-00078,108.63
5/1/2023,CUST-00078,108.63
6/1/2023,CUST-00078,108.63
7/1/2023,CUST-00078,108.63
8/1/2023,CUST-00078,108.63
9/1/2023,CUST-00078,108.63
10/1/2023,CUST-00078,108.63
11/1/2023,CUST-00078,108.63
12/1/2023,CUST-00078,110.26
1/1/2024,CUST-00078,108.63
2/1/2024,CUST-00078,108.63
3/1/2024,CUST-00078,108.63
4/1/2024,CUST-00078,108.63
5/1/2024,CUST-00078,108.63
6/1/2024,CUST-00078,108.63
7/1/2024,CUST-00078,108.63
8/1/2024,CUST-00078,108.63
9/1/2024,CUST-00078,108.63
10/1/2024,CUST-00078,108.63
11/1/2024,CUST-00078,108.63
12/1/2024,CUST-00078,110.26
1/1/2025,CUST-00078,108.63
2/1/2025,CUST-00078,108.63
3/1/2025,CUST-00078,108.63
4/1/2025,CUST-00078,108.63
5/1/2025,CUST-00078,108.63
6/1/2025,CUST-00078,108.63
7/1/2025,CUST-00078,108.63
8/1/2025,CUST-00078,108.63
9/1/2025,CUST-00078,108.63
10/1/2025,CUST-00078,108.63
11/1/2025,CUST-00078,108.63
12/1/2025,CUST-00078,110.26
5/1/2023,CUST-00079,80.29
6/1/2023,CUST-00079,80.29
7/1/2023,CUST-00079,80.29
8/1/2023,CUST-00079,80.29
9/1/2023,CUST-00079,80.29
10/1/2023,CUST-00079,80.29
11/1/2023,CUST-00079,80.29
12/1/2023,CUST-00079,81.49
1/1/2024,CUST-00079,80.29
2/1/2024,CUST-00079,80.29
3/1/2024,CUST-00079,80.29
4/1/2024,CUST-00079,80.29
5/1/2024,CUST-00079,80.29
6/1/2024,CUST-00079,80.29
7/1/2024,CUST-00079,80.29
8/1/2024,CUST-00079,80.29
9/1/2024,CUST-00079,80.29
10/1/2024,CUST-00079,80.29
11/1/2024,CUST-00079,80.29
12/1/2024,CUST-00079,81.49
1/1/2025,CUST-00079,80.29
2/1/2025,CUST-00079,80.29
3/1/2025,CUST-00079,80.29
4/1/2025,CUST-00079,80.29
5/1/2025,CUST-00079,80.29
6/1/2025,CUST-00079,80.29
7/1/2025,CUST-00079,80.29
8/1/2025,CUST-00079,80.29
9/1/2025,CUST-00079,80.29
10/1/2025,CUST-00079,80.29
11/1/2025,CUST-00079,80.29
12/1/2025,CUST-00079,81.49
7/1/2025,CUST-00080,116.19
8/1/2025,CUST-00080,116.19
9/1/2025,CUST-00080,116.19
9/1/2024,CUST-00081,106.81
10/1/2024,CUST-00081,106.81
11/1/2024,CUST-00081,106.81
12/1/2024,CUST-00081,108.41
1/1/2025,CUST-00081,106.81
2/1/2025,CUST-00081,106.81
3/1/2025,CUST-00081,106.81
4/1/2025,CUST-00081,106.81
5/1/2025,CUST-00081,106.81
6/1/2025,CUST-00081,106.81
7/1/2025,CUST-00081,106.81
8/1/2025,CUST-00081,106.81
9/1/2025,CUST-00081,106.81
10/1/2025,CUST-00081,106.81
11/1/2025,CUST-00081,106.81
12/1/2025,CUST-00081,108.41
3/1/2022,CUST-00082,50.57
4/1/2022,CUST-00082,50.57
5/1/2022,CUST-00082,50.57
6/1/2022,CUST-00082,50.57
7/1/2022,CUST-00082,50.57
8/1/2022,CUST-00082,50.57
9/1/2022,CUST-00082,50.57
10/1/2022,CUST-00082,50.57
11/1/2022,CUST-00082,50.57
12/1/2022,CUST-00082,51.33
1/1/2023,CUST-00082,50.57
2/1/2023,CUST-00082,50.57
3/1/2023,CUST-00082,50.57
4/1/2023,CUST-00082,50.57
5/1/2023,CUST-00082,50.57
6/1/2023,CUST-00082,50.57
7/1/2023,CUST-00082,50.57
8/1/2023,CUST-00082,50.57
9/1/2023,CUST-00082,50.57
10/1/2023,CUST-00082,50.57
11/1/2023,CUST-00082,50.57
12/1/2023,CUST-00082,51.33
1/1/2024,CUST-00082,50.57
2/1/2024,CUST-00082,50.57
3/1/2024,CUST-00082,50.57
4/1/2024,CUST-00082,50.57
5/1/2024,CUST-00082,50.57
6/1/2024,CUST-00082,50.57
7/1/2024,CUST-00082,50.57
8/1/2024,CUST-00082,50.57
9/1/2024,CUST-00082,50.57
10/1/2024,CUST-00082,50.57
11/1/2024,CUST-00082,50.57
12/1/2022,CUST-00083,89.19
1/1/2023,CUST-00083,87.87
2/1/2023,CUST-00083,87.87
3/1/2023,CUST-00083,87.87
4/1/2023,CUST-00083,87.87
5/1/2023,CUST-00083,87.87
6/1/2023,CUST-00083,87.87
7/1/2023,CUST-00083,87.87
8/1/2023,CUST-00083,87.87
9/1/2023,CUST-00083,87.87
10/1/2023,CUST-00083,87.87
11/1/2023,CUST-00083,87.87
12/1/2023,CUST-00083,89.19
1/1/2024,CUST-00083,87.87
2/1/2024,CUST-00083,87.87
3/1/2024,CUST-00083,87.87
4/1/2024,CUST-00083,87.87
5/1/2024,CUST-00083,87.87
6/1/2024,CUST-00083,87.87
7/1/2024,CUST-00083,87.87
8/1/2024,CUST-00083,87.87
9/1/2024,CUST-00083,87.87
10/1/2024,CUST-00083,87.87
11/1/2024,CUST-00083,87.87
12/1/2024,CUST-00083,89.19
1/1/2025,CUST-00083,87.87
2/1/2025,CUST-00083,87.87
3/1/2025,CUST-00083,87.87
4/1/2025,CUST-00083,87.87
5/1/2025,CUST-00083,87.87
6/1/2025,CUST-00083,87.87
7/1/2025,CUST-00083,87.87
8/1/2025,CUST-00083,87.87
9/1/2025,CUST-00083,87.87
10/1/2025,CUST-00083,87.87
11/1/2025,CUST-00083,87.87
12/1/2025,CUST-00083,89.19
4/1/2023,CUST-00084,49.61
5/1/2023,CUST-00084,49.61
6/1/2023,CUST-00084,49.61
7/1/2023,CUST-00084,49.61
8/1/2023,CUST-00084,49.61
9/1/2023,CUST-00084,49.61
10/1/2023,CUST-00084,49.61
11/1/2023,CUST-00084,49.61
12/1/2023,CUST-00084,50.35
1/1/2024,CUST-00084,49.61
2/1/2024,CUST-00084,49.61
3/1/2024,CUST-00084,49.61
4/1/2024,CUST-00084,49.61
5/1/2024,CUST-00084,49.61
6/1/2024,CUST-00084,49.61
7/1/2024,CUST-00084,49.61
8/1/2024,CUST-00084,49.61
9/1/2024,CUST-00084,49.61
10/1/2024,CUST-00084,49.61
11/1/2024,CUST-00084,49.61
12/1/2024,CUST-00084,50.35
1/1/2025,CUST-00084,49.61
2/1/2025,CUST-00084,49.61
3/1/2025,CUST-00084,49.61
4/1/2025,CUST-00084,49.61
5/1/2025,CUST-00084,49.61
6/1/2025,CUST-00084,49.61
7/1/2025,CUST-00084,49.61
8/1/2025,CUST-00084,49.61
9/1/2025,CUST-00084,49.61
10/1/2025,CUST-00084,49.61
11/1/2025,CUST-00084,49.61
12/1/2025,CUST-00084,50.35
3/1/2023,CUST-00085,57.86
4/1/2023,CUST-00085,57.86
5/1/2023,CUST-00085,57.86
6/1/2023,CUST-00085,57.86
7/1/2023,CUST-00085,57.86
8/1/2023,CUST-00085,57.86
9/1/2023,CUST-00085,57.86
10/1/2023,CUST-00085,57.86
11/1/2023,CUST-00085,57.86
12/1/2023,CUST-00085,58.73
1/1/2024,CUST-00085,57.86
2/1/2024,CUST-00085,57.86
3/1/2024,CUST-00085,57.86
4/1/2024,CUST-00085,57.86
5/1/2024,CUST-00085,57.86
6/1/2024,CUST-00085,57.86
7/1/2024,CUST-00085,57.86
8/1/2024,CUST-00085,57.86
9/1/2024,CUST-00085,57.86
10/1/2024,CUST-00085,57.86
11/1/2024,CUST-00085,57.86
12/1/2024,CUST-00085,58.73
1/1/2025,CUST-00085,57.86
2/1/2025,CUST-00085,57.86
3/1/2025,CUST-00085,57.86
4/1/2025,CUST-00085,57.86
5/1/2025,CUST-00085,57.86
6/1/2025,CUST-00085,57.86
7/1/2025,CUST-00085,57.86
8/1/2025,CUST-00085,57.86
9/1/2025,CUST-00085,57.86
10/1/2025,CUST-00085,57.86
11/1/2025,CUST-00085,57.86
12/1/2025,CUST-00085,58.73
5/1/2025,CUST-00086,86.04
6/1/2025,CUST-00086,86.04
7/1/2025,CUST-00086,86.04
8/1/2025,CUST-00086,86.04
9/1/2025,CUST-00086,86.04
10/1/2025,CUST-00086,86.04
11/1/2025,CUST-00086,86.04
12/1/2025,CUST-00086,87.33
8/1/2024,CUST-00087,78.35
9/1/2024,CUST-00087,78.35
10/1/2024,CUST-00087,78.35
11/1/2024,CUST-00087,78.35
12/1/2024,CUST-00087,79.53
1/1/2025,CUST-00087,78.35
2/1/2025,CUST-00087,78.35
3/1/2025,CUST-00087,78.35
4/1/2025,CUST-00087,78.35
5/1/2025,CUST-00087,78.35
6/1/2025,CUST-00087,78.35
7/1/2025,CUST-00087,78.35
8/1/2025,CUST-00087,78.35
9/1/2025,CUST-00087,78.35
10/1/2025,CUST-00087,78.35
11/1/2025,CUST-00087,78.35
12/1/2025,CUST-00087,79.53
11/1/2023,CUST-00088,116.96
12/1/2023,CUST-00088,118.71
1/1/2024,CUST-00088,116.96
2/1/2024,CUST-00088,116.96
3/1/2024,CUST-00088,116.96
4/1/2024,CUST-00088,116.96
5/1/2024,CUST-00088,116.96
6/1/2024,CUST-00088,116.96
7/1/2024,CUST-00088,116.96
8/1/2024,CUST-00088,116.96
9/1/2024,CUST-00088,116.96
10/1/2024,CUST-00088,116.96
11/1/2024,CUST-00088,116.96
12/1/2024,CUST-00088,118.71
1/1/2025,CUST-00088,116.96
2/1/2025,CUST-00088,116.96
3/1/2025,CUST-00088,116.96
4/1/2025,CUST-00088,116.96
5/1/2025,CUST-00088,116.96
6/1/2025,CUST-00088,116.96
7/1/2025,CUST-00088,116.96
8/1/2025,CUST-00088,116.96
9/1/2025,CUST-00088,116.96
10/1/2025,CUST-00088,116.96
11/1/2025,CUST-00088,116.96
12/1/2025,CUST-00088,118.71
7/1/2023,CUST-00089,56.46
8/1/2023,CUST-00089,56.46
9/1/2023,CUST-00089,56.46
10/1/2023,CUST-00089,56.46
11/1/2023,CUST-00089,56.46
12/1/2023,CUST-00089,57.31
1/1/2024,CUST-00089,56.46
2/1/2024,CUST-00089,56.46
3/1/2024,CUST-00089,56.46
4/1/2024,CUST-00089,56.46
5/1/2024,CUST-00089,56.46
6/1/2024,CUST-00089,56.46
7/1/2024,CUST-00089,56.46
8/1/2024,CUST-00089,56.46
9/1/2024,CUST-00089,56.46
10/1/2024,CUST-00089,56.46
11/1/2024,CUST-00089,56.46
12/1/2024,CUST-00089,57.31
1/1/2025,CUST-00089,56.46
2/1/2025,CUST-00089,56.46
3/1/2025,CUST-00089,56.46
4/1/2025,CUST-00089,56.46
5/1/2025,CUST-00089,56.46
6/1/2025,CUST-00089,56.46
7/1/2025,CUST-00089,56.46
8/1/2025,CUST-00089,56.46
9/1/2025,CUST-00089,56.46
10/1/2025,CUST-00089,56.46
11/1/2025,CUST-00089,56.46
12/1/2025,CUST-00089,57.31
1/1/2025,CUST-00090,102
2/1/2025,CUST-00090,102
3/1/2025,CUST-00090,102
9/1/2023,CUST-00091,55.91
10/1/2023,CUST-00091,55.91
11/1/2023,CUST-00091,55.91
4/1/2024,CUST-00092,52.69
5/1/2024,CUST-00092,52.69
6/1/2024,CUST-00092,52.69
7/1/2024,CUST-00092,52.69
8/1/2024,CUST-00092,52.69
9/1/2024,CUST-00092,52.69
10/1/2024,CUST-00092,52.69
11/1/2024,CUST-00092,52.69
12/1/2024,CUST-00092,53.48
1/1/2025,CUST-00092,52.69
2/1/2025,CUST-00092,52.69
3/1/2025,CUST-00092,52.69
4/1/2025,CUST-00092,52.69
5/1/2025,CUST-00092,52.69
6/1/2025,CUST-00092,52.69
7/1/2025,CUST-00092,52.69
8/1/2025,CUST-00092,52.69
9/1/2025,CUST-00092,52.69
10/1/2025,CUST-00092,52.69
11/1/2025,CUST-00092,52.69
12/1/2025,CUST-00092,53.48
1/1/2025,CUST-00093,113.26
2/1/2025,CUST-00093,113.26
3/1/2025,CUST-00093,113.26
4/1/2025,CUST-00093,113.26
5/1/2025,CUST-00093,113.26
6/1/2025,CUST-00093,113.26
7/1/2025,CUST-00093,113.26
8/1/2025,CUST-00093,113.26
9/1/2025,CUST-00093,113.26
10/1/2025,CUST-00093,113.26
11/1/2025,CUST-00093,113.26
12/1/2025,CUST-00093,114.96
6/1/2023,CUST-00094,50.34
7/1/2023,CUST-00094,50.34
8/1/2023,CUST-00094,50.34
9/1/2023,CUST-00094,50.34
10/1/2023,CUST-00094,50.34
11/1/2023,CUST-00094,50.34
12/1/2023,CUST-00094,51.1
1/1/2024,CUST-00094,50.34
2/1/2024,CUST-00094,50.34
3/1/2024,CUST-00094,50.34
4/1/2024,CUST-00094,50.34
5/1/2024,CUST-00094,50.34
6/1/2024,CUST-00094,50.34
7/1/2024,CUST-00094,50.34
8/1/2024,CUST-00094,50.34
9/1/2024,CUST-00094,50.34
10/1/2024,CUST-00094,50.34
11/1/2024,CUST-00094,50.34
12/1/2024,CUST-00094,51.1
1/1/2025,CUST-00094,50.34
2/1/2025,CUST-00094,50.34
3/1/2025,CUST-00094,50.34
4/1/2025,CUST-00094,50.34
5/1/2025,CUST-00094,50.34
6/1/2025,CUST-00094,50.34
7/1/2025,CUST-00094,50.34
8/1/2025,CUST-00094,50.34
9/1/2025,CUST-00094,50.34
10/1/2025,CUST-00094,50.34
11/1/2025,CUST-00094,50.34
12/1/2025,CUST-00094,51.1
5/1/2022,CUST-00095,44.53
6/1/2022,CUST-00095,44.53
7/1/2022,CUST-00095,44.53
8/1/2022,CUST-00095,44.53
9/1/2022,CUST-00095,44.53
10/1/2022,CUST-00095,44.53
11/1/2022,CUST-00095,44.53
12/1/2022,CUST-00095,45.2
1/1/2023,CUST-00095,44.53
2/1/2023,CUST-00095,44.53
3/1/2023,CUST-00095,44.53
4/1/2023,CUST-00095,44.53
5/1/2023,CUST-00095,44.53
6/1/2023,CUST-00095,44.53
7/1/2023,CUST-00095,44.53
8/1/2023,CUST-00095,44.53
9/1/2023,CUST-00095,44.53
10/1/2023,CUST-00095,44.53
11/1/2023,CUST-00095,44.53
12/1/2023,CUST-00095,45.2
1/1/2024,CUST-00095,44.53
2/1/2024,CUST-00095,44.53
3/1/2024,CUST-00095,44.53
4/1/2024,CUST-00095,44.53
5/1/2024,CUST-00095,44.53
6/1/2024,CUST-00095,44.53
7/1/2024,CUST-00095,44.53
8/1/2024,CUST-00095,44.53
9/1/2024,CUST-00095,44.53
10/1/2024,CUST-00095,44.53
11/1/2024,CUST-00095,44.53
12/1/2024,CUST-00095,45.2
1/1/2025,CUST-00095,44.53
2/1/2025,CUST-00095,44.53
3/1/2025,CUST-00095,44.53
4/1/2025,CUST-00095,44.53
5/1/2025,CUST-00095,44.53
6/1/2025,CUST-00095,44.53
7/1/2025,CUST-00095,44.53
8/1/2025,CUST-00095,44.53
9/1/2025,CUST-00095,44.53
10/1/2025,CUST-00095,44.53
11/1/2025,CUST-00095,44.53
12/1/2025,CUST-00095,45.2
7/1/2023,CUST-00096,59.08
8/1/2023,CUST-00096,59.08
9/1/2023,CUST-00096,59.08
10/1/2023,CUST-00096,59.08
11/1/2023,CUST-00096,59.08
12/1/2023,CUST-00096,59.97
1/1/2024,CUST-00096,59.08
2/1/2024,CUST-00096,59.08
3/1/2024,CUST-00096,59.08
4/1/2024,CUST-00096,59.08
5/1/2024,CUST-00096,59.08
6/1/2024,CUST-00096,59.08
7/1/2024,CUST-00096,59.08
8/1/2024,CUST-00096,59.08
2/1/2024,CUST-00097,70.48
3/1/2024,CUST-00097,70.48
4/1/2024,CUST-00097,70.48
5/1/2024,CUST-00097,70.48
6/1/2024,CUST-00097,70.48
7/1/2024,CUST-00097,70.48
5/1/2024,CUST-00098,82.81
6/1/2024,CUST-00098,82.81
7/1/2024,CUST-00098,82.81
8/1/2024,CUST-00098,82.81
9/1/2024,CUST-00098,82.81
10/1/2024,CUST-00098,82.81
11/1/2024,CUST-00098,82.81
12/1/2024,CUST-00098,84.05
1/1/2025,CUST-00098,82.81
2/1/2025,CUST-00098,82.81
3/1/2025,CUST-00098,82.81
4/1/2025,CUST-00098,82.81
5/1/2025,CUST-00098,82.81
6/1/2025,CUST-00098,82.81
7/1/2025,CUST-00098,82.81
8/1/2025,CUST-00098,82.81
9/1/2025,CUST-00098,82.81
10/1/2025,CUST-00098,82.81
11/1/2025,CUST-00098,82.81
12/1/2025,CUST-00098,84.05
11/1/2023,CUST-00099,72.06
12/1/2023,CUST-00099,73.14
1/1/2024,CUST-00099,72.06
2/1/2024,CUST-00099,72.06
3/1/2024,CUST-00099,72.06
4/1/2024,CUST-00099,72.06
5/1/2024,CUST-00099,72.06
6/1/2024,CUST-00099,72.06
7/1/2024,CUST-00099,72.06
8/1/2024,CUST-00099,72.06
9/1/2024,CUST-00099,72.06
10/1/2024,CUST-00099,72.06
11/1/2024,CUST-00099,72.06
12/1/2024,CUST-00099,73.14
1/1/2025,CUST-00099,72.06
2/1/2025,CUST-00099,72.06
3/1/2025,CUST-00099,72.06
4/1/2025,CUST-00099,72.06
5/1/2025,CUST-00099,72.06
6/1/2025,CUST-00099,72.06
7/1/2025,CUST-00099,72.06
8/1/2025,CUST-00099,72.06
9/1/2025,CUST-00099,72.06
10/1/2025,CUST-00099,72.06
11/1/2025,CUST-00099,72.06
12/1/2025,CUST-00099,73.14
1/1/2022,CUST-00100,90.31
2/1/2022,CUST-00100,90.31
3/1/2022,CUST-00100,90.31
4/1/2022,CUST-00100,90.31
5/1/2022,CUST-00100,90.31
6/1/2022,CUST-00100,90.31
7/1/2022,CUST-00100,90.31
8/1/2022,CUST-00100,90.31
9/1/2022,CUST-00100,90.31
10/1/2022,CUST-00100,90.31
11/1/2022,CUST-00100,90.31
12/1/2022,CUST-00100,91.66
1/1/2023,CUST-00100,90.31
2/1/2023,CUST-00100,90.31
3/1/2023,CUST-00100,90.31
4/1/2023,CUST-00100,90.31
5/1/2023,CUST-00100,90.31
6/1/2023,CUST-00100,90.31
7/1/2023,CUST-00100,90.31
8/1/2023,CUST-00100,90.31
9/1/2023,CUST-00100,90.31
10/1/2023,CUST-00100,90.31
11/1/2023,CUST-00100,90.31
12/1/2023,CUST-00100,91.66
1/1/2024,CUST-00100,90.31
2/1/2024,CUST-00100,90.31
3/1/2024,CUST-00100,90.31
4/1/2024,CUST-00100,90.31
5/1/2024,CUST-00100,90.31
6/1/2024,CUST-00100,90.31
7/1/2024,CUST-00100,90.31
8/1/2024,CUST-00100,90.31
9/1/2024,CUST-00100,90.31
10/1/2024,CUST-00100,90.31
11/1/2024,CUST-00100,90.31
12/1/2024,CUST-00100,91.66
1/1/2025,CUST-00100,90.31
2/1/2025,CUST-00100,90.31
3/1/2025,CUST-00100,90.31
4/1/2025,CUST-00100,90.31
5/1/2025,CUST-00100,90.31
6/1/2025,CUST-00100,90.31
7/1/2025,CUST-00100,90.31
8/1/2025,CUST-00100,90.31
9/1/2025,CUST-00100,90.31
10/1/2025,CUST-00100,90.31
11/1/2025,CUST-00100,90.31
12/1/2025,CUST-00100,91.66
9/1/2025,CUST-00101,127.37
10/1/2025,CUST-00101,127.37
11/1/2025,CUST-00101,127.37
12/1/2025,CUST-00101,129.28
3/1/2022,CUST-00102,94.64
4/1/2022,CUST-00102,94.64
5/1/2022,CUST-00102,94.64
6/1/2022,CUST-00102,94.64
7/1/2022,CUST-00102,94.64
8/1/2022,CUST-00102,94.64
9/1/2022,CUST-00102,94.64
10/1/2022,CUST-00102,94.64
11/1/2022,CUST-00102,94.64
12/1/2022,CUST-00102,96.06
1/1/2023,CUST-00102,94.64
2/1/2023,CUST-00102,94.64
3/1/2023,CUST-00102,94.64
4/1/2023,CUST-00102,94.64
5/1/2023,CUST-00102,94.64
6/1/2023,CUST-00102,94.64
7/1/2023,CUST-00102,94.64
8/1/2023,CUST-00102,94.64
9/1/2023,CUST-00102,94.64
10/1/2023,CUST-00102,94.64
11/1/2023,CUST-00102,94.64
12/1/2023,CUST-00102,96.06
1/1/2024,CUST-00102,94.64
2/1/2024,CUST-00102,94.64
3/1/2024,CUST-00102,94.64
4/1/2024,CUST-00102,94.64
5/1/2024,CUST-00102,94.64
6/1/2024,CUST-00102,94.64
7/1/2024,CUST-00102,94.64
8/1/2024,CUST-00102,94.64
9/1/2024,CUST-00102,94.64
10/1/2024,CUST-00102,94.64
11/1/2024,CUST-00102,94.64
12/1/2024,CUST-00102,96.06
1/1/2025,CUST-00102,94.64
2/1/2025,CUST-00102,94.64
3/1/2025,CUST-00102,94.64
4/1/2025,CUST-00102,94.64
5/1/2025,CUST-00102,94.64
6/1/2025,CUST-00102,94.64
7/1/2025,CUST-00102,94.64
8/1/2025,CUST-00102,94.64
9/1/2025,CUST-00102,94.64
10/1/2025,CUST-00102,94.64
11/1/2025,CUST-00102,94.64
12/1/2025,CUST-00102,96.06
6/1/2022,CUST-00103,53.68
7/1/2022,CUST-00103,53.68
8/1/2022,CUST-00103,53.68
9/1/2022,CUST-00103,53.68
10/1/2022,CUST-00103,53.68
11/1/2022,CUST-00103,53.68
12/1/2022,CUST-00103,54.49
1/1/2023,CUST-00103,53.68
2/1/2023,CUST-00103,53.68
3/1/2023,CUST-00103,53.68
4/1/2023,CUST-00103,53.68
5/1/2023,CUST-00103,53.68
6/1/2023,CUST-00103,53.68
7/1/2023,CUST-00103,53.68
8/1/2023,CUST-00103,53.68
9/1/2023,CUST-00103,53.68
10/1/2023,CUST-00103,53.68
11/1/2023,CUST-00103,53.68
12/1/2023,CUST-00103,54.49
1/1/2024,CUST-00103,53.68
2/1/2024,CUST-00103,53.68
3/1/2024,CUST-00103,53.68
4/1/2024,CUST-00103,53.68
5/1/2024,CUST-00103,53.68
6/1/2024,CUST-00103,53.68
7/1/2024,CUST-00103,53.68
8/1/2024,CUST-00103,53.68
9/1/2024,CUST-00103,53.68
10/1/2024,CUST-00103,53.68
11/1/2024,CUST-00103,53.68
12/1/2024,CUST-00103,54.49
1/1/2025,CUST-00103,53.68
2/1/2025,CUST-00103,53.68
3/1/2025,CUST-00103,53.68
4/1/2025,CUST-00103,53.68
5/1/2025,CUST-00103,53.68
6/1/2025,CUST-00103,53.68
7/1/2025,CUST-00103,53.68
8/1/2025,CUST-00103,53.68
9/1/2025,CUST-00103,53.68
10/1/2025,CUST-00103,53.68
11/1/2025,CUST-00103,53.68
12/1/2025,CUST-00103,54.49
2/1/2024,CUST-00104,40.95
3/1/2024,CUST-00104,40.95
4/1/2024,CUST-00104,40.95
5/1/2024,CUST-00104,40.95
6/1/2024,CUST-00104,40.95
7/1/2024,CUST-00104,40.95
8/1/2024,CUST-00104,40.95
9/1/2024,CUST-00104,40.95
10/1/2024,CUST-00104,40.95
11/1/2024,CUST-00104,40.95
12/1/2024,CUST-00104,41.56
1/1/2025,CUST-00104,40.95
2/1/2025,CUST-00104,40.95
3/1/2025,CUST-00104,40.95
4/1/2025,CUST-00104,40.95
5/1/2025,CUST-00104,40.95
6/1/2025,CUST-00104,40.95
7/1/2025,CUST-00104,40.95
8/1/2025,CUST-00104,40.95
9/1/2025,CUST-00104,40.95
10/1/2025,CUST-00104,40.95
11/1/2025,CUST-00104,40.95
12/1/2025,CUST-00104,41.56
5/1/2025,CUST-00105,73.63
6/1/2025,CUST-00105,73.63
7/1/2025,CUST-00105,73.63
8/1/2025,CUST-00105,73.63
9/1/2025,CUST-00105,73.63
10/1/2025,CUST-00105,73.63
11/1/2025,CUST-00105,73.63
12/1/2025,CUST-00105,74.73
1/1/2024,CUST-00106,77.49
2/1/2024,CUST-00106,77.49
3/1/2024,CUST-00106,77.49
4/1/2024,CUST-00106,77.49
5/1/2024,CUST-00106,77.49
6/1/2024,CUST-00106,77.49
7/1/2024,CUST-00106,77.49
8/1/2024,CUST-00106,77.49
9/1/2024,CUST-00106,77.49
10/1/2024,CUST-00106,77.49
11/1/2024,CUST-00106,77.49
12/1/2024,CUST-00106,78.65
1/1/2025,CUST-00106,77.49
2/1/2025,CUST-00106,77.49
3/1/2025,CUST-00106,77.49
4/1/2025,CUST-00106,77.49
5/1/2025,CUST-00106,77.49
6/1/2025,CUST-00106,77.49
7/1/2025,CUST-00106,77.49
8/1/2025,CUST-00106,77.49
9/1/2025,CUST-00106,77.49
10/1/2025,CUST-00106,77.49
11/1/2025,CUST-00106,77.49
12/1/2025,CUST-00106,78.65
4/1/2025,CUST-00107,52.53
5/1/2025,CUST-00107,52.53
6/1/2025,CUST-00107,52.53
7/1/2025,CUST-00107,52.53
8/1/2025,CUST-00107,52.53
9/1/2025,CUST-00107,52.53
10/1/2025,CUST-00107,52.53
11/1/2025,CUST-00107,52.53
12/1/2025,CUST-00107,53.32
2/1/2024,CUST-00108,37.89
3/1/2024,CUST-00108,37.89
4/1/2024,CUST-00108,37.89
5/1/2024,CUST-00108,37.89
6/1/2024,CUST-00108,37.89
7/1/2024,CUST-00108,37.89
8/1/2024,CUST-00108,37.89
9/1/2024,CUST-00108,37.89
10/1/2024,CUST-00108,37.89
11/1/2024,CUST-00108,37.89
12/1/2024,CUST-00108,38.46
1/1/2025,CUST-00108,37.89
2/1/2025,CUST-00108,37.89
3/1/2025,CUST-00108,37.89
4/1/2025,CUST-00108,37.89
5/1/2025,CUST-00108,37.89
6/1/2025,CUST-00108,37.89
7/1/2025,CUST-00108,37.89
8/1/2025,CUST-00108,37.89
9/1/2025,CUST-00108,37.89
10/1/2025,CUST-00108,37.89
11/1/2025,CUST-00108,37.89
12/1/2025,CUST-00108,38.46
5/1/2022,CUST-00109,54.52
6/1/2022,CUST-00109,54.52
7/1/2022,CUST-00109,54.52
8/1/2022,CUST-00109,54.52
9/1/2022,CUST-00109,54.52
10/1/2022,CUST-00109,54.52
11/1/2022,CUST-00109,54.52
12/1/2022,CUST-00109,55.34
1/1/2023,CUST-00109,54.52
2/1/2023,CUST-00109,54.52
3/1/2023,CUST-00109,54.52
4/1/2023,CUST-00109,54.52
5/1/2023,CUST-00109,54.52
6/1/2023,CUST-00109,54.52
7/1/2023,CUST-00109,54.52
8/1/2023,CUST-00109,54.52
9/1/2023,CUST-00109,54.52
10/1/2023,CUST-00109,54.52
11/1/2023,CUST-00109,54.52
12/1/2023,CUST-00109,55.34
1/1/2024,CUST-00109,54.52
2/1/2024,CUST-00109,54.52
3/1/2024,CUST-00109,54.52
4/1/2024,CUST-00109,54.52
5/1/2024,CUST-00109,54.52
6/1/2024,CUST-00109,54.52
7/1/2024,CUST-00109,54.52
8/1/2024,CUST-00109,54.52
9/1/2024,CUST-00109,54.52
10/1/2024,CUST-00109,54.52
11/1/2024,CUST-00109,54.52
12/1/2024,CUST-00109,55.34
1/1/2025,CUST-00109,54.52
2/1/2025,CUST-00109,54.52
3/1/2025,CUST-00109,54.52
4/1/2025,CUST-00109,54.52
5/1/2025,CUST-00109,54.52
6/1/2025,CUST-00109,54.52
7/1/2025,CUST-00109,54.52
8/1/2025,CUST-00109,54.52
9/1/2025,CUST-00109,54.52
10/1/2025,CUST-00109,54.52
11/1/2025,CUST-00109,54.52
12/1/2025,CUST-00109,55.34
4/1/2022,CUST-00110,100.33
5/1/2022,CUST-00110,100.33
6/1/2022,CUST-00110,100.33
7/1/2022,CUST-00110,100.33
8/1/2022,CUST-00110,100.33
9/1/2022,CUST-00110,100.33
10/1/2022,CUST-00110,100.33
11/1/2022,CUST-00110,100.33
12/1/2022,CUST-00110,101.83
1/1/2023,CUST-00110,100.33
2/1/2023,CUST-00110,100.33
3/1/2023,CUST-00110,100.33
4/1/2023,CUST-00110,100.33
5/1/2023,CUST-00110,100.33
6/1/2023,CUST-00110,100.33
7/1/2023,CUST-00110,100.33
6/1/2023,CUST-00111,74.87
7/1/2023,CUST-00111,74.87
8/1/2023,CUST-00111,74.87
9/1/2023,CUST-00111,74.87
10/1/2023,CUST-00111,74.87
11/1/2023,CUST-00111,74.87
12/1/2023,CUST-00111,75.99
1/1/2024,CUST-00111,74.87
2/1/2024,CUST-00111,74.87
3/1/2024,CUST-00111,74.87
4/1/2024,CUST-00111,74.87
5/1/2024,CUST-00111,74.87
6/1/2024,CUST-00111,74.87
7/1/2024,CUST-00111,74.87
8/1/2024,CUST-00111,74.87
9/1/2024,CUST-00111,74.87
10/1/2024,CUST-00111,74.87
11/1/2024,CUST-00111,74.87
12/1/2024,CUST-00111,75.99
1/1/2025,CUST-00111,74.87
2/1/2025,CUST-00111,74.87
3/1/2025,CUST-00111,74.87
4/1/2025,CUST-00111,74.87
5/1/2025,CUST-00111,74.87
6/1/2025,CUST-00111,74.87
7/1/2025,CUST-00111,74.87
8/1/2025,CUST-00111,74.87
9/1/2025,CUST-00111,74.87
10/1/2025,CUST-00111,74.87
11/1/2025,CUST-00111,74.87
12/1/2025,CUST-00111,75.99
2/1/2024,CUST-00112,35.33
3/1/2024,CUST-00112,35.33
4/1/2024,CUST-00112,35.33
5/1/2024,CUST-00112,35.33
6/1/2024,CUST-00112,35.33
7/1/2024,CUST-00112,35.33
8/1/2024,CUST-00112,35.33
9/1/2024,CUST-00112,35.33
10/1/2024,CUST-00112,35.33
11/1/2024,CUST-00112,35.33
12/1/2024,CUST-00112,35.86
1/1/2025,CUST-00112,35.33
2/1/2025,CUST-00112,35.33
3/1/2025,CUST-00112,35.33
4/1/2025,CUST-00112,35.33
5/1/2025,CUST-00112,35.33
6/1/2025,CUST-00112,35.33
7/1/2025,CUST-00112,35.33
8/1/2025,CUST-00112,35.33
9/1/2025,CUST-00112,35.33
10/1/2025,CUST-00112,35.33
7/1/2024,CUST-00113,81.91
8/1/2024,CUST-00113,81.91
9/1/2024,CUST-00113,81.91
10/1/2024,CUST-00113,81.91
11/1/2024,CUST-00113,81.91
12/1/2024,CUST-00113,83.14
1/1/2025,CUST-00113,81.91
2/1/2025,CUST-00113,81.91
3/1/2025,CUST-00113,81.91
4/1/2025,CUST-00113,81.91
5/1/2025,CUST-00113,81.91
6/1/2025,CUST-00113,81.91
7/1/2025,CUST-00113,81.91
8/1/2025,CUST-00113,81.91
9/1/2025,CUST-00113,81.91
10/1/2025,CUST-00113,81.91
11/1/2025,CUST-00113,81.91
12/1/2025,CUST-00113,83.14
12/1/2023,CUST-00114,76.49
1/1/2024,CUST-00114,75.36
2/1/2024,CUST-00114,75.36
3/1/2024,CUST-00114,75.36
4/1/2024,CUST-00114,75.36
5/1/2024,CUST-00114,75.36
6/1/2024,CUST-00114,75.36
7/1/2024,CUST-00114,75.36
8/1/2024,CUST-00114,75.36
9/1/2024,CUST-00114,75.36
10/1/2024,CUST-00114,75.36
11/1/2024,CUST-00114,75.36
12/1/2024,CUST-00114,76.49
1/1/2025,CUST-00114,75.36
2/1/2025,CUST-00114,75.36
3/1/2025,CUST-00114,75.36
4/1/2025,CUST-00114,75.36
5/1/2025,CUST-00114,75.36
6/1/2025,CUST-00114,75.36
7/1/2025,CUST-00114,75.36
8/1/2025,CUST-00114,75.36
9/1/2025,CUST-00114,75.36
10/1/2025,CUST-00114,75.36
11/1/2025,CUST-00114,75.36
12/1/2025,CUST-00114,76.49
1/1/2025,CUST-00115,54.04
2/1/2025,CUST-00115,54.04
3/1/2025,CUST-00115,54.04
4/1/2025,CUST-00115,54.04
12/1/2022,CUST-00116,67.62
1/1/2023,CUST-00116,66.62
2/1/2023,CUST-00116,66.62
3/1/2023,CUST-00116,66.62
4/1/2023,CUST-00116,66.62
5/1/2023,CUST-00116,66.62
6/1/2023,CUST-00116,66.62
7/1/2023,CUST-00116,66.62
8/1/2023,CUST-00116,66.62
9/1/2023,CUST-00116,66.62
10/1/2023,CUST-00116,66.62
11/1/2023,CUST-00116,66.62
12/1/2023,CUST-00116,67.62
1/1/2024,CUST-00116,66.62
2/1/2024,CUST-00116,66.62
3/1/2024,CUST-00116,66.62
4/1/2024,CUST-00116,66.62
5/1/2024,CUST-00116,66.62
6/1/2024,CUST-00116,66.62
7/1/2024,CUST-00116,66.62
8/1/2024,CUST-00116,66.62
9/1/2024,CUST-00116,66.62
10/1/2024,CUST-00116,66.62
11/1/2024,CUST-00116,66.62
12/1/2024,CUST-00116,67.62
1/1/2025,CUST-00116,66.62
2/1/2025,CUST-00116,66.62
3/1/2025,CUST-00116,66.62
4/1/2025,CUST-00116,66.62
5/1/2025,CUST-00116,66.62
6/1/2025,CUST-00116,66.62
7/1/2025,CUST-00116,66.62
8/1/2025,CUST-00116,66.62
9/1/2025,CUST-00116,66.62
10/1/2025,CUST-00116,66.62
11/1/2025,CUST-00116,66.62
12/1/2025,CUST-00116,67.62
10/1/2022,CUST-00117,95.97
11/1/2022,CUST-00117,95.97
12/1/2022,CUST-00117,97.41
1/1/2023,CUST-00117,95.97
2/1/2023,CUST-00117,95.97
3/1/2023,CUST-00117,95.97
4/1/2023,CUST-00117,95.97
5/1/2023,CUST-00117,95.97
6/1/2023,CUST-00117,95.97
7/1/2023,CUST-00117,95.97
8/1/2023,CUST-00117,95.97
9/1/2023,CUST-00117,95.97
10/1/2023,CUST-00117,95.97
11/1/2023,CUST-00117,95.97
12/1/2023,CUST-00117,97.41
1/1/2024,CUST-00117,95.97
2/1/2024,CUST-00117,95.97
3/1/2024,CUST-00117,95.97
4/1/2024,CUST-00117,95.97
5/1/2024,CUST-00117,95.97
6/1/2024,CUST-00117,95.97
7/1/2024,CUST-00117,95.97
8/1/2024,CUST-00117,95.97
9/1/2024,CUST-00117,95.97
10/1/2024,CUST-00117,95.97
11/1/2024,CUST-00117,95.97
12/1/2024,CUST-00117,97.41
1/1/2025,CUST-00117,95.97
2/1/2025,CUST-00117,95.97
3/1/2025,CUST-00117,95.97
4/1/2025,CUST-00117,95.97
5/1/2025,CUST-00117,95.97
6/1/2025,CUST-00117,95.97
7/1/2025,CUST-00117,95.97
8/1/2025,CUST-00117,95.97
9/1/2025,CUST-00117,95.97
10/1/2025,CUST-00117,95.97
11/1/2025,CUST-00117,95.97
12/1/2025,CUST-00117,97.41
11/1/2024,CUST-00118,38.42
12/1/2024,CUST-00118,39
1/1/2025,CUST-00118,38.42
2/1/2025,CUST-00118,38.42
3/1/2025,CUST-00118,38.42
4/1/2025,CUST-00118,38.42
5/1/2025,CUST-00118,38.42
6/1/2025,CUST-00118,38.42
7/1/2025,CUST-00118,38.42
8/1/2025,CUST-00118,38.42
9/1/2025,CUST-00118,38.42
10/1/2025,CUST-00118,38.42
11/1/2025,CUST-00118,38.42
12/1/2025,CUST-00118,39
7/1/2025,CUST-00119,71.58
8/1/2025,CUST-00119,71.58
9/1/2025,CUST-00119,71.58
10/1/2025,CUST-00119,71.58
11/1/2025,CUST-00119,71.58
12/1/2025,CUST-00119,72.65
11/1/2022,CUST-00120,61.26
12/1/2022,CUST-00120,62.18
1/1/2023,CUST-00120,61.26
2/1/2023,CUST-00120,61.26
3/1/2023,CUST-00120,61.26
4/1/2023,CUST-00120,61.26
5/1/2023,CUST-00120,61.26
6/1/2023,CUST-00120,61.26
7/1/2023,CUST-00120,61.26
8/1/2023,CUST-00120,61.26
9/1/2023,CUST-00120,61.26
10/1/2023,CUST-00120,61.26
11/1/2023,CUST-00120,61.26
12/1/2023,CUST-00120,62.18
1/1/2024,CUST-00120,61.26
2/1/2024,CUST-00120,61.26
3/1/2024,CUST-00120,61.26
4/1/2024,CUST-00120,61.26
5/1/2024,CUST-00120,61.26
6/1/2024,CUST-00120,61.26
7/1/2024,CUST-00120,61.26
8/1/2024,CUST-00120,61.26
9/1/2024,CUST-00120,61.26
10/1/2024,CUST-00120,61.26
11/1/2024,CUST-00120,61.26
12/1/2024,CUST-00120,62.18
1/1/2025,CUST-00120,61.26
2/1/2025,CUST-00120,61.26
3/1/2025,CUST-00120,61.26
4/1/2025,CUST-00120,61.26
5/1/2025,CUST-00120,61.26
6/1/2025,CUST-00120,61.26
7/1/2025,CUST-00120,61.26
8/1/2025,CUST-00120,61.26
9/1/2025,CUST-00120,61.26
10/1/2025,CUST-00120,61.26
11/1/2025,CUST-00120,61.26
12/1/2025,CUST-00120,62.18
7/1/2025,CUST-00121,81.53
8/1/2025,CUST-00121,81.53
9/1/2025,CUST-00121,81.53
10/1/2025,CUST-00121,81.53
11/1/2025,CUST-00121,81.53
12/1/2025,CUST-00121,82.75
12/1/2022,CUST-00122,67.19
1/1/2023,CUST-00122,66.2
2/1/2023,CUST-00122,66.2
3/1/2023,CUST-00122,66.2
4/1/2023,CUST-00122,66.2
5/1/2023,CUST-00122,66.2
6/1/2023,CUST-00122,66.2
7/1/2023,CUST-00122,66.2
8/1/2023,CUST-00122,66.2
9/1/2023,CUST-00122,66.2
10/1/2023,CUST-00122,66.2
11/1/2023,CUST-00122,66.2
12/1/2023,CUST-00122,67.19
1/1/2024,CUST-00122,66.2
2/1/2024,CUST-00122,66.2
3/1/2024,CUST-00122,66.2
4/1/2024,CUST-00122,66.2
5/1/2024,CUST-00122,66.2
4/1/2024,CUST-00123,64.06
5/1/2024,CUST-00123,64.06
6/1/2024,CUST-00123,64.06
7/1/2024,CUST-00123,64.06
8/1/2024,CUST-00123,64.06
9/1/2024,CUST-00123,64.06
10/1/2024,CUST-00123,64.06
11/1/2024,CUST-00123,64.06
12/1/2024,CUST-00123,65.02
1/1/2025,CUST-00123,64.06
2/1/2025,CUST-00123,64.06
3/1/2025,CUST-00123,64.06
4/1/2025,CUST-00123,64.06
5/1/2025,CUST-00123,64.06
6/1/2025,CUST-00123,64.06
7/1/2025,CUST-00123,64.06
8/1/2025,CUST-00123,64.06
9/1/2025,CUST-00123,64.06
10/1/2025,CUST-00123,64.06
11/1/2025,CUST-00123,64.06
12/1/2025,CUST-00123,65.02
11/1/2024,CUST-00124,73.67
12/1/2024,CUST-00124,74.78
1/1/2025,CUST-00124,73.67
2/1/2025,CUST-00124,73.67
3/1/2025,CUST-00124,73.67
4/1/2025,CUST-00124,73.67
5/1/2025,CUST-00124,73.67
6/1/2025,CUST-00124,73.67
7/1/2025,CUST-00124,73.67
8/1/2025,CUST-00124,73.67
9/1/2025,CUST-00124,73.67
10/1/2025,CUST-00124,73.67
11/1/2025,CUST-00124,73.67
12/1/2025,CUST-00124,74.78
8/1/2025,CUST-00125,41.84
9/1/2025,CUST-00125,41.84
10/1/2025,CUST-00125,41.84
11/1/2025,CUST-00125,41.84
12/1/2025,CUST-00125,42.47
7/1/2023,CUST-00126,106.92
8/1/2023,CUST-00126,106.92
9/1/2023,CUST-00126,106.92
10/1/2023,CUST-00126,106.92
11/1/2023,CUST-00126,106.92
12/1/2023,CUST-00126,108.52
1/1/2024,CUST-00126,106.92
2/1/2024,CUST-00126,106.92
3/1/2024,CUST-00126,106.92
4/1/2024,CUST-00126,106.92
5/1/2024,CUST-00126,106.92
6/1/2024,CUST-00126,106.92
7/1/2024,CUST-00126,106.92
8/1/2024,CUST-00126,106.92
9/1/2024,CUST-00126,106.92
10/1/2024,CUST-00126,106.92
11/1/2024,CUST-00126,106.92
12/1/2024,CUST-00126,108.52
1/1/2025,CUST-00126,106.92
2/1/2025,CUST-00126,106.92
3/1/2025,CUST-00126,106.92
4/1/2025,CUST-00126,106.92
5/1/2025,CUST-00126,106.92
6/1/2025,CUST-00126,106.92
7/1/2025,CUST-00126,106.92
8/1/2025,CUST-00126,106.92
9/1/2025,CUST-00126,106.92
10/1/2025,CUST-00126,106.92
11/1/2025,CUST-00126,106.92
12/1/2025,CUST-00126,108.52
8/1/2025,CUST-00127,54.38
9/1/2025,CUST-00127,54.38
10/1/2025,CUST-00127,54.38
11/1/2025,CUST-00127,54.38
12/1/2025,CUST-00127,55.2
2/1/2022,CUST-00128,128.61
3/1/2022,CUST-00128,128.61
4/1/2022,CUST-00128,128.61
5/1/2022,CUST-00128,128.61
6/1/2022,CUST-00128,128.61
7/1/2022,CUST-00128,128.61
8/1/2022,CUST-00128,128.61
9/1/2022,CUST-00128,128.61
10/1/2022,CUST-00128,128.61
11/1/2022,CUST-00128,128.61
12/1/2022,CUST-00128,130.54
1/1/2023,CUST-00128,128.61
2/1/2023,CUST-00128,128.61
3/1/2023,CUST-00128,128.61
4/1/2023,CUST-00128,128.61
5/1/2023,CUST-00128,128.61
6/1/2023,CUST-00128,128.61
7/1/2023,CUST-00128,128.61
8/1/2023,CUST-00128,128.61
9/1/2023,CUST-00128,128.61
10/1/2023,CUST-00128,128.61
11/1/2023,CUST-00128,128.61
12/1/2023,CUST-00128,130.54
1/1/2024,CUST-00128,128.61
2/1/2024,CUST-00128,128.61
3/1/2024,CUST-00128,128.61
4/1/2024,CUST-00128,128.61
5/1/2024,CUST-00128,128.61
6/1/2024,CUST-00128,128.61
7/1/2024,CUST-00128,128.61
8/1/2024,CUST-00128,128.61
9/1/2024,CUST-00128,128.61
10/1/2024,CUST-00128,128.61
11/1/2024,CUST-00128,128.61
12/1/2024,CUST-00128,130.54
1/1/2025,CUST-00128,128.61
2/1/2025,CUST-00128,128.61
3/1/2025,CUST-00128,128.61
4/1/2025,CUST-00128,128.61
5/1/2025,CUST-00128,128.61
6/1/2025,CUST-00128,128.61
7/1/2025,CUST-00128,128.61
8/1/2025,CUST-00128,128.61
9/1/2025,CUST-00128,128.61
10/1/2025,CUST-00128,128.61
11/1/2025,CUST-00128,128.61
12/1/2025,CUST-00128,130.54
12/1/2023,CUST-00129,64.54
1/1/2024,CUST-00129,63.59
2/1/2024,CUST-00129,63.59
3/1/2024,CUST-00129,63.59
4/1/2024,CUST-00129,63.59
5/1/2024,CUST-00129,63.59
6/1/2024,CUST-00129,63.59
7/1/2024,CUST-00129,63.59
4/1/2023,CUST-00130,42.46
5/1/2023,CUST-00130,42.46
6/1/2023,CUST-00130,42.46
7/1/2023,CUST-00130,42.46
8/1/2023,CUST-00130,42.46
9/1/2023,CUST-00130,42.46
10/1/2023,CUST-00130,42.46
11/1/2023,CUST-00130,42.46
12/1/2023,CUST-00130,43.1
1/1/2024,CUST-00130,42.46
2/1/2024,CUST-00130,42.46
3/1/2024,CUST-00130,42.46
4/1/2024,CUST-00130,42.46
5/1/2024,CUST-00130,42.46
6/1/2024,CUST-00130,42.46
12/1/2023,CUST-00131,65.04
1/1/2024,CUST-00131,64.08
2/1/2024,CUST-00131,64.08
3/1/2024,CUST-00131,64.08
4/1/2024,CUST-00131,64.08
5/1/2024,CUST-00131,64.08
6/1/2024,CUST-00131,64.08
7/1/2024,CUST-00131,64.08
8/1/2024,CUST-00131,64.08
9/1/2024,CUST-00131,64.08
10/1/2024,CUST-00131,64.08
11/1/2024,CUST-00131,64.08
12/1/2024,CUST-00131,65.04
1/1/2025,CUST-00131,64.08
2/1/2025,CUST-00131,64.08
3/1/2025,CUST-00131,64.08
4/1/2025,CUST-00131,64.08
5/1/2025,CUST-00131,64.08
6/1/2025,CUST-00131,64.08
7/1/2025,CUST-00131,64.08
8/1/2025,CUST-00131,64.08
5/1/2022,CUST-00132,40
6/1/2022,CUST-00132,40
7/1/2022,CUST-00132,40
8/1/2022,CUST-00132,40
9/1/2022,CUST-00132,40
10/1/2022,CUST-00132,40
11/1/2022,CUST-00132,40
12/1/2022,CUST-00132,40.6
1/1/2023,CUST-00132,40
2/1/2023,CUST-00132,40
3/1/2023,CUST-00132,40
4/1/2023,CUST-00132,40
5/1/2023,CUST-00132,40
6/1/2023,CUST-00132,40
7/1/2023,CUST-00132,40
8/1/2023,CUST-00132,40
9/1/2023,CUST-00132,40
10/1/2023,CUST-00132,40
11/1/2023,CUST-00132,40
12/1/2023,CUST-00132,40.6
1/1/2024,CUST-00132,40
2/1/2024,CUST-00132,40
3/1/2024,CUST-00132,40
4/1/2024,CUST-00132,40
5/1/2024,CUST-00132,40
6/1/2024,CUST-00132,40
7/1/2024,CUST-00132,40
8/1/2024,CUST-00132,40
9/1/2024,CUST-00132,40
10/1/2024,CUST-00132,40
11/1/2024,CUST-00132,40
12/1/2024,CUST-00132,40.6
1/1/2025,CUST-00132,40
2/1/2025,CUST-00132,40
3/1/2025,CUST-00132,40
4/1/2025,CUST-00132,40
5/1/2025,CUST-00132,40
6/1/2025,CUST-00132,40
7/1/2025,CUST-00132,40
5/1/2022,CUST-00133,71.26
6/1/2022,CUST-00133,71.26
7/1/2022,CUST-00133,71.26
8/1/2022,CUST-00133,71.26
9/1/2022,CUST-00133,71.26
10/1/2022,CUST-00133,71.26
11/1/2022,CUST-00133,71.26
12/1/2022,CUST-00133,72.33
1/1/2023,CUST-00133,71.26
2/1/2023,CUST-00133,71.26
3/1/2023,CUST-00133,71.26
4/1/2023,CUST-00133,71.26
5/1/2023,CUST-00133,71.26
6/1/2023,CUST-00133,71.26
7/1/2023,CUST-00133,71.26
8/1/2023,CUST-00133,71.26
9/1/2023,CUST-00133,71.26
10/1/2023,CUST-00133,71.26
11/1/2023,CUST-00133,71.26
12/1/2023,CUST-00133,72.33
1/1/2024,CUST-00133,71.26
2/1/2024,CUST-00133,71.26
3/1/2024,CUST-00133,71.26
4/1/2024,CUST-00133,71.26
5/1/2024,CUST-00133,71.26
6/1/2024,CUST-00133,71.26
7/1/2024,CUST-00133,71.26
8/1/2024,CUST-00133,71.26
9/1/2024,CUST-00133,71.26
10/1/2024,CUST-00133,71.26
11/1/2024,CUST-00133,71.26
12/1/2024,CUST-00133,72.33
1/1/2025,CUST-00133,71.26
2/1/2025,CUST-00133,71.26
3/1/2025,CUST-00133,71.26
4/1/2025,CUST-00133,71.26
5/1/2025,CUST-00133,71.26
6/1/2025,CUST-00133,71.26
7/1/2025,CUST-00133,71.26
8/1/2025,CUST-00133,71.26
9/1/2025,CUST-00133,71.26
10/1/2025,CUST-00133,71.26
11/1/2025,CUST-00133,71.26
12/1/2025,CUST-00133,72.33
8/1/2022,CUST-00134,77.48
9/1/2022,CUST-00134,77.48
10/1/2022,CUST-00134,77.48
11/1/2022,CUST-00134,77.48
12/1/2022,CUST-00134,78.64
1/1/2023,CUST-00134,77.48
2/1/2023,CUST-00134,77.48
3/1/2023,CUST-00134,77.48
4/1/2023,CUST-00134,77.48
5/1/2023,CUST-00134,77.48
6/1/2023,CUST-00134,77.48
7/1/2023,CUST-00134,77.48
8/1/2023,CUST-00134,77.48
9/1/2023,CUST-00134,77.48
10/1/2023,CUST-00134,77.48
11/1/2023,CUST-00134,77.48
12/1/2023,CUST-00134,78.64
1/1/2024,CUST-00134,77.48
2/1/2024,CUST-00134,77.48
3/1/2024,CUST-00134,77.48
4/1/2024,CUST-00134,77.48
5/1/2024,CUST-00134,77.48
6/1/2024,CUST-00134,77.48
7/1/2024,CUST-00134,77.48
8/1/2024,CUST-00134,77.48
9/1/2024,CUST-00134,77.48
10/1/2024,CUST-00134,77.48
11/1/2024,CUST-00134,77.48
12/1/2024,CUST-00134,78.64
1/1/2025,CUST-00134,77.48
2/1/2025,CUST-00134,77.48
3/1/2025,CUST-00134,77.48
4/1/2025,CUST-00134,77.48
5/1/2025,CUST-00134,77.48
6/1/2025,CUST-00134,77.48
7/1/2025,CUST-00134,77.48
8/1/2025,CUST-00134,77.48
9/1/2025,CUST-00134,77.48
10/1/2025,CUST-00134,77.48
11/1/2025,CUST-00134,77.48
12/1/2025,CUST-00134,78.64
6/1/2023,CUST-00135,42.55
7/1/2023,CUST-00135,42.55
8/1/2023,CUST-00135,42.55
9/1/2023,CUST-00135,42.55
10/1/2023,CUST-00135,42.55
11/1/2023,CUST-00135,42.55
12/1/2023,CUST-00135,43.19
1/1/2024,CUST-00135,42.55
2/1/2024,CUST-00135,42.55
3/1/2024,CUST-00135,42.55
4/1/2024,CUST-00135,42.55
5/1/2024,CUST-00135,42.55
6/1/2024,CUST-00135,42.55
7/1/2024,CUST-00135,42.55
8/1/2024,CUST-00135,42.55
9/1/2024,CUST-00135,42.55
10/1/2024,CUST-00135,42.55
11/1/2024,CUST-00135,42.55
12/1/2024,CUST-00135,43.19
1/1/2025,CUST-00135,42.55
2/1/2025,CUST-00135,42.55
3/1/2025,CUST-00135,42.55
4/1/2025,CUST-00135,42.55
5/1/2025,CUST-00135,42.55
6/1/2025,CUST-00135,42.55
7/1/2025,CUST-00135,42.55
8/1/2025,CUST-00135,42.55
9/1/2025,CUST-00135,42.55
10/1/2025,CUST-00135,42.55
11/1/2025,CUST-00135,42.55
12/1/2025,CUST-00135,43.19
5/1/2025,CUST-00136,104.42
6/1/2025,CUST-00136,104.42
7/1/2025,CUST-00136,104.42
8/1/2025,CUST-00136,104.42
9/1/2025,CUST-00136,104.42
10/1/2025,CUST-00136,104.42
11/1/2025,CUST-00136,104.42
12/1/2025,CUST-00136,105.99
7/1/2022,CUST-00137,40.55
8/1/2022,CUST-00137,40.55
9/1/2022,CUST-00137,40.55
10/1/2022,CUST-00137,40.55
11/1/2022,CUST-00137,40.55
12/1/2022,CUST-00137,41.16
1/1/2023,CUST-00137,40.55
2/1/2023,CUST-00137,40.55
3/1/2023,CUST-00137,40.55
4/1/2023,CUST-00137,40.55
5/1/2023,CUST-00137,40.55
6/1/2023,CUST-00137,40.55
7/1/2023,CUST-00137,40.55
8/1/2023,CUST-00137,40.55
9/1/2023,CUST-00137,40.55
10/1/2023,CUST-00137,40.55
11/1/2023,CUST-00137,40.55
12/1/2023,CUST-00137,41.16
1/1/2024,CUST-00137,40.55
2/1/2024,CUST-00137,40.55
3/1/2024,CUST-00137,40.55
4/1/2024,CUST-00137,40.55
5/1/2024,CUST-00137,40.55
6/1/2024,CUST-00137,40.55
7/1/2024,CUST-00137,40.55
8/1/2024,CUST-00137,40.55
9/1/2024,CUST-00137,40.55
10/1/2024,CUST-00137,40.55
11/1/2024,CUST-00137,40.55
12/1/2024,CUST-00137,41.16
1/1/2025,CUST-00137,40.55
2/1/2025,CUST-00137,40.55
3/1/2025,CUST-00137,40.55
4/1/2025,CUST-00137,40.55
5/1/2025,CUST-00137,40.55
6/1/2025,CUST-00137,40.55
7/1/2025,CUST-00137,40.55
8/1/2025,CUST-00137,40.55
9/1/2025,CUST-00137,40.55
10/1/2025,CUST-00137,40.55
11/1/2025,CUST-00137,40.55
12/1/2025,CUST-00137,41.16
1/1/2025,CUST-00138,82.99
2/1/2025,CUST-00138,82.99
3/1/2025,CUST-00138,82.99
5/1/2025,CUST-00139,127.67
6/1/2025,CUST-00139,127.67
7/1/2025,CUST-00139,127.67
3/1/2022,CUST-00140,116.47
4/1/2022,CUST-00140,116.47
5/1/2022,CUST-00140,116.47
6/1/2022,CUST-00140,116.47
7/1/2022,CUST-00140,116.47
8/1/2022,CUST-00140,116.47
9/1/2022,CUST-00140,116.47
10/1/2022,CUST-00140,116.47
11/1/2022,CUST-00140,116.47
12/1/2022,CUST-00140,118.22
1/1/2023,CUST-00140,116.47
2/1/2023,CUST-00140,116.47
3/1/2023,CUST-00140,116.47
4/1/2023,CUST-00140,116.47
5/1/2023,CUST-00140,116.47
6/1/2023,CUST-00140,116.47
7/1/2023,CUST-00140,116.47
8/1/2023,CUST-00140,116.47
9/1/2023,CUST-00140,116.47
10/1/2023,CUST-00140,116.47
11/1/2023,CUST-00140,116.47
12/1/2023,CUST-00140,118.22
1/1/2024,CUST-00140,116.47
2/1/2024,CUST-00140,116.47
3/1/2024,CUST-00140,116.47
4/1/2024,CUST-00140,116.47
5/1/2024,CUST-00140,116.47
6/1/2024,CUST-00140,116.47
7/1/2024,CUST-00140,116.47
8/1/2024,CUST-00140,116.47
9/1/2024,CUST-00140,116.47
10/1/2024,CUST-00140,116.47
11/1/2024,CUST-00140,116.47
12/1/2024,CUST-00140,118.22
1/1/2025,CUST-00140,116.47
2/1/2025,CUST-00140,116.47
3/1/2025,CUST-00140,116.47
4/1/2025,CUST-00140,116.47
5/1/2025,CUST-00140,116.47
6/1/2025,CUST-00140,116.47
7/1/2025,CUST-00140,116.47
8/1/2025,CUST-00140,116.47
9/1/2025,CUST-00140,116.47
10/1/2025,CUST-00140,116.47
11/1/2025,CUST-00140,116.47
12/1/2025,CUST-00140,118.22
3/1/2022,CUST-00141,77.11
4/1/2022,CUST-00141,77.11
5/1/2022,CUST-00141,77.11
6/1/2022,CUST-00141,77.11
7/1/2022,CUST-00141,77.11
8/1/2022,CUST-00141,77.11
9/1/2022,CUST-00141,77.11
10/1/2022,CUST-00141,77.11
11/1/2022,CUST-00141,77.11
12/1/2022,CUST-00141,78.27
1/1/2023,CUST-00141,77.11
2/1/2023,CUST-00141,77.11
3/1/2023,CUST-00141,77.11
4/1/2023,CUST-00141,77.11
5/1/2023,CUST-00141,77.11
6/1/2023,CUST-00141,77.11
7/1/2023,CUST-00141,77.11
8/1/2023,CUST-00141,77.11
9/1/2023,CUST-00141,77.11
10/1/2023,CUST-00141,77.11
11/1/2023,CUST-00141,77.11
12/1/2023,CUST-00141,78.27
1/1/2024,CUST-00141,77.11
2/1/2024,CUST-00141,77.11
3/1/2024,CUST-00141,77.11
4/1/2024,CUST-00141,77.11
5/1/2024,CUST-00141,77.11
6/1/2024,CUST-00141,77.11
7/1/2024,CUST-00141,77.11
8/1/2024,CUST-00141,77.11
9/1/2024,CUST-00141,77.11
10/1/2024,CUST-00141,77.11
11/1/2024,CUST-00141,77.11
12/1/2024,CUST-00141,78.27
1/1/2025,CUST-00141,77.11
2/1/2025,CUST-00141,77.11
3/1/2025,CUST-00141,77.11
4/1/2025,CUST-00141,77.11
5/1/2025,CUST-00141,77.11
6/1/2025,CUST-00141,77.11
7/1/2025,CUST-00141,77.11
8/1/2025,CUST-00141,77.11
9/1/2025,CUST-00141,77.11
10/1/2025,CUST-00141,77.11
11/1/2025,CUST-00141,77.11
12/1/2025,CUST-00141,78.27
8/1/2023,CUST-00142,123.96
9/1/2023,CUST-00142,123.96
10/1/2023,CUST-00142,123.96
11/1/2023,CUST-00142,123.96
12/1/2023,CUST-00142,125.82
1/1/2024,CUST-00142,123.96
2/1/2024,CUST-00142,123.96
3/1/2024,CUST-00142,123.96
4/1/2024,CUST-00142,123.96
5/1/2024,CUST-00142,123.96
6/1/2024,CUST-00142,123.96
7/1/2024,CUST-00142,123.96
8/1/2024,CUST-00142,123.96
9/1/2024,CUST-00142,123.96
10/1/2024,CUST-00142,123.96
11/1/2024,CUST-00142,123.96
11/1/2023,CUST-00143,81.74
12/1/2023,CUST-00143,82.97
1/1/2024,CUST-00143,81.74
2/1/2024,CUST-00143,81.74
3/1/2024,CUST-00143,81.74
4/1/2024,CUST-00143,81.74
5/1/2024,CUST-00143,81.74
6/1/2024,CUST-00143,81.74
7/1/2024,CUST-00143,81.74
8/1/2024,CUST-00143,81.74
9/1/2024,CUST-00143,81.74
10/1/2024,CUST-00143,81.74
11/1/2024,CUST-00143,81.74
12/1/2024,CUST-00143,82.97
1/1/2025,CUST-00143,81.74
2/1/2025,CUST-00143,81.74
3/1/2025,CUST-00143,81.74
4/1/2025,CUST-00143,81.74
5/1/2025,CUST-00143,81.74
6/1/2025,CUST-00143,81.74
7/1/2025,CUST-00143,81.74
8/1/2025,CUST-00143,81.74
9/1/2025,CUST-00143,81.74
10/1/2025,CUST-00143,81.74
11/1/2025,CUST-00143,81.74
12/1/2025,CUST-00143,82.97
9/1/2025,CUST-00144,42.94
10/1/2025,CUST-00144,42.94
11/1/2025,CUST-00144,42.94
12/1/2025,CUST-00144,43.58
7/1/2025,CUST-00145,97.73
8/1/2025,CUST-00145,97.73
9/1/2025,CUST-00145,97.73
10/1/2025,CUST-00145,97.73
11/1/2025,CUST-00145,97.73
12/1/2025,CUST-00145,99.2
5/1/2024,CUST-00146,75.66
6/1/2024,CUST-00146,75.66
7/1/2024,CUST-00146,75.66
8/1/2024,CUST-00146,75.66
9/1/2024,CUST-00146,75.66
10/1/2024,CUST-00146,75.66
11/1/2024,CUST-00146,75.66
12/1/2024,CUST-00146,76.79
1/1/2025,CUST-00146,75.66
2/1/2025,CUST-00146,75.66
3/1/2025,CUST-00146,75.66
4/1/2025,CUST-00146,75.66
5/1/2025,CUST-00146,75.66
6/1/2025,CUST-00146,75.66
7/1/2025,CUST-00146,75.66
8/1/2025,CUST-00146,75.66
9/1/2025,CUST-00146,75.66
10/1/2025,CUST-00146,75.66
11/1/2025,CUST-00146,75.66
12/1/2025,CUST-00146,76.79
3/1/2023,CUST-00147,49.24
4/1/2023,CUST-00147,49.24
5/1/2023,CUST-00147,49.24
6/1/2023,CUST-00147,49.24
7/1/2023,CUST-00147,49.24
8/1/2023,CUST-00147,49.24
9/1/2023,CUST-00147,49.24
10/1/2023,CUST-00147,49.24
11/1/2023,CUST-00147,49.24
12/1/2023,CUST-00147,49.98
1/1/2024,CUST-00147,49.24
2/1/2024,CUST-00147,49.24
3/1/2024,CUST-00147,49.24
4/1/2024,CUST-00147,49.24
5/1/2024,CUST-00147,49.24
6/1/2024,CUST-00147,49.24
7/1/2024,CUST-00147,49.24
8/1/2024,CUST-00147,49.24
9/1/2024,CUST-00147,49.24
10/1/2024,CUST-00147,49.24
11/1/2024,CUST-00147,49.24
12/1/2024,CUST-00147,49.98
1/1/2025,CUST-00147,49.24
2/1/2025,CUST-00147,49.24
3/1/2025,CUST-00147,49.24
4/1/2025,CUST-00147,49.24
5/1/2025,CUST-00147,49.24
6/1/2025,CUST-00147,49.24
7/1/2025,CUST-00147,49.24
8/1/2025,CUST-00147,49.24
9/1/2025,CUST-00147,49.24
10/1/2025,CUST-00147,49.24
11/1/2025,CUST-00147,49.24
12/1/2025,CUST-00147,49.98
8/1/2023,CUST-00148,125.65
9/1/2023,CUST-00148,125.65
10/1/2023,CUST-00148,125.65
11/1/2023,CUST-00148,125.65
12/1/2023,CUST-00148,127.53
1/1/2024,CUST-00148,125.65
2/1/2024,CUST-00148,125.65
3/1/2024,CUST-00148,125.65
4/1/2024,CUST-00148,125.65
5/1/2024,CUST-00148,125.65
6/1/2024,CUST-00148,125.65
7/1/2024,CUST-00148,125.65
8/1/2024,CUST-00148,125.65
9/1/2024,CUST-00148,125.65
10/1/2024,CUST-00148,125.65
11/1/2024,CUST-00148,125.65
12/1/2024,CUST-00148,127.53
1/1/2025,CUST-00148,125.65
2/1/2025,CUST-00148,125.65
3/1/2025,CUST-00148,125.65
4/1/2025,CUST-00148,125.65
5/1/2025,CUST-00148,125.65
6/1/2025,CUST-00148,125.65
7/1/2025,CUST-00148,125.65
8/1/2025,CUST-00148,125.65
9/1/2025,CUST-00148,125.65
10/1/2025,CUST-00148,125.65
11/1/2025,CUST-00148,125.65
12/1/2025,CUST-00148,127.53
5/1/2025,CUST-00149,89.45
6/1/2025,CUST-00149,89.45
7/1/2025,CUST-00149,89.45
8/1/2025,CUST-00149,89.45
9/1/2025,CUST-00149,89.45
10/1/2025,CUST-00149,89.45
11/1/2025,CUST-00149,89.45
12/1/2025,CUST-00149,90.79
2/1/2024,CUST-00150,81.17
3/1/2024,CUST-00150,81.17
4/1/2024,CUST-00150,81.17
5/1/2024,CUST-00150,81.17
6/1/2024,CUST-00150,81.17
7/1/2024,CUST-00150,81.17
8/1/2024,CUST-00150,81.17
9/1/2024,CUST-00150,81.17
10/1/2024,CUST-00150,81.17
11/1/2024,CUST-00150,81.17
12/1/2024,CUST-00150,82.39
1/1/2025,CUST-00150,81.17
2/1/2025,CUST-00150,81.17
3/1/2025,CUST-00150,81.17
4/1/2025,CUST-00150,81.17
5/1/2025,CUST-00150,81.17
6/1/2025,CUST-00150,81.17
7/1/2025,CUST-00150,81.17
8/1/2025,CUST-00150,81.17
9/1/2025,CUST-00150,81.17
10/1/2025,CUST-00150,81.17
11/1/2025,CUST-00150,81.17
12/1/2025,CUST-00150,82.39
9/1/2022,CUST-00151,58.24
10/1/2022,CUST-00151,58.24
11/1/2022,CUST-00151,58.24
12/1/2022,CUST-00151,59.11
1/1/2023,CUST-00151,58.24
2/1/2023,CUST-00151,58.24
3/1/2023,CUST-00151,58.24
4/1/2023,CUST-00151,58.24
5/1/2023,CUST-00151,58.24
6/1/2023,CUST-00151,58.24
7/1/2023,CUST-00151,58.24
8/1/2023,CUST-00151,58.24
9/1/2023,CUST-00151,58.24
10/1/2023,CUST-00151,58.24
11/1/2023,CUST-00151,58.24
12/1/2023,CUST-00151,59.11
1/1/2024,CUST-00151,58.24
2/1/2024,CUST-00151,58.24
3/1/2024,CUST-00151,58.24
4/1/2024,CUST-00151,58.24
5/1/2024,CUST-00151,58.24
6/1/2024,CUST-00151,58.24
7/1/2024,CUST-00151,58.24
8/1/2024,CUST-00151,58.24
9/1/2024,CUST-00151,58.24
10/1/2024,CUST-00151,58.24
11/1/2024,CUST-00151,58.24
12/1/2024,CUST-00151,59.11
1/1/2025,CUST-00151,58.24
2/1/2025,CUST-00151,58.24
3/1/2025,CUST-00151,58.24
4/1/2025,CUST-00151,58.24
5/1/2025,CUST-00151,58.24
6/1/2025,CUST-00151,58.24
7/1/2025,CUST-00151,58.24
8/1/2025,CUST-00151,58.24
9/1/2025,CUST-00151,58.24
10/1/2025,CUST-00151,58.24
11/1/2025,CUST-00151,58.24
12/1/2025,CUST-00151,59.11
12/1/2024,CUST-00152,42.26
1/1/2025,CUST-00152,41.64
2/1/2025,CUST-00152,41.64
3/1/2025,CUST-00152,41.64
4/1/2025,CUST-00152,41.64
5/1/2025,CUST-00152,41.64
6/1/2025,CUST-00152,41.64
7/1/2025,CUST-00152,41.64
8/1/2025,CUST-00152,41.64
9/1/2025,CUST-00152,41.64
10/1/2025,CUST-00152,41.64
11/1/2025,CUST-00152,41.64
12/1/2025,CUST-00152,42.26
5/1/2022,CUST-00153,81.39
6/1/2022,CUST-00153,81.39
7/1/2022,CUST-00153,81.39
8/1/2022,CUST-00153,81.39
9/1/2022,CUST-00153,81.39
10/1/2022,CUST-00153,81.39
11/1/2022,CUST-00153,81.39
12/1/2022,CUST-00153,82.61
1/1/2023,CUST-00153,81.39
2/1/2023,CUST-00153,81.39
3/1/2023,CUST-00153,81.39
4/1/2023,CUST-00153,81.39
5/1/2023,CUST-00153,81.39
6/1/2023,CUST-00153,81.39
7/1/2023,CUST-00153,81.39
8/1/2023,CUST-00153,81.39
9/1/2023,CUST-00153,81.39
10/1/2023,CUST-00153,81.39
11/1/2023,CUST-00153,81.39
12/1/2023,CUST-00153,82.61
1/1/2024,CUST-00153,81.39
2/1/2024,CUST-00153,81.39
3/1/2024,CUST-00153,81.39
4/1/2024,CUST-00153,81.39
5/1/2024,CUST-00153,81.39
6/1/2024,CUST-00153,81.39
7/1/2024,CUST-00153,81.39
8/1/2024,CUST-00153,81.39
9/1/2024,CUST-00153,81.39
10/1/2024,CUST-00153,81.39
11/1/2024,CUST-00153,81.39
12/1/2024,CUST-00153,82.61
1/1/2025,CUST-00153,81.39
2/1/2025,CUST-00153,81.39
3/1/2025,CUST-00153,81.39
4/1/2025,CUST-00153,81.39
5/1/2025,CUST-00153,81.39
6/1/2025,CUST-00153,81.39
7/1/2025,CUST-00153,81.39
8/1/2025,CUST-00153,81.39
9/1/2025,CUST-00153,81.39
10/1/2025,CUST-00153,81.39
11/1/2025,CUST-00153,81.39
12/1/2025,CUST-00153,82.61
5/1/2023,CUST-00154,42.84
6/1/2023,CUST-00154,42.84
7/1/2023,CUST-00154,42.84
8/1/2023,CUST-00154,42.84
9/1/2023,CUST-00154,42.84
10/1/2023,CUST-00154,42.84
11/1/2023,CUST-00154,42.84
12/1/2023,CUST-00154,43.48
1/1/2024,CUST-00154,42.84
2/1/2024,CUST-00154,42.84
3/1/2024,CUST-00154,42.84
4/1/2024,CUST-00154,42.84
5/1/2024,CUST-00154,42.84
6/1/2024,CUST-00154,42.84
7/1/2024,CUST-00154,42.84
8/1/2024,CUST-00154,42.84
9/1/2024,CUST-00154,42.84
10/1/2024,CUST-00154,42.84
11/1/2024,CUST-00154,42.84
12/1/2024,CUST-00154,43.48
1/1/2025,CUST-00154,42.84
2/1/2025,CUST-00154,42.84
3/1/2025,CUST-00154,42.84
4/1/2025,CUST-00154,42.84
5/1/2025,CUST-00154,42.84
6/1/2025,CUST-00154,42.84
7/1/2025,CUST-00154,42.84
8/1/2025,CUST-00154,42.84
9/1/2025,CUST-00154,42.84
10/1/2025,CUST-00154,42.84
11/1/2025,CUST-00154,42.84
12/1/2025,CUST-00154,43.48
10/1/2023,CUST-00155,79.4
11/1/2023,CUST-00155,79.4
12/1/2023,CUST-00155,80.59
1/1/2024,CUST-00155,79.4
2/1/2024,CUST-00155,79.4
3/1/2024,CUST-00155,79.4
4/1/2024,CUST-00155,79.4
5/1/2024,CUST-00155,79.4
6/1/2024,CUST-00155,79.4
7/1/2024,CUST-00155,79.4
8/1/2024,CUST-00155,79.4
9/1/2024,CUST-00155,79.4
10/1/2024,CUST-00155,79.4
11/1/2024,CUST-00155,79.4
12/1/2024,CUST-00155,80.59
1/1/2025,CUST-00155,79.4
2/1/2025,CUST-00155,79.4
3/1/2025,CUST-00155,79.4
4/1/2025,CUST-00155,79.4
5/1/2025,CUST-00155,79.4
6/1/2025,CUST-00155,79.4
7/1/2025,CUST-00155,79.4
8/1/2025,CUST-00155,79.4
9/1/2025,CUST-00155,79.4
10/1/2025,CUST-00155,79.4
11/1/2025,CUST-00155,79.4
12/1/2025,CUST-00155,80.59
7/1/2025,CUST-00156,74.71
8/1/2025,CUST-00156,74.71
9/1/2025,CUST-00156,74.71
10/1/2025,CUST-00156,74.71
11/1/2025,CUST-00156,74.71
12/1/2025,CUST-00156,75.83
7/1/2025,CUST-00157,76.69
8/1/2025,CUST-00157,76.69
9/1/2025,CUST-00157,76.69
10/1/2025,CUST-00157,76.69
11/1/2025,CUST-00157,76.69
12/1/2025,CUST-00157,77.84
5/1/2024,CUST-00158,109.71
6/1/2024,CUST-00158,109.71
7/1/2024,CUST-00158,109.71
8/1/2024,CUST-00158,109.71
9/1/2024,CUST-00158,109.71
10/1/2024,CUST-00158,109.71
11/1/2024,CUST-00158,109.71
12/1/2024,CUST-00158,111.36
1/1/2025,CUST-00158,109.71
2/1/2025,CUST-00158,109.71
3/1/2025,CUST-00158,109.71
4/1/2025,CUST-00158,109.71
5/1/2025,CUST-00158,109.71
6/1/2025,CUST-00158,109.71
7/1/2025,CUST-00158,109.71
8/1/2025,CUST-00158,109.71
9/1/2025,CUST-00158,109.71
10/1/2025,CUST-00158,109.71
11/1/2025,CUST-00158,109.71
12/1/2025,CUST-00158,111.36
10/1/2023,CUST-00159,64.53
11/1/2023,CUST-00159,64.53
12/1/2023,CUST-00159,65.5
1/1/2024,CUST-00159,64.53
2/1/2024,CUST-00159,64.53
3/1/2024,CUST-00159,64.53
4/1/2024,CUST-00159,64.53
5/1/2024,CUST-00159,64.53
6/1/2024,CUST-00159,64.53
7/1/2024,CUST-00159,64.53
8/1/2024,CUST-00159,64.53
9/1/2024,CUST-00159,64.53
10/1/2024,CUST-00159,64.53
11/1/2024,CUST-00159,64.53
12/1/2024,CUST-00159,65.5
1/1/2025,CUST-00159,64.53
2/1/2025,CUST-00159,64.53
3/1/2025,CUST-00159,64.53
4/1/2025,CUST-00159,64.53
5/1/2025,CUST-00159,64.53
6/1/2025,CUST-00159,64.53
7/1/2025,CUST-00159,64.53
8/1/2025,CUST-00159,64.53
9/1/2025,CUST-00159,64.53
10/1/2025,CUST-00159,64.53
11/1/2025,CUST-00159,64.53
12/1/2025,CUST-00159,65.5
4/1/2022,CUST-00160,65.25
5/1/2022,CUST-00160,65.25
6/1/2022,CUST-00160,65.25
7/1/2022,CUST-00160,65.25
8/1/2022,CUST-00160,65.25
9/1/2022,CUST-00160,65.25
10/1/2022,CUST-00160,65.25
11/1/2022,CUST-00160,65.25
12/1/2022,CUST-00160,66.23
1/1/2023,CUST-00160,65.25
2/1/2023,CUST-00160,65.25
3/1/2023,CUST-00160,65.25
4/1/2023,CUST-00160,65.25
5/1/2023,CUST-00160,65.25
6/1/2023,CUST-00160,65.25
7/1/2023,CUST-00160,65.25
8/1/2023,CUST-00160,65.25
9/1/2023,CUST-00160,65.25
10/1/2023,CUST-00160,65.25
11/1/2023,CUST-00160,65.25
12/1/2023,CUST-00160,66.23
1/1/2024,CUST-00160,65.25
2/1/2024,CUST-00160,65.25
3/1/2024,CUST-00160,65.25
4/1/2024,CUST-00160,65.25
5/1/2024,CUST-00160,65.25
6/1/2024,CUST-00160,65.25
7/1/2024,CUST-00160,65.25
8/1/2024,CUST-00160,65.25
9/1/2024,CUST-00160,65.25
10/1/2024,CUST-00160,65.25
11/1/2024,CUST-00160,65.25
12/1/2024,CUST-00160,66.23
1/1/2025,CUST-00160,65.25
2/1/2025,CUST-00160,65.25
3/1/2025,CUST-00160,65.25
4/1/2025,CUST-00160,65.25
5/1/2025,CUST-00160,65.25
6/1/2025,CUST-00160,65.25
7/1/2025,CUST-00160,65.25
8/1/2025,CUST-00160,65.25
9/1/2025,CUST-00160,65.25
10/1/2025,CUST-00160,65.25
11/1/2025,CUST-00160,65.25
12/1/2025,CUST-00160,66.23
4/1/2022,CUST-00161,67.49
5/1/2022,CUST-00161,67.49
6/1/2022,CUST-00161,67.49
7/1/2022,CUST-00161,67.49
8/1/2022,CUST-00161,67.49
9/1/2025,CUST-00162,73.55
10/1/2025,CUST-00162,73.55
11/1/2025,CUST-00162,73.55
12/1/2025,CUST-00162,74.65
1/1/2022,CUST-00163,71.32
2/1/2022,CUST-00163,71.32
3/1/2022,CUST-00163,71.32
4/1/2022,CUST-00163,71.32
5/1/2022,CUST-00163,71.32
6/1/2022,CUST-00163,71.32
7/1/2022,CUST-00163,71.32
8/1/2022,CUST-00163,71.32
9/1/2022,CUST-00163,71.32
10/1/2022,CUST-00163,71.32
11/1/2022,CUST-00163,71.32
12/1/2022,CUST-00163,72.39
1/1/2023,CUST-00163,71.32
2/1/2023,CUST-00163,71.32
3/1/2023,CUST-00163,71.32
4/1/2023,CUST-00163,71.32
5/1/2023,CUST-00163,71.32
6/1/2023,CUST-00163,71.32
7/1/2023,CUST-00163,71.32
8/1/2023,CUST-00163,71.32
9/1/2023,CUST-00163,71.32
10/1/2023,CUST-00163,71.32
11/1/2023,CUST-00163,71.32
12/1/2023,CUST-00163,72.39
1/1/2024,CUST-00163,71.32
2/1/2024,CUST-00163,71.32
3/1/2024,CUST-00163,71.32
4/1/2024,CUST-00163,71.32
5/1/2024,CUST-00163,71.32
6/1/2024,CUST-00163,71.32
7/1/2024,CUST-00163,71.32
8/1/2024,CUST-00163,71.32
9/1/2024,CUST-00163,71.32
10/1/2024,CUST-00163,71.32
11/1/2024,CUST-00163,71.32
12/1/2024,CUST-00163,72.39
1/1/2025,CUST-00163,71.32
2/1/2025,CUST-00163,71.32
3/1/2025,CUST-00163,71.32
4/1/2025,CUST-00163,71.32
5/1/2025,CUST-00163,71.32
6/1/2025,CUST-00163,71.32
7/1/2025,CUST-00163,71.32
8/1/2025,CUST-00163,71.32
9/1/2025,CUST-00163,71.32
10/1/2025,CUST-00163,71.32
11/1/2025,CUST-00163,71.32
12/1/2025,CUST-00163,72.39
5/1/2023,CUST-00164,90.07
6/1/2023,CUST-00164,90.07
7/1/2023,CUST-00164,90.07
8/1/2023,CUST-00164,90.07
9/1/2023,CUST-00164,90.07
10/1/2023,CUST-00164,90.07
11/1/2023,CUST-00164,90.07
12/1/2023,CUST-00164,91.42
1/1/2024,CUST-00164,90.07
2/1/2024,CUST-00164,90.07
3/1/2024,CUST-00164,90.07
4/1/2024,CUST-00164,90.07
5/1/2024,CUST-00164,90.07
6/1/2024,CUST-00164,90.07
7/1/2024,CUST-00164,90.07
8/1/2024,CUST-00164,90.07
9/1/2024,CUST-00164,90.07
10/1/2024,CUST-00164,90.07
11/1/2024,CUST-00164,90.07
12/1/2024,CUST-00164,91.42
1/1/2025,CUST-00164,90.07
2/1/2025,CUST-00164,90.07
3/1/2025,CUST-00164,90.07
4/1/2025,CUST-00164,90.07
5/1/2025,CUST-00164,90.07
6/1/2025,CUST-00164,90.07
7/1/2025,CUST-00164,90.07
8/1/2025,CUST-00164,90.07
9/1/2025,CUST-00164,90.07
10/1/2025,CUST-00164,90.07
11/1/2025,CUST-00164,90.07
12/1/2025,CUST-00164,91.42
5/1/2024,CUST-00165,119.96
6/1/2024,CUST-00165,119.96
7/1/2024,CUST-00165,119.96
8/1/2024,CUST-00165,119.96
9/1/2024,CUST-00165,119.96
10/1/2024,CUST-00165,119.96
11/1/2024,CUST-00165,119.96
12/1/2024,CUST-00165,121.76
1/1/2025,CUST-00165,119.96
2/1/2025,CUST-00165,119.96
3/1/2025,CUST-00165,119.96
4/1/2025,CUST-00165,119.96
5/1/2025,CUST-00165,119.96
6/1/2025,CUST-00165,119.96
7/1/2025,CUST-00165,119.96
8/1/2025,CUST-00165,119.96
9/1/2025,CUST-00165,119.96
10/1/2025,CUST-00165,119.96
11/1/2025,CUST-00165,119.96
12/1/2025,CUST-00165,121.76
7/1/2025,CUST-00166,74.58
8/1/2025,CUST-00166,74.58
9/1/2025,CUST-00166,74.58
10/1/2025,CUST-00166,74.58
2/1/2025,CUST-00167,61.1
3/1/2025,CUST-00167,61.1
4/1/2025,CUST-00167,61.1
5/1/2025,CUST-00167,61.1
6/1/2025,CUST-00167,61.1
7/1/2025,CUST-00167,61.1
8/1/2025,CUST-00167,61.1
9/1/2025,CUST-00167,61.1
10/1/2025,CUST-00167,61.1
11/1/2025,CUST-00167,61.1
12/1/2025,CUST-00167,62.02
8/1/2024,CUST-00168,37.51
9/1/2024,CUST-00168,37.51
10/1/2024,CUST-00168,37.51
11/1/2024,CUST-00168,37.51
12/1/2024,CUST-00168,38.07
1/1/2025,CUST-00168,37.51
2/1/2025,CUST-00168,37.51
3/1/2025,CUST-00168,37.51
4/1/2025,CUST-00168,37.51
5/1/2025,CUST-00168,37.51
6/1/2025,CUST-00168,37.51
7/1/2025,CUST-00168,37.51
8/1/2025,CUST-00168,37.51
9/1/2025,CUST-00168,37.51
10/1/2025,CUST-00168,37.51
11/1/2025,CUST-00168,37.51
12/1/2025,CUST-00168,38.07
2/1/2024,CUST-00169,50.02
3/1/2024,CUST-00169,50.02
4/1/2024,CUST-00169,50.02
5/1/2024,CUST-00169,50.02
6/1/2024,CUST-00169,50.02
7/1/2024,CUST-00169,50.02
8/1/2024,CUST-00169,50.02
9/1/2024,CUST-00169,50.02
10/1/2024,CUST-00169,50.02
11/1/2024,CUST-00169,50.02
12/1/2024,CUST-00169,50.77
1/1/2025,CUST-00169,50.02
2/1/2025,CUST-00169,50.02
3/1/2025,CUST-00169,50.02
4/1/2025,CUST-00169,50.02
5/1/2025,CUST-00169,50.02
6/1/2025,CUST-00169,50.02
7/1/2025,CUST-00169,50.02
8/1/2025,CUST-00169,50.02
9/1/2025,CUST-00169,50.02
10/1/2025,CUST-00169,50.02
11/1/2025,CUST-00169,50.02
12/1/2025,CUST-00169,50.77
4/1/2022,CUST-00170,87.38
5/1/2022,CUST-00170,87.38
6/1/2022,CUST-00170,87.38
7/1/2022,CUST-00170,87.38
8/1/2022,CUST-00170,87.38
9/1/2022,CUST-00170,87.38
10/1/2022,CUST-00170,87.38
11/1/2022,CUST-00170,87.38
12/1/2022,CUST-00170,88.69
1/1/2023,CUST-00170,87.38
2/1/2023,CUST-00170,87.38
3/1/2023,CUST-00170,87.38
4/1/2023,CUST-00170,87.38
5/1/2023,CUST-00170,87.38
6/1/2023,CUST-00170,87.38
7/1/2023,CUST-00170,87.38
8/1/2023,CUST-00170,87.38
9/1/2023,CUST-00170,87.38
10/1/2023,CUST-00170,87.38
11/1/2023,CUST-00170,87.38
12/1/2023,CUST-00170,88.69
1/1/2024,CUST-00170,87.38
2/1/2024,CUST-00170,87.38
3/1/2024,CUST-00170,87.38
4/1/2024,CUST-00170,87.38
5/1/2024,CUST-00170,87.38
6/1/2024,CUST-00170,87.38
7/1/2024,CUST-00170,87.38
8/1/2024,CUST-00170,87.38
9/1/2024,CUST-00170,87.38
10/1/2024,CUST-00170,87.38
11/1/2024,CUST-00170,87.38
12/1/2024,CUST-00170,88.69
1/1/2025,CUST-00170,87.38
2/1/2025,CUST-00170,87.38
3/1/2025,CUST-00170,87.38
4/1/2025,CUST-00170,87.38
5/1/2025,CUST-00170,87.38
6/1/2025,CUST-00170,87.38
7/1/2025,CUST-00170,87.38
8/1/2025,CUST-00170,87.38
9/1/2025,CUST-00170,87.38
10/1/2025,CUST-00170,87.38
11/1/2025,CUST-00170,87.38
12/1/2025,CUST-00170,88.69
5/1/2024,CUST-00171,42.64
6/1/2024,CUST-00171,42.64
7/1/2024,CUST-00171,42.64
8/1/2024,CUST-00171,42.64
9/1/2024,CUST-00171,42.64
10/1/2024,CUST-00171,42.64
11/1/2024,CUST-00171,42.64
12/1/2024,CUST-00171,43.28
4/1/2025,CUST-00172,107.7
5/1/2025,CUST-00172,107.7
6/1/2025,CUST-00172,107.7
7/1/2025,CUST-00172,107.7
8/1/2025,CUST-00172,107.7
9/1/2025,CUST-00172,107.7
10/1/2025,CUST-00172,107.7
11/1/2025,CUST-00172,107.7
12/1/2025,CUST-00172,109.32
4/1/2022,CUST-00173,52.92
5/1/2022,CUST-00173,52.92
6/1/2022,CUST-00173,52.92
7/1/2022,CUST-00173,52.92
8/1/2022,CUST-00173,52.92
9/1/2022,CUST-00173,52.92
10/1/2022,CUST-00173,52.92
11/1/2022,CUST-00173,52.92
12/1/2022,CUST-00173,53.71
1/1/2023,CUST-00173,52.92
2/1/2023,CUST-00173,52.92
3/1/2023,CUST-00173,52.92
4/1/2023,CUST-00173,52.92
5/1/2023,CUST-00173,52.92
6/1/2023,CUST-00173,52.92
7/1/2023,CUST-00173,52.92
8/1/2023,CUST-00173,52.92
9/1/2023,CUST-00173,52.92
3/1/2022,CUST-00174,54.64
4/1/2022,CUST-00174,54.64
5/1/2022,CUST-00174,54.64
6/1/2022,CUST-00174,54.64
7/1/2022,CUST-00174,54.64
8/1/2022,CUST-00174,54.64
9/1/2022,CUST-00174,54.64
10/1/2022,CUST-00174,54.64
11/1/2022,CUST-00174,54.64
12/1/2022,CUST-00174,55.46
1/1/2023,CUST-00174,54.64
2/1/2023,CUST-00174,54.64
3/1/2023,CUST-00174,54.64
4/1/2023,CUST-00174,54.64
5/1/2023,CUST-00174,54.64
6/1/2023,CUST-00174,54.64
7/1/2023,CUST-00174,54.64
8/1/2023,CUST-00174,54.64
9/1/2023,CUST-00174,54.64
10/1/2023,CUST-00174,54.64
11/1/2023,CUST-00174,54.64
12/1/2023,CUST-00174,55.46
1/1/2024,CUST-00174,54.64
2/1/2024,CUST-00174,54.64
3/1/2024,CUST-00174,54.64
4/1/2024,CUST-00174,54.64
5/1/2024,CUST-00174,54.64
6/1/2024,CUST-00174,54.64
7/1/2024,CUST-00174,54.64
8/1/2024,CUST-00174,54.64
9/1/2024,CUST-00174,54.64
10/1/2024,CUST-00174,54.64
11/1/2024,CUST-00174,54.64
12/1/2024,CUST-00174,55.46
1/1/2025,CUST-00174,54.64
2/1/2025,CUST-00174,54.64
3/1/2025,CUST-00174,54.64
4/1/2025,CUST-00174,54.64
5/1/2025,CUST-00174,54.64
6/1/2025,CUST-00174,54.64
7/1/2025,CUST-00174,54.64
8/1/2025,CUST-00174,54.64
9/1/2025,CUST-00174,54.64
10/1/2025,CUST-00174,54.64
11/1/2025,CUST-00174,54.64
12/1/2025,CUST-00174,55.46
5/1/2024,CUST-00175,121.98
6/1/2024,CUST-00175,121.98
7/1/2024,CUST-00175,121.98
8/1/2024,CUST-00175,121.98
9/1/2024,CUST-00175,121.98
10/1/2024,CUST-00175,121.98
11/1/2024,CUST-00175,121.98
12/1/2024,CUST-00175,123.81
1/1/2025,CUST-00175,121.98
2/1/2025,CUST-00175,121.98
3/1/2025,CUST-00175,121.98
4/1/2025,CUST-00175,121.98
5/1/2025,CUST-00175,121.98
6/1/2025,CUST-00175,121.98
7/1/2025,CUST-00175,121.98
8/1/2025,CUST-00175,121.98
9/1/2025,CUST-00175,121.98
10/1/2025,CUST-00175,121.98
11/1/2025,CUST-00175,121.98
12/1/2025,CUST-00175,123.81
7/1/2023,CUST-00176,38.44
8/1/2023,CUST-00176,38.44
9/1/2023,CUST-00176,38.44
10/1/2023,CUST-00176,38.44
11/1/2023,CUST-00176,38.44
6/1/2025,CUST-00177,74.16
7/1/2025,CUST-00177,74.16
8/1/2025,CUST-00177,74.16
9/1/2025,CUST-00177,74.16
10/1/2025,CUST-00177,74.16
12/1/2023,CUST-00178,104.57
1/1/2024,CUST-00178,103.02
2/1/2024,CUST-00178,103.02
3/1/2024,CUST-00178,103.02
4/1/2024,CUST-00178,103.02
5/1/2024,CUST-00178,103.02
6/1/2024,CUST-00178,103.02
7/1/2024,CUST-00178,103.02
8/1/2024,CUST-00178,103.02
9/1/2024,CUST-00178,103.02
10/1/2024,CUST-00178,103.02
11/1/2024,CUST-00178,103.02
12/1/2024,CUST-00178,104.57
1/1/2025,CUST-00178,103.02
2/1/2025,CUST-00178,103.02
3/1/2025,CUST-00178,103.02
4/1/2025,CUST-00178,103.02
5/1/2025,CUST-00178,103.02
6/1/2025,CUST-00178,103.02
7/1/2025,CUST-00178,103.02
8/1/2025,CUST-00178,103.02
9/1/2025,CUST-00178,103.02
10/1/2025,CUST-00178,103.02
11/1/2025,CUST-00178,103.02
12/1/2025,CUST-00178,104.57
7/1/2025,CUST-00179,66.47
8/1/2025,CUST-00179,66.47
9/1/2025,CUST-00179,66.47
10/1/2025,CUST-00179,66.47
11/1/2025,CUST-00179,66.47
12/1/2025,CUST-00179,67.47
6/1/2025,CUST-00180,44
7/1/2025,CUST-00180,44
8/1/2025,CUST-00180,44
9/1/2025,CUST-00180,44
10/1/2025,CUST-00180,44
11/1/2025,CUST-00180,44
12/1/2025,CUST-00180,44.66
11/1/2022,CUST-00181,49.71
12/1/2022,CUST-00181,50.46
1/1/2023,CUST-00181,49.71
2/1/2023,CUST-00181,49.71
3/1/2023,CUST-00181,49.71
4/1/2023,CUST-00181,49.71
5/1/2023,CUST-00181,49.71
6/1/2023,CUST-00181,49.71
7/1/2023,CUST-00181,49.71
8/1/2023,CUST-00181,49.71
9/1/2023,CUST-00181,49.71
10/1/2023,CUST-00181,49.71
11/1/2023,CUST-00181,49.71
12/1/2023,CUST-00181,50.46
1/1/2024,CUST-00181,49.71
2/1/2024,CUST-00181,49.71
3/1/2024,CUST-00181,49.71
2/1/2023,CUST-00182,46.51
3/1/2023,CUST-00182,46.51
4/1/2023,CUST-00182,46.51
5/1/2023,CUST-00182,46.51
6/1/2023,CUST-00182,46.51
7/1/2023,CUST-00182,46.51
8/1/2023,CUST-00182,46.51
9/1/2023,CUST-00182,46.51
10/1/2023,CUST-00182,46.51
11/1/2023,CUST-00182,46.51
12/1/2023,CUST-00182,47.21
1/1/2024,CUST-00182,46.51
2/1/2024,CUST-00182,46.51
3/1/2024,CUST-00182,46.51
4/1/2024,CUST-00182,46.51
5/1/2024,CUST-00182,46.51
6/1/2024,CUST-00182,46.51
7/1/2024,CUST-00182,46.51
8/1/2024,CUST-00182,46.51
9/1/2024,CUST-00182,46.51
10/1/2024,CUST-00182,46.51
11/1/2024,CUST-00182,46.51
12/1/2024,CUST-00182,47.21
2/1/2024,CUST-00183,87.35
3/1/2024,CUST-00183,87.35
4/1/2024,CUST-00183,87.35
5/1/2024,CUST-00183,87.35
6/1/2024,CUST-00183,87.35
7/1/2024,CUST-00183,87.35
8/1/2024,CUST-00183,87.35
9/1/2024,CUST-00183,87.35
10/1/2024,CUST-00183,87.35
11/1/2024,CUST-00183,87.35
12/1/2024,CUST-00183,88.66
1/1/2025,CUST-00183,87.35
2/1/2025,CUST-00183,87.35
3/1/2025,CUST-00183,87.35
4/1/2025,CUST-00183,87.35
5/1/2025,CUST-00183,87.35
6/1/2025,CUST-00183,87.35
7/1/2025,CUST-00183,87.35
8/1/2025,CUST-00183,87.35
9/1/2025,CUST-00183,87.35
10/1/2025,CUST-00183,87.35
11/1/2025,CUST-00183,87.35
12/1/2025,CUST-00183,88.66
5/1/2022,CUST-00184,83.6
6/1/2022,CUST-00184,83.6
7/1/2022,CUST-00184,83.6
8/1/2022,CUST-00184,83.6
9/1/2022,CUST-00184,83.6
10/1/2022,CUST-00184,83.6
11/1/2022,CUST-00184,83.6
12/1/2022,CUST-00184,84.85
1/1/2023,CUST-00184,83.6
2/1/2023,CUST-00184,83.6
3/1/2023,CUST-00184,83.6
4/1/2023,CUST-00184,83.6
5/1/2023,CUST-00184,83.6
6/1/2023,CUST-00184,83.6
7/1/2023,CUST-00184,83.6
8/1/2023,CUST-00184,83.6
9/1/2023,CUST-00184,83.6
10/1/2023,CUST-00184,83.6
11/1/2023,CUST-00184,83.6
12/1/2023,CUST-00184,84.85
1/1/2024,CUST-00184,83.6
2/1/2024,CUST-00184,83.6
3/1/2024,CUST-00184,83.6
4/1/2024,CUST-00184,83.6
5/1/2024,CUST-00184,83.6
6/1/2024,CUST-00184,83.6
7/1/2024,CUST-00184,83.6
8/1/2024,CUST-00184,83.6
9/1/2024,CUST-00184,83.6
10/1/2024,CUST-00184,83.6
11/1/2024,CUST-00184,83.6
12/1/2024,CUST-00184,84.85
1/1/2025,CUST-00184,83.6
2/1/2025,CUST-00184,83.6
3/1/2025,CUST-00184,83.6
4/1/2025,CUST-00184,83.6
5/1/2025,CUST-00184,83.6
6/1/2025,CUST-00184,83.6
7/1/2025,CUST-00184,83.6
8/1/2025,CUST-00184,83.6
9/1/2025,CUST-00184,83.6
10/1/2025,CUST-00184,83.6
11/1/2025,CUST-00184,83.6
12/1/2025,CUST-00184,84.85
1/1/2024,CUST-00185,85.5
2/1/2024,CUST-00185,85.5
3/1/2024,CUST-00185,85.5
4/1/2024,CUST-00185,85.5
5/1/2024,CUST-00185,85.5
6/1/2024,CUST-00185,85.5
7/1/2024,CUST-00185,85.5
8/1/2024,CUST-00185,85.5
9/1/2024,CUST-00185,85.5
10/1/2024,CUST-00185,85.5
11/1/2024,CUST-00185,85.5
12/1/2024,CUST-00185,86.78
1/1/2025,CUST-00185,85.5
2/1/2025,CUST-00185,85.5
3/1/2025,CUST-00185,85.5
4/1/2025,CUST-00185,85.5
5/1/2025,CUST-00185,85.5
6/1/2025,CUST-00185,85.5
7/1/2025,CUST-00185,85.5
8/1/2025,CUST-00185,85.5
9/1/2025,CUST-00185,85.5
10/1/2025,CUST-00185,85.5
11/1/2025,CUST-00185,85.5
12/1/2025,CUST-00185,86.78
12/1/2023,CUST-00186,126.22
1/1/2024,CUST-00186,124.35
2/1/2024,CUST-00186,124.35
3/1/2024,CUST-00186,124.35
4/1/2024,CUST-00186,124.35
5/1/2024,CUST-00186,124.35
6/1/2024,CUST-00186,124.35
7/1/2024,CUST-00186,124.35
8/1/2024,CUST-00186,124.35
9/1/2024,CUST-00186,124.35
10/1/2024,CUST-00186,124.35
11/1/2024,CUST-00186,124.35
12/1/2024,CUST-00186,126.22
1/1/2025,CUST-00186,124.35
2/1/2025,CUST-00186,124.35
3/1/2025,CUST-00186,124.35
4/1/2025,CUST-00186,124.35
5/1/2025,CUST-00186,124.35
6/1/2025,CUST-00186,124.35
7/1/2025,CUST-00186,124.35
8/1/2025,CUST-00186,124.35
9/1/2025,CUST-00186,124.35
10/1/2025,CUST-00186,124.35
11/1/2025,CUST-00186,124.35
12/1/2025,CUST-00186,126.22
4/1/2025,CUST-00187,69.62
5/1/2025,CUST-00187,69.62
6/1/2025,CUST-00187,69.62
7/1/2025,CUST-00187,69.62
8/1/2025,CUST-00187,69.62
9/1/2025,CUST-00187,69.62
10/1/2025,CUST-00187,69.62
11/1/2025,CUST-00187,69.62
12/1/2025,CUST-00187,70.66
5/1/2024,CUST-00188,57.41
6/1/2024,CUST-00188,57.41
7/1/2024,CUST-00188,57.41
8/1/2024,CUST-00188,57.41
9/1/2024,CUST-00188,57.41
10/1/2024,CUST-00188,57.41
11/1/2024,CUST-00188,57.41
12/1/2024,CUST-00188,58.27
1/1/2025,CUST-00188,57.41
2/1/2025,CUST-00188,57.41
3/1/2025,CUST-00188,57.41
4/1/2025,CUST-00188,57.41
5/1/2025,CUST-00188,57.41
6/1/2025,CUST-00188,57.41
7/1/2025,CUST-00188,57.41
8/1/2025,CUST-00188,57.41
9/1/2025,CUST-00188,57.41
10/1/2025,CUST-00188,57.41
11/1/2025,CUST-00188,57.41
12/1/2025,CUST-00188,58.27
7/1/2025,CUST-00189,128.95
8/1/2025,CUST-00189,128.95
9/1/2025,CUST-00189,128.95
10/1/2025,CUST-00189,128.95
3/1/2025,CUST-00190,79.04
4/1/2025,CUST-00190,79.04
5/1/2025,CUST-00190,79.04
6/1/2025,CUST-00190,79.04
7/1/2025,CUST-00190,79.04
8/1/2025,CUST-00190,79.04
9/1/2025,CUST-00190,79.04
10/1/2025,CUST-00190,79.04
11/1/2025,CUST-00190,79.04
12/1/2025,CUST-00190,80.23
4/1/2023,CUST-00191,112.83
5/1/2023,CUST-00191,112.83
6/1/2023,CUST-00191,112.83
7/1/2023,CUST-00191,112.83
8/1/2023,CUST-00191,112.83
9/1/2023,CUST-00191,112.83
10/1/2023,CUST-00191,112.83
11/1/2023,CUST-00191,112.83
12/1/2023,CUST-00191,114.52
1/1/2024,CUST-00191,112.83
2/1/2024,CUST-00191,112.83
3/1/2024,CUST-00191,112.83
4/1/2024,CUST-00191,112.83
5/1/2024,CUST-00191,112.83
6/1/2024,CUST-00191,112.83
7/1/2024,CUST-00191,112.83
8/1/2024,CUST-00191,112.83
9/1/2024,CUST-00191,112.83
10/1/2024,CUST-00191,112.83
11/1/2024,CUST-00191,112.83
12/1/2024,CUST-00191,114.52
1/1/2025,CUST-00191,112.83
2/1/2025,CUST-00191,112.83
3/1/2025,CUST-00191,112.83
4/1/2025,CUST-00191,112.83
5/1/2025,CUST-00191,112.83
6/1/2025,CUST-00191,112.83
7/1/2025,CUST-00191,112.83
8/1/2025,CUST-00191,112.83
9/1/2025,CUST-00191,112.83
10/1/2025,CUST-00191,112.83
11/1/2025,CUST-00191,112.83
12/1/2025,CUST-00191,114.52
5/1/2024,CUST-00192,79.93
6/1/2024,CUST-00192,79.93
7/1/2024,CUST-00192,79.93
8/1/2024,CUST-00192,79.93
9/1/2024,CUST-00192,79.93
10/1/2024,CUST-00192,79.93
11/1/2024,CUST-00192,79.93
12/1/2024,CUST-00192,81.13
1/1/2025,CUST-00192,79.93
2/1/2025,CUST-00192,79.93
3/1/2025,CUST-00192,79.93
4/1/2025,CUST-00192,79.93
5/1/2025,CUST-00192,79.93
6/1/2025,CUST-00192,79.93
7/1/2025,CUST-00192,79.93
8/1/2025,CUST-00192,79.93
9/1/2025,CUST-00192,79.93
10/1/2025,CUST-00192,79.93
11/1/2025,CUST-00192,79.93
12/1/2025,CUST-00192,81.13
6/1/2024,CUST-00193,91.26
7/1/2024,CUST-00193,91.26
8/1/2024,CUST-00193,91.26
9/1/2024,CUST-00193,91.26
10/1/2024,CUST-00193,91.26
11/1/2024,CUST-00193,91.26
12/1/2024,CUST-00193,92.63
1/1/2025,CUST-00193,91.26
2/1/2025,CUST-00193,91.26
3/1/2025,CUST-00193,91.26
4/1/2025,CUST-00193,91.26
5/1/2025,CUST-00193,91.26
3/1/2023,CUST-00194,61.98
4/1/2023,CUST-00194,61.98
5/1/2023,CUST-00194,61.98
6/1/2023,CUST-00194,61.98
7/1/2023,CUST-00194,61.98
8/1/2023,CUST-00194,61.98
9/1/2023,CUST-00194,61.98
10/1/2023,CUST-00194,61.98
11/1/2023,CUST-00194,61.98
12/1/2023,CUST-00194,62.91
1/1/2024,CUST-00194,61.98
2/1/2024,CUST-00194,61.98
3/1/2024,CUST-00194,61.98
4/1/2024,CUST-00194,61.98
5/1/2024,CUST-00194,61.98
6/1/2024,CUST-00194,61.98
7/1/2024,CUST-00194,61.98
8/1/2024,CUST-00194,61.98
9/1/2024,CUST-00194,61.98
10/1/2024,CUST-00194,61.98
11/1/2024,CUST-00194,61.98
12/1/2024,CUST-00194,62.91
1/1/2025,CUST-00194,61.98
2/1/2025,CUST-00194,61.98
3/1/2025,CUST-00194,61.98
4/1/2025,CUST-00194,61.98
5/1/2025,CUST-00194,61.98
6/1/2025,CUST-00194,61.98
7/1/2025,CUST-00194,61.98
8/1/2025,CUST-00194,61.98
9/1/2025,CUST-00194,61.98
10/1/2025,CUST-00194,61.98
11/1/2025,CUST-00194,61.98
12/1/2025,CUST-00194,62.91
9/1/2025,CUST-00195,66.41
10/1/2025,CUST-00195,66.41
11/1/2025,CUST-00195,66.41
12/1/2025,CUST-00195,67.41
5/1/2024,CUST-00196,90.52
6/1/2024,CUST-00196,90.52
7/1/2024,CUST-00196,90.52
8/1/2024,CUST-00196,90.52
9/1/2024,CUST-00196,90.52
10/1/2024,CUST-00196,90.52
11/1/2024,CUST-00196,90.52
12/1/2024,CUST-00196,91.88
1/1/2025,CUST-00196,90.52
2/1/2025,CUST-00196,90.52
3/1/2025,CUST-00196,90.52
4/1/2025,CUST-00196,90.52
5/1/2025,CUST-00196,90.52
6/1/2025,CUST-00196,90.52
7/1/2025,CUST-00196,90.52
8/1/2025,CUST-00196,90.52
9/1/2025,CUST-00196,90.52
10/1/2025,CUST-00196,90.52
11/1/2025,CUST-00196,90.52
12/1/2025,CUST-00196,91.88
7/1/2023,CUST-00197,56.33
8/1/2023,CUST-00197,56.33
9/1/2023,CUST-00197,56.33
10/1/2023,CUST-00197,56.33
11/1/2023,CUST-00197,56.33
12/1/2023,CUST-00197,57.17
1/1/2024,CUST-00197,56.33
2/1/2024,CUST-00197,56.33
3/1/2024,CUST-00197,56.33
4/1/2024,CUST-00197,56.33
5/1/2024,CUST-00197,56.33
6/1/2024,CUST-00197,56.33
7/1/2024,CUST-00197,56.33
8/1/2024,CUST-00197,56.33
9/1/2024,CUST-00197,56.33
1/1/2024,CUST-00198,44.18
2/1/2024,CUST-00198,44.18
3/1/2024,CUST-00198,44.18
4/1/2024,CUST-00198,44.18
5/1/2024,CUST-00198,44.18
6/1/2024,CUST-00198,44.18
7/1/2024,CUST-00198,44.18
8/1/2024,CUST-00198,44.18
9/1/2024,CUST-00198,44.18
10/1/2024,CUST-00198,44.18
11/1/2024,CUST-00198,44.18
12/1/2024,CUST-00198,44.84
1/1/2025,CUST-00198,44.18
2/1/2025,CUST-00198,44.18
3/1/2025,CUST-00198,44.18
4/1/2025,CUST-00198,44.18
5/1/2025,CUST-00198,44.18
6/1/2025,CUST-00198,44.18
7/1/2025,CUST-00198,44.18
8/1/2025,CUST-00198,44.18
9/1/2025,CUST-00198,44.18
10/1/2025,CUST-00198,44.18
11/1/2025,CUST-00198,44.18
12/1/2025,CUST-00198,44.84
3/1/2022,CUST-00199,38.96
4/1/2022,CUST-00199,38.96
5/1/2022,CUST-00199,38.96
6/1/2022,CUST-00200,58.27
7/1/2022,CUST-00200,58.27
8/1/2022,CUST-00200,58.27
9/1/2022,CUST-00200,58.27
10/1/2022,CUST-00200,58.27
11/1/2022,CUST-00200,58.27
12/1/2022,CUST-00200,59.14
1/1/2023,CUST-00200,58.27
2/1/2023,CUST-00200,58.27
3/1/2023,CUST-00200,58.27
4/1/2023,CUST-00200,58.27
5/1/2023,CUST-00200,58.27
6/1/2023,CUST-00200,58.27
7/1/2023,CUST-00200,58.27
8/1/2023,CUST-00200,58.27
9/1/2023,CUST-00200,58.27
10/1/2023,CUST-00200,58.27
11/1/2023,CUST-00200,58.27
12/1/2023,CUST-00200,59.14
1/1/2024,CUST-00200,58.27
2/1/2024,CUST-00200,58.27
3/1/2024,CUST-00200,58.27
4/1/2024,CUST-00200,58.27
5/1/2024,CUST-00200,58.27
6/1/2024,CUST-00200,58.27
7/1/2024,CUST-00200,58.27
8/1/2024,CUST-00200,58.27
9/1/2024,CUST-00200,58.27
10/1/2024,CUST-00200,58.27
11/1/2024,CUST-00200,58.27
12/1/2024,CUST-00200,59.14
1/1/2025,CUST-00200,58.27
2/1/2025,CUST-00200,58.27
3/1/2025,CUST-00200,58.27
4/1/2025,CUST-00200,58.27
5/1/2025,CUST-00200,58.27
6/1/2025,CUST-00200,58.27
7/1/2025,CUST-00200,58.27
8/1/2025,CUST-00200,58.27
9/1/2025,CUST-00200,58.27
10/1/2025,CUST-00200,58.27
11/1/2025,CUST-00200,58.27
12/1/2025,CUST-00200,59.14
1/1/2023,CUST-00201,89.96
2/1/2023,CUST-00201,89.96
3/1/2023,CUST-00201,89.96
4/1/2023,CUST-00201,89.96
5/1/2023,CUST-00201,89.96
6/1/2023,CUST-00201,89.96
7/1/2023,CUST-00201,89.96
8/1/2023,CUST-00201,89.96
9/1/2023,CUST-00201,89.96
10/1/2023,CUST-00201,89.96
11/1/2023,CUST-00201,89.96
12/1/2023,CUST-00201,91.31
1/1/2024,CUST-00201,89.96
2/1/2024,CUST-00201,89.96
3/1/2024,CUST-00201,89.96
4/1/2024,CUST-00201,89.96
5/1/2024,CUST-00201,89.96
6/1/2024,CUST-00201,89.96
7/1/2024,CUST-00201,89.96
8/1/2024,CUST-00201,89.96
9/1/2024,CUST-00201,89.96
10/1/2024,CUST-00201,89.96
11/1/2024,CUST-00201,89.96
12/1/2024,CUST-00201,91.31
1/1/2025,CUST-00201,89.96
2/1/2025,CUST-00201,89.96
3/1/2025,CUST-00201,89.96
4/1/2025,CUST-00201,89.96
5/1/2025,CUST-00201,89.96
6/1/2025,CUST-00201,89.96
7/1/2025,CUST-00201,89.96
8/1/2025,CUST-00201,89.96
9/1/2025,CUST-00201,89.96
10/1/2025,CUST-00201,89.96
11/1/2025,CUST-00201,89.96
12/1/2025,CUST-00201,91.31
2/1/2024,CUST-00202,132.33
3/1/2024,CUST-00202,132.33
4/1/2024,CUST-00202,132.33
5/1/2024,CUST-00202,132.33
6/1/2024,CUST-00202,132.33
7/1/2024,CUST-00202,132.33
8/1/2024,CUST-00202,132.33
9/1/2024,CUST-00202,132.33
10/1/2024,CUST-00202,132.33
11/1/2024,CUST-00202,132.33
12/1/2024,CUST-00202,134.31
1/1/2025,CUST-00202,132.33
2/1/2025,CUST-00202,132.33
3/1/2025,CUST-00202,132.33
4/1/2025,CUST-00202,132.33
5/1/2025,CUST-00202,132.33
6/1/2025,CUST-00202,132.33
7/1/2025,CUST-00202,132.33
8/1/2025,CUST-00202,132.33
9/1/2025,CUST-00202,132.33
10/1/2025,CUST-00202,132.33
11/1/2025,CUST-00202,132.33
12/1/2025,CUST-00202,134.31
1/1/2025,CUST-00203,98.09
2/1/2025,CUST-00203,98.09
3/1/2025,CUST-00203,98.09
4/1/2025,CUST-00203,98.09
5/1/2025,CUST-00203,98.09
6/1/2025,CUST-00203,98.09
7/1/2025,CUST-00203,98.09
8/1/2025,CUST-00203,98.09
9/1/2025,CUST-00203,98.09
10/1/2025,CUST-00203,98.09
11/1/2025,CUST-00203,98.09
12/1/2025,CUST-00203,99.56
3/1/2023,CUST-00204,86.96
4/1/2023,CUST-00204,86.96
5/1/2023,CUST-00204,86.96
6/1/2023,CUST-00204,86.96
7/1/2023,CUST-00204,86.96
8/1/2023,CUST-00204,86.96
9/1/2023,CUST-00204,86.96
10/1/2023,CUST-00204,86.96
11/1/2023,CUST-00204,86.96
12/1/2023,CUST-00204,88.26
1/1/2024,CUST-00204,86.96
2/1/2024,CUST-00204,86.96
3/1/2024,CUST-00204,86.96
4/1/2024,CUST-00204,86.96
5/1/2024,CUST-00204,86.96
6/1/2024,CUST-00204,86.96
7/1/2024,CUST-00204,86.96
8/1/2024,CUST-00204,86.96
9/1/2024,CUST-00204,86.96
10/1/2024,CUST-00204,86.96
11/1/2024,CUST-00204,86.96
12/1/2024,CUST-00204,88.26
1/1/2025,CUST-00204,86.96
2/1/2025,CUST-00204,86.96
3/1/2025,CUST-00204,86.96
4/1/2025,CUST-00204,86.96
5/1/2025,CUST-00204,86.96
6/1/2025,CUST-00204,86.96
7/1/2025,CUST-00204,86.96
8/1/2025,CUST-00204,86.96
9/1/2025,CUST-00204,86.96
10/1/2025,CUST-00204,86.96
11/1/2025,CUST-00204,86.96
12/1/2025,CUST-00204,88.26
7/1/2022,CUST-00205,58.95
8/1/2022,CUST-00205,58.95
9/1/2022,CUST-00205,58.95
10/1/2022,CUST-00205,58.95
11/1/2022,CUST-00205,58.95
12/1/2022,CUST-00205,59.83
1/1/2023,CUST-00205,58.95
2/1/2023,CUST-00205,58.95
3/1/2023,CUST-00205,58.95
4/1/2023,CUST-00205,58.95
5/1/2023,CUST-00205,58.95
6/1/2023,CUST-00205,58.95
7/1/2023,CUST-00205,58.95
8/1/2023,CUST-00205,58.95
9/1/2023,CUST-00205,58.95
10/1/2023,CUST-00205,58.95
11/1/2023,CUST-00205,58.95
12/1/2023,CUST-00205,59.83
1/1/2024,CUST-00205,58.95
2/1/2024,CUST-00205,58.95
3/1/2024,CUST-00205,58.95
4/1/2024,CUST-00205,58.95
5/1/2024,CUST-00205,58.95
6/1/2024,CUST-00205,58.95
7/1/2024,CUST-00205,58.95
8/1/2024,CUST-00205,58.95
9/1/2024,CUST-00205,58.95
10/1/2024,CUST-00205,58.95
11/1/2024,CUST-00205,58.95
12/1/2024,CUST-00205,59.83
1/1/2025,CUST-00205,58.95
2/1/2025,CUST-00205,58.95
5/1/2024,CUST-00206,37.55
6/1/2024,CUST-00206,37.55
7/1/2024,CUST-00206,37.55
8/1/2024,CUST-00206,37.55
9/1/2024,CUST-00206,37.55
10/1/2024,CUST-00206,37.55
11/1/2024,CUST-00206,37.55
12/1/2024,CUST-00206,38.11
1/1/2025,CUST-00206,37.55
2/1/2025,CUST-00206,37.55
3/1/2025,CUST-00206,37.55
4/1/2025,CUST-00206,37.55
5/1/2025,CUST-00206,37.55
6/1/2025,CUST-00206,37.55
7/1/2025,CUST-00206,37.55
8/1/2025,CUST-00206,37.55
9/1/2025,CUST-00206,37.55
10/1/2025,CUST-00206,37.55
11/1/2025,CUST-00206,37.55
12/1/2025,CUST-00206,38.11
11/1/2022,CUST-00207,39.87
12/1/2022,CUST-00207,40.47
1/1/2023,CUST-00207,39.87
2/1/2023,CUST-00207,39.87
3/1/2023,CUST-00207,39.87
4/1/2023,CUST-00207,39.87
5/1/2023,CUST-00207,39.87
6/1/2023,CUST-00207,39.87
7/1/2023,CUST-00207,39.87
8/1/2023,CUST-00207,39.87
9/1/2023,CUST-00207,39.87
10/1/2023,CUST-00207,39.87
11/1/2023,CUST-00207,39.87
12/1/2023,CUST-00207,40.47
1/1/2024,CUST-00207,39.87
2/1/2024,CUST-00207,39.87
3/1/2024,CUST-00207,39.87
4/1/2024,CUST-00207,39.87
5/1/2024,CUST-00207,39.87
6/1/2024,CUST-00207,39.87
7/1/2024,CUST-00207,39.87
8/1/2024,CUST-00207,39.87
9/1/2024,CUST-00207,39.87
10/1/2024,CUST-00207,39.87
11/1/2024,CUST-00207,39.87
12/1/2024,CUST-00207,40.47
1/1/2025,CUST-00207,39.87
2/1/2025,CUST-00207,39.87
3/1/2025,CUST-00207,39.87
4/1/2025,CUST-00207,39.87
5/1/2025,CUST-00207,39.87
6/1/2025,CUST-00207,39.87
7/1/2025,CUST-00207,39.87
8/1/2025,CUST-00207,39.87
9/1/2025,CUST-00207,39.87
10/1/2025,CUST-00207,39.87
11/1/2025,CUST-00207,39.87
12/1/2025,CUST-00207,40.47
12/1/2022,CUST-00208,35.14
1/1/2023,CUST-00208,34.62
2/1/2023,CUST-00208,34.62
3/1/2023,CUST-00208,34.62
4/1/2023,CUST-00208,34.62
5/1/2023,CUST-00208,34.62
6/1/2023,CUST-00208,34.62
7/1/2023,CUST-00208,34.62
8/1/2023,CUST-00208,34.62
9/1/2023,CUST-00208,34.62
10/1/2023,CUST-00208,34.62
11/1/2023,CUST-00208,34.62
12/1/2023,CUST-00208,35.14
1/1/2024,CUST-00208,34.62
2/1/2024,CUST-00208,34.62
3/1/2024,CUST-00208,34.62
4/1/2024,CUST-00208,34.62
5/1/2024,CUST-00208,34.62
6/1/2024,CUST-00208,34.62
7/1/2024,CUST-00208,34.62
8/1/2024,CUST-00208,34.62
9/1/2024,CUST-00208,34.62
10/1/2024,CUST-00208,34.62
11/1/2024,CUST-00208,34.62
12/1/2024,CUST-00208,35.14
1/1/2025,CUST-00208,34.62
2/1/2025,CUST-00208,34.62
3/1/2025,CUST-00208,34.62
4/1/2025,CUST-00208,34.62
5/1/2025,CUST-00208,34.62
6/1/2025,CUST-00208,34.62
7/1/2025,CUST-00208,34.62
8/1/2025,CUST-00208,34.62
9/1/2025,CUST-00208,34.62
10/1/2025,CUST-00208,34.62
11/1/2025,CUST-00208,34.62
12/1/2025,CUST-00208,35.14
12/1/2024,CUST-00209,118.01
1/1/2025,CUST-00209,116.27
2/1/2025,CUST-00209,116.27
3/1/2025,CUST-00209,116.27
4/1/2025,CUST-00209,116.27
5/1/2024,CUST-00210,75.6
6/1/2024,CUST-00210,75.6
7/1/2024,CUST-00210,75.6
8/1/2024,CUST-00210,75.6
9/1/2024,CUST-00210,75.6
10/1/2024,CUST-00210,75.6
11/1/2024,CUST-00210,75.6
12/1/2024,CUST-00210,76.73
1/1/2025,CUST-00210,75.6
2/1/2025,CUST-00210,75.6
3/1/2025,CUST-00210,75.6
4/1/2025,CUST-00210,75.6
5/1/2025,CUST-00210,75.6
6/1/2025,CUST-00210,75.6
7/1/2025,CUST-00210,75.6
8/1/2025,CUST-00210,75.6
9/1/2025,CUST-00210,75.6
10/1/2025,CUST-00210,75.6
11/1/2025,CUST-00210,75.6
12/1/2025,CUST-00210,76.73
2/1/2023,CUST-00211,66.66
3/1/2023,CUST-00211,66.66
4/1/2023,CUST-00211,66.66
5/1/2023,CUST-00211,66.66
6/1/2023,CUST-00211,66.66
7/1/2023,CUST-00211,66.66
8/1/2023,CUST-00211,66.66
9/1/2023,CUST-00211,66.66
10/1/2023,CUST-00211,66.66
11/1/2023,CUST-00211,66.66
12/1/2023,CUST-00211,67.66
1/1/2024,CUST-00211,66.66
2/1/2024,CUST-00211,66.66
3/1/2024,CUST-00211,66.66
4/1/2024,CUST-00211,66.66
5/1/2024,CUST-00211,66.66
6/1/2024,CUST-00211,66.66
7/1/2024,CUST-00211,66.66
8/1/2024,CUST-00211,66.66
9/1/2024,CUST-00211,66.66
10/1/2024,CUST-00211,66.66
11/1/2024,CUST-00211,66.66
12/1/2024,CUST-00211,67.66
1/1/2025,CUST-00211,66.66
2/1/2025,CUST-00211,66.66
3/1/2025,CUST-00211,66.66
4/1/2025,CUST-00211,66.66
5/1/2025,CUST-00211,66.66
6/1/2025,CUST-00211,66.66
7/1/2025,CUST-00211,66.66
8/1/2025,CUST-00211,66.66
9/1/2025,CUST-00211,66.66
10/1/2025,CUST-00211,66.66
11/1/2025,CUST-00211,66.66
12/1/2025,CUST-00211,67.66
7/1/2024,CUST-00212,73.97
8/1/2024,CUST-00212,73.97
9/1/2024,CUST-00212,73.97
10/1/2024,CUST-00212,73.97
11/1/2024,CUST-00212,73.97
12/1/2024,CUST-00212,75.08
1/1/2025,CUST-00212,73.97
2/1/2025,CUST-00212,73.97
3/1/2025,CUST-00212,73.97
4/1/2025,CUST-00212,73.97
5/1/2025,CUST-00212,73.97
6/1/2025,CUST-00212,73.97
7/1/2025,CUST-00212,73.97
8/1/2025,CUST-00212,73.97
9/1/2025,CUST-00212,73.97
10/1/2025,CUST-00212,73.97
11/1/2025,CUST-00212,73.97
12/1/2025,CUST-00212,75.08
2/1/2022,CUST-00213,107.39
3/1/2022,CUST-00213,107.39
4/1/2022,CUST-00213,107.39
5/1/2022,CUST-00213,107.39
6/1/2022,CUST-00213,107.39
7/1/2022,CUST-00213,107.39
8/1/2022,CUST-00213,107.39
9/1/2022,CUST-00213,107.39
10/1/2022,CUST-00213,107.39
11/1/2022,CUST-00213,107.39
12/1/2022,CUST-00213,109
1/1/2023,CUST-00213,107.39
2/1/2023,CUST-00213,107.39
3/1/2023,CUST-00213,107.39
4/1/2023,CUST-00213,107.39
5/1/2023,CUST-00213,107.39
6/1/2023,CUST-00213,107.39
7/1/2023,CUST-00213,107.39
8/1/2023,CUST-00213,107.39
9/1/2023,CUST-00213,107.39
10/1/2023,CUST-00213,107.39
11/1/2023,CUST-00213,107.39
12/1/2023,CUST-00213,109
1/1/2024,CUST-00213,107.39
2/1/2024,CUST-00213,107.39
3/1/2024,CUST-00213,107.39
4/1/2024,CUST-00213,107.39
5/1/2024,CUST-00213,107.39
6/1/2024,CUST-00213,107.39
7/1/2024,CUST-00213,107.39
8/1/2024,CUST-00213,107.39
9/1/2024,CUST-00213,107.39
10/1/2024,CUST-00213,107.39
11/1/2024,CUST-00213,107.39
12/1/2024,CUST-00213,109
1/1/2025,CUST-00213,107.39
2/1/2025,CUST-00213,107.39
3/1/2025,CUST-00213,107.39
4/1/2025,CUST-00213,107.39
5/1/2025,CUST-00213,107.39
6/1/2025,CUST-00213,107.39
7/1/2025,CUST-00213,107.39
8/1/2025,CUST-00213,107.39
9/1/2025,CUST-00213,107.39
10/1/2025,CUST-00213,107.39
11/1/2025,CUST-00213,107.39
12/1/2025,CUST-00213,109
4/1/2023,CUST-00214,63.94
5/1/2023,CUST-00214,63.94
6/1/2023,CUST-00214,63.94
7/1/2023,CUST-00214,63.94
8/1/2023,CUST-00214,63.94
9/1/2023,CUST-00214,63.94
10/1/2023,CUST-00214,63.94
6/1/2022,CUST-00215,71.1
7/1/2022,CUST-00215,71.1
8/1/2022,CUST-00215,71.1
9/1/2022,CUST-00215,71.1
10/1/2022,CUST-00215,71.1
11/1/2022,CUST-00215,71.1
12/1/2022,CUST-00215,72.17
1/1/2023,CUST-00215,71.1
2/1/2023,CUST-00215,71.1
3/1/2023,CUST-00215,71.1
4/1/2023,CUST-00215,71.1
5/1/2023,CUST-00215,71.1
6/1/2023,CUST-00215,71.1
7/1/2023,CUST-00215,71.1
8/1/2023,CUST-00215,71.1
9/1/2023,CUST-00215,71.1
10/1/2023,CUST-00215,71.1
11/1/2023,CUST-00215,71.1
12/1/2023,CUST-00215,72.17
1/1/2024,CUST-00215,71.1
2/1/2024,CUST-00215,71.1
3/1/2024,CUST-00215,71.1
4/1/2024,CUST-00215,71.1
5/1/2024,CUST-00215,71.1
6/1/2024,CUST-00215,71.1
7/1/2024,CUST-00215,71.1
8/1/2024,CUST-00215,71.1
9/1/2024,CUST-00215,71.1
10/1/2024,CUST-00215,71.1
11/1/2024,CUST-00215,71.1
12/1/2024,CUST-00215,72.17
1/1/2025,CUST-00215,71.1
2/1/2025,CUST-00215,71.1
3/1/2025,CUST-00215,71.1
4/1/2025,CUST-00215,71.1
5/1/2025,CUST-00215,71.1
6/1/2025,CUST-00215,71.1
7/1/2025,CUST-00215,71.1
8/1/2025,CUST-00215,71.1
9/1/2025,CUST-00215,71.1
10/1/2025,CUST-00215,71.1
11/1/2025,CUST-00215,71.1
12/1/2025,CUST-00215,72.17
9/1/2022,CUST-00216,87.82
10/1/2022,CUST-00216,87.82
11/1/2022,CUST-00216,87.82
12/1/2022,CUST-00216,89.14
1/1/2023,CUST-00216,87.82
2/1/2023,CUST-00216,87.82
3/1/2023,CUST-00216,87.82
4/1/2023,CUST-00216,87.82
5/1/2023,CUST-00216,87.82
6/1/2023,CUST-00216,87.82
7/1/2023,CUST-00216,87.82
8/1/2023,CUST-00216,87.82
9/1/2023,CUST-00216,87.82
10/1/2023,CUST-00216,87.82
11/1/2023,CUST-00216,87.82
12/1/2023,CUST-00216,89.14
1/1/2024,CUST-00216,87.82
2/1/2024,CUST-00216,87.82
3/1/2024,CUST-00216,87.82
4/1/2024,CUST-00216,87.82
5/1/2024,CUST-00216,87.82
6/1/2024,CUST-00216,87.82
7/1/2024,CUST-00216,87.82
8/1/2024,CUST-00216,87.82
9/1/2024,CUST-00216,87.82
10/1/2024,CUST-00216,87.82
11/1/2024,CUST-00216,87.82
12/1/2024,CUST-00216,89.14
1/1/2025,CUST-00216,87.82
2/1/2025,CUST-00216,87.82
3/1/2025,CUST-00216,87.82
4/1/2025,CUST-00216,87.82
5/1/2025,CUST-00216,87.82
6/1/2025,CUST-00216,87.82
7/1/2025,CUST-00216,87.82
8/1/2025,CUST-00216,87.82
9/1/2025,CUST-00216,87.82
10/1/2025,CUST-00216,87.82
11/1/2025,CUST-00216,87.82
12/1/2025,CUST-00216,89.14
3/1/2025,CUST-00217,67.29
4/1/2025,CUST-00217,67.29
5/1/2025,CUST-00217,67.29
6/1/2025,CUST-00217,67.29
7/1/2025,CUST-00217,67.29
8/1/2025,CUST-00217,67.29
9/1/2025,CUST-00217,67.29
10/1/2025,CUST-00217,67.29
11/1/2025,CUST-00217,67.29
12/1/2025,CUST-00217,68.3
8/1/2023,CUST-00218,68.29
9/1/2023,CUST-00218,68.29
10/1/2023,CUST-00218,68.29
11/1/2023,CUST-00218,68.29
12/1/2023,CUST-00218,69.31
1/1/2024,CUST-00218,68.29
2/1/2024,CUST-00218,68.29
3/1/2024,CUST-00218,68.29
4/1/2024,CUST-00218,68.29
5/1/2024,CUST-00218,68.29
6/1/2024,CUST-00218,68.29
7/1/2024,CUST-00218,68.29
8/1/2024,CUST-00218,68.29
9/1/2024,CUST-00218,68.29
10/1/2024,CUST-00218,68.29
11/1/2024,CUST-00218,68.29
12/1/2024,CUST-00218,69.31
1/1/2025,CUST-00218,68.29
2/1/2025,CUST-00218,68.29
3/1/2025,CUST-00218,68.29
4/1/2025,CUST-00218,68.29
5/1/2025,CUST-00218,68.29
6/1/2025,CUST-00218,68.29
7/1/2025,CUST-00218,68.29
8/1/2025,CUST-00218,68.29
9/1/2025,CUST-00218,68.29
10/1/2025,CUST-00218,68.29
11/1/2025,CUST-00218,68.29
12/1/2025,CUST-00218,69.31
10/1/2024,CUST-00219,48.12
11/1/2024,CUST-00219,48.12
12/1/2024,CUST-00219,48.84
1/1/2025,CUST-00219,48.12
2/1/2025,CUST-00219,48.12
3/1/2025,CUST-00219,48.12
4/1/2025,CUST-00219,48.12
5/1/2025,CUST-00219,48.12
6/1/2025,CUST-00219,48.12
7/1/2025,CUST-00219,48.12
8/1/2025,CUST-00219,48.12
5/1/2022,CUST-00220,126.01
6/1/2022,CUST-00220,126.01
7/1/2022,CUST-00220,126.01
8/1/2022,CUST-00220,126.01
9/1/2022,CUST-00220,126.01
10/1/2022,CUST-00220,126.01
11/1/2022,CUST-00220,126.01
12/1/2022,CUST-00220,127.9
1/1/2023,CUST-00220,126.01
2/1/2023,CUST-00220,126.01
3/1/2023,CUST-00220,126.01
4/1/2023,CUST-00220,126.01
5/1/2023,CUST-00220,126.01
6/1/2023,CUST-00220,126.01
7/1/2023,CUST-00220,126.01
8/1/2023,CUST-00220,126.01
9/1/2023,CUST-00220,126.01
10/1/2023,CUST-00220,126.01
11/1/2023,CUST-00220,126.01
12/1/2023,CUST-00220,127.9
1/1/2024,CUST-00220,126.01
2/1/2024,CUST-00220,126.01
3/1/2024,CUST-00220,126.01
4/1/2024,CUST-00220,126.01
5/1/2024,CUST-00220,126.01
6/1/2024,CUST-00220,126.01
7/1/2024,CUST-00220,126.01
8/1/2024,CUST-00220,126.01
9/1/2024,CUST-00220,126.01
10/1/2024,CUST-00220,126.01
11/1/2024,CUST-00220,126.01
12/1/2024,CUST-00220,127.9
1/1/2025,CUST-00220,126.01
2/1/2025,CUST-00220,126.01
3/1/2025,CUST-00220,126.01
4/1/2025,CUST-00220,126.01
5/1/2025,CUST-00220,126.01
6/1/2025,CUST-00220,126.01
7/1/2025,CUST-00220,126.01
8/1/2025,CUST-00220,126.01
9/1/2025,CUST-00220,126.01
10/1/2025,CUST-00220,126.01
11/1/2025,CUST-00220,126.01
12/1/2025,CUST-00220,127.9
1/1/2025,CUST-00221,112.81
2/1/2025,CUST-00221,112.81
3/1/2025,CUST-00221,112.81
4/1/2025,CUST-00221,112.81
5/1/2025,CUST-00221,112.81
6/1/2025,CUST-00221,112.81
7/1/2025,CUST-00221,112.81
8/1/2025,CUST-00221,112.81
9/1/2025,CUST-00221,112.81
10/1/2025,CUST-00221,112.81
11/1/2025,CUST-00221,112.81
12/1/2025,CUST-00221,114.5
5/1/2022,CUST-00222,95.32
6/1/2022,CUST-00222,95.32
7/1/2022,CUST-00222,95.32
8/1/2022,CUST-00222,95.32
9/1/2022,CUST-00222,95.32
10/1/2022,CUST-00222,95.32
11/1/2022,CUST-00222,95.32
12/1/2022,CUST-00222,96.75
1/1/2023,CUST-00222,95.32
2/1/2023,CUST-00222,95.32
3/1/2023,CUST-00222,95.32
4/1/2023,CUST-00222,95.32
5/1/2023,CUST-00222,95.32
6/1/2023,CUST-00222,95.32
7/1/2023,CUST-00222,95.32
8/1/2023,CUST-00222,95.32
9/1/2023,CUST-00222,95.32
10/1/2023,CUST-00222,95.32
11/1/2023,CUST-00222,95.32
12/1/2023,CUST-00222,96.75
1/1/2024,CUST-00222,95.32
2/1/2024,CUST-00222,95.32
3/1/2024,CUST-00222,95.32
4/1/2024,CUST-00222,95.32
5/1/2024,CUST-00222,95.32
6/1/2024,CUST-00222,95.32
7/1/2024,CUST-00222,95.32
8/1/2024,CUST-00222,95.32
9/1/2024,CUST-00222,95.32
10/1/2024,CUST-00222,95.32
11/1/2024,CUST-00222,95.32
12/1/2024,CUST-00222,96.75
1/1/2025,CUST-00222,95.32
2/1/2025,CUST-00222,95.32
3/1/2025,CUST-00222,95.32
4/1/2025,CUST-00222,95.32
7/1/2025,CUST-00223,64.64
8/1/2025,CUST-00223,64.64
9/1/2025,CUST-00223,64.64
10/1/2025,CUST-00223,64.64
11/1/2025,CUST-00223,64.64
12/1/2025,CUST-00223,65.61
1/1/2025,CUST-00224,90.56
2/1/2025,CUST-00224,90.56
3/1/2025,CUST-00224,90.56
4/1/2025,CUST-00224,90.56
5/1/2025,CUST-00224,90.56
6/1/2025,CUST-00224,90.56
7/1/2025,CUST-00224,90.56
8/1/2025,CUST-00224,90.56
5/1/2023,CUST-00225,72.86
6/1/2023,CUST-00225,72.86
7/1/2023,CUST-00225,72.86
12/1/2023,CUST-00226,82.03
1/1/2024,CUST-00226,80.82
2/1/2024,CUST-00226,80.82
3/1/2024,CUST-00226,80.82
4/1/2024,CUST-00226,80.82
5/1/2024,CUST-00226,80.82
6/1/2024,CUST-00226,80.82
7/1/2024,CUST-00226,80.82
8/1/2024,CUST-00226,80.82
9/1/2024,CUST-00226,80.82
10/1/2024,CUST-00226,80.82
11/1/2024,CUST-00226,80.82
12/1/2024,CUST-00226,82.03
1/1/2025,CUST-00226,80.82
2/1/2025,CUST-00226,80.82
3/1/2025,CUST-00226,80.82
4/1/2025,CUST-00226,80.82
5/1/2025,CUST-00226,80.82
6/1/2025,CUST-00226,80.82
7/1/2025,CUST-00226,80.82
8/1/2025,CUST-00226,80.82
9/1/2025,CUST-00226,80.82
10/1/2025,CUST-00226,80.82
11/1/2025,CUST-00226,80.82
12/1/2025,CUST-00226,82.03
3/1/2023,CUST-00227,36.79
4/1/2023,CUST-00227,36.79
5/1/2023,CUST-00227,36.79
6/1/2023,CUST-00227,36.79
7/1/2023,CUST-00227,36.79
8/1/2023,CUST-00227,36.79
9/1/2023,CUST-00227,36.79
10/1/2023,CUST-00227,36.79
11/1/2023,CUST-00227,36.79
12/1/2023,CUST-00227,37.34
1/1/2024,CUST-00227,36.79
2/1/2024,CUST-00227,36.79
3/1/2024,CUST-00227,36.79
4/1/2024,CUST-00227,36.79
5/1/2024,CUST-00227,36.79
6/1/2024,CUST-00227,36.79
7/1/2024,CUST-00227,36.79
8/1/2024,CUST-00227,36.79
9/1/2024,CUST-00227,36.79
10/1/2024,CUST-00227,36.79
11/1/2024,CUST-00227,36.79
12/1/2024,CUST-00227,37.34
1/1/2025,CUST-00227,36.79
2/1/2025,CUST-00227,36.79
3/1/2025,CUST-00227,36.79
4/1/2025,CUST-00227,36.79
5/1/2025,CUST-00227,36.79
6/1/2025,CUST-00227,36.79
7/1/2025,CUST-00227,36.79
8/1/2025,CUST-00227,36.79
9/1/2025,CUST-00227,36.79
10/1/2025,CUST-00227,36.79
11/1/2025,CUST-00227,36.79
12/1/2025,CUST-00227,37.34
10/1/2022,CUST-00228,72.92
11/1/2022,CUST-00228,72.92
12/1/2022,CUST-00228,74.01
1/1/2023,CUST-00228,72.92
2/1/2023,CUST-00228,72.92
3/1/2023,CUST-00228,72.92
4/1/2023,CUST-00228,72.92
5/1/2023,CUST-00228,72.92
6/1/2023,CUST-00228,72.92
7/1/2023,CUST-00228,72.92
8/1/2023,CUST-00228,72.92
9/1/2023,CUST-00228,72.92
10/1/2023,CUST-00228,72.92
11/1/2023,CUST-00228,72.92
12/1/2023,CUST-00228,74.01
1/1/2024,CUST-00228,72.92
2/1/2024,CUST-00228,72.92
3/1/2024,CUST-00228,72.92
4/1/2024,CUST-00228,72.92
5/1/2024,CUST-00228,72.92
6/1/2024,CUST-00228,72.92
7/1/2024,CUST-00228,72.92
8/1/2024,CUST-00228,72.92
9/1/2024,CUST-00228,72.92
10/1/2024,CUST-00228,72.92
11/1/2024,CUST-00228,72.92
12/1/2024,CUST-00228,74.01
1/1/2025,CUST-00228,72.92
2/1/2025,CUST-00228,72.92
3/1/2025,CUST-00228,72.92
4/1/2025,CUST-00228,72.92
5/1/2025,CUST-00228,72.92
6/1/2025,CUST-00228,72.92
7/1/2025,CUST-00228,72.92
8/1/2025,CUST-00228,72.92
9/1/2025,CUST-00228,72.92
10/1/2025,CUST-00228,72.92
11/1/2025,CUST-00228,72.92
12/1/2025,CUST-00228,74.01
2/1/2024,CUST-00229,117.95
3/1/2024,CUST-00229,117.95
4/1/2024,CUST-00229,117.95
5/1/2024,CUST-00229,117.95
6/1/2024,CUST-00229,117.95
7/1/2024,CUST-00229,117.95
8/1/2024,CUST-00229,117.95
9/1/2024,CUST-00229,117.95
10/1/2024,CUST-00229,117.95
11/1/2024,CUST-00229,117.95
12/1/2024,CUST-00229,119.72
1/1/2025,CUST-00229,117.95
2/1/2025,CUST-00229,117.95
3/1/2025,CUST-00229,117.95
4/1/2025,CUST-00229,117.95
5/1/2025,CUST-00229,117.95
6/1/2025,CUST-00229,117.95
7/1/2025,CUST-00229,117.95
8/1/2025,CUST-00229,117.95
9/1/2025,CUST-00229,117.95
10/1/2025,CUST-00229,117.95
11/1/2025,CUST-00229,117.95
12/1/2025,CUST-00229,119.72
12/1/2022,CUST-00230,77.91
1/1/2023,CUST-00230,76.76
2/1/2023,CUST-00230,76.76
3/1/2023,CUST-00230,76.76
4/1/2023,CUST-00230,76.76
5/1/2023,CUST-00230,76.76
6/1/2023,CUST-00230,76.76
7/1/2023,CUST-00230,76.76
8/1/2023,CUST-00230,76.76
9/1/2023,CUST-00230,76.76
10/1/2023,CUST-00230,76.76
11/1/2023,CUST-00230,76.76
12/1/2023,CUST-00230,77.91
1/1/2024,CUST-00230,76.76
2/1/2024,CUST-00230,76.76
3/1/2024,CUST-00230,76.76
4/1/2024,CUST-00230,76.76
5/1/2024,CUST-00230,76.76
6/1/2024,CUST-00230,76.76
7/1/2024,CUST-00230,76.76
8/1/2024,CUST-00230,76.76
9/1/2024,CUST-00230,76.76
10/1/2024,CUST-00230,76.76
11/1/2024,CUST-00230,76.76
12/1/2024,CUST-00230,77.91
1/1/2025,CUST-00230,76.76
2/1/2025,CUST-00230,76.76
3/1/2025,CUST-00230,76.76
4/1/2025,CUST-00230,76.76
5/1/2025,CUST-00230,76.76
6/1/2025,CUST-00230,76.76
7/1/2025,CUST-00230,76.76
8/1/2025,CUST-00230,76.76
9/1/2025,CUST-00230,76.76
10/1/2025,CUST-00230,76.76
11/1/2025,CUST-00230,76.76
12/1/2025,CUST-00230,77.91
9/1/2022,CUST-00231,52.62
10/1/2022,CUST-00231,52.62
11/1/2022,CUST-00231,52.62
4/1/2024,CUST-00232,101.65
5/1/2024,CUST-00232,101.65
6/1/2024,CUST-00232,101.65
7/1/2024,CUST-00232,101.65
8/1/2024,CUST-00232,101.65
9/1/2024,CUST-00232,101.65
10/1/2024,CUST-00232,101.65
11/1/2024,CUST-00232,101.65
12/1/2024,CUST-00232,103.17
1/1/2025,CUST-00232,101.65
2/1/2025,CUST-00232,101.65
3/1/2025,CUST-00232,101.65
4/1/2025,CUST-00232,101.65
5/1/2025,CUST-00232,101.65
6/1/2025,CUST-00232,101.65
7/1/2025,CUST-00232,101.65
8/1/2025,CUST-00232,101.65
9/1/2025,CUST-00232,101.65
10/1/2025,CUST-00232,101.65
11/1/2025,CUST-00232,101.65
12/1/2025,CUST-00232,103.17
7/1/2022,CUST-00233,118.15
8/1/2022,CUST-00233,118.15
9/1/2022,CUST-00233,118.15
10/1/2022,CUST-00233,118.15
11/1/2022,CUST-00233,118.15
12/1/2022,CUST-00233,119.92
1/1/2023,CUST-00233,118.15
2/1/2023,CUST-00233,118.15
3/1/2023,CUST-00233,118.15
4/1/2023,CUST-00233,118.15
5/1/2023,CUST-00233,118.15
6/1/2023,CUST-00233,118.15
7/1/2023,CUST-00233,118.15
8/1/2023,CUST-00233,118.15
9/1/2023,CUST-00233,118.15
10/1/2023,CUST-00233,118.15
11/1/2023,CUST-00233,118.15
12/1/2023,CUST-00233,119.92
1/1/2024,CUST-00233,118.15
2/1/2024,CUST-00233,118.15
3/1/2024,CUST-00233,118.15
4/1/2024,CUST-00233,118.15
5/1/2024,CUST-00233,118.15
6/1/2024,CUST-00233,118.15
7/1/2024,CUST-00233,118.15
8/1/2024,CUST-00233,118.15
9/1/2024,CUST-00233,118.15
10/1/2024,CUST-00233,118.15
11/1/2024,CUST-00233,118.15
12/1/2024,CUST-00233,119.92
1/1/2025,CUST-00233,118.15
2/1/2025,CUST-00233,118.15
3/1/2025,CUST-00233,118.15
4/1/2025,CUST-00233,118.15
5/1/2025,CUST-00233,118.15
6/1/2025,CUST-00233,118.15
7/1/2025,CUST-00233,118.15
8/1/2025,CUST-00233,118.15
9/1/2025,CUST-00233,118.15
10/1/2025,CUST-00233,118.15
11/1/2025,CUST-00233,118.15
12/1/2025,CUST-00233,119.92
5/1/2022,CUST-00234,103.71
6/1/2022,CUST-00234,103.71
7/1/2022,CUST-00234,103.71
8/1/2022,CUST-00234,103.71
9/1/2022,CUST-00234,103.71
10/1/2022,CUST-00234,103.71
11/1/2022,CUST-00234,103.71
12/1/2022,CUST-00234,105.27
1/1/2023,CUST-00234,103.71
2/1/2023,CUST-00234,103.71
3/1/2023,CUST-00234,103.71
4/1/2023,CUST-00234,103.71
5/1/2023,CUST-00234,103.71
6/1/2023,CUST-00234,103.71
7/1/2023,CUST-00234,103.71
8/1/2023,CUST-00234,103.71
9/1/2023,CUST-00234,103.71
10/1/2023,CUST-00234,103.71
11/1/2023,CUST-00234,103.71
12/1/2023,CUST-00234,105.27
1/1/2024,CUST-00234,103.71
2/1/2024,CUST-00234,103.71
3/1/2024,CUST-00234,103.71
4/1/2024,CUST-00234,103.71
5/1/2024,CUST-00234,103.71
6/1/2024,CUST-00234,103.71
7/1/2024,CUST-00234,103.71
8/1/2024,CUST-00234,103.71
9/1/2024,CUST-00234,103.71
10/1/2024,CUST-00234,103.71
11/1/2024,CUST-00234,103.71
12/1/2024,CUST-00234,105.27
1/1/2025,CUST-00234,103.71
2/1/2025,CUST-00234,103.71
3/1/2025,CUST-00234,103.71
4/1/2025,CUST-00234,103.71
5/1/2025,CUST-00234,103.71
6/1/2025,CUST-00234,103.71
7/1/2025,CUST-00234,103.71
8/1/2025,CUST-00234,103.71
9/1/2025,CUST-00234,103.71
10/1/2025,CUST-00234,103.71
11/1/2025,CUST-00234,103.71
12/1/2025,CUST-00234,105.27
7/1/2022,CUST-00235,44.64
8/1/2022,CUST-00235,44.64
9/1/2022,CUST-00235,44.64
10/1/2022,CUST-00235,44.64
11/1/2022,CUST-00235,44.64
12/1/2022,CUST-00235,45.31
1/1/2023,CUST-00235,44.64
2/1/2023,CUST-00235,44.64
3/1/2023,CUST-00235,44.64
4/1/2023,CUST-00235,44.64
5/1/2023,CUST-00235,44.64
6/1/2023,CUST-00235,44.64
7/1/2023,CUST-00235,44.64
8/1/2023,CUST-00235,44.64
9/1/2023,CUST-00235,44.64
10/1/2023,CUST-00235,44.64
11/1/2023,CUST-00235,44.64
12/1/2023,CUST-00235,45.31
1/1/2024,CUST-00235,44.64
2/1/2024,CUST-00235,44.64
3/1/2024,CUST-00235,44.64
4/1/2024,CUST-00235,44.64
5/1/2024,CUST-00235,44.64
6/1/2024,CUST-00235,44.64
7/1/2024,CUST-00235,44.64
8/1/2024,CUST-00235,44.64
9/1/2024,CUST-00235,44.64
10/1/2024,CUST-00235,44.64
11/1/2024,CUST-00235,44.64
12/1/2024,CUST-00235,45.31
1/1/2025,CUST-00235,44.64
2/1/2025,CUST-00235,44.64
3/1/2025,CUST-00235,44.64
4/1/2025,CUST-00235,44.64
5/1/2025,CUST-00235,44.64
6/1/2025,CUST-00235,44.64
7/1/2025,CUST-00235,44.64
8/1/2025,CUST-00235,44.64
9/1/2025,CUST-00235,44.64
10/1/2025,CUST-00235,44.64
11/1/2025,CUST-00235,44.64
12/1/2025,CUST-00235,45.31
6/1/2022,CUST-00236,87.12
7/1/2022,CUST-00236,87.12
8/1/2022,CUST-00236,87.12
9/1/2022,CUST-00236,87.12
10/1/2022,CUST-00236,87.12
11/1/2022,CUST-00236,87.12
12/1/2022,CUST-00236,88.43
1/1/2023,CUST-00236,87.12
2/1/2023,CUST-00236,87.12
3/1/2023,CUST-00236,87.12
4/1/2023,CUST-00236,87.12
5/1/2023,CUST-00236,87.12
6/1/2023,CUST-00236,87.12
7/1/2023,CUST-00236,87.12
8/1/2023,CUST-00236,87.12
9/1/2023,CUST-00236,87.12
10/1/2023,CUST-00236,87.12
11/1/2023,CUST-00236,87.12
12/1/2023,CUST-00236,88.43
1/1/2024,CUST-00236,87.12
2/1/2024,CUST-00236,87.12
2/1/2025,CUST-00237,121.18
3/1/2025,CUST-00237,121.18
4/1/2025,CUST-00237,121.18
5/1/2025,CUST-00237,121.18
6/1/2025,CUST-00237,121.18
7/1/2025,CUST-00237,121.18
8/1/2025,CUST-00237,121.18
9/1/2025,CUST-00237,121.18
10/1/2025,CUST-00237,121.18
11/1/2025,CUST-00237,121.18
12/1/2025,CUST-00237,123
5/1/2023,CUST-00238,69.33
6/1/2023,CUST-00238,69.33
7/1/2023,CUST-00238,69.33
8/1/2023,CUST-00238,69.33
9/1/2023,CUST-00238,69.33
10/1/2023,CUST-00238,69.33
11/1/2023,CUST-00238,69.33
12/1/2023,CUST-00238,70.37
1/1/2024,CUST-00238,69.33
2/1/2024,CUST-00238,69.33
3/1/2024,CUST-00238,69.33
4/1/2024,CUST-00238,69.33
5/1/2024,CUST-00238,69.33
6/1/2024,CUST-00238,69.33
7/1/2024,CUST-00238,69.33
8/1/2024,CUST-00238,69.33
9/1/2024,CUST-00238,69.33
10/1/2024,CUST-00238,69.33
11/1/2024,CUST-00238,69.33
12/1/2024,CUST-00238,70.37
1/1/2025,CUST-00238,69.33
2/1/2025,CUST-00238,69.33
3/1/2025,CUST-00238,69.33
4/1/2025,CUST-00238,69.33
5/1/2025,CUST-00238,69.33
6/1/2025,CUST-00238,69.33
7/1/2025,CUST-00238,69.33
8/1/2025,CUST-00238,69.33
9/1/2025,CUST-00238,69.33
10/1/2025,CUST-00238,69.33
11/1/2025,CUST-00238,69.33
12/1/2025,CUST-00238,70.37
1/1/2022,CUST-00239,84.06
2/1/2022,CUST-00239,84.06
3/1/2022,CUST-00239,84.06
4/1/2022,CUST-00239,84.06
5/1/2022,CUST-00239,84.06
6/1/2022,CUST-00239,84.06
7/1/2022,CUST-00239,84.06
8/1/2022,CUST-00239,84.06
9/1/2022,CUST-00239,84.06
10/1/2022,CUST-00239,84.06
11/1/2022,CUST-00239,84.06
12/1/2022,CUST-00239,85.32
1/1/2023,CUST-00239,84.06
2/1/2023,CUST-00239,84.06
3/1/2023,CUST-00239,84.06
4/1/2023,CUST-00239,84.06
5/1/2023,CUST-00239,84.06
6/1/2023,CUST-00239,84.06
7/1/2023,CUST-00239,84.06
8/1/2023,CUST-00239,84.06
9/1/2023,CUST-00239,84.06
10/1/2023,CUST-00239,84.06
11/1/2023,CUST-00239,84.06
12/1/2023,CUST-00239,85.32
1/1/2024,CUST-00239,84.06
2/1/2024,CUST-00239,84.06
3/1/2024,CUST-00239,84.06
4/1/2024,CUST-00239,84.06
5/1/2024,CUST-00239,84.06
6/1/2024,CUST-00239,84.06
7/1/2024,CUST-00239,84.06
8/1/2024,CUST-00239,84.06
9/1/2024,CUST-00239,84.06
10/1/2024,CUST-00239,84.06
11/1/2024,CUST-00239,84.06
12/1/2024,CUST-00239,85.32
1/1/2025,CUST-00239,84.06
2/1/2025,CUST-00239,84.06
3/1/2025,CUST-00239,84.06
4/1/2025,CUST-00239,84.06
5/1/2025,CUST-00239,84.06
6/1/2025,CUST-00239,84.06
7/1/2025,CUST-00239,84.06
8/1/2025,CUST-00239,84.06
9/1/2025,CUST-00239,84.06
10/1/2025,CUST-00239,84.06
11/1/2025,CUST-00239,84.06
12/1/2025,CUST-00239,85.32
7/1/2022,CUST-00240,74.11
8/1/2022,CUST-00240,74.11
9/1/2022,CUST-00240,74.11
10/1/2022,CUST-00240,74.11
11/1/2022,CUST-00240,74.11
12/1/2022,CUST-00240,75.22
1/1/2023,CUST-00240,74.11
2/1/2023,CUST-00240,74.11
3/1/2023,CUST-00240,74.11
4/1/2023,CUST-00240,74.11
5/1/2023,CUST-00240,74.11
6/1/2023,CUST-00240,74.11
7/1/2023,CUST-00240,74.11
8/1/2023,CUST-00240,74.11
9/1/2023,CUST-00240,74.11
10/1/2023,CUST-00240,74.11
11/1/2023,CUST-00240,74.11
12/1/2023,CUST-00240,75.22
1/1/2024,CUST-00240,74.11
2/1/2024,CUST-00240,74.11
3/1/2024,CUST-00240,74.11
4/1/2024,CUST-00240,74.11
5/1/2024,CUST-00240,74.11
6/1/2024,CUST-00240,74.11
7/1/2024,CUST-00240,74.11
8/1/2024,CUST-00240,74.11
9/1/2024,CUST-00240,74.11
10/1/2024,CUST-00240,74.11
11/1/2024,CUST-00240,74.11
12/1/2024,CUST-00240,75.22
1/1/2025,CUST-00240,74.11
2/1/2025,CUST-00240,74.11
3/1/2025,CUST-00240,74.11
4/1/2025,CUST-00240,74.11
5/1/2025,CUST-00240,74.11
6/1/2025,CUST-00240,74.11
7/1/2025,CUST-00240,74.11
8/1/2025,CUST-00240,74.11
9/1/2025,CUST-00240,74.11
10/1/2025,CUST-00240,74.11
11/1/2025,CUST-00240,74.11
12/1/2025,CUST-00240,75.22
9/1/2023,CUST-00241,90.67
10/1/2023,CUST-00241,90.67
11/1/2023,CUST-00241,90.67
12/1/2023,CUST-00241,92.03
1/1/2024,CUST-00241,90.67
2/1/2024,CUST-00241,90.67
3/1/2024,CUST-00241,90.67
4/1/2024,CUST-00241,90.67
5/1/2024,CUST-00241,90.67
6/1/2024,CUST-00241,90.67
7/1/2024,CUST-00241,90.67
8/1/2024,CUST-00241,90.67
9/1/2024,CUST-00241,90.67
10/1/2024,CUST-00241,90.67
11/1/2024,CUST-00241,90.67
12/1/2024,CUST-00241,92.03
1/1/2025,CUST-00241,90.67
2/1/2025,CUST-00241,90.67
3/1/2025,CUST-00241,90.67
4/1/2025,CUST-00241,90.67
5/1/2025,CUST-00241,90.67
6/1/2025,CUST-00241,90.67
7/1/2025,CUST-00241,90.67
8/1/2025,CUST-00241,90.67
9/1/2025,CUST-00241,90.67
10/1/2025,CUST-00241,90.67
11/1/2025,CUST-00241,90.67
12/1/2025,CUST-00241,92.03
9/1/2025,CUST-00242,58.56
10/1/2025,CUST-00242,58.56
11/1/2025,CUST-00242,58.56
12/1/2025,CUST-00242,59.44
9/1/2025,CUST-00243,125.96
10/1/2025,CUST-00243,125.96
11/1/2025,CUST-00243,125.96
12/1/2025,CUST-00243,127.85
8/1/2025,CUST-00244,117.94
9/1/2025,CUST-00244,117.94
10/1/2025,CUST-00244,117.94
11/1/2025,CUST-00244,117.94
12/1/2025,CUST-00244,119.71
5/1/2024,CUST-00245,119.67
6/1/2024,CUST-00245,119.67
7/1/2024,CUST-00245,119.67
8/1/2024,CUST-00245,119.67
9/1/2024,CUST-00245,119.67
10/1/2024,CUST-00245,119.67
11/1/2024,CUST-00245,119.67
12/1/2024,CUST-00245,121.47
1/1/2025,CUST-00245,119.67
2/1/2025,CUST-00245,119.67
3/1/2025,CUST-00245,119.67
4/1/2025,CUST-00245,119.67
5/1/2025,CUST-00245,119.67
6/1/2025,CUST-00245,119.67
7/1/2025,CUST-00245,119.67
8/1/2025,CUST-00245,119.67
9/1/2025,CUST-00245,119.67
10/1/2025,CUST-00245,119.67
11/1/2025,CUST-00245,119.67
12/1/2025,CUST-00245,121.47
6/1/2023,CUST-00246,58.02
7/1/2023,CUST-00246,58.02
8/1/2023,CUST-00246,58.02
9/1/2023,CUST-00246,58.02
10/1/2023,CUST-00246,58.02
11/1/2023,CUST-00246,58.02
12/1/2023,CUST-00246,58.89
1/1/2024,CUST-00246,58.02
2/1/2024,CUST-00246,58.02
3/1/2024,CUST-00246,58.02
4/1/2024,CUST-00246,58.02
5/1/2024,CUST-00246,58.02
3/1/2025,CUST-00247,67.48
4/1/2025,CUST-00247,67.48
5/1/2025,CUST-00247,67.48
6/1/2025,CUST-00247,67.48
7/1/2025,CUST-00247,67.48
8/1/2025,CUST-00247,67.48
9/1/2025,CUST-00247,67.48
10/1/2025,CUST-00247,67.48
11/1/2025,CUST-00247,67.48
12/1/2025,CUST-00247,68.49
7/1/2025,CUST-00248,81.06
8/1/2025,CUST-00248,81.06
9/1/2025,CUST-00248,81.06
10/1/2025,CUST-00248,81.06
11/1/2025,CUST-00248,81.06
12/1/2025,CUST-00248,82.28
8/1/2024,CUST-00249,87.07
9/1/2024,CUST-00249,87.07
10/1/2024,CUST-00249,87.07
11/1/2024,CUST-00249,87.07
12/1/2024,CUST-00249,88.38
1/1/2025,CUST-00249,87.07
2/1/2025,CUST-00249,87.07
3/1/2022,CUST-00250,68.45
4/1/2022,CUST-00250,68.45
5/1/2022,CUST-00250,68.45
6/1/2022,CUST-00250,68.45
7/1/2022,CUST-00250,68.45
8/1/2022,CUST-00250,68.45
9/1/2022,CUST-00250,68.45
10/1/2022,CUST-00250,68.45
11/1/2022,CUST-00250,68.45
12/1/2022,CUST-00250,69.48
1/1/2023,CUST-00250,68.45
2/1/2023,CUST-00250,68.45
3/1/2023,CUST-00250,68.45
4/1/2023,CUST-00250,68.45
5/1/2023,CUST-00250,68.45
6/1/2023,CUST-00250,68.45
7/1/2023,CUST-00250,68.45
8/1/2023,CUST-00250,68.45
9/1/2023,CUST-00250,68.45
10/1/2023,CUST-00250,68.45
11/1/2023,CUST-00250,68.45
12/1/2023,CUST-00250,69.48
1/1/2024,CUST-00250,68.45
2/1/2024,CUST-00250,68.45
3/1/2024,CUST-00250,68.45
4/1/2024,CUST-00250,68.45
5/1/2024,CUST-00250,68.45
6/1/2024,CUST-00250,68.45
7/1/2024,CUST-00250,68.45
8/1/2024,CUST-00250,68.45
9/1/2024,CUST-00250,68.45
10/1/2024,CUST-00250,68.45
11/1/2024,CUST-00250,68.45
12/1/2024,CUST-00250,69.48
1/1/2025,CUST-00250,68.45
2/1/2025,CUST-00250,68.45
3/1/2025,CUST-00250,68.45
4/1/2025,CUST-00250,68.45
5/1/2025,CUST-00250,68.45
6/1/2025,CUST-00250,68.45
7/1/2025,CUST-00250,68.45
8/1/2025,CUST-00250,68.45
9/1/2025,CUST-00250,68.45
10/1/2025,CUST-00250,68.45
11/1/2025,CUST-00250,68.45
12/1/2025,CUST-00250,69.48
1/1/2025,CUST-00251,84.36
2/1/2025,CUST-00251,84.36
3/1/2025,CUST-00251,84.36
4/1/2025,CUST-00251,84.36
5/1/2025,CUST-00251,84.36
6/1/2025,CUST-00251,84.36
7/1/2025,CUST-00251,84.36
8/1/2025,CUST-00251,84.36
9/1/2025,CUST-00251,84.36
10/1/2025,CUST-00251,84.36
11/1/2025,CUST-00251,84.36
12/1/2025,CUST-00251,85.63
8/1/2022,CUST-00252,129.27
9/1/2022,CUST-00252,129.27
10/1/2022,CUST-00252,129.27
11/1/2022,CUST-00252,129.27
12/1/2022,CUST-00252,131.21
1/1/2023,CUST-00252,129.27
2/1/2023,CUST-00252,129.27
3/1/2023,CUST-00252,129.27
4/1/2023,CUST-00252,129.27
5/1/2023,CUST-00252,129.27
6/1/2023,CUST-00252,129.27
7/1/2023,CUST-00252,129.27
8/1/2023,CUST-00252,129.27
9/1/2023,CUST-00252,129.27
10/1/2023,CUST-00252,129.27
11/1/2023,CUST-00252,129.27
12/1/2023,CUST-00252,131.21
1/1/2024,CUST-00252,129.27
2/1/2024,CUST-00252,129.27
3/1/2024,CUST-00252,129.27
4/1/2024,CUST-00252,129.27
5/1/2024,CUST-00252,129.27
6/1/2024,CUST-00252,129.27
7/1/2024,CUST-00252,129.27
8/1/2024,CUST-00252,129.27
9/1/2024,CUST-00252,129.27
10/1/2024,CUST-00252,129.27
11/1/2024,CUST-00252,129.27
12/1/2024,CUST-00252,131.21
1/1/2025,CUST-00252,129.27
2/1/2025,CUST-00252,129.27
3/1/2025,CUST-00252,129.27
4/1/2025,CUST-00252,129.27
5/1/2025,CUST-00252,129.27
6/1/2025,CUST-00252,129.27
7/1/2025,CUST-00252,129.27
8/1/2025,CUST-00252,129.27
9/1/2025,CUST-00252,129.27
10/1/2025,CUST-00252,129.27
11/1/2025,CUST-00252,129.27
12/1/2025,CUST-00252,131.21
10/1/2024,CUST-00253,45.75
11/1/2024,CUST-00253,45.75
12/1/2024,CUST-00253,46.44
1/1/2025,CUST-00253,45.75
2/1/2025,CUST-00253,45.75
3/1/2025,CUST-00253,45.75
4/1/2025,CUST-00253,45.75
5/1/2025,CUST-00253,45.75
6/1/2025,CUST-00253,45.75
7/1/2025,CUST-00253,45.75
8/1/2025,CUST-00253,45.75
9/1/2025,CUST-00253,45.75
10/1/2025,CUST-00253,45.75
11/1/2025,CUST-00253,45.75
12/1/2025,CUST-00253,46.44
8/1/2023,CUST-00254,55.78
9/1/2023,CUST-00254,55.78
10/1/2023,CUST-00254,55.78
11/1/2023,CUST-00254,55.78
12/1/2023,CUST-00254,56.62
1/1/2024,CUST-00254,55.78
2/1/2024,CUST-00254,55.78
3/1/2024,CUST-00254,55.78
4/1/2024,CUST-00254,55.78
5/1/2024,CUST-00254,55.78
6/1/2024,CUST-00254,55.78
7/1/2024,CUST-00254,55.78
8/1/2024,CUST-00254,55.78
9/1/2024,CUST-00254,55.78
10/1/2024,CUST-00254,55.78
11/1/2024,CUST-00254,55.78
12/1/2024,CUST-00254,56.62
1/1/2025,CUST-00254,55.78
2/1/2025,CUST-00254,55.78
3/1/2025,CUST-00254,55.78
4/1/2025,CUST-00254,55.78
5/1/2025,CUST-00254,55.78
6/1/2025,CUST-00254,55.78
7/1/2025,CUST-00254,55.78
8/1/2025,CUST-00254,55.78
9/1/2025,CUST-00254,55.78
10/1/2025,CUST-00254,55.78
11/1/2025,CUST-00254,55.78
12/1/2025,CUST-00254,56.62
8/1/2022,CUST-00255,51.2
9/1/2022,CUST-00255,51.2
10/1/2022,CUST-00255,51.2
11/1/2022,CUST-00255,51.2
12/1/2022,CUST-00255,51.97
1/1/2023,CUST-00255,51.2
2/1/2023,CUST-00255,51.2
3/1/2023,CUST-00255,51.2
4/1/2023,CUST-00255,51.2
5/1/2023,CUST-00255,51.2
6/1/2023,CUST-00255,51.2
7/1/2023,CUST-00255,51.2
8/1/2023,CUST-00255,51.2
9/1/2023,CUST-00255,51.2
10/1/2023,CUST-00255,51.2
11/1/2023,CUST-00255,51.2
12/1/2023,CUST-00255,51.97
1/1/2024,CUST-00255,51.2
2/1/2024,CUST-00255,51.2
3/1/2024,CUST-00255,51.2
4/1/2024,CUST-00255,51.2
5/1/2024,CUST-00255,51.2
6/1/2024,CUST-00255,51.2
7/1/2024,CUST-00255,51.2
8/1/2024,CUST-00255,51.2
9/1/2024,CUST-00255,51.2
10/1/2024,CUST-00255,51.2
11/1/2024,CUST-00255,51.2
12/1/2024,CUST-00255,51.97
1/1/2025,CUST-00255,51.2
2/1/2025,CUST-00255,51.2
3/1/2025,CUST-00255,51.2
4/1/2025,CUST-00255,51.2
5/1/2025,CUST-00255,51.2
6/1/2025,CUST-00255,51.2
7/1/2025,CUST-00255,51.2
8/1/2025,CUST-00255,51.2
9/1/2025,CUST-00255,51.2
10/1/2025,CUST-00255,51.2
11/1/2025,CUST-00255,51.2
12/1/2025,CUST-00255,51.97
1/1/2024,CUST-00256,131.59
2/1/2024,CUST-00256,131.59
3/1/2024,CUST-00256,131.59
4/1/2024,CUST-00256,131.59
5/1/2024,CUST-00256,131.59
6/1/2024,CUST-00256,131.59
7/1/2024,CUST-00256,131.59
1/1/2023,CUST-00257,114.65
2/1/2023,CUST-00257,114.65
3/1/2023,CUST-00257,114.65
4/1/2023,CUST-00257,114.65
5/1/2023,CUST-00257,114.65
6/1/2023,CUST-00257,114.65
7/1/2023,CUST-00257,114.65
8/1/2023,CUST-00257,114.65
9/1/2023,CUST-00257,114.65
10/1/2023,CUST-00257,114.65
11/1/2023,CUST-00257,114.65
12/1/2023,CUST-00257,116.37
1/1/2024,CUST-00257,114.65
2/1/2024,CUST-00257,114.65
3/1/2024,CUST-00257,114.65
4/1/2024,CUST-00257,114.65
5/1/2024,CUST-00257,114.65
6/1/2024,CUST-00257,114.65
7/1/2024,CUST-00257,114.65
8/1/2024,CUST-00257,114.65
9/1/2024,CUST-00257,114.65
10/1/2024,CUST-00257,114.65
11/1/2024,CUST-00257,114.65
12/1/2024,CUST-00257,116.37
1/1/2025,CUST-00257,114.65
2/1/2025,CUST-00257,114.65
3/1/2025,CUST-00257,114.65
4/1/2025,CUST-00257,114.65
5/1/2025,CUST-00257,114.65
6/1/2025,CUST-00257,114.65
7/1/2025,CUST-00257,114.65
8/1/2025,CUST-00257,114.65
9/1/2025,CUST-00257,114.65
10/1/2025,CUST-00257,114.65
11/1/2025,CUST-00257,114.65
12/1/2025,CUST-00257,116.37
1/1/2023,CUST-00258,63.49
2/1/2023,CUST-00258,63.49
3/1/2023,CUST-00258,63.49
4/1/2023,CUST-00258,63.49
5/1/2023,CUST-00258,63.49
6/1/2023,CUST-00258,63.49
7/1/2023,CUST-00258,63.49
8/1/2023,CUST-00258,63.49
9/1/2023,CUST-00258,63.49
10/1/2023,CUST-00258,63.49
11/1/2023,CUST-00258,63.49
12/1/2023,CUST-00258,64.44
1/1/2024,CUST-00258,63.49
2/1/2024,CUST-00258,63.49
3/1/2024,CUST-00258,63.49
4/1/2024,CUST-00258,63.49
5/1/2024,CUST-00258,63.49
6/1/2024,CUST-00258,63.49
7/1/2024,CUST-00258,63.49
8/1/2024,CUST-00258,63.49
9/1/2024,CUST-00258,63.49
10/1/2024,CUST-00258,63.49
11/1/2024,CUST-00258,63.49
12/1/2024,CUST-00258,64.44
1/1/2025,CUST-00258,63.49
2/1/2025,CUST-00258,63.49
3/1/2025,CUST-00258,63.49
4/1/2025,CUST-00258,63.49
5/1/2025,CUST-00258,63.49
6/1/2025,CUST-00258,63.49
7/1/2025,CUST-00258,63.49
8/1/2025,CUST-00258,63.49
9/1/2025,CUST-00258,63.49
10/1/2025,CUST-00258,63.49
11/1/2025,CUST-00258,63.49
12/1/2025,CUST-00258,64.44
6/1/2024,CUST-00259,72.71
7/1/2024,CUST-00259,72.71
8/1/2024,CUST-00259,72.71
9/1/2024,CUST-00259,72.71
10/1/2024,CUST-00259,72.71
11/1/2024,CUST-00259,72.71
12/1/2024,CUST-00259,73.8
1/1/2025,CUST-00259,72.71
2/1/2025,CUST-00259,72.71
3/1/2025,CUST-00259,72.71
4/1/2025,CUST-00259,72.71
5/1/2025,CUST-00259,72.71
6/1/2025,CUST-00259,72.71
7/1/2025,CUST-00259,72.71
8/1/2025,CUST-00259,72.71
9/1/2025,CUST-00259,72.71
10/1/2025,CUST-00259,72.71
11/1/2025,CUST-00259,72.71
12/1/2025,CUST-00259,73.8
4/1/2025,CUST-00260,91.75
5/1/2025,CUST-00260,91.75
6/1/2025,CUST-00260,91.75
7/1/2025,CUST-00260,91.75
8/1/2025,CUST-00260,91.75
9/1/2025,CUST-00260,91.75
10/1/2025,CUST-00260,91.75
11/1/2025,CUST-00260,91.75
12/1/2025,CUST-00260,93.13
9/1/2024,CUST-00261,60.72
10/1/2024,CUST-00261,60.72
11/1/2024,CUST-00261,60.72
12/1/2024,CUST-00261,61.63
1/1/2025,CUST-00261,60.72
2/1/2025,CUST-00261,60.72
3/1/2025,CUST-00261,60.72
4/1/2025,CUST-00261,60.72
5/1/2025,CUST-00261,60.72
6/1/2025,CUST-00261,60.72
7/1/2025,CUST-00261,60.72
8/1/2025,CUST-00261,60.72
9/1/2025,CUST-00261,60.72
10/1/2025,CUST-00261,60.72
11/1/2025,CUST-00261,60.72
12/1/2025,CUST-00261,61.63
8/1/2022,CUST-00262,83.97
9/1/2022,CUST-00262,83.97
10/1/2022,CUST-00262,83.97
11/1/2022,CUST-00262,83.97
12/1/2022,CUST-00262,85.23
1/1/2023,CUST-00262,83.97
2/1/2023,CUST-00262,83.97
3/1/2023,CUST-00262,83.97
4/1/2023,CUST-00262,83.97
11/1/2023,CUST-00263,76.15
12/1/2023,CUST-00263,77.29
1/1/2024,CUST-00263,76.15
2/1/2024,CUST-00263,76.15
3/1/2024,CUST-00263,76.15
4/1/2024,CUST-00263,76.15
5/1/2024,CUST-00263,76.15
6/1/2024,CUST-00263,76.15
7/1/2024,CUST-00263,76.15
8/1/2024,CUST-00263,76.15
9/1/2024,CUST-00263,76.15
10/1/2024,CUST-00263,76.15
11/1/2024,CUST-00263,76.15
12/1/2024,CUST-00263,77.29
1/1/2025,CUST-00263,76.15
2/1/2025,CUST-00263,76.15
3/1/2025,CUST-00263,76.15
4/1/2025,CUST-00263,76.15
5/1/2025,CUST-00263,76.15
6/1/2025,CUST-00263,76.15
7/1/2025,CUST-00263,76.15
8/1/2025,CUST-00263,76.15
9/1/2025,CUST-00263,76.15
10/1/2025,CUST-00263,76.15
11/1/2025,CUST-00263,76.15
12/1/2025,CUST-00263,77.29
9/1/2023,CUST-00264,83.11
10/1/2023,CUST-00264,83.11
11/1/2023,CUST-00264,83.11
12/1/2023,CUST-00264,84.36
1/1/2024,CUST-00264,83.11
2/1/2024,CUST-00264,83.11
3/1/2024,CUST-00264,83.11
4/1/2024,CUST-00264,83.11
5/1/2024,CUST-00264,83.11
6/1/2024,CUST-00264,83.11
7/1/2024,CUST-00264,83.11
8/1/2024,CUST-00264,83.11
9/1/2024,CUST-00264,83.11
10/1/2024,CUST-00264,83.11
11/1/2024,CUST-00264,83.11
12/1/2024,CUST-00264,84.36
1/1/2025,CUST-00264,83.11
2/1/2025,CUST-00264,83.11
3/1/2025,CUST-00264,83.11
4/1/2025,CUST-00264,83.11
5/1/2025,CUST-00264,83.11
6/1/2025,CUST-00264,83.11
7/1/2025,CUST-00264,83.11
8/1/2025,CUST-00264,83.11
9/1/2025,CUST-00264,83.11
10/1/2025,CUST-00264,83.11
11/1/2025,CUST-00264,83.11
12/1/2025,CUST-00264,84.36
3/1/2024,CUST-00265,50.56
4/1/2024,CUST-00265,50.56
5/1/2024,CUST-00265,50.56
6/1/2024,CUST-00265,50.56
7/1/2024,CUST-00265,50.56
8/1/2024,CUST-00265,50.56
9/1/2024,CUST-00265,50.56
10/1/2024,CUST-00265,50.56
11/1/2024,CUST-00265,50.56
12/1/2024,CUST-00265,51.32
1/1/2025,CUST-00265,50.56
2/1/2025,CUST-00265,50.56
3/1/2025,CUST-00265,50.56
4/1/2025,CUST-00265,50.56
5/1/2025,CUST-00265,50.56
6/1/2025,CUST-00265,50.56
7/1/2025,CUST-00265,50.56
8/1/2025,CUST-00265,50.56
9/1/2025,CUST-00265,50.56
10/1/2025,CUST-00265,50.56
11/1/2025,CUST-00265,50.56
12/1/2025,CUST-00265,51.32
6/1/2023,CUST-00266,52.79
7/1/2023,CUST-00266,52.79
8/1/2023,CUST-00266,52.79
9/1/2023,CUST-00266,52.79
10/1/2023,CUST-00266,52.79
11/1/2023,CUST-00266,52.79
12/1/2023,CUST-00266,53.58
1/1/2024,CUST-00266,52.79
2/1/2024,CUST-00266,52.79
3/1/2024,CUST-00266,52.79
4/1/2024,CUST-00266,52.79
5/1/2024,CUST-00266,52.79
6/1/2024,CUST-00266,52.79
7/1/2024,CUST-00266,52.79
8/1/2024,CUST-00266,52.79
9/1/2024,CUST-00266,52.79
10/1/2024,CUST-00266,52.79
11/1/2024,CUST-00266,52.79
12/1/2024,CUST-00266,53.58
1/1/2025,CUST-00266,52.79
2/1/2025,CUST-00266,52.79
3/1/2025,CUST-00266,52.79
4/1/2025,CUST-00266,52.79
5/1/2025,CUST-00266,52.79
6/1/2025,CUST-00266,52.79
7/1/2025,CUST-00266,52.79
8/1/2025,CUST-00266,52.79
9/1/2025,CUST-00266,52.79
10/1/2025,CUST-00266,52.79
11/1/2025,CUST-00266,52.79
12/1/2025,CUST-00266,53.58
11/1/2023,CUST-00267,59.38
12/1/2023,CUST-00267,60.27
1/1/2024,CUST-00267,59.38
2/1/2024,CUST-00267,59.38
3/1/2024,CUST-00267,59.38
4/1/2024,CUST-00267,59.38
5/1/2024,CUST-00267,59.38
6/1/2024,CUST-00267,59.38
7/1/2024,CUST-00267,59.38
8/1/2024,CUST-00267,59.38
9/1/2024,CUST-00267,59.38
10/1/2024,CUST-00267,59.38
11/1/2024,CUST-00267,59.38
12/1/2024,CUST-00267,60.27
1/1/2025,CUST-00267,59.38
2/1/2025,CUST-00267,59.38
3/1/2025,CUST-00267,59.38
4/1/2025,CUST-00267,59.38
5/1/2025,CUST-00267,59.38
6/1/2025,CUST-00267,59.38
7/1/2025,CUST-00267,59.38
8/1/2025,CUST-00267,59.38
9/1/2025,CUST-00267,59.38
10/1/2025,CUST-00267,59.38
2/1/2022,CUST-00268,78.97
3/1/2022,CUST-00268,78.97
4/1/2022,CUST-00268,78.97
5/1/2022,CUST-00268,78.97
6/1/2022,CUST-00268,78.97
7/1/2022,CUST-00268,78.97
8/1/2022,CUST-00268,78.97
9/1/2022,CUST-00268,78.97
10/1/2022,CUST-00268,78.97
11/1/2022,CUST-00268,78.97
12/1/2022,CUST-00268,80.15
1/1/2023,CUST-00268,78.97
2/1/2023,CUST-00268,78.97
3/1/2023,CUST-00268,78.97
4/1/2023,CUST-00268,78.97
5/1/2023,CUST-00268,78.97
6/1/2023,CUST-00268,78.97
7/1/2023,CUST-00268,78.97
8/1/2023,CUST-00268,78.97
9/1/2023,CUST-00268,78.97
10/1/2023,CUST-00268,78.97
11/1/2023,CUST-00268,78.97
12/1/2023,CUST-00268,80.15
1/1/2024,CUST-00268,78.97
2/1/2024,CUST-00268,78.97
3/1/2024,CUST-00268,78.97
4/1/2024,CUST-00268,78.97
5/1/2024,CUST-00268,78.97
6/1/2024,CUST-00268,78.97
7/1/2024,CUST-00268,78.97
8/1/2024,CUST-00268,78.97
9/1/2024,CUST-00268,78.97
10/1/2024,CUST-00268,78.97
11/1/2024,CUST-00268,78.97
12/1/2024,CUST-00268,80.15
1/1/2025,CUST-00268,78.97
2/1/2025,CUST-00268,78.97
3/1/2025,CUST-00268,78.97
4/1/2025,CUST-00268,78.97
5/1/2025,CUST-00268,78.97
6/1/2025,CUST-00268,78.97
7/1/2025,CUST-00268,78.97
8/1/2025,CUST-00268,78.97
9/1/2025,CUST-00268,78.97
10/1/2025,CUST-00268,78.97
11/1/2025,CUST-00268,78.97
12/1/2025,CUST-00268,80.15
8/1/2023,CUST-00269,49.52
9/1/2023,CUST-00269,49.52
10/1/2023,CUST-00269,49.52
11/1/2023,CUST-00269,49.52
12/1/2023,CUST-00269,50.26
1/1/2024,CUST-00269,49.52
2/1/2024,CUST-00269,49.52
3/1/2024,CUST-00269,49.52
4/1/2024,CUST-00269,49.52
5/1/2024,CUST-00269,49.52
6/1/2024,CUST-00269,49.52
7/1/2024,CUST-00269,49.52
8/1/2024,CUST-00269,49.52
9/1/2024,CUST-00269,49.52
10/1/2024,CUST-00269,49.52
11/1/2024,CUST-00269,49.52
12/1/2024,CUST-00269,50.26
1/1/2025,CUST-00269,49.52
2/1/2025,CUST-00269,49.52
3/1/2025,CUST-00269,49.52
4/1/2025,CUST-00269,49.52
5/1/2025,CUST-00269,49.52
6/1/2025,CUST-00269,49.52
7/1/2025,CUST-00269,49.52
8/1/2025,CUST-00269,49.52
9/1/2025,CUST-00269,49.52
10/1/2025,CUST-00269,49.52
11/1/2025,CUST-00269,49.52
12/1/2025,CUST-00269,50.26
4/1/2022,CUST-00270,61.59
5/1/2022,CUST-00270,61.59
6/1/2022,CUST-00270,61.59
7/1/2022,CUST-00270,61.59
8/1/2022,CUST-00270,61.59
9/1/2022,CUST-00270,61.59
10/1/2022,CUST-00270,61.59
11/1/2022,CUST-00270,61.59
12/1/2022,CUST-00270,62.51
1/1/2023,CUST-00270,61.59
2/1/2023,CUST-00270,61.59
3/1/2023,CUST-00270,61.59
4/1/2023,CUST-00270,61.59
5/1/2023,CUST-00270,61.59
6/1/2023,CUST-00270,61.59
7/1/2023,CUST-00270,61.59
8/1/2023,CUST-00270,61.59
9/1/2023,CUST-00270,61.59
10/1/2023,CUST-00270,61.59
11/1/2023,CUST-00270,61.59
12/1/2023,CUST-00270,62.51
1/1/2024,CUST-00270,61.59
2/1/2024,CUST-00270,61.59
3/1/2024,CUST-00270,61.59
4/1/2024,CUST-00270,61.59
5/1/2024,CUST-00270,61.59
6/1/2024,CUST-00270,61.59
7/1/2024,CUST-00270,61.59
8/1/2024,CUST-00270,61.59
9/1/2024,CUST-00270,61.59
10/1/2024,CUST-00270,61.59
11/1/2024,CUST-00270,61.59
12/1/2024,CUST-00270,62.51
1/1/2025,CUST-00270,61.59
2/1/2025,CUST-00270,61.59
3/1/2025,CUST-00270,61.59
4/1/2025,CUST-00270,61.59
5/1/2025,CUST-00270,61.59
6/1/2025,CUST-00270,61.59
7/1/2025,CUST-00270,61.59
8/1/2025,CUST-00270,61.59
9/1/2025,CUST-00270,61.59
10/1/2025,CUST-00270,61.59
11/1/2025,CUST-00270,61.59
12/1/2025,CUST-00270,62.51
8/1/2023,CUST-00271,48.59
9/1/2023,CUST-00271,48.59
10/1/2023,CUST-00271,48.59
11/1/2023,CUST-00271,48.59
12/1/2023,CUST-00271,49.32
1/1/2024,CUST-00271,48.59
2/1/2024,CUST-00271,48.59
3/1/2024,CUST-00271,48.59
4/1/2024,CUST-00271,48.59
5/1/2024,CUST-00271,48.59
6/1/2024,CUST-00271,48.59
7/1/2024,CUST-00271,48.59
8/1/2024,CUST-00271,48.59
9/1/2024,CUST-00271,48.59
10/1/2024,CUST-00271,48.59
11/1/2024,CUST-00271,48.59
12/1/2024,CUST-00271,49.32
1/1/2025,CUST-00271,48.59
2/1/2025,CUST-00271,48.59
3/1/2025,CUST-00271,48.59
4/1/2025,CUST-00271,48.59
5/1/2025,CUST-00271,48.59
6/1/2025,CUST-00271,48.59
7/1/2025,CUST-00271,48.59
8/1/2025,CUST-00271,48.59
9/1/2025,CUST-00271,48.59
10/1/2025,CUST-00271,48.59
11/1/2025,CUST-00271,48.59
12/1/2025,CUST-00271,49.32
10/1/2022,CUST-00272,46.21
11/1/2022,CUST-00272,46.21
12/1/2022,CUST-00272,46.9
1/1/2023,CUST-00272,46.21
2/1/2023,CUST-00272,46.21
3/1/2023,CUST-00272,46.21
4/1/2023,CUST-00272,46.21
5/1/2023,CUST-00272,46.21
6/1/2023,CUST-00272,46.21
7/1/2023,CUST-00272,46.21
8/1/2023,CUST-00272,46.21
9/1/2023,CUST-00272,46.21
10/1/2023,CUST-00272,46.21
11/1/2023,CUST-00272,46.21
12/1/2023,CUST-00272,46.9
1/1/2024,CUST-00272,46.21
2/1/2024,CUST-00272,46.21
3/1/2024,CUST-00272,46.21
4/1/2024,CUST-00272,46.21
5/1/2024,CUST-00272,46.21
6/1/2024,CUST-00272,46.21
7/1/2024,CUST-00272,46.21
8/1/2024,CUST-00272,46.21
9/1/2024,CUST-00272,46.21
10/1/2024,CUST-00272,46.21
11/1/2024,CUST-00272,46.21
12/1/2024,CUST-00272,46.9
1/1/2025,CUST-00272,46.21
2/1/2025,CUST-00272,46.21
3/1/2025,CUST-00272,46.21
4/1/2025,CUST-00272,46.21
5/1/2025,CUST-00272,46.21
6/1/2025,CUST-00272,46.21
7/1/2025,CUST-00272,46.21
8/1/2025,CUST-00272,46.21
9/1/2025,CUST-00272,46.21
10/1/2025,CUST-00272,46.21
11/1/2025,CUST-00272,46.21
12/1/2025,CUST-00272,46.9
2/1/2023,CUST-00273,128.43
3/1/2023,CUST-00273,128.43
4/1/2023,CUST-00273,128.43
5/1/2023,CUST-00273,128.43
6/1/2023,CUST-00273,128.43
7/1/2023,CUST-00273,128.43
8/1/2023,CUST-00273,128.43
9/1/2023,CUST-00273,128.43
10/1/2023,CUST-00273,128.43
11/1/2023,CUST-00273,128.43
12/1/2023,CUST-00273,130.36
1/1/2024,CUST-00273,128.43
2/1/2024,CUST-00273,128.43
3/1/2024,CUST-00273,128.43
4/1/2024,CUST-00273,128.43
5/1/2024,CUST-00273,128.43
6/1/2024,CUST-00273,128.43
7/1/2024,CUST-00273,128.43
8/1/2024,CUST-00273,128.43
9/1/2024,CUST-00273,128.43
10/1/2024,CUST-00273,128.43
11/1/2024,CUST-00273,128.43
12/1/2024,CUST-00273,130.36
1/1/2025,CUST-00273,128.43
2/1/2025,CUST-00273,128.43
3/1/2025,CUST-00273,128.43
4/1/2025,CUST-00273,128.43
5/1/2025,CUST-00273,128.43
6/1/2025,CUST-00273,128.43
7/1/2025,CUST-00273,128.43
8/1/2025,CUST-00273,128.43
9/1/2025,CUST-00273,128.43
10/1/2025,CUST-00273,128.43
11/1/2025,CUST-00273,128.43
12/1/2025,CUST-00273,130.36
11/1/2024,CUST-00274,52.15
12/1/2024,CUST-00274,52.93
1/1/2025,CUST-00274,52.15
2/1/2025,CUST-00274,52.15
3/1/2025,CUST-00274,52.15
4/1/2025,CUST-00274,52.15
5/1/2025,CUST-00274,52.15
6/1/2025,CUST-00274,52.15
7/1/2025,CUST-00274,52.15
8/1/2025,CUST-00274,52.15
9/1/2025,CUST-00274,52.15
10/1/2025,CUST-00274,52.15
11/1/2025,CUST-00274,52.15
12/1/2025,CUST-00274,52.93
3/1/2024,CUST-00275,36.46
4/1/2024,CUST-00275,36.46
5/1/2024,CUST-00275,36.46
6/1/2024,CUST-00275,36.46
7/1/2024,CUST-00275,36.46
3/1/2024,CUST-00276,45.1
4/1/2024,CUST-00276,45.1
5/1/2024,CUST-00276,45.1
6/1/2024,CUST-00276,45.1
7/1/2024,CUST-00276,45.1
8/1/2024,CUST-00276,45.1
9/1/2024,CUST-00276,45.1
10/1/2024,CUST-00276,45.1
11/1/2024,CUST-00276,45.1
12/1/2024,CUST-00276,45.78
1/1/2025,CUST-00276,45.1
2/1/2025,CUST-00276,45.1
3/1/2025,CUST-00276,45.1
4/1/2025,CUST-00276,45.1
5/1/2025,CUST-00276,45.1
6/1/2025,CUST-00276,45.1
7/1/2025,CUST-00276,45.1
8/1/2025,CUST-00276,45.1
9/1/2025,CUST-00276,45.1
10/1/2025,CUST-00276,45.1
11/1/2025,CUST-00276,45.1
12/1/2025,CUST-00276,45.78
4/1/2025,CUST-00277,75.16
5/1/2025,CUST-00277,75.16
6/1/2025,CUST-00277,75.16
7/1/2025,CUST-00277,75.16
8/1/2025,CUST-00277,75.16
9/1/2025,CUST-00277,75.16
10/1/2025,CUST-00277,75.16
11/1/2025,CUST-00277,75.16
12/1/2025,CUST-00277,76.29
9/1/2024,CUST-00278,37.75
10/1/2024,CUST-00278,37.75
11/1/2024,CUST-00278,37.75
12/1/2024,CUST-00278,38.32
1/1/2025,CUST-00278,37.75
2/1/2025,CUST-00278,37.75
3/1/2025,CUST-00278,37.75
4/1/2025,CUST-00278,37.75
5/1/2025,CUST-00278,37.75
6/1/2025,CUST-00278,37.75
7/1/2025,CUST-00278,37.75
8/1/2025,CUST-00278,37.75
9/1/2025,CUST-00278,37.75
10/1/2025,CUST-00278,37.75
11/1/2025,CUST-00278,37.75
12/1/2025,CUST-00278,38.32
3/1/2024,CUST-00279,47.04
4/1/2024,CUST-00279,47.04
5/1/2024,CUST-00279,47.04
6/1/2024,CUST-00279,47.04
7/1/2024,CUST-00279,47.04
8/1/2024,CUST-00279,47.04
3/1/2024,CUST-00280,76.05
4/1/2024,CUST-00280,76.05
5/1/2024,CUST-00280,76.05
6/1/2024,CUST-00280,76.05
7/1/2024,CUST-00280,76.05
8/1/2024,CUST-00280,76.05
9/1/2024,CUST-00280,76.05
10/1/2024,CUST-00280,76.05
11/1/2024,CUST-00280,76.05
12/1/2024,CUST-00280,77.19
1/1/2025,CUST-00280,76.05
2/1/2025,CUST-00280,76.05
3/1/2025,CUST-00280,76.05
4/1/2025,CUST-00280,76.05
5/1/2025,CUST-00280,76.05
6/1/2025,CUST-00280,76.05
7/1/2025,CUST-00280,76.05
8/1/2025,CUST-00280,76.05
9/1/2025,CUST-00280,76.05
10/1/2025,CUST-00280,76.05
11/1/2025,CUST-00280,76.05
12/1/2025,CUST-00280,77.19
10/1/2024,CUST-00281,48.17
11/1/2024,CUST-00281,48.17
12/1/2024,CUST-00281,48.89
1/1/2025,CUST-00281,48.17
2/1/2025,CUST-00281,48.17
3/1/2025,CUST-00281,48.17
4/1/2025,CUST-00281,48.17
5/1/2025,CUST-00281,48.17
6/1/2025,CUST-00281,48.17
7/1/2025,CUST-00281,48.17
8/1/2025,CUST-00281,48.17
9/1/2025,CUST-00281,48.17
10/1/2025,CUST-00281,48.17
11/1/2025,CUST-00281,48.17
12/1/2025,CUST-00281,48.89
4/1/2024,CUST-00282,48.57
5/1/2024,CUST-00282,48.57
6/1/2024,CUST-00282,48.57
7/1/2024,CUST-00282,48.57
8/1/2024,CUST-00282,48.57
9/1/2024,CUST-00282,48.57
10/1/2024,CUST-00282,48.57
11/1/2024,CUST-00282,48.57
12/1/2024,CUST-00282,49.3
1/1/2025,CUST-00282,48.57
2/1/2025,CUST-00282,48.57
3/1/2025,CUST-00282,48.57
4/1/2025,CUST-00282,48.57
5/1/2025,CUST-00282,48.57
6/1/2025,CUST-00282,48.57
7/1/2025,CUST-00282,48.57
8/1/2025,CUST-00282,48.57
9/1/2025,CUST-00282,48.57
10/1/2025,CUST-00282,48.57
11/1/2025,CUST-00282,48.57
12/1/2025,CUST-00282,49.3
7/1/2023,CUST-00283,96.07
8/1/2023,CUST-00283,96.07
9/1/2023,CUST-00283,96.07
10/1/2023,CUST-00283,96.07
11/1/2023,CUST-00283,96.07
12/1/2023,CUST-00283,97.51
1/1/2024,CUST-00283,96.07
2/1/2024,CUST-00283,96.07
3/1/2024,CUST-00283,96.07
4/1/2024,CUST-00283,96.07
5/1/2024,CUST-00283,96.07
6/1/2024,CUST-00283,96.07
7/1/2024,CUST-00283,96.07
8/1/2024,CUST-00283,96.07
9/1/2024,CUST-00283,96.07
10/1/2024,CUST-00283,96.07
11/1/2024,CUST-00283,96.07
12/1/2024,CUST-00283,97.51
1/1/2025,CUST-00283,96.07
2/1/2025,CUST-00283,96.07
3/1/2025,CUST-00283,96.07
4/1/2025,CUST-00283,96.07
5/1/2025,CUST-00283,96.07
6/1/2025,CUST-00283,96.07
7/1/2025,CUST-00283,96.07
8/1/2025,CUST-00283,96.07
9/1/2025,CUST-00283,96.07
10/1/2025,CUST-00283,96.07
11/1/2025,CUST-00283,96.07
12/1/2025,CUST-00283,97.51
4/1/2025,CUST-00284,86.56
5/1/2025,CUST-00284,86.56
6/1/2025,CUST-00284,86.56
12/1/2024,CUST-00285,66.74
1/1/2025,CUST-00285,65.75
2/1/2025,CUST-00285,65.75
3/1/2025,CUST-00285,65.75
4/1/2025,CUST-00285,65.75
5/1/2025,CUST-00285,65.75
6/1/2025,CUST-00285,65.75
7/1/2025,CUST-00285,65.75
8/1/2025,CUST-00285,65.75
9/1/2025,CUST-00285,65.75
10/1/2025,CUST-00285,65.75
11/1/2025,CUST-00285,65.75
12/1/2025,CUST-00285,66.74
4/1/2022,CUST-00286,39.05
5/1/2022,CUST-00286,39.05
6/1/2022,CUST-00286,39.05
7/1/2022,CUST-00286,39.05
8/1/2022,CUST-00286,39.05
9/1/2022,CUST-00286,39.05
10/1/2022,CUST-00286,39.05
11/1/2022,CUST-00286,39.05
12/1/2022,CUST-00286,39.64
1/1/2023,CUST-00286,39.05
2/1/2023,CUST-00286,39.05
3/1/2023,CUST-00286,39.05
4/1/2023,CUST-00286,39.05
5/1/2023,CUST-00286,39.05
6/1/2023,CUST-00286,39.05
7/1/2023,CUST-00286,39.05
8/1/2023,CUST-00286,39.05
9/1/2023,CUST-00286,39.05
10/1/2023,CUST-00286,39.05
11/1/2023,CUST-00286,39.05
12/1/2023,CUST-00286,39.64
1/1/2024,CUST-00286,39.05
2/1/2024,CUST-00286,39.05
3/1/2024,CUST-00286,39.05
4/1/2024,CUST-00286,39.05
5/1/2024,CUST-00286,39.05
6/1/2024,CUST-00286,39.05
7/1/2024,CUST-00286,39.05
8/1/2024,CUST-00286,39.05
9/1/2024,CUST-00286,39.05
10/1/2024,CUST-00286,39.05
11/1/2024,CUST-00286,39.05
12/1/2024,CUST-00286,39.64
1/1/2025,CUST-00286,39.05
2/1/2025,CUST-00286,39.05
3/1/2025,CUST-00286,39.05
4/1/2025,CUST-00286,39.05
5/1/2025,CUST-00286,39.05
6/1/2025,CUST-00286,39.05
7/1/2025,CUST-00286,39.05
8/1/2025,CUST-00286,39.05
9/1/2025,CUST-00286,39.05
10/1/2025,CUST-00286,39.05
11/1/2025,CUST-00286,39.05
12/1/2025,CUST-00286,39.64
11/1/2022,CUST-00287,66.53
12/1/2022,CUST-00287,67.53
1/1/2023,CUST-00287,66.53
2/1/2023,CUST-00287,66.53
3/1/2023,CUST-00287,66.53
4/1/2023,CUST-00287,66.53
5/1/2023,CUST-00287,66.53
6/1/2023,CUST-00287,66.53
7/1/2023,CUST-00287,66.53
8/1/2023,CUST-00287,66.53
9/1/2023,CUST-00287,66.53
10/1/2023,CUST-00287,66.53
11/1/2023,CUST-00287,66.53
12/1/2023,CUST-00287,67.53
1/1/2024,CUST-00287,66.53
2/1/2024,CUST-00287,66.53
3/1/2024,CUST-00287,66.53
4/1/2024,CUST-00287,66.53
5/1/2024,CUST-00287,66.53
6/1/2024,CUST-00287,66.53
7/1/2024,CUST-00287,66.53
8/1/2024,CUST-00287,66.53
9/1/2024,CUST-00287,66.53
10/1/2024,CUST-00287,66.53
11/1/2024,CUST-00287,66.53
12/1/2024,CUST-00287,67.53
1/1/2025,CUST-00287,66.53
2/1/2025,CUST-00287,66.53
3/1/2025,CUST-00287,66.53
4/1/2025,CUST-00287,66.53
5/1/2025,CUST-00287,66.53
6/1/2025,CUST-00287,66.53
7/1/2025,CUST-00287,66.53
8/1/2025,CUST-00287,66.53
9/1/2025,CUST-00287,66.53
10/1/2025,CUST-00287,66.53
11/1/2025,CUST-00287,66.53
12/1/2025,CUST-00287,67.53
1/1/2025,CUST-00288,60.54
2/1/2025,CUST-00288,60.54
3/1/2025,CUST-00288,60.54
4/1/2025,CUST-00288,60.54
5/1/2025,CUST-00288,60.54
6/1/2025,CUST-00288,60.54
7/1/2025,CUST-00288,60.54
9/1/2022,CUST-00289,61.3
10/1/2022,CUST-00289,61.3
11/1/2022,CUST-00289,61.3
12/1/2022,CUST-00289,62.22
1/1/2023,CUST-00289,61.3
2/1/2023,CUST-00289,61.3
3/1/2023,CUST-00289,61.3
4/1/2023,CUST-00289,61.3
5/1/2023,CUST-00289,61.3
6/1/2023,CUST-00289,61.3
7/1/2023,CUST-00289,61.3
8/1/2023,CUST-00289,61.3
9/1/2023,CUST-00289,61.3
10/1/2023,CUST-00289,61.3
11/1/2023,CUST-00289,61.3
12/1/2023,CUST-00289,62.22
1/1/2024,CUST-00289,61.3
2/1/2024,CUST-00289,61.3
3/1/2024,CUST-00289,61.3
4/1/2024,CUST-00289,61.3
5/1/2024,CUST-00289,61.3
6/1/2024,CUST-00289,61.3
7/1/2024,CUST-00289,61.3
8/1/2024,CUST-00289,61.3
9/1/2024,CUST-00289,61.3
10/1/2024,CUST-00289,61.3
11/1/2024,CUST-00289,61.3
12/1/2024,CUST-00289,62.22
1/1/2025,CUST-00289,61.3
2/1/2025,CUST-00289,61.3
3/1/2025,CUST-00289,61.3
4/1/2025,CUST-00289,61.3
5/1/2025,CUST-00289,61.3
6/1/2025,CUST-00289,61.3
7/1/2025,CUST-00289,61.3
8/1/2025,CUST-00289,61.3
9/1/2025,CUST-00289,61.3
10/1/2025,CUST-00289,61.3
11/1/2025,CUST-00289,61.3
12/1/2025,CUST-00289,62.22
10/1/2022,CUST-00290,78.43
11/1/2022,CUST-00290,78.43
12/1/2022,CUST-00290,79.61
1/1/2023,CUST-00290,78.43
2/1/2023,CUST-00290,78.43
10/1/2023,CUST-00291,63.52
11/1/2023,CUST-00291,63.52
12/1/2023,CUST-00291,64.47
1/1/2024,CUST-00291,63.52
2/1/2024,CUST-00291,63.52
3/1/2024,CUST-00291,63.52
4/1/2024,CUST-00291,63.52
5/1/2024,CUST-00291,63.52
6/1/2024,CUST-00291,63.52
7/1/2024,CUST-00291,63.52
8/1/2024,CUST-00291,63.52
9/1/2024,CUST-00291,63.52
10/1/2024,CUST-00291,63.52
11/1/2024,CUST-00291,63.52
12/1/2024,CUST-00291,64.47
1/1/2025,CUST-00291,63.52
2/1/2025,CUST-00291,63.52
3/1/2025,CUST-00291,63.52
4/1/2025,CUST-00291,63.52
5/1/2025,CUST-00291,63.52
6/1/2025,CUST-00291,63.52
7/1/2025,CUST-00291,63.52
8/1/2025,CUST-00291,63.52
9/1/2025,CUST-00291,63.52
10/1/2025,CUST-00291,63.52
11/1/2025,CUST-00291,63.52
12/1/2025,CUST-00291,64.47
1/1/2022,CUST-00292,97.44
2/1/2022,CUST-00292,97.44
3/1/2022,CUST-00292,97.44
4/1/2022,CUST-00292,97.44
5/1/2022,CUST-00292,97.44
6/1/2022,CUST-00292,97.44
7/1/2022,CUST-00292,97.44
8/1/2022,CUST-00292,97.44
9/1/2022,CUST-00292,97.44
10/1/2022,CUST-00292,97.44
11/1/2022,CUST-00292,97.44
12/1/2022,CUST-00292,98.9
1/1/2023,CUST-00292,97.44
2/1/2023,CUST-00292,97.44
3/1/2023,CUST-00292,97.44
4/1/2023,CUST-00292,97.44
5/1/2023,CUST-00292,97.44
6/1/2023,CUST-00292,97.44
7/1/2023,CUST-00292,97.44
8/1/2023,CUST-00292,97.44
9/1/2023,CUST-00292,97.44
10/1/2023,CUST-00292,97.44
11/1/2023,CUST-00292,97.44
12/1/2023,CUST-00292,98.9
1/1/2024,CUST-00292,97.44
2/1/2024,CUST-00292,97.44
3/1/2024,CUST-00292,97.44
4/1/2024,CUST-00293,58.53
5/1/2024,CUST-00293,58.53
6/1/2024,CUST-00293,58.53
7/1/2024,CUST-00293,58.53
8/1/2024,CUST-00293,58.53
9/1/2024,CUST-00293,58.53
10/1/2024,CUST-00293,58.53
11/1/2024,CUST-00293,58.53
12/1/2024,CUST-00293,59.41
1/1/2025,CUST-00293,58.53
2/1/2025,CUST-00293,58.53
3/1/2025,CUST-00293,58.53
4/1/2025,CUST-00293,58.53
5/1/2025,CUST-00293,58.53
6/1/2025,CUST-00293,58.53
7/1/2025,CUST-00293,58.53
8/1/2025,CUST-00293,58.53
9/1/2025,CUST-00293,58.53
10/1/2025,CUST-00293,58.53
11/1/2025,CUST-00293,58.53
12/1/2025,CUST-00293,59.41
5/1/2024,CUST-00294,46.04
6/1/2024,CUST-00294,46.04
7/1/2024,CUST-00294,46.04
8/1/2024,CUST-00294,46.04
9/1/2024,CUST-00294,46.04
10/1/2024,CUST-00294,46.04
11/1/2024,CUST-00294,46.04
12/1/2024,CUST-00294,46.73
1/1/2025,CUST-00294,46.04
2/1/2025,CUST-00294,46.04
3/1/2025,CUST-00294,46.04
4/1/2025,CUST-00294,46.04
5/1/2025,CUST-00294,46.04
6/1/2025,CUST-00294,46.04
7/1/2025,CUST-00294,46.04
8/1/2025,CUST-00294,46.04
9/1/2025,CUST-00294,46.04
10/1/2025,CUST-00294,46.04
11/1/2025,CUST-00294,46.04
12/1/2025,CUST-00294,46.73
9/1/2023,CUST-00295,69.52
10/1/2023,CUST-00295,69.52
11/1/2023,CUST-00295,69.52
12/1/2023,CUST-00295,70.56
1/1/2024,CUST-00295,69.52
2/1/2024,CUST-00295,69.52
3/1/2024,CUST-00295,69.52
4/1/2024,CUST-00295,69.52
5/1/2024,CUST-00295,69.52
6/1/2024,CUST-00295,69.52
7/1/2024,CUST-00295,69.52
8/1/2024,CUST-00295,69.52
9/1/2024,CUST-00295,69.52
10/1/2024,CUST-00295,69.52
11/1/2024,CUST-00295,69.52
12/1/2024,CUST-00295,70.56
1/1/2025,CUST-00295,69.52
2/1/2025,CUST-00295,69.52
3/1/2025,CUST-00295,69.52
4/1/2025,CUST-00295,69.52
5/1/2025,CUST-00295,69.52
6/1/2025,CUST-00295,69.52
7/1/2025,CUST-00295,69.52
8/1/2025,CUST-00295,69.52
9/1/2025,CUST-00295,69.52
10/1/2025,CUST-00295,69.52
11/1/2025,CUST-00295,69.52
12/1/2025,CUST-00295,70.56
11/1/2023,CUST-00296,85.12
12/1/2023,CUST-00296,86.4
1/1/2024,CUST-00296,85.12
2/1/2024,CUST-00296,85.12
3/1/2024,CUST-00296,85.12
4/1/2024,CUST-00296,85.12
5/1/2024,CUST-00296,85.12
6/1/2024,CUST-00296,85.12
7/1/2024,CUST-00296,85.12
8/1/2024,CUST-00296,85.12
9/1/2024,CUST-00296,85.12
10/1/2024,CUST-00296,85.12
11/1/2024,CUST-00296,85.12
12/1/2024,CUST-00296,86.4
1/1/2025,CUST-00296,85.12
2/1/2025,CUST-00296,85.12
3/1/2025,CUST-00296,85.12
4/1/2025,CUST-00296,85.12
5/1/2025,CUST-00296,85.12
6/1/2025,CUST-00296,85.12
7/1/2025,CUST-00296,85.12
8/1/2025,CUST-00296,85.12
9/1/2025,CUST-00296,85.12
10/1/2025,CUST-00296,85.12
11/1/2025,CUST-00296,85.12
12/1/2025,CUST-00296,86.4
10/1/2024,CUST-00297,83.16
11/1/2024,CUST-00297,83.16
12/1/2024,CUST-00297,84.41
1/1/2025,CUST-00297,83.16
2/1/2025,CUST-00297,83.16
3/1/2025,CUST-00297,83.16
4/1/2025,CUST-00297,83.16
5/1/2025,CUST-00297,83.16
6/1/2025,CUST-00297,83.16
7/1/2025,CUST-00297,83.16
8/1/2025,CUST-00297,83.16
9/1/2025,CUST-00297,83.16
10/1/2025,CUST-00297,83.16
11/1/2025,CUST-00297,83.16
12/1/2025,CUST-00297,84.41
8/1/2025,CUST-00298,119.49
9/1/2025,CUST-00298,119.49
10/1/2025,CUST-00298,119.49
11/1/2025,CUST-00298,119.49
12/1/2025,CUST-00298,121.28
5/1/2025,CUST-00299,66.98
6/1/2025,CUST-00299,66.98
7/1/2025,CUST-00299,66.98
3/1/2022,CUST-00300,42.86
4/1/2022,CUST-00300,42.86
5/1/2022,CUST-00300,42.86
6/1/2022,CUST-00300,42.86
7/1/2022,CUST-00300,42.86
8/1/2022,CUST-00300,42.86
9/1/2022,CUST-00300,42.86
10/1/2022,CUST-00300,42.86
11/1/2022,CUST-00300,42.86
12/1/2022,CUST-00300,43.5
1/1/2023,CUST-00300,42.86
2/1/2023,CUST-00300,42.86
3/1/2023,CUST-00300,42.86
4/1/2023,CUST-00300,42.86
5/1/2023,CUST-00300,42.86
6/1/2023,CUST-00300,42.86
7/1/2023,CUST-00300,42.86
8/1/2023,CUST-00300,42.86
9/1/2023,CUST-00300,42.86
10/1/2023,CUST-00300,42.86
11/1/2023,CUST-00300,42.86
12/1/2023,CUST-00300,43.5
1/1/2024,CUST-00300,42.86
2/1/2024,CUST-00300,42.86
3/1/2024,CUST-00300,42.86
4/1/2024,CUST-00300,42.86
5/1/2024,CUST-00300,42.86
6/1/2024,CUST-00300,42.86
7/1/2024,CUST-00300,42.86
8/1/2024,CUST-00300,42.86
9/1/2024,CUST-00300,42.86
10/1/2024,CUST-00300,42.86
11/1/2024,CUST-00300,42.86
12/1/2024,CUST-00300,43.5
1/1/2025,CUST-00300,42.86
2/1/2025,CUST-00300,42.86
3/1/2025,CUST-00300,42.86
4/1/2025,CUST-00300,42.86
5/1/2025,CUST-00300,42.86
6/1/2025,CUST-00300,42.86
7/1/2025,CUST-00300,42.86
8/1/2025,CUST-00300,42.86
9/1/2025,CUST-00300,42.86
10/1/2025,CUST-00300,42.86
11/1/2025,CUST-00300,42.86
12/1/2025,CUST-00300,43.5
6/1/2025,CUST-00301,82.19
7/1/2025,CUST-00301,82.19
8/1/2025,CUST-00301,82.19
9/1/2025,CUST-00301,82.19
10/1/2025,CUST-00301,82.19
11/1/2025,CUST-00301,82.19
12/1/2025,CUST-00301,83.42
9/1/2022,CUST-00302,86.27
10/1/2022,CUST-00302,86.27
11/1/2022,CUST-00302,86.27
12/1/2022,CUST-00302,87.56
1/1/2023,CUST-00302,86.27
2/1/2023,CUST-00302,86.27
3/1/2023,CUST-00302,86.27
4/1/2023,CUST-00302,86.27
5/1/2023,CUST-00302,86.27
6/1/2023,CUST-00302,86.27
7/1/2023,CUST-00302,86.27
8/1/2023,CUST-00302,86.27
9/1/2023,CUST-00302,86.27
10/1/2023,CUST-00302,86.27
11/1/2023,CUST-00302,86.27
12/1/2023,CUST-00302,87.56
1/1/2024,CUST-00302,86.27
2/1/2024,CUST-00302,86.27
3/1/2024,CUST-00302,86.27
4/1/2024,CUST-00302,86.27
5/1/2024,CUST-00302,86.27
6/1/2024,CUST-00302,86.27
7/1/2024,CUST-00302,86.27
8/1/2024,CUST-00302,86.27
9/1/2024,CUST-00302,86.27
10/1/2024,CUST-00302,86.27
11/1/2024,CUST-00302,86.27
12/1/2024,CUST-00302,87.56
1/1/2025,CUST-00302,86.27
2/1/2025,CUST-00302,86.27
3/1/2025,CUST-00302,86.27
4/1/2025,CUST-00302,86.27
5/1/2025,CUST-00302,86.27
6/1/2025,CUST-00302,86.27
7/1/2025,CUST-00302,86.27
8/1/2025,CUST-00302,86.27
9/1/2025,CUST-00302,86.27
10/1/2025,CUST-00302,86.27
11/1/2025,CUST-00302,86.27
12/1/2025,CUST-00302,87.56
7/1/2023,CUST-00303,85.68
8/1/2023,CUST-00303,85.68
9/1/2023,CUST-00303,85.68
10/1/2023,CUST-00303,85.68
11/1/2023,CUST-00303,85.68
12/1/2023,CUST-00303,86.97
1/1/2024,CUST-00303,85.68
2/1/2024,CUST-00303,85.68
3/1/2024,CUST-00303,85.68
4/1/2024,CUST-00303,85.68
5/1/2024,CUST-00303,85.68
6/1/2024,CUST-00303,85.68
7/1/2024,CUST-00303,85.68
8/1/2024,CUST-00303,85.68
9/1/2024,CUST-00303,85.68
10/1/2024,CUST-00303,85.68
11/1/2024,CUST-00303,85.68
12/1/2024,CUST-00303,86.97
1/1/2025,CUST-00303,85.68
2/1/2025,CUST-00303,85.68
3/1/2025,CUST-00303,85.68
4/1/2025,CUST-00303,85.68
5/1/2025,CUST-00303,85.68
6/1/2025,CUST-00303,85.68
7/1/2025,CUST-00303,85.68
8/1/2025,CUST-00303,85.68
9/1/2025,CUST-00303,85.68
10/1/2025,CUST-00303,85.68
11/1/2025,CUST-00303,85.68
12/1/2025,CUST-00303,86.97
2/1/2023,CUST-00304,71.09
3/1/2023,CUST-00304,71.09
4/1/2023,CUST-00304,71.09
5/1/2023,CUST-00304,71.09
6/1/2023,CUST-00304,71.09
7/1/2023,CUST-00304,71.09
8/1/2023,CUST-00304,71.09
9/1/2023,CUST-00304,71.09
10/1/2023,CUST-00304,71.09
11/1/2023,CUST-00304,71.09
12/1/2023,CUST-00304,72.16
1/1/2024,CUST-00304,71.09
2/1/2024,CUST-00304,71.09
3/1/2024,CUST-00304,71.09
4/1/2024,CUST-00304,71.09
5/1/2024,CUST-00304,71.09
6/1/2024,CUST-00304,71.09
7/1/2024,CUST-00304,71.09
8/1/2024,CUST-00304,71.09
9/1/2024,CUST-00304,71.09
10/1/2024,CUST-00304,71.09
11/1/2024,CUST-00304,71.09
12/1/2024,CUST-00304,72.16
1/1/2025,CUST-00304,71.09
2/1/2025,CUST-00304,71.09
3/1/2025,CUST-00304,71.09
4/1/2025,CUST-00304,71.09
5/1/2025,CUST-00304,71.09
6/1/2025,CUST-00304,71.09
7/1/2025,CUST-00304,71.09
8/1/2025,CUST-00304,71.09
9/1/2025,CUST-00304,71.09
10/1/2025,CUST-00304,71.09
11/1/2025,CUST-00304,71.09
12/1/2025,CUST-00304,72.16
9/1/2023,CUST-00305,88.17
10/1/2023,CUST-00305,88.17
11/1/2023,CUST-00305,88.17
12/1/2023,CUST-00305,89.49
1/1/2024,CUST-00305,88.17
2/1/2024,CUST-00305,88.17
3/1/2024,CUST-00305,88.17
4/1/2024,CUST-00305,88.17
5/1/2024,CUST-00305,88.17
6/1/2024,CUST-00305,88.17
7/1/2024,CUST-00305,88.17
8/1/2024,CUST-00305,88.17
9/1/2024,CUST-00305,88.17
10/1/2024,CUST-00305,88.17
11/1/2024,CUST-00305,88.17
12/1/2024,CUST-00305,89.49
1/1/2025,CUST-00305,88.17
2/1/2025,CUST-00305,88.17
3/1/2025,CUST-00305,88.17
4/1/2025,CUST-00305,88.17
5/1/2025,CUST-00305,88.17
6/1/2025,CUST-00305,88.17
7/1/2025,CUST-00305,88.17
8/1/2025,CUST-00305,88.17
9/1/2025,CUST-00305,88.17
10/1/2025,CUST-00305,88.17
11/1/2025,CUST-00305,88.17
12/1/2025,CUST-00305,89.49
8/1/2023,CUST-00306,70.77
9/1/2023,CUST-00306,70.77
10/1/2023,CUST-00306,70.77
11/1/2023,CUST-00306,70.77
12/1/2023,CUST-00306,71.83
1/1/2024,CUST-00306,70.77
2/1/2024,CUST-00306,70.77
3/1/2024,CUST-00306,70.77
4/1/2024,CUST-00306,70.77
5/1/2024,CUST-00306,70.77
6/1/2024,CUST-00306,70.77
7/1/2024,CUST-00306,70.77
8/1/2024,CUST-00306,70.77
9/1/2024,CUST-00306,70.77
10/1/2024,CUST-00306,70.77
11/1/2024,CUST-00306,70.77
12/1/2024,CUST-00306,71.83
1/1/2025,CUST-00306,70.77
2/1/2025,CUST-00306,70.77
3/1/2025,CUST-00306,70.77
4/1/2025,CUST-00306,70.77
5/1/2025,CUST-00306,70.77
6/1/2025,CUST-00306,70.77
7/1/2025,CUST-00306,70.77
8/1/2025,CUST-00306,70.77
9/1/2025,CUST-00306,70.77
10/1/2025,CUST-00306,70.77
11/1/2025,CUST-00306,70.77
12/1/2025,CUST-00306,71.83
11/1/2024,CUST-00307,43.79
12/1/2024,CUST-00307,44.45
1/1/2025,CUST-00307,43.79
1/1/2025,CUST-00308,80.53
2/1/2025,CUST-00308,80.53
3/1/2025,CUST-00308,80.53
4/1/2025,CUST-00308,80.53
5/1/2025,CUST-00308,80.53
6/1/2025,CUST-00308,80.53
7/1/2025,CUST-00308,80.53
8/1/2025,CUST-00308,80.53
9/1/2025,CUST-00308,80.53
10/1/2025,CUST-00308,80.53
11/1/2025,CUST-00308,80.53
12/1/2025,CUST-00308,81.74
11/1/2023,CUST-00309,77.4
12/1/2023,CUST-00309,78.56
1/1/2024,CUST-00309,77.4
2/1/2024,CUST-00309,77.4
3/1/2024,CUST-00309,77.4
4/1/2024,CUST-00309,77.4
5/1/2024,CUST-00309,77.4
6/1/2024,CUST-00309,77.4
7/1/2024,CUST-00309,77.4
8/1/2024,CUST-00309,77.4
9/1/2024,CUST-00309,77.4
10/1/2024,CUST-00309,77.4
11/1/2024,CUST-00309,77.4
12/1/2024,CUST-00309,78.56
1/1/2025,CUST-00309,77.4
2/1/2025,CUST-00309,77.4
3/1/2025,CUST-00309,77.4
4/1/2025,CUST-00309,77.4
5/1/2025,CUST-00309,77.4
6/1/2025,CUST-00309,77.4
7/1/2025,CUST-00309,77.4
8/1/2025,CUST-00309,77.4
9/1/2025,CUST-00309,77.4
10/1/2025,CUST-00309,77.4
11/1/2025,CUST-00309,77.4
12/1/2025,CUST-00309,78.56
4/1/2022,CUST-00310,98.6
5/1/2022,CUST-00310,98.6
6/1/2022,CUST-00310,98.6
7/1/2022,CUST-00310,98.6
8/1/2022,CUST-00310,98.6
9/1/2022,CUST-00310,98.6
10/1/2022,CUST-00310,98.6
11/1/2022,CUST-00310,98.6
12/1/2022,CUST-00310,100.08
1/1/2023,CUST-00310,98.6
2/1/2023,CUST-00310,98.6
3/1/2023,CUST-00310,98.6
4/1/2023,CUST-00310,98.6
5/1/2023,CUST-00310,98.6
6/1/2023,CUST-00310,98.6
7/1/2023,CUST-00310,98.6
12/1/2022,CUST-00311,50.32
1/1/2023,CUST-00311,49.58
2/1/2023,CUST-00311,49.58
3/1/2023,CUST-00311,49.58
4/1/2023,CUST-00311,49.58
5/1/2023,CUST-00311,49.58
6/1/2023,CUST-00311,49.58
7/1/2023,CUST-00311,49.58
8/1/2023,CUST-00311,49.58
9/1/2023,CUST-00311,49.58
10/1/2023,CUST-00311,49.58
11/1/2023,CUST-00311,49.58
12/1/2023,CUST-00311,50.32
1/1/2024,CUST-00311,49.58
2/1/2024,CUST-00311,49.58
3/1/2024,CUST-00311,49.58
4/1/2024,CUST-00311,49.58
5/1/2024,CUST-00311,49.58
6/1/2024,CUST-00311,49.58
7/1/2024,CUST-00311,49.58
8/1/2024,CUST-00311,49.58
9/1/2024,CUST-00311,49.58
10/1/2024,CUST-00311,49.58
11/1/2024,CUST-00311,49.58
12/1/2024,CUST-00311,50.32
1/1/2025,CUST-00311,49.58
2/1/2025,CUST-00311,49.58
3/1/2025,CUST-00311,49.58
4/1/2025,CUST-00311,49.58
5/1/2025,CUST-00311,49.58
6/1/2025,CUST-00311,49.58
7/1/2025,CUST-00311,49.58
8/1/2025,CUST-00311,49.58
9/1/2025,CUST-00311,49.58
10/1/2025,CUST-00311,49.58
11/1/2025,CUST-00311,49.58
12/1/2025,CUST-00311,50.32
10/1/2023,CUST-00312,84.62
11/1/2023,CUST-00312,84.62
12/1/2023,CUST-00312,85.89
1/1/2024,CUST-00312,84.62
2/1/2024,CUST-00312,84.62
3/1/2024,CUST-00312,84.62
4/1/2024,CUST-00312,84.62
5/1/2024,CUST-00312,84.62
6/1/2024,CUST-00312,84.62
7/1/2024,CUST-00312,84.62
8/1/2024,CUST-00312,84.62
9/1/2024,CUST-00312,84.62
10/1/2024,CUST-00312,84.62
11/1/2024,CUST-00312,84.62
12/1/2024,CUST-00312,85.89
1/1/2025,CUST-00312,84.62
2/1/2025,CUST-00312,84.62
3/1/2025,CUST-00312,84.62
4/1/2025,CUST-00312,84.62
5/1/2025,CUST-00312,84.62
6/1/2025,CUST-00312,84.62
7/1/2025,CUST-00312,84.62
8/1/2025,CUST-00312,84.62
9/1/2025,CUST-00312,84.62
10/1/2025,CUST-00312,84.62
11/1/2025,CUST-00312,84.62
12/1/2025,CUST-00312,85.89
1/1/2024,CUST-00313,43.53
2/1/2024,CUST-00313,43.53
3/1/2024,CUST-00313,43.53
4/1/2024,CUST-00313,43.53
5/1/2024,CUST-00313,43.53
6/1/2024,CUST-00313,43.53
7/1/2024,CUST-00313,43.53
8/1/2024,CUST-00313,43.53
9/1/2024,CUST-00313,43.53
10/1/2024,CUST-00313,43.53
11/1/2024,CUST-00313,43.53
12/1/2024,CUST-00313,44.18
1/1/2025,CUST-00313,43.53
2/1/2025,CUST-00313,43.53
3/1/2025,CUST-00313,43.53
4/1/2025,CUST-00313,43.53
5/1/2025,CUST-00313,43.53
6/1/2025,CUST-00313,43.53
7/1/2025,CUST-00313,43.53
8/1/2025,CUST-00313,43.53
9/1/2025,CUST-00313,43.53
10/1/2025,CUST-00313,43.53
11/1/2025,CUST-00313,43.53
12/1/2025,CUST-00313,44.18
2/1/2023,CUST-00314,55.77
3/1/2023,CUST-00314,55.77
4/1/2023,CUST-00314,55.77
5/1/2023,CUST-00314,55.77
6/1/2023,CUST-00314,55.77
7/1/2023,CUST-00314,55.77
8/1/2023,CUST-00314,55.77
9/1/2023,CUST-00314,55.77
10/1/2023,CUST-00314,55.77
11/1/2023,CUST-00314,55.77
12/1/2023,CUST-00314,56.61
1/1/2024,CUST-00314,55.77
2/1/2024,CUST-00314,55.77
3/1/2024,CUST-00314,55.77
4/1/2024,CUST-00314,55.77
5/1/2024,CUST-00314,55.77
6/1/2024,CUST-00314,55.77
7/1/2024,CUST-00314,55.77
8/1/2024,CUST-00314,55.77
9/1/2024,CUST-00314,55.77
10/1/2024,CUST-00314,55.77
11/1/2024,CUST-00314,55.77
12/1/2024,CUST-00314,56.61
1/1/2025,CUST-00314,55.77
2/1/2025,CUST-00314,55.77
3/1/2023,CUST-00315,85.03
4/1/2023,CUST-00315,85.03
5/1/2023,CUST-00315,85.03
6/1/2023,CUST-00315,85.03
7/1/2023,CUST-00315,85.03
8/1/2023,CUST-00315,85.03
9/1/2023,CUST-00316,76.74
10/1/2023,CUST-00316,76.74
11/1/2023,CUST-00316,76.74
12/1/2023,CUST-00316,77.89
1/1/2024,CUST-00316,76.74
2/1/2024,CUST-00316,76.74
3/1/2024,CUST-00316,76.74
4/1/2024,CUST-00316,76.74
5/1/2024,CUST-00316,76.74
6/1/2024,CUST-00316,76.74
7/1/2024,CUST-00316,76.74
8/1/2024,CUST-00316,76.74
9/1/2024,CUST-00316,76.74
10/1/2024,CUST-00316,76.74
11/1/2024,CUST-00316,76.74
12/1/2024,CUST-00316,77.89
1/1/2025,CUST-00316,76.74
2/1/2025,CUST-00316,76.74
3/1/2025,CUST-00316,76.74
4/1/2025,CUST-00316,76.74
5/1/2025,CUST-00316,76.74
6/1/2025,CUST-00316,76.74
7/1/2025,CUST-00316,76.74
8/1/2025,CUST-00316,76.74
9/1/2025,CUST-00316,76.74
10/1/2025,CUST-00316,76.74
11/1/2025,CUST-00316,76.74
12/1/2025,CUST-00316,77.89
12/1/2024,CUST-00317,85.66
1/1/2025,CUST-00317,84.39
2/1/2025,CUST-00317,84.39
3/1/2025,CUST-00317,84.39
4/1/2025,CUST-00317,84.39
5/1/2025,CUST-00317,84.39
6/1/2025,CUST-00317,84.39
7/1/2025,CUST-00317,84.39
8/1/2025,CUST-00317,84.39
9/1/2025,CUST-00317,84.39
10/1/2025,CUST-00317,84.39
11/1/2025,CUST-00317,84.39
12/1/2025,CUST-00317,85.66
4/1/2025,CUST-00318,46.96
5/1/2025,CUST-00318,46.96
6/1/2025,CUST-00318,46.96
7/1/2025,CUST-00318,46.96
8/1/2025,CUST-00318,46.96
6/1/2023,CUST-00319,76.57
7/1/2023,CUST-00319,76.57
8/1/2023,CUST-00319,76.57
9/1/2023,CUST-00319,76.57
10/1/2023,CUST-00319,76.57
11/1/2023,CUST-00319,76.57
12/1/2023,CUST-00319,77.72
1/1/2024,CUST-00319,76.57
2/1/2024,CUST-00319,76.57
3/1/2024,CUST-00319,76.57
4/1/2024,CUST-00319,76.57
5/1/2024,CUST-00319,76.57
6/1/2024,CUST-00319,76.57
7/1/2024,CUST-00319,76.57
8/1/2024,CUST-00319,76.57
9/1/2024,CUST-00319,76.57
10/1/2024,CUST-00319,76.57
11/1/2024,CUST-00319,76.57
12/1/2024,CUST-00319,77.72
1/1/2025,CUST-00319,76.57
2/1/2025,CUST-00319,76.57
3/1/2025,CUST-00319,76.57
4/1/2025,CUST-00319,76.57
5/1/2025,CUST-00319,76.57
6/1/2025,CUST-00319,76.57
7/1/2025,CUST-00319,76.57
8/1/2025,CUST-00319,76.57
9/1/2025,CUST-00319,76.57
10/1/2025,CUST-00319,76.57
11/1/2025,CUST-00319,76.57
12/1/2025,CUST-00319,77.72
4/1/2024,CUST-00320,71.2
5/1/2024,CUST-00320,71.2
6/1/2024,CUST-00320,71.2
7/1/2024,CUST-00320,71.2
8/1/2024,CUST-00320,71.2
9/1/2024,CUST-00320,71.2
10/1/2024,CUST-00320,71.2
11/1/2024,CUST-00320,71.2
12/1/2024,CUST-00320,72.27
1/1/2025,CUST-00320,71.2
2/1/2025,CUST-00320,71.2
3/1/2025,CUST-00320,71.2
4/1/2025,CUST-00320,71.2
5/1/2025,CUST-00320,71.2
6/1/2025,CUST-00320,71.2
7/1/2025,CUST-00320,71.2
8/1/2025,CUST-00320,71.2
9/1/2025,CUST-00320,71.2
10/1/2025,CUST-00320,71.2
11/1/2025,CUST-00320,71.2
12/1/2025,CUST-00320,72.27
11/1/2024,CUST-00321,91.16
12/1/2024,CUST-00321,92.53
1/1/2025,CUST-00321,91.16
2/1/2025,CUST-00321,91.16
3/1/2025,CUST-00321,91.16
4/1/2025,CUST-00321,91.16
5/1/2025,CUST-00321,91.16
6/1/2025,CUST-00321,91.16
7/1/2025,CUST-00321,91.16
8/1/2025,CUST-00321,91.16
9/1/2025,CUST-00321,91.16
10/1/2025,CUST-00321,91.16
11/1/2025,CUST-00321,91.16
12/1/2025,CUST-00321,92.53
12/1/2024,CUST-00322,92.39
1/1/2025,CUST-00322,91.02
2/1/2025,CUST-00322,91.02
3/1/2025,CUST-00322,91.02
4/1/2025,CUST-00322,91.02
5/1/2025,CUST-00322,91.02
6/1/2025,CUST-00322,91.02
7/1/2025,CUST-00322,91.02
8/1/2025,CUST-00322,91.02
9/1/2025,CUST-00322,91.02
10/1/2025,CUST-00322,91.02
11/1/2025,CUST-00322,91.02
12/1/2025,CUST-00322,92.39
7/1/2022,CUST-00323,50.57
8/1/2022,CUST-00323,50.57
9/1/2022,CUST-00323,50.57
10/1/2022,CUST-00323,50.57
11/1/2022,CUST-00323,50.57
12/1/2022,CUST-00323,51.33
1/1/2023,CUST-00323,50.57
2/1/2023,CUST-00323,50.57
3/1/2023,CUST-00323,50.57
4/1/2023,CUST-00323,50.57
5/1/2023,CUST-00323,50.57
6/1/2023,CUST-00323,50.57
7/1/2023,CUST-00323,50.57
8/1/2023,CUST-00323,50.57
9/1/2023,CUST-00323,50.57
10/1/2023,CUST-00323,50.57
11/1/2023,CUST-00323,50.57
12/1/2023,CUST-00323,51.33
10/1/2022,CUST-00324,120.35
11/1/2022,CUST-00324,120.35
12/1/2022,CUST-00324,122.16
1/1/2023,CUST-00324,120.35
2/1/2023,CUST-00324,120.35
3/1/2023,CUST-00324,120.35
4/1/2023,CUST-00324,120.35
5/1/2023,CUST-00324,120.35
6/1/2023,CUST-00324,120.35
7/1/2023,CUST-00324,120.35
8/1/2023,CUST-00324,120.35
9/1/2023,CUST-00324,120.35
10/1/2023,CUST-00324,120.35
11/1/2023,CUST-00324,120.35
12/1/2023,CUST-00324,122.16
1/1/2024,CUST-00324,120.35
2/1/2024,CUST-00324,120.35
3/1/2024,CUST-00324,120.35
4/1/2024,CUST-00324,120.35
5/1/2024,CUST-00324,120.35
6/1/2024,CUST-00324,120.35
7/1/2024,CUST-00324,120.35
8/1/2024,CUST-00324,120.35
9/1/2024,CUST-00324,120.35
10/1/2024,CUST-00324,120.35
11/1/2024,CUST-00324,120.35
12/1/2024,CUST-00324,122.16
1/1/2025,CUST-00324,120.35
2/1/2025,CUST-00324,120.35
3/1/2025,CUST-00324,120.35
4/1/2025,CUST-00324,120.35
5/1/2025,CUST-00324,120.35
6/1/2025,CUST-00324,120.35
7/1/2025,CUST-00324,120.35
8/1/2025,CUST-00324,120.35
9/1/2025,CUST-00324,120.35
10/1/2025,CUST-00324,120.35
11/1/2025,CUST-00324,120.35
12/1/2025,CUST-00324,122.16
10/1/2023,CUST-00325,102.6
11/1/2023,CUST-00325,102.6
12/1/2023,CUST-00325,104.14
1/1/2024,CUST-00325,102.6
2/1/2024,CUST-00325,102.6
3/1/2024,CUST-00325,102.6
4/1/2024,CUST-00325,102.6
5/1/2024,CUST-00325,102.6
6/1/2024,CUST-00325,102.6
7/1/2024,CUST-00325,102.6
8/1/2024,CUST-00325,102.6
9/1/2024,CUST-00325,102.6
10/1/2024,CUST-00325,102.6
11/1/2024,CUST-00325,102.6
12/1/2024,CUST-00325,104.14
1/1/2025,CUST-00325,102.6
2/1/2025,CUST-00325,102.6
3/1/2025,CUST-00325,102.6
4/1/2025,CUST-00325,102.6
5/1/2025,CUST-00325,102.6
6/1/2025,CUST-00325,102.6
7/1/2025,CUST-00325,102.6
8/1/2025,CUST-00325,102.6
9/1/2025,CUST-00325,102.6
10/1/2025,CUST-00325,102.6
11/1/2025,CUST-00325,102.6
12/1/2025,CUST-00325,104.14
5/1/2024,CUST-00326,39.11
6/1/2024,CUST-00326,39.11
7/1/2024,CUST-00326,39.11
8/1/2024,CUST-00326,39.11
9/1/2024,CUST-00326,39.11
10/1/2024,CUST-00326,39.11
11/1/2024,CUST-00326,39.11
12/1/2024,CUST-00326,39.7
1/1/2025,CUST-00326,39.11
2/1/2025,CUST-00326,39.11
3/1/2025,CUST-00326,39.11
4/1/2025,CUST-00326,39.11
5/1/2025,CUST-00326,39.11
6/1/2025,CUST-00326,39.11
7/1/2025,CUST-00326,39.11
8/1/2025,CUST-00326,39.11
9/1/2025,CUST-00326,39.11
10/1/2025,CUST-00326,39.11
11/1/2025,CUST-00326,39.11
12/1/2025,CUST-00326,39.7
3/1/2025,CUST-00327,54.94
4/1/2025,CUST-00327,54.94
5/1/2025,CUST-00327,54.94
6/1/2025,CUST-00327,54.94
10/1/2023,CUST-00328,69.52
11/1/2023,CUST-00328,69.52
12/1/2023,CUST-00328,70.56
1/1/2024,CUST-00328,69.52
2/1/2024,CUST-00328,69.52
3/1/2024,CUST-00328,69.52
4/1/2024,CUST-00328,69.52
11/1/2024,CUST-00329,121.41
12/1/2024,CUST-00329,123.23
1/1/2025,CUST-00329,121.41
2/1/2025,CUST-00329,121.41
3/1/2025,CUST-00329,121.41
4/1/2025,CUST-00329,121.41
5/1/2025,CUST-00329,121.41
6/1/2025,CUST-00329,121.41
7/1/2025,CUST-00329,121.41
8/1/2022,CUST-00330,81.28
9/1/2022,CUST-00330,81.28
10/1/2022,CUST-00330,81.28
11/1/2022,CUST-00330,81.28
12/1/2022,CUST-00330,82.5
9/1/2024,CUST-00331,64.08
10/1/2024,CUST-00331,64.08
11/1/2024,CUST-00331,64.08
12/1/2024,CUST-00331,65.04
1/1/2025,CUST-00331,64.08
2/1/2025,CUST-00331,64.08
3/1/2025,CUST-00331,64.08
4/1/2025,CUST-00331,64.08
5/1/2025,CUST-00331,64.08
6/1/2025,CUST-00331,64.08
7/1/2025,CUST-00331,64.08
8/1/2025,CUST-00331,64.08
9/1/2025,CUST-00331,64.08
10/1/2025,CUST-00331,64.08
11/1/2025,CUST-00331,64.08
12/1/2025,CUST-00331,65.04
8/1/2024,CUST-00332,83.63
9/1/2024,CUST-00332,83.63
10/1/2024,CUST-00332,83.63
11/1/2024,CUST-00332,83.63
12/1/2024,CUST-00332,84.88
1/1/2025,CUST-00332,83.63
2/1/2025,CUST-00332,83.63
3/1/2025,CUST-00332,83.63
4/1/2025,CUST-00332,83.63
5/1/2025,CUST-00332,83.63
6/1/2025,CUST-00332,83.63
7/1/2025,CUST-00332,83.63
8/1/2025,CUST-00332,83.63
9/1/2025,CUST-00332,83.63
10/1/2025,CUST-00332,83.63
11/1/2025,CUST-00332,83.63
12/1/2025,CUST-00332,84.88
2/1/2023,CUST-00333,39.07
3/1/2023,CUST-00333,39.07
4/1/2023,CUST-00333,39.07
5/1/2023,CUST-00333,39.07
6/1/2023,CUST-00333,39.07
7/1/2023,CUST-00333,39.07
8/1/2023,CUST-00333,39.07
9/1/2023,CUST-00333,39.07
10/1/2023,CUST-00333,39.07
11/1/2023,CUST-00333,39.07
12/1/2023,CUST-00333,39.66
1/1/2024,CUST-00333,39.07
2/1/2024,CUST-00333,39.07
3/1/2024,CUST-00333,39.07
4/1/2024,CUST-00333,39.07
5/1/2024,CUST-00333,39.07
6/1/2024,CUST-00333,39.07
7/1/2024,CUST-00333,39.07
8/1/2024,CUST-00333,39.07
9/1/2024,CUST-00333,39.07
10/1/2024,CUST-00333,39.07
11/1/2024,CUST-00333,39.07
12/1/2024,CUST-00333,39.66
1/1/2025,CUST-00333,39.07
2/1/2025,CUST-00333,39.07
3/1/2025,CUST-00333,39.07
4/1/2025,CUST-00333,39.07
5/1/2025,CUST-00333,39.07
6/1/2025,CUST-00333,39.07
7/1/2025,CUST-00333,39.07
8/1/2025,CUST-00333,39.07
9/1/2025,CUST-00333,39.07
10/1/2025,CUST-00333,39.07
11/1/2025,CUST-00333,39.07
12/1/2025,CUST-00333,39.66
4/1/2025,CUST-00334,67.21
5/1/2025,CUST-00334,67.21
6/1/2025,CUST-00334,67.21
7/1/2025,CUST-00334,67.21
8/1/2025,CUST-00334,67.21
9/1/2025,CUST-00334,67.21
10/1/2025,CUST-00334,67.21
11/1/2025,CUST-00334,67.21
12/1/2025,CUST-00334,68.22
5/1/2022,CUST-00335,48.79
6/1/2022,CUST-00335,48.79
7/1/2022,CUST-00335,48.79
8/1/2022,CUST-00335,48.79
10/1/2024,CUST-00336,122.98
11/1/2024,CUST-00336,122.98
12/1/2024,CUST-00336,124.82
1/1/2025,CUST-00336,122.98
2/1/2025,CUST-00336,122.98
3/1/2025,CUST-00336,122.98
4/1/2025,CUST-00336,122.98
5/1/2025,CUST-00336,122.98
6/1/2025,CUST-00336,122.98
7/1/2025,CUST-00336,122.98
8/1/2025,CUST-00336,122.98
9/1/2025,CUST-00336,122.98
10/1/2025,CUST-00336,122.98
11/1/2025,CUST-00336,122.98
12/1/2025,CUST-00336,124.82
5/1/2023,CUST-00337,83.96
6/1/2023,CUST-00337,83.96
7/1/2023,CUST-00337,83.96
8/1/2023,CUST-00337,83.96
9/1/2023,CUST-00337,83.96
10/1/2023,CUST-00337,83.96
11/1/2023,CUST-00337,83.96
12/1/2023,CUST-00337,85.22
1/1/2024,CUST-00337,83.96
2/1/2024,CUST-00337,83.96
3/1/2024,CUST-00337,83.96
4/1/2024,CUST-00337,83.96
5/1/2024,CUST-00337,83.96
6/1/2024,CUST-00337,83.96
7/1/2024,CUST-00337,83.96
8/1/2024,CUST-00337,83.96
9/1/2024,CUST-00337,83.96
10/1/2024,CUST-00337,83.96
11/1/2024,CUST-00337,83.96
12/1/2024,CUST-00337,85.22
1/1/2025,CUST-00337,83.96
2/1/2025,CUST-00337,83.96
3/1/2025,CUST-00337,83.96
4/1/2025,CUST-00337,83.96
5/1/2025,CUST-00337,83.96
6/1/2025,CUST-00337,83.96
7/1/2025,CUST-00337,83.96
8/1/2025,CUST-00337,83.96
9/1/2025,CUST-00337,83.96
10/1/2025,CUST-00337,83.96
11/1/2025,CUST-00337,83.96
12/1/2025,CUST-00337,85.22
9/1/2022,CUST-00338,72.07
10/1/2022,CUST-00338,72.07
11/1/2022,CUST-00338,72.07
12/1/2022,CUST-00338,73.15
1/1/2023,CUST-00338,72.07
2/1/2023,CUST-00338,72.07
3/1/2023,CUST-00338,72.07
4/1/2023,CUST-00338,72.07
5/1/2023,CUST-00338,72.07
6/1/2023,CUST-00338,72.07
7/1/2023,CUST-00338,72.07
8/1/2023,CUST-00338,72.07
9/1/2023,CUST-00338,72.07
10/1/2023,CUST-00338,72.07
11/1/2023,CUST-00338,72.07
12/1/2023,CUST-00338,73.15
1/1/2024,CUST-00338,72.07
2/1/2024,CUST-00338,72.07
3/1/2024,CUST-00338,72.07
4/1/2024,CUST-00338,72.07
5/1/2024,CUST-00338,72.07
6/1/2024,CUST-00338,72.07
7/1/2024,CUST-00338,72.07
8/1/2024,CUST-00338,72.07
9/1/2024,CUST-00338,72.07
10/1/2024,CUST-00338,72.07
11/1/2024,CUST-00338,72.07
12/1/2024,CUST-00338,73.15
1/1/2025,CUST-00338,72.07
2/1/2025,CUST-00338,72.07
3/1/2025,CUST-00338,72.07
4/1/2025,CUST-00338,72.07
5/1/2025,CUST-00338,72.07
6/1/2025,CUST-00338,72.07
7/1/2025,CUST-00338,72.07
8/1/2025,CUST-00338,72.07
9/1/2025,CUST-00338,72.07
10/1/2025,CUST-00338,72.07
11/1/2025,CUST-00338,72.07
12/1/2025,CUST-00338,73.15
12/1/2023,CUST-00339,111.53
1/1/2024,CUST-00339,109.88
2/1/2024,CUST-00339,109.88
3/1/2024,CUST-00339,109.88
4/1/2024,CUST-00339,109.88
5/1/2024,CUST-00339,109.88
6/1/2024,CUST-00339,109.88
7/1/2024,CUST-00339,109.88
8/1/2024,CUST-00339,109.88
9/1/2024,CUST-00339,109.88
10/1/2024,CUST-00339,109.88
11/1/2024,CUST-00339,109.88
12/1/2024,CUST-00339,111.53
1/1/2025,CUST-00339,109.88
2/1/2025,CUST-00339,109.88
3/1/2025,CUST-00339,109.88
4/1/2025,CUST-00339,109.88
5/1/2025,CUST-00339,109.88
6/1/2025,CUST-00339,109.88
7/1/2025,CUST-00339,109.88
8/1/2023,CUST-00340,43.23
9/1/2023,CUST-00340,43.23
10/1/2023,CUST-00340,43.23
11/1/2023,CUST-00340,43.23
12/1/2023,CUST-00340,43.88
1/1/2024,CUST-00340,43.23
2/1/2024,CUST-00340,43.23
3/1/2024,CUST-00340,43.23
4/1/2024,CUST-00340,43.23
5/1/2024,CUST-00340,43.23
6/1/2024,CUST-00340,43.23
7/1/2024,CUST-00340,43.23
8/1/2024,CUST-00340,43.23
9/1/2024,CUST-00340,43.23
10/1/2024,CUST-00340,43.23
11/1/2024,CUST-00340,43.23
12/1/2024,CUST-00340,43.88
1/1/2025,CUST-00340,43.23
2/1/2025,CUST-00340,43.23
3/1/2025,CUST-00340,43.23
4/1/2025,CUST-00340,43.23
5/1/2025,CUST-00340,43.23
6/1/2025,CUST-00340,43.23
7/1/2025,CUST-00340,43.23
8/1/2025,CUST-00340,43.23
9/1/2025,CUST-00340,43.23
10/1/2025,CUST-00340,43.23
11/1/2025,CUST-00340,43.23
12/1/2025,CUST-00340,43.88
4/1/2022,CUST-00341,48.36
5/1/2022,CUST-00341,48.36
6/1/2022,CUST-00341,48.36
7/1/2022,CUST-00341,48.36
8/1/2022,CUST-00341,48.36
9/1/2022,CUST-00341,48.36
10/1/2022,CUST-00341,48.36
11/1/2022,CUST-00341,48.36
12/1/2022,CUST-00341,49.09
1/1/2023,CUST-00341,48.36
2/1/2023,CUST-00341,48.36
3/1/2023,CUST-00341,48.36
4/1/2023,CUST-00341,48.36
5/1/2023,CUST-00341,48.36
6/1/2023,CUST-00341,48.36
7/1/2023,CUST-00341,48.36
8/1/2023,CUST-00341,48.36
9/1/2023,CUST-00341,48.36
10/1/2023,CUST-00341,48.36
11/1/2023,CUST-00341,48.36
12/1/2023,CUST-00341,49.09
1/1/2024,CUST-00341,48.36
2/1/2024,CUST-00341,48.36
3/1/2024,CUST-00341,48.36
4/1/2024,CUST-00341,48.36
5/1/2024,CUST-00341,48.36
6/1/2024,CUST-00341,48.36
7/1/2024,CUST-00341,48.36
8/1/2024,CUST-00341,48.36
9/1/2024,CUST-00341,48.36
10/1/2024,CUST-00341,48.36
11/1/2024,CUST-00341,48.36
12/1/2024,CUST-00341,49.09
1/1/2025,CUST-00341,48.36
2/1/2025,CUST-00341,48.36
3/1/2025,CUST-00341,48.36
4/1/2025,CUST-00341,48.36
5/1/2025,CUST-00341,48.36
6/1/2025,CUST-00341,48.36
7/1/2025,CUST-00341,48.36
8/1/2025,CUST-00341,48.36
9/1/2025,CUST-00341,48.36
10/1/2025,CUST-00341,48.36
11/1/2025,CUST-00341,48.36
12/1/2025,CUST-00341,49.09
6/1/2022,CUST-00342,78.54
7/1/2022,CUST-00342,78.54
8/1/2022,CUST-00342,78.54
9/1/2022,CUST-00342,78.54
10/1/2022,CUST-00342,78.54
11/1/2022,CUST-00342,78.54
12/1/2022,CUST-00342,79.72
1/1/2023,CUST-00342,78.54
2/1/2023,CUST-00342,78.54
3/1/2023,CUST-00342,78.54
4/1/2023,CUST-00342,78.54
5/1/2023,CUST-00342,78.54
6/1/2023,CUST-00342,78.54
7/1/2023,CUST-00342,78.54
8/1/2023,CUST-00342,78.54
9/1/2023,CUST-00342,78.54
10/1/2023,CUST-00342,78.54
11/1/2023,CUST-00342,78.54
12/1/2023,CUST-00342,79.72
1/1/2024,CUST-00342,78.54
2/1/2024,CUST-00342,78.54
3/1/2024,CUST-00342,78.54
4/1/2024,CUST-00342,78.54
5/1/2024,CUST-00342,78.54
6/1/2024,CUST-00342,78.54
7/1/2024,CUST-00342,78.54
8/1/2024,CUST-00342,78.54
9/1/2024,CUST-00342,78.54
10/1/2024,CUST-00342,78.54
11/1/2024,CUST-00342,78.54
12/1/2024,CUST-00342,79.72
1/1/2025,CUST-00342,78.54
2/1/2025,CUST-00342,78.54
3/1/2025,CUST-00342,78.54
4/1/2025,CUST-00342,78.54
5/1/2025,CUST-00342,78.54
6/1/2025,CUST-00342,78.54
7/1/2025,CUST-00342,78.54
8/1/2025,CUST-00342,78.54
9/1/2025,CUST-00342,78.54
10/1/2025,CUST-00342,78.54
11/1/2025,CUST-00342,78.54
12/1/2025,CUST-00342,79.72
6/1/2025,CUST-00343,87.04
7/1/2025,CUST-00343,87.04
8/1/2025,CUST-00343,87.04
9/1/2025,CUST-00343,87.04
10/1/2025,CUST-00343,87.04
11/1/2025,CUST-00343,87.04
12/1/2025,CUST-00343,88.35
5/1/2022,CUST-00344,89.81
6/1/2022,CUST-00344,89.81
7/1/2022,CUST-00344,89.81
8/1/2022,CUST-00344,89.81
9/1/2022,CUST-00344,89.81
10/1/2022,CUST-00344,89.81
11/1/2022,CUST-00344,89.81
12/1/2022,CUST-00344,91.16
1/1/2023,CUST-00344,89.81
2/1/2023,CUST-00344,89.81
3/1/2023,CUST-00344,89.81
4/1/2023,CUST-00344,89.81
5/1/2023,CUST-00344,89.81
6/1/2023,CUST-00344,89.81
7/1/2023,CUST-00344,89.81
8/1/2023,CUST-00344,89.81
9/1/2023,CUST-00344,89.81
10/1/2023,CUST-00344,89.81
11/1/2023,CUST-00344,89.81
12/1/2023,CUST-00344,91.16
1/1/2024,CUST-00344,89.81
2/1/2024,CUST-00344,89.81
3/1/2024,CUST-00344,89.81
4/1/2024,CUST-00344,89.81
5/1/2024,CUST-00344,89.81
6/1/2024,CUST-00344,89.81
7/1/2024,CUST-00344,89.81
8/1/2024,CUST-00344,89.81
9/1/2024,CUST-00344,89.81
10/1/2024,CUST-00344,89.81
11/1/2024,CUST-00344,89.81
12/1/2024,CUST-00344,91.16
1/1/2025,CUST-00344,89.81
2/1/2025,CUST-00344,89.81
3/1/2025,CUST-00344,89.81
4/1/2025,CUST-00344,89.81
5/1/2025,CUST-00344,89.81
6/1/2025,CUST-00344,89.81
7/1/2025,CUST-00344,89.81
8/1/2025,CUST-00344,89.81
9/1/2025,CUST-00344,89.81
10/1/2025,CUST-00344,89.81
11/1/2025,CUST-00344,89.81
12/1/2025,CUST-00344,91.16
7/1/2024,CUST-00345,85.74
8/1/2024,CUST-00345,85.74
9/1/2024,CUST-00345,85.74
10/1/2024,CUST-00345,85.74
11/1/2024,CUST-00345,85.74
12/1/2024,CUST-00345,87.03
1/1/2025,CUST-00345,85.74
2/1/2025,CUST-00345,85.74
3/1/2025,CUST-00345,85.74
4/1/2025,CUST-00345,85.74
5/1/2025,CUST-00345,85.74
6/1/2025,CUST-00345,85.74
7/1/2025,CUST-00345,85.74
8/1/2025,CUST-00345,85.74
9/1/2025,CUST-00345,85.74
10/1/2025,CUST-00345,85.74
11/1/2025,CUST-00345,85.74
12/1/2025,CUST-00345,87.03
12/1/2024,CUST-00346,98.44
1/1/2025,CUST-00346,96.99
2/1/2025,CUST-00346,96.99
3/1/2025,CUST-00346,96.99
4/1/2025,CUST-00346,96.99
5/1/2025,CUST-00346,96.99
6/1/2025,CUST-00346,96.99
7/1/2025,CUST-00346,96.99
8/1/2025,CUST-00346,96.99
9/1/2025,CUST-00346,96.99
10/1/2025,CUST-00346,96.99
11/1/2025,CUST-00346,96.99
12/1/2025,CUST-00346,98.44
2/1/2024,CUST-00347,70.22
3/1/2024,CUST-00347,70.22
4/1/2024,CUST-00347,70.22
5/1/2024,CUST-00347,70.22
6/1/2024,CUST-00347,70.22
7/1/2024,CUST-00347,70.22
8/1/2024,CUST-00347,70.22
9/1/2024,CUST-00347,70.22
10/1/2024,CUST-00347,70.22
11/1/2024,CUST-00347,70.22
12/1/2024,CUST-00347,71.27
1/1/2025,CUST-00347,70.22
2/1/2025,CUST-00347,70.22
3/1/2025,CUST-00347,70.22
4/1/2025,CUST-00347,70.22
5/1/2025,CUST-00347,70.22
6/1/2025,CUST-00347,70.22
7/1/2025,CUST-00347,70.22
8/1/2025,CUST-00347,70.22
9/1/2025,CUST-00347,70.22
10/1/2025,CUST-00347,70.22
11/1/2025,CUST-00347,70.22
12/1/2025,CUST-00347,71.27
4/1/2022,CUST-00348,60.98
5/1/2022,CUST-00348,60.98
6/1/2022,CUST-00348,60.98
7/1/2022,CUST-00348,60.98
8/1/2022,CUST-00348,60.98
9/1/2022,CUST-00348,60.98
10/1/2022,CUST-00348,60.98
11/1/2022,CUST-00348,60.98
12/1/2022,CUST-00348,61.89
1/1/2023,CUST-00348,60.98
2/1/2023,CUST-00348,60.98
3/1/2023,CUST-00348,60.98
4/1/2023,CUST-00348,60.98
5/1/2023,CUST-00348,60.98
6/1/2023,CUST-00348,60.98
7/1/2023,CUST-00348,60.98
8/1/2023,CUST-00348,60.98
9/1/2023,CUST-00348,60.98
10/1/2023,CUST-00348,60.98
11/1/2023,CUST-00348,60.98
12/1/2023,CUST-00348,61.89
1/1/2024,CUST-00348,60.98
2/1/2024,CUST-00348,60.98
3/1/2024,CUST-00348,60.98
4/1/2024,CUST-00348,60.98
5/1/2024,CUST-00348,60.98
6/1/2024,CUST-00348,60.98
7/1/2024,CUST-00348,60.98
8/1/2024,CUST-00348,60.98
9/1/2024,CUST-00348,60.98
10/1/2024,CUST-00348,60.98
11/1/2024,CUST-00348,60.98
12/1/2024,CUST-00348,61.89
1/1/2025,CUST-00348,60.98
2/1/2025,CUST-00348,60.98
3/1/2025,CUST-00348,60.98
4/1/2025,CUST-00348,60.98
5/1/2025,CUST-00348,60.98
6/1/2025,CUST-00348,60.98
7/1/2025,CUST-00348,60.98
8/1/2025,CUST-00348,60.98
9/1/2025,CUST-00348,60.98
10/1/2025,CUST-00348,60.98
11/1/2025,CUST-00348,60.98
12/1/2025,CUST-00348,61.89
5/1/2025,CUST-00349,77.85
6/1/2025,CUST-00349,77.85
7/1/2025,CUST-00349,77.85
8/1/2025,CUST-00349,77.85
9/1/2025,CUST-00349,77.85
10/1/2025,CUST-00349,77.85
11/1/2025,CUST-00349,77.85
12/1/2025,CUST-00349,79.02
7/1/2024,CUST-00350,61.59
8/1/2024,CUST-00350,61.59
9/1/2024,CUST-00350,61.59
10/1/2024,CUST-00350,61.59
11/1/2024,CUST-00350,61.59
12/1/2024,CUST-00350,62.51
4/1/2022,CUST-00351,66.45
5/1/2022,CUST-00351,66.45
6/1/2022,CUST-00351,66.45
7/1/2022,CUST-00351,66.45
8/1/2022,CUST-00351,66.45
9/1/2022,CUST-00351,66.45
10/1/2022,CUST-00351,66.45
11/1/2022,CUST-00351,66.45
12/1/2022,CUST-00351,67.45
1/1/2023,CUST-00351,66.45
2/1/2023,CUST-00351,66.45
3/1/2023,CUST-00351,66.45
4/1/2023,CUST-00351,66.45
5/1/2023,CUST-00351,66.45
6/1/2023,CUST-00351,66.45
7/1/2023,CUST-00351,66.45
8/1/2023,CUST-00351,66.45
9/1/2023,CUST-00351,66.45
10/1/2023,CUST-00351,66.45
11/1/2023,CUST-00351,66.45
12/1/2023,CUST-00351,67.45
1/1/2024,CUST-00351,66.45
2/1/2024,CUST-00351,66.45
3/1/2024,CUST-00351,66.45
4/1/2024,CUST-00351,66.45
5/1/2024,CUST-00351,66.45
6/1/2024,CUST-00351,66.45
7/1/2024,CUST-00351,66.45
8/1/2024,CUST-00351,66.45
9/1/2024,CUST-00351,66.45
10/1/2024,CUST-00351,66.45
11/1/2024,CUST-00351,66.45
12/1/2024,CUST-00351,67.45
1/1/2025,CUST-00351,66.45
2/1/2025,CUST-00351,66.45
3/1/2025,CUST-00351,66.45
4/1/2025,CUST-00351,66.45
5/1/2025,CUST-00351,66.45
6/1/2025,CUST-00351,66.45
7/1/2025,CUST-00351,66.45
8/1/2025,CUST-00351,66.45
9/1/2025,CUST-00351,66.45
10/1/2025,CUST-00351,66.45
11/1/2025,CUST-00351,66.45
12/1/2025,CUST-00351,67.45
5/1/2025,CUST-00352,69.38
6/1/2025,CUST-00352,69.38
7/1/2025,CUST-00352,69.38
8/1/2025,CUST-00352,69.38
9/1/2025,CUST-00352,69.38
10/1/2025,CUST-00352,69.38
11/1/2025,CUST-00352,69.38
12/1/2025,CUST-00352,70.42
11/1/2023,CUST-00353,72.36
12/1/2023,CUST-00353,73.45
1/1/2024,CUST-00353,72.36
2/1/2024,CUST-00353,72.36
3/1/2024,CUST-00353,72.36
4/1/2024,CUST-00353,72.36
5/1/2024,CUST-00353,72.36
6/1/2024,CUST-00353,72.36
7/1/2024,CUST-00353,72.36
8/1/2024,CUST-00353,72.36
9/1/2024,CUST-00353,72.36
10/1/2024,CUST-00353,72.36
11/1/2024,CUST-00353,72.36
12/1/2024,CUST-00353,73.45
1/1/2025,CUST-00353,72.36
2/1/2025,CUST-00353,72.36
3/1/2025,CUST-00353,72.36
4/1/2025,CUST-00353,72.36
5/1/2025,CUST-00353,72.36
6/1/2025,CUST-00353,72.36
7/1/2025,CUST-00353,72.36
8/1/2025,CUST-00353,72.36
9/1/2025,CUST-00353,72.36
10/1/2025,CUST-00353,72.36
11/1/2025,CUST-00353,72.36
12/1/2025,CUST-00353,73.45
6/1/2025,CUST-00354,55.04
7/1/2025,CUST-00354,55.04
8/1/2025,CUST-00354,55.04
9/1/2025,CUST-00354,55.04
10/1/2025,CUST-00354,55.04
11/1/2025,CUST-00354,55.04
12/1/2025,CUST-00354,55.87
1/1/2025,CUST-00355,69.15
2/1/2025,CUST-00355,69.15
3/1/2025,CUST-00355,69.15
4/1/2025,CUST-00355,69.15
5/1/2025,CUST-00355,69.15
6/1/2025,CUST-00355,69.15
7/1/2025,CUST-00355,69.15
8/1/2025,CUST-00355,69.15
9/1/2025,CUST-00355,69.15
10/1/2025,CUST-00355,69.15
11/1/2025,CUST-00355,69.15
12/1/2025,CUST-00355,70.19
9/1/2023,CUST-00356,83.74
10/1/2023,CUST-00356,83.74
11/1/2023,CUST-00356,83.74
12/1/2023,CUST-00356,85
1/1/2024,CUST-00356,83.74
2/1/2024,CUST-00356,83.74
3/1/2024,CUST-00356,83.74
4/1/2024,CUST-00356,83.74
5/1/2024,CUST-00356,83.74
6/1/2024,CUST-00356,83.74
7/1/2024,CUST-00356,83.74
8/1/2024,CUST-00356,83.74
9/1/2024,CUST-00356,83.74
10/1/2024,CUST-00356,83.74
11/1/2024,CUST-00356,83.74
12/1/2024,CUST-00356,85
1/1/2025,CUST-00356,83.74
2/1/2025,CUST-00356,83.74
3/1/2025,CUST-00356,83.74
4/1/2025,CUST-00356,83.74
5/1/2025,CUST-00356,83.74
6/1/2025,CUST-00356,83.74
7/1/2025,CUST-00356,83.74
8/1/2025,CUST-00356,83.74
9/1/2025,CUST-00356,83.74
10/1/2025,CUST-00356,83.74
11/1/2025,CUST-00356,83.74
12/1/2025,CUST-00356,85
12/1/2022,CUST-00357,47.47
1/1/2023,CUST-00357,46.77
2/1/2023,CUST-00357,46.77
3/1/2023,CUST-00357,46.77
4/1/2023,CUST-00357,46.77
5/1/2023,CUST-00357,46.77
11/1/2022,CUST-00358,41.12
12/1/2022,CUST-00358,41.74
1/1/2023,CUST-00358,41.12
2/1/2023,CUST-00358,41.12
12/1/2024,CUST-00359,39.84
1/1/2025,CUST-00359,39.25
2/1/2025,CUST-00359,39.25
3/1/2025,CUST-00360,69.03
4/1/2025,CUST-00360,69.03
5/1/2025,CUST-00360,69.03
6/1/2025,CUST-00360,69.03
7/1/2025,CUST-00360,69.03
8/1/2025,CUST-00360,69.03
9/1/2025,CUST-00360,69.03
4/1/2023,CUST-00361,49.43
5/1/2023,CUST-00361,49.43
6/1/2023,CUST-00361,49.43
7/1/2023,CUST-00361,49.43
8/1/2023,CUST-00361,49.43
9/1/2023,CUST-00361,49.43
10/1/2023,CUST-00361,49.43
11/1/2023,CUST-00361,49.43
12/1/2023,CUST-00361,50.17
1/1/2024,CUST-00361,49.43
2/1/2024,CUST-00361,49.43
3/1/2024,CUST-00361,49.43
4/1/2024,CUST-00361,49.43
5/1/2024,CUST-00361,49.43
6/1/2024,CUST-00361,49.43
7/1/2024,CUST-00361,49.43
8/1/2024,CUST-00361,49.43
9/1/2024,CUST-00361,49.43
10/1/2024,CUST-00361,49.43
11/1/2024,CUST-00361,49.43
12/1/2024,CUST-00361,50.17
1/1/2025,CUST-00361,49.43
2/1/2025,CUST-00361,49.43
3/1/2025,CUST-00361,49.43
4/1/2025,CUST-00361,49.43
5/1/2025,CUST-00361,49.43
6/1/2025,CUST-00361,49.43
7/1/2025,CUST-00361,49.43
8/1/2025,CUST-00361,49.43
9/1/2025,CUST-00361,49.43
10/1/2025,CUST-00361,49.43
11/1/2025,CUST-00361,49.43
12/1/2025,CUST-00361,50.17
2/1/2022,CUST-00362,103.12
3/1/2022,CUST-00362,103.12
4/1/2022,CUST-00362,103.12
5/1/2022,CUST-00362,103.12
6/1/2022,CUST-00362,103.12
7/1/2022,CUST-00362,103.12
8/1/2022,CUST-00362,103.12
9/1/2022,CUST-00362,103.12
10/1/2022,CUST-00362,103.12
11/1/2022,CUST-00362,103.12
12/1/2022,CUST-00362,104.67
1/1/2023,CUST-00362,103.12
2/1/2023,CUST-00362,103.12
3/1/2023,CUST-00362,103.12
4/1/2023,CUST-00362,103.12
5/1/2023,CUST-00362,103.12
6/1/2023,CUST-00362,103.12
7/1/2023,CUST-00362,103.12
8/1/2023,CUST-00362,103.12
9/1/2023,CUST-00362,103.12
10/1/2023,CUST-00362,103.12
11/1/2023,CUST-00362,103.12
12/1/2023,CUST-00362,104.67
1/1/2024,CUST-00362,103.12
2/1/2024,CUST-00362,103.12
3/1/2024,CUST-00362,103.12
4/1/2024,CUST-00362,103.12
5/1/2024,CUST-00362,103.12
6/1/2024,CUST-00362,103.12
7/1/2024,CUST-00362,103.12
8/1/2024,CUST-00362,103.12
9/1/2024,CUST-00362,103.12
10/1/2024,CUST-00362,103.12
11/1/2024,CUST-00362,103.12
12/1/2024,CUST-00362,104.67
1/1/2025,CUST-00362,103.12
2/1/2025,CUST-00362,103.12
3/1/2025,CUST-00362,103.12
4/1/2025,CUST-00362,103.12
5/1/2025,CUST-00362,103.12
6/1/2025,CUST-00362,103.12
7/1/2025,CUST-00362,103.12
8/1/2025,CUST-00362,103.12
9/1/2025,CUST-00362,103.12
10/1/2025,CUST-00362,103.12
11/1/2025,CUST-00362,103.12
12/1/2025,CUST-00362,104.67
6/1/2022,CUST-00363,80.43
7/1/2022,CUST-00363,80.43
8/1/2022,CUST-00363,80.43
9/1/2022,CUST-00363,80.43
10/1/2022,CUST-00363,80.43
4/1/2024,CUST-00364,68.36
5/1/2024,CUST-00364,68.36
6/1/2024,CUST-00364,68.36
7/1/2024,CUST-00364,68.36
8/1/2024,CUST-00364,68.36
9/1/2024,CUST-00364,68.36
10/1/2024,CUST-00364,68.36
11/1/2024,CUST-00364,68.36
12/1/2024,CUST-00364,69.39
1/1/2025,CUST-00364,68.36
2/1/2025,CUST-00364,68.36
3/1/2025,CUST-00364,68.36
4/1/2025,CUST-00364,68.36
5/1/2025,CUST-00364,68.36
6/1/2025,CUST-00364,68.36
7/1/2025,CUST-00364,68.36
8/1/2025,CUST-00364,68.36
9/1/2025,CUST-00364,68.36
10/1/2025,CUST-00364,68.36
11/1/2025,CUST-00364,68.36
12/1/2025,CUST-00364,69.39
2/1/2024,CUST-00365,84.4
3/1/2024,CUST-00365,84.4
4/1/2024,CUST-00365,84.4
5/1/2024,CUST-00365,84.4
6/1/2024,CUST-00365,84.4
7/1/2024,CUST-00365,84.4
8/1/2024,CUST-00365,84.4
9/1/2024,CUST-00365,84.4
10/1/2024,CUST-00365,84.4
11/1/2024,CUST-00365,84.4
12/1/2024,CUST-00365,85.67
1/1/2025,CUST-00365,84.4
2/1/2025,CUST-00365,84.4
3/1/2025,CUST-00365,84.4
4/1/2025,CUST-00365,84.4
5/1/2025,CUST-00365,84.4
6/1/2025,CUST-00365,84.4
7/1/2025,CUST-00365,84.4
8/1/2025,CUST-00365,84.4
9/1/2025,CUST-00365,84.4
9/1/2022,CUST-00366,85.45
10/1/2022,CUST-00366,85.45
11/1/2022,CUST-00366,85.45
12/1/2022,CUST-00366,86.73
1/1/2023,CUST-00366,85.45
2/1/2023,CUST-00366,85.45
3/1/2023,CUST-00366,85.45
4/1/2023,CUST-00366,85.45
5/1/2023,CUST-00366,85.45
6/1/2023,CUST-00366,85.45
7/1/2023,CUST-00366,85.45
8/1/2023,CUST-00366,85.45
9/1/2023,CUST-00366,85.45
10/1/2023,CUST-00366,85.45
11/1/2023,CUST-00366,85.45
12/1/2023,CUST-00366,86.73
1/1/2024,CUST-00366,85.45
2/1/2024,CUST-00366,85.45
3/1/2024,CUST-00366,85.45
4/1/2024,CUST-00366,85.45
5/1/2024,CUST-00366,85.45
6/1/2024,CUST-00366,85.45
7/1/2024,CUST-00366,85.45
8/1/2024,CUST-00366,85.45
9/1/2024,CUST-00366,85.45
10/1/2024,CUST-00366,85.45
11/1/2024,CUST-00366,85.45
12/1/2024,CUST-00366,86.73
1/1/2025,CUST-00366,85.45
2/1/2025,CUST-00366,85.45
3/1/2025,CUST-00366,85.45
4/1/2025,CUST-00366,85.45
5/1/2025,CUST-00366,85.45
6/1/2025,CUST-00366,85.45
7/1/2025,CUST-00366,85.45
8/1/2025,CUST-00366,85.45
9/1/2025,CUST-00366,85.45
10/1/2025,CUST-00366,85.45
11/1/2025,CUST-00366,85.45
12/1/2025,CUST-00366,86.73
12/1/2022,CUST-00367,89.31
1/1/2023,CUST-00367,87.99
2/1/2023,CUST-00367,87.99
3/1/2023,CUST-00367,87.99
4/1/2023,CUST-00367,87.99
5/1/2023,CUST-00367,87.99
6/1/2023,CUST-00367,87.99
7/1/2023,CUST-00367,87.99
8/1/2023,CUST-00367,87.99
9/1/2023,CUST-00367,87.99
10/1/2023,CUST-00367,87.99
11/1/2023,CUST-00367,87.99
12/1/2023,CUST-00367,89.31
1/1/2024,CUST-00367,87.99
2/1/2024,CUST-00367,87.99
3/1/2024,CUST-00367,87.99
4/1/2024,CUST-00367,87.99
5/1/2024,CUST-00367,87.99
6/1/2024,CUST-00367,87.99
7/1/2024,CUST-00367,87.99
8/1/2024,CUST-00367,87.99
9/1/2024,CUST-00367,87.99
10/1/2024,CUST-00367,87.99
11/1/2024,CUST-00367,87.99
12/1/2024,CUST-00367,89.31
1/1/2025,CUST-00367,87.99
2/1/2025,CUST-00367,87.99
3/1/2025,CUST-00367,87.99
4/1/2025,CUST-00367,87.99
5/1/2025,CUST-00367,87.99
6/1/2025,CUST-00367,87.99
7/1/2025,CUST-00367,87.99
8/1/2025,CUST-00367,87.99
9/1/2025,CUST-00367,87.99
10/1/2025,CUST-00367,87.99
11/1/2025,CUST-00367,87.99
12/1/2025,CUST-00367,89.31
2/1/2023,CUST-00368,69.76
3/1/2023,CUST-00368,69.76
4/1/2023,CUST-00368,69.76
5/1/2023,CUST-00368,69.76
6/1/2023,CUST-00368,69.76
7/1/2023,CUST-00368,69.76
8/1/2023,CUST-00368,69.76
9/1/2023,CUST-00368,69.76
10/1/2023,CUST-00368,69.76
11/1/2023,CUST-00368,69.76
12/1/2023,CUST-00368,70.81
1/1/2024,CUST-00368,69.76
2/1/2024,CUST-00368,69.76
3/1/2024,CUST-00368,69.76
4/1/2024,CUST-00368,69.76
5/1/2024,CUST-00368,69.76
6/1/2024,CUST-00368,69.76
7/1/2024,CUST-00368,69.76
8/1/2024,CUST-00368,69.76
9/1/2024,CUST-00368,69.76
10/1/2024,CUST-00368,69.76
11/1/2024,CUST-00368,69.76
12/1/2024,CUST-00368,70.81
1/1/2025,CUST-00368,69.76
2/1/2025,CUST-00368,69.76
3/1/2025,CUST-00368,69.76
4/1/2025,CUST-00368,69.76
5/1/2025,CUST-00368,69.76
6/1/2025,CUST-00368,69.76
7/1/2025,CUST-00368,69.76
8/1/2025,CUST-00368,69.76
9/1/2025,CUST-00368,69.76
10/1/2025,CUST-00368,69.76
11/1/2025,CUST-00368,69.76
12/1/2025,CUST-00368,70.81
3/1/2022,CUST-00369,79.04
4/1/2022,CUST-00369,79.04
5/1/2022,CUST-00369,79.04
6/1/2022,CUST-00369,79.04
7/1/2022,CUST-00369,79.04
8/1/2022,CUST-00369,79.04
9/1/2022,CUST-00369,79.04
10/1/2022,CUST-00369,79.04
11/1/2022,CUST-00369,79.04
12/1/2022,CUST-00369,80.23
1/1/2023,CUST-00369,79.04
2/1/2023,CUST-00369,79.04
3/1/2023,CUST-00369,79.04
4/1/2023,CUST-00369,79.04
5/1/2023,CUST-00369,79.04
6/1/2023,CUST-00369,79.04
7/1/2023,CUST-00369,79.04
8/1/2023,CUST-00369,79.04
9/1/2023,CUST-00369,79.04
10/1/2023,CUST-00369,79.04
11/1/2023,CUST-00369,79.04
12/1/2023,CUST-00369,80.23
1/1/2024,CUST-00369,79.04
2/1/2024,CUST-00369,79.04
3/1/2024,CUST-00369,79.04
4/1/2024,CUST-00369,79.04
5/1/2024,CUST-00369,79.04
6/1/2024,CUST-00369,79.04
7/1/2024,CUST-00369,79.04
8/1/2024,CUST-00369,79.04
9/1/2024,CUST-00369,79.04
10/1/2024,CUST-00369,79.04
11/1/2024,CUST-00369,79.04
12/1/2024,CUST-00369,80.23
1/1/2025,CUST-00369,79.04
2/1/2025,CUST-00369,79.04
3/1/2025,CUST-00369,79.04
4/1/2025,CUST-00369,79.04
5/1/2025,CUST-00369,79.04
6/1/2025,CUST-00369,79.04
7/1/2025,CUST-00369,79.04
8/1/2025,CUST-00369,79.04
9/1/2025,CUST-00369,79.04
10/1/2025,CUST-00369,79.04
11/1/2025,CUST-00369,79.04
12/1/2025,CUST-00369,80.23
7/1/2022,CUST-00370,62
8/1/2022,CUST-00370,62
9/1/2022,CUST-00370,62
10/1/2022,CUST-00370,62
11/1/2022,CUST-00370,62
12/1/2022,CUST-00370,62.93
1/1/2023,CUST-00370,62
2/1/2023,CUST-00370,62
3/1/2023,CUST-00370,62
4/1/2023,CUST-00370,62
5/1/2023,CUST-00370,62
6/1/2023,CUST-00370,62
7/1/2023,CUST-00370,62
8/1/2023,CUST-00370,62
9/1/2023,CUST-00370,62
10/1/2023,CUST-00370,62
11/1/2023,CUST-00370,62
12/1/2023,CUST-00370,62.93
1/1/2024,CUST-00370,62
2/1/2024,CUST-00370,62
3/1/2024,CUST-00370,62
4/1/2024,CUST-00370,62
5/1/2024,CUST-00370,62
6/1/2024,CUST-00370,62
7/1/2024,CUST-00370,62
8/1/2024,CUST-00370,62
9/1/2024,CUST-00370,62
10/1/2024,CUST-00370,62
11/1/2024,CUST-00370,62
12/1/2024,CUST-00370,62.93
1/1/2025,CUST-00370,62
2/1/2025,CUST-00370,62
3/1/2025,CUST-00370,62
4/1/2025,CUST-00370,62
5/1/2025,CUST-00370,62
6/1/2025,CUST-00370,62
7/1/2025,CUST-00370,62
8/1/2025,CUST-00370,62
9/1/2025,CUST-00370,62
10/1/2025,CUST-00370,62
11/1/2025,CUST-00370,62
12/1/2025,CUST-00370,62.93
9/1/2023,CUST-00371,48.58
10/1/2023,CUST-00371,48.58
11/1/2023,CUST-00371,48.58
12/1/2023,CUST-00371,49.31
1/1/2024,CUST-00371,48.58
2/1/2024,CUST-00371,48.58
3/1/2024,CUST-00371,48.58
4/1/2024,CUST-00371,48.58
5/1/2024,CUST-00371,48.58
6/1/2024,CUST-00371,48.58
7/1/2024,CUST-00371,48.58
8/1/2024,CUST-00371,48.58
9/1/2024,CUST-00371,48.58
10/1/2024,CUST-00371,48.58
11/1/2024,CUST-00371,48.58
12/1/2024,CUST-00371,49.31
1/1/2025,CUST-00371,48.58
2/1/2025,CUST-00371,48.58
3/1/2025,CUST-00371,48.58
4/1/2025,CUST-00371,48.58
5/1/2025,CUST-00371,48.58
6/1/2025,CUST-00371,48.58
7/1/2025,CUST-00371,48.58
8/1/2025,CUST-00371,48.58
9/1/2025,CUST-00371,48.58
10/1/2025,CUST-00371,48.58
11/1/2025,CUST-00371,48.58
12/1/2025,CUST-00371,49.31
1/1/2024,CUST-00372,106.58
2/1/2024,CUST-00372,106.58
3/1/2024,CUST-00372,106.58
4/1/2024,CUST-00372,106.58
5/1/2024,CUST-00372,106.58
6/1/2024,CUST-00372,106.58
7/1/2024,CUST-00372,106.58
8/1/2024,CUST-00372,106.58
9/1/2024,CUST-00372,106.58
10/1/2024,CUST-00372,106.58
11/1/2024,CUST-00372,106.58
12/1/2024,CUST-00372,108.18
1/1/2025,CUST-00372,106.58
2/1/2025,CUST-00372,106.58
3/1/2025,CUST-00372,106.58
4/1/2025,CUST-00372,106.58
5/1/2025,CUST-00372,106.58
6/1/2025,CUST-00372,106.58
7/1/2025,CUST-00372,106.58
8/1/2025,CUST-00372,106.58
9/1/2025,CUST-00372,106.58
10/1/2025,CUST-00372,106.58
11/1/2025,CUST-00372,106.58
12/1/2025,CUST-00372,108.18
11/1/2022,CUST-00373,59.44
12/1/2022,CUST-00373,60.33
1/1/2023,CUST-00373,59.44
2/1/2023,CUST-00373,59.44
3/1/2023,CUST-00373,59.44
4/1/2023,CUST-00373,59.44
5/1/2023,CUST-00373,59.44
6/1/2023,CUST-00373,59.44
7/1/2023,CUST-00373,59.44
8/1/2023,CUST-00373,59.44
9/1/2023,CUST-00373,59.44
10/1/2023,CUST-00373,59.44
11/1/2023,CUST-00373,59.44
12/1/2023,CUST-00373,60.33
1/1/2024,CUST-00373,59.44
2/1/2024,CUST-00373,59.44
3/1/2024,CUST-00373,59.44
4/1/2024,CUST-00373,59.44
5/1/2024,CUST-00373,59.44
6/1/2024,CUST-00373,59.44
7/1/2024,CUST-00373,59.44
8/1/2024,CUST-00373,59.44
10/1/2023,CUST-00374,46.85
11/1/2023,CUST-00374,46.85
12/1/2023,CUST-00374,47.55
1/1/2024,CUST-00374,46.85
2/1/2024,CUST-00374,46.85
3/1/2024,CUST-00374,46.85
4/1/2024,CUST-00374,46.85
5/1/2024,CUST-00374,46.85
6/1/2024,CUST-00374,46.85
7/1/2024,CUST-00374,46.85
8/1/2024,CUST-00374,46.85
9/1/2024,CUST-00374,46.85
10/1/2024,CUST-00374,46.85
11/1/2024,CUST-00374,46.85
12/1/2024,CUST-00374,47.55
1/1/2025,CUST-00374,46.85
2/1/2025,CUST-00374,46.85
3/1/2025,CUST-00374,46.85
4/1/2025,CUST-00374,46.85
5/1/2025,CUST-00374,46.85
6/1/2025,CUST-00374,46.85
7/1/2025,CUST-00374,46.85
8/1/2025,CUST-00374,46.85
9/1/2025,CUST-00374,46.85
10/1/2025,CUST-00374,46.85
11/1/2025,CUST-00374,46.85
12/1/2025,CUST-00374,47.55
6/1/2022,CUST-00375,51.23
7/1/2022,CUST-00375,51.23
8/1/2022,CUST-00375,51.23
9/1/2022,CUST-00375,51.23
10/1/2022,CUST-00375,51.23
11/1/2022,CUST-00375,51.23
12/1/2022,CUST-00375,52
1/1/2023,CUST-00375,51.23
2/1/2023,CUST-00375,51.23
3/1/2023,CUST-00375,51.23
4/1/2023,CUST-00375,51.23
5/1/2023,CUST-00375,51.23
6/1/2023,CUST-00375,51.23
7/1/2023,CUST-00375,51.23
8/1/2023,CUST-00375,51.23
9/1/2023,CUST-00375,51.23
10/1/2023,CUST-00375,51.23
11/1/2023,CUST-00375,51.23
12/1/2023,CUST-00375,52
1/1/2024,CUST-00375,51.23
2/1/2024,CUST-00375,51.23
3/1/2024,CUST-00375,51.23
4/1/2024,CUST-00375,51.23
5/1/2024,CUST-00375,51.23
6/1/2024,CUST-00375,51.23
7/1/2024,CUST-00375,51.23
8/1/2024,CUST-00375,51.23
9/1/2024,CUST-00375,51.23
10/1/2024,CUST-00375,51.23
11/1/2024,CUST-00375,51.23
12/1/2024,CUST-00375,52
1/1/2025,CUST-00375,51.23
2/1/2025,CUST-00375,51.23
3/1/2025,CUST-00375,51.23
4/1/2025,CUST-00375,51.23
5/1/2025,CUST-00375,51.23
6/1/2025,CUST-00375,51.23
7/1/2025,CUST-00375,51.23
8/1/2025,CUST-00375,51.23
9/1/2025,CUST-00375,51.23
10/1/2025,CUST-00375,51.23
11/1/2025,CUST-00375,51.23
12/1/2025,CUST-00375,52
10/1/2022,CUST-00376,71.17
11/1/2022,CUST-00376,71.17
12/1/2022,CUST-00376,72.24
1/1/2023,CUST-00376,71.17
2/1/2023,CUST-00376,71.17
3/1/2023,CUST-00376,71.17
4/1/2023,CUST-00376,71.17
5/1/2023,CUST-00376,71.17
6/1/2023,CUST-00376,71.17
7/1/2023,CUST-00376,71.17
8/1/2023,CUST-00376,71.17
9/1/2023,CUST-00376,71.17
10/1/2023,CUST-00376,71.17
2/1/2024,CUST-00377,100.19
3/1/2024,CUST-00377,100.19
4/1/2024,CUST-00377,100.19
5/1/2024,CUST-00377,100.19
6/1/2024,CUST-00377,100.19
7/1/2024,CUST-00377,100.19
8/1/2024,CUST-00377,100.19
9/1/2024,CUST-00377,100.19
10/1/2024,CUST-00377,100.19
11/1/2024,CUST-00377,100.19
12/1/2024,CUST-00377,101.69
1/1/2025,CUST-00377,100.19
2/1/2025,CUST-00377,100.19
3/1/2025,CUST-00377,100.19
4/1/2025,CUST-00377,100.19
5/1/2025,CUST-00377,100.19
6/1/2025,CUST-00377,100.19
7/1/2025,CUST-00377,100.19
8/1/2025,CUST-00377,100.19
9/1/2025,CUST-00377,100.19
10/1/2025,CUST-00377,100.19
11/1/2025,CUST-00377,100.19
12/1/2025,CUST-00377,101.69
1/1/2024,CUST-00378,71.2
2/1/2024,CUST-00378,71.2
3/1/2024,CUST-00378,71.2
4/1/2024,CUST-00378,71.2
5/1/2024,CUST-00378,71.2
6/1/2024,CUST-00378,71.2
7/1/2024,CUST-00378,71.2
8/1/2024,CUST-00378,71.2
9/1/2024,CUST-00378,71.2
10/1/2024,CUST-00378,71.2
11/1/2024,CUST-00378,71.2
12/1/2024,CUST-00378,72.27
1/1/2025,CUST-00378,71.2
2/1/2025,CUST-00378,71.2
3/1/2025,CUST-00378,71.2
4/1/2025,CUST-00378,71.2
5/1/2025,CUST-00378,71.2
6/1/2025,CUST-00378,71.2
7/1/2025,CUST-00378,71.2
8/1/2025,CUST-00378,71.2
9/1/2025,CUST-00378,71.2
10/1/2025,CUST-00378,71.2
11/1/2025,CUST-00378,71.2
12/1/2025,CUST-00378,72.27
5/1/2023,CUST-00379,67.6
6/1/2023,CUST-00379,67.6
7/1/2023,CUST-00379,67.6
8/1/2023,CUST-00379,67.6
9/1/2023,CUST-00379,67.6
10/1/2023,CUST-00379,67.6
11/1/2023,CUST-00379,67.6
12/1/2023,CUST-00379,68.61
1/1/2024,CUST-00379,67.6
2/1/2024,CUST-00379,67.6
3/1/2024,CUST-00379,67.6
4/1/2024,CUST-00379,67.6
5/1/2024,CUST-00379,67.6
6/1/2024,CUST-00379,67.6
7/1/2024,CUST-00379,67.6
8/1/2024,CUST-00379,67.6
9/1/2024,CUST-00379,67.6
10/1/2024,CUST-00379,67.6
11/1/2024,CUST-00379,67.6
12/1/2024,CUST-00379,68.61
1/1/2025,CUST-00379,67.6
2/1/2025,CUST-00379,67.6
3/1/2025,CUST-00379,67.6
4/1/2025,CUST-00379,67.6
5/1/2025,CUST-00379,67.6
6/1/2025,CUST-00379,67.6
7/1/2025,CUST-00379,67.6
8/1/2025,CUST-00379,67.6
9/1/2025,CUST-00379,67.6
10/1/2025,CUST-00379,67.6
11/1/2025,CUST-00379,67.6
12/1/2025,CUST-00379,68.61
3/1/2025,CUST-00380,39.4
4/1/2025,CUST-00380,39.4
5/1/2025,CUST-00380,39.4
6/1/2025,CUST-00380,39.4
7/1/2025,CUST-00380,39.4
8/1/2025,CUST-00380,39.4
9/1/2025,CUST-00380,39.4
10/1/2025,CUST-00380,39.4
11/1/2025,CUST-00380,39.4
12/1/2025,CUST-00380,39.99
4/1/2022,CUST-00381,52.83
5/1/2022,CUST-00381,52.83
6/1/2022,CUST-00381,52.83
7/1/2022,CUST-00381,52.83
8/1/2022,CUST-00381,52.83
9/1/2022,CUST-00381,52.83
10/1/2022,CUST-00381,52.83
11/1/2022,CUST-00381,52.83
12/1/2022,CUST-00381,53.62
1/1/2023,CUST-00381,52.83
2/1/2023,CUST-00381,52.83
3/1/2023,CUST-00381,52.83
4/1/2023,CUST-00381,52.83
5/1/2023,CUST-00381,52.83
6/1/2023,CUST-00381,52.83
7/1/2023,CUST-00381,52.83
8/1/2023,CUST-00381,52.83
9/1/2023,CUST-00381,52.83
10/1/2023,CUST-00381,52.83
11/1/2023,CUST-00381,52.83
12/1/2023,CUST-00381,53.62
1/1/2024,CUST-00381,52.83
2/1/2024,CUST-00381,52.83
3/1/2024,CUST-00381,52.83
4/1/2024,CUST-00381,52.83
5/1/2024,CUST-00381,52.83
6/1/2024,CUST-00381,52.83
7/1/2024,CUST-00381,52.83
8/1/2024,CUST-00381,52.83
9/1/2024,CUST-00381,52.83
10/1/2024,CUST-00381,52.83
11/1/2024,CUST-00381,52.83
12/1/2024,CUST-00381,53.62
1/1/2025,CUST-00381,52.83
2/1/2025,CUST-00381,52.83
3/1/2025,CUST-00381,52.83
4/1/2025,CUST-00381,52.83
5/1/2025,CUST-00381,52.83
6/1/2025,CUST-00381,52.83
7/1/2025,CUST-00381,52.83
8/1/2025,CUST-00381,52.83
9/1/2025,CUST-00381,52.83
10/1/2025,CUST-00381,52.83
11/1/2025,CUST-00381,52.83
12/1/2025,CUST-00381,53.62
8/1/2024,CUST-00382,60.01
9/1/2024,CUST-00382,60.01
10/1/2024,CUST-00382,60.01
11/1/2024,CUST-00382,60.01
12/1/2024,CUST-00382,60.91
1/1/2025,CUST-00382,60.01
2/1/2025,CUST-00382,60.01
3/1/2025,CUST-00382,60.01
4/1/2025,CUST-00382,60.01
5/1/2025,CUST-00382,60.01
6/1/2025,CUST-00382,60.01
7/1/2025,CUST-00382,60.01
8/1/2025,CUST-00382,60.01
9/1/2025,CUST-00382,60.01
10/1/2025,CUST-00382,60.01
11/1/2025,CUST-00382,60.01
12/1/2025,CUST-00382,60.91
7/1/2025,CUST-00383,109.3
8/1/2025,CUST-00383,109.3
9/1/2025,CUST-00383,109.3
10/1/2025,CUST-00383,109.3
8/1/2023,CUST-00384,75.32
9/1/2023,CUST-00384,75.32
10/1/2023,CUST-00384,75.32
11/1/2023,CUST-00384,75.32
12/1/2023,CUST-00384,76.45
1/1/2024,CUST-00384,75.32
2/1/2024,CUST-00384,75.32
3/1/2024,CUST-00384,75.32
4/1/2024,CUST-00384,75.32
5/1/2024,CUST-00384,75.32
6/1/2024,CUST-00384,75.32
7/1/2024,CUST-00384,75.32
8/1/2024,CUST-00384,75.32
9/1/2024,CUST-00384,75.32
10/1/2024,CUST-00384,75.32
11/1/2024,CUST-00384,75.32
12/1/2024,CUST-00384,76.45
1/1/2025,CUST-00384,75.32
2/1/2025,CUST-00384,75.32
3/1/2025,CUST-00384,75.32
4/1/2025,CUST-00384,75.32
5/1/2025,CUST-00384,75.32
6/1/2025,CUST-00384,75.32
7/1/2025,CUST-00384,75.32
8/1/2025,CUST-00384,75.32
9/1/2025,CUST-00384,75.32
10/1/2025,CUST-00384,75.32
11/1/2025,CUST-00384,75.32
12/1/2025,CUST-00384,76.45
11/1/2023,CUST-00385,70.76
12/1/2023,CUST-00385,71.82
1/1/2024,CUST-00385,70.76
2/1/2024,CUST-00385,70.76
3/1/2024,CUST-00385,70.76
4/1/2024,CUST-00385,70.76
5/1/2024,CUST-00385,70.76
6/1/2024,CUST-00385,70.76
7/1/2024,CUST-00385,70.76
8/1/2024,CUST-00385,70.76
9/1/2024,CUST-00385,70.76
10/1/2024,CUST-00385,70.76
11/1/2024,CUST-00385,70.76
12/1/2024,CUST-00385,71.82
1/1/2025,CUST-00385,70.76
2/1/2025,CUST-00385,70.76
3/1/2025,CUST-00385,70.76
4/1/2025,CUST-00385,70.76
5/1/2025,CUST-00385,70.76
6/1/2025,CUST-00385,70.76
7/1/2025,CUST-00385,70.76
8/1/2025,CUST-00385,70.76
9/1/2025,CUST-00385,70.76
10/1/2025,CUST-00385,70.76
11/1/2025,CUST-00385,70.76
12/1/2025,CUST-00385,71.82
7/1/2025,CUST-00386,60.87
8/1/2025,CUST-00386,60.87
9/1/2025,CUST-00386,60.87
10/1/2025,CUST-00386,60.87
11/1/2025,CUST-00386,60.87
12/1/2025,CUST-00386,61.78
11/1/2024,CUST-00387,122.27
12/1/2024,CUST-00387,124.1
1/1/2025,CUST-00387,122.27
2/1/2025,CUST-00387,122.27
3/1/2025,CUST-00387,122.27
4/1/2025,CUST-00387,122.27
5/1/2025,CUST-00387,122.27
6/1/2025,CUST-00387,122.27
7/1/2025,CUST-00387,122.27
8/1/2025,CUST-00387,122.27
9/1/2025,CUST-00387,122.27
10/1/2025,CUST-00387,122.27
11/1/2025,CUST-00387,122.27
12/1/2025,CUST-00387,124.1
1/1/2023,CUST-00388,62.19
2/1/2023,CUST-00388,62.19
3/1/2023,CUST-00388,62.19
4/1/2023,CUST-00388,62.19
5/1/2023,CUST-00388,62.19
6/1/2023,CUST-00388,62.19
7/1/2023,CUST-00388,62.19
8/1/2023,CUST-00388,62.19
9/1/2023,CUST-00388,62.19
10/1/2023,CUST-00388,62.19
11/1/2023,CUST-00388,62.19
12/1/2023,CUST-00388,63.12
1/1/2024,CUST-00388,62.19
2/1/2024,CUST-00388,62.19
3/1/2024,CUST-00388,62.19
4/1/2024,CUST-00388,62.19
5/1/2024,CUST-00388,62.19
6/1/2024,CUST-00388,62.19
7/1/2024,CUST-00388,62.19
8/1/2024,CUST-00388,62.19
9/1/2024,CUST-00388,62.19
10/1/2024,CUST-00388,62.19
11/1/2024,CUST-00388,62.19
12/1/2024,CUST-00388,63.12
1/1/2025,CUST-00388,62.19
2/1/2025,CUST-00388,62.19
3/1/2025,CUST-00388,62.19
4/1/2025,CUST-00388,62.19
5/1/2025,CUST-00388,62.19
6/1/2025,CUST-00388,62.19
7/1/2025,CUST-00388,62.19
8/1/2025,CUST-00388,62.19
9/1/2025,CUST-00388,62.19
10/1/2025,CUST-00388,62.19
11/1/2025,CUST-00388,62.19
12/1/2025,CUST-00388,63.12
2/1/2023,CUST-00389,93.7
3/1/2023,CUST-00389,93.7
4/1/2023,CUST-00389,93.7
5/1/2023,CUST-00389,93.7
6/1/2023,CUST-00389,93.7
7/1/2023,CUST-00389,93.7
8/1/2023,CUST-00389,93.7
9/1/2023,CUST-00389,93.7
10/1/2023,CUST-00389,93.7
11/1/2023,CUST-00389,93.7
12/1/2023,CUST-00389,95.11
1/1/2024,CUST-00389,93.7
2/1/2024,CUST-00389,93.7
3/1/2024,CUST-00389,93.7
4/1/2024,CUST-00389,93.7
5/1/2024,CUST-00389,93.7
6/1/2024,CUST-00389,93.7
7/1/2024,CUST-00389,93.7
8/1/2024,CUST-00389,93.7
9/1/2024,CUST-00389,93.7
10/1/2024,CUST-00389,93.7
11/1/2024,CUST-00389,93.7
12/1/2024,CUST-00389,95.11
1/1/2025,CUST-00389,93.7
2/1/2025,CUST-00389,93.7
3/1/2025,CUST-00389,93.7
4/1/2025,CUST-00389,93.7
5/1/2025,CUST-00389,93.7
6/1/2025,CUST-00389,93.7
7/1/2025,CUST-00389,93.7
8/1/2025,CUST-00389,93.7
9/1/2025,CUST-00389,93.7
10/1/2025,CUST-00389,93.7
11/1/2025,CUST-00389,93.7
12/1/2025,CUST-00389,95.11
4/1/2022,CUST-00390,84.48
5/1/2022,CUST-00390,84.48
6/1/2022,CUST-00390,84.48
7/1/2022,CUST-00390,84.48
8/1/2022,CUST-00390,84.48
9/1/2022,CUST-00390,84.48
10/1/2022,CUST-00390,84.48
11/1/2022,CUST-00390,84.48
12/1/2022,CUST-00390,85.75
1/1/2023,CUST-00390,84.48
2/1/2023,CUST-00390,84.48
3/1/2023,CUST-00390,84.48
4/1/2023,CUST-00390,84.48
5/1/2023,CUST-00390,84.48
6/1/2023,CUST-00390,84.48
7/1/2023,CUST-00390,84.48
8/1/2023,CUST-00390,84.48
9/1/2023,CUST-00390,84.48
10/1/2023,CUST-00390,84.48
11/1/2023,CUST-00390,84.48
12/1/2023,CUST-00390,85.75
1/1/2024,CUST-00390,84.48
2/1/2024,CUST-00390,84.48
3/1/2024,CUST-00390,84.48
4/1/2024,CUST-00390,84.48
5/1/2024,CUST-00390,84.48
6/1/2024,CUST-00390,84.48
7/1/2024,CUST-00390,84.48
8/1/2024,CUST-00390,84.48
9/1/2024,CUST-00390,84.48
10/1/2024,CUST-00390,84.48
11/1/2024,CUST-00390,84.48
12/1/2024,CUST-00390,85.75
1/1/2025,CUST-00390,84.48
2/1/2025,CUST-00390,84.48
3/1/2025,CUST-00390,84.48
4/1/2025,CUST-00390,84.48
5/1/2025,CUST-00390,84.48
6/1/2025,CUST-00390,84.48
7/1/2025,CUST-00390,84.48
8/1/2025,CUST-00390,84.48
9/1/2025,CUST-00390,84.48
10/1/2025,CUST-00390,84.48
11/1/2025,CUST-00390,84.48
12/1/2025,CUST-00390,85.75
5/1/2023,CUST-00391,61.02
6/1/2023,CUST-00391,61.02
7/1/2023,CUST-00391,61.02
8/1/2023,CUST-00391,61.02
9/1/2023,CUST-00391,61.02
10/1/2023,CUST-00391,61.02
11/1/2023,CUST-00391,61.02
12/1/2023,CUST-00391,61.94
1/1/2024,CUST-00391,61.02
2/1/2024,CUST-00391,61.02
3/1/2024,CUST-00391,61.02
4/1/2024,CUST-00391,61.02
5/1/2024,CUST-00391,61.02
6/1/2024,CUST-00391,61.02
7/1/2024,CUST-00391,61.02
8/1/2024,CUST-00391,61.02
9/1/2024,CUST-00391,61.02
10/1/2024,CUST-00391,61.02
11/1/2024,CUST-00391,61.02
12/1/2024,CUST-00391,61.94
1/1/2025,CUST-00391,61.02
2/1/2025,CUST-00391,61.02
3/1/2025,CUST-00391,61.02
4/1/2025,CUST-00391,61.02
5/1/2025,CUST-00391,61.02
6/1/2025,CUST-00391,61.02
7/1/2025,CUST-00391,61.02
8/1/2025,CUST-00391,61.02
9/1/2025,CUST-00391,61.02
10/1/2025,CUST-00391,61.02
11/1/2025,CUST-00391,61.02
12/1/2025,CUST-00391,61.94
8/1/2025,CUST-00392,84.39
9/1/2025,CUST-00392,84.39
10/1/2025,CUST-00392,84.39
11/1/2025,CUST-00392,84.39
12/1/2025,CUST-00392,85.66
1/1/2024,CUST-00393,55.94
2/1/2024,CUST-00393,55.94
3/1/2024,CUST-00393,55.94
4/1/2024,CUST-00393,55.94
5/1/2024,CUST-00393,55.94
6/1/2024,CUST-00393,55.94
7/1/2024,CUST-00393,55.94
8/1/2024,CUST-00393,55.94
9/1/2024,CUST-00393,55.94
10/1/2024,CUST-00393,55.94
11/1/2024,CUST-00393,55.94
12/1/2024,CUST-00393,56.78
1/1/2025,CUST-00393,55.94
2/1/2025,CUST-00393,55.94
3/1/2025,CUST-00393,55.94
4/1/2025,CUST-00393,55.94
5/1/2025,CUST-00393,55.94
6/1/2025,CUST-00393,55.94
7/1/2025,CUST-00393,55.94
8/1/2025,CUST-00393,55.94
9/1/2025,CUST-00393,55.94
10/1/2025,CUST-00393,55.94
11/1/2025,CUST-00393,55.94
12/1/2025,CUST-00393,56.78
9/1/2024,CUST-00394,36.94
10/1/2024,CUST-00394,36.94
11/1/2024,CUST-00394,36.94
12/1/2024,CUST-00394,37.49
1/1/2025,CUST-00394,36.94
2/1/2025,CUST-00394,36.94
3/1/2025,CUST-00394,36.94
4/1/2025,CUST-00394,36.94
5/1/2025,CUST-00394,36.94
6/1/2025,CUST-00394,36.94
7/1/2025,CUST-00394,36.94
8/1/2025,CUST-00394,36.94
9/1/2025,CUST-00394,36.94
10/1/2025,CUST-00394,36.94
11/1/2025,CUST-00394,36.94
12/1/2025,CUST-00394,37.49
12/1/2024,CUST-00395,70.68
1/1/2025,CUST-00395,69.64
2/1/2025,CUST-00395,69.64
3/1/2025,CUST-00395,69.64
4/1/2025,CUST-00395,69.64
5/1/2025,CUST-00395,69.64
6/1/2025,CUST-00395,69.64
7/1/2025,CUST-00395,69.64
8/1/2025,CUST-00395,69.64
9/1/2025,CUST-00395,69.64
2/1/2022,CUST-00396,66.33
3/1/2022,CUST-00396,66.33
4/1/2022,CUST-00396,66.33
5/1/2022,CUST-00396,66.33
6/1/2022,CUST-00396,66.33
7/1/2022,CUST-00396,66.33
8/1/2022,CUST-00396,66.33
9/1/2022,CUST-00396,66.33
10/1/2022,CUST-00396,66.33
11/1/2022,CUST-00396,66.33
12/1/2022,CUST-00396,67.32
1/1/2023,CUST-00396,66.33
2/1/2023,CUST-00396,66.33
3/1/2023,CUST-00396,66.33
4/1/2023,CUST-00396,66.33
5/1/2023,CUST-00396,66.33
6/1/2023,CUST-00396,66.33
7/1/2023,CUST-00396,66.33
8/1/2023,CUST-00396,66.33
9/1/2023,CUST-00396,66.33
10/1/2023,CUST-00396,66.33
11/1/2023,CUST-00396,66.33
12/1/2023,CUST-00396,67.32
1/1/2024,CUST-00396,66.33
2/1/2024,CUST-00396,66.33
3/1/2024,CUST-00396,66.33
4/1/2024,CUST-00396,66.33
5/1/2024,CUST-00396,66.33
6/1/2024,CUST-00396,66.33
7/1/2024,CUST-00396,66.33
8/1/2024,CUST-00396,66.33
9/1/2024,CUST-00396,66.33
10/1/2024,CUST-00396,66.33
11/1/2024,CUST-00396,66.33
12/1/2024,CUST-00396,67.32
1/1/2025,CUST-00396,66.33
2/1/2025,CUST-00396,66.33
3/1/2025,CUST-00396,66.33
4/1/2025,CUST-00396,66.33
5/1/2025,CUST-00396,66.33
6/1/2025,CUST-00396,66.33
7/1/2025,CUST-00396,66.33
8/1/2025,CUST-00396,66.33
9/1/2025,CUST-00396,66.33
10/1/2025,CUST-00396,66.33
11/1/2025,CUST-00396,66.33
12/1/2025,CUST-00396,67.32
4/1/2024,CUST-00397,80.44
5/1/2024,CUST-00397,80.44
6/1/2024,CUST-00397,80.44
7/1/2024,CUST-00397,80.44
8/1/2024,CUST-00397,80.44
9/1/2024,CUST-00397,80.44
10/1/2024,CUST-00397,80.44
11/1/2024,CUST-00397,80.44
12/1/2024,CUST-00397,81.65
1/1/2025,CUST-00397,80.44
2/1/2025,CUST-00397,80.44
3/1/2025,CUST-00397,80.44
4/1/2025,CUST-00397,80.44
5/1/2025,CUST-00397,80.44
6/1/2025,CUST-00397,80.44
7/1/2025,CUST-00397,80.44
8/1/2025,CUST-00397,80.44
9/1/2025,CUST-00397,80.44
10/1/2025,CUST-00397,80.44
11/1/2025,CUST-00397,80.44
5/1/2024,CUST-00398,105.42
6/1/2024,CUST-00398,105.42
7/1/2024,CUST-00398,105.42
8/1/2024,CUST-00398,105.42
9/1/2024,CUST-00398,105.42
10/1/2024,CUST-00398,105.42
11/1/2024,CUST-00398,105.42
12/1/2024,CUST-00398,107
11/1/2023,CUST-00399,72.49
12/1/2023,CUST-00399,73.58
1/1/2024,CUST-00399,72.49
2/1/2024,CUST-00399,72.49
3/1/2024,CUST-00399,72.49
4/1/2024,CUST-00399,72.49
5/1/2024,CUST-00399,72.49
6/1/2024,CUST-00399,72.49
7/1/2024,CUST-00399,72.49
8/1/2024,CUST-00399,72.49
9/1/2024,CUST-00399,72.49
10/1/2024,CUST-00399,72.49
11/1/2024,CUST-00399,72.49
12/1/2024,CUST-00399,73.58
1/1/2025,CUST-00399,72.49
2/1/2025,CUST-00399,72.49
3/1/2025,CUST-00399,72.49
4/1/2025,CUST-00399,72.49
5/1/2025,CUST-00399,72.49
6/1/2025,CUST-00399,72.49
7/1/2025,CUST-00399,72.49
8/1/2025,CUST-00399,72.49
9/1/2025,CUST-00399,72.49
10/1/2025,CUST-00399,72.49
11/1/2025,CUST-00399,72.49
12/1/2025,CUST-00399,73.58
6/1/2025,CUST-00400,69.68
7/1/2025,CUST-00400,69.68
8/1/2025,CUST-00400,69.68
4/1/2025,CUST-00401,40.35
5/1/2025,CUST-00401,40.35
6/1/2025,CUST-00401,40.35
7/1/2025,CUST-00401,40.35
8/1/2025,CUST-00401,40.35
9/1/2025,CUST-00401,40.35
10/1/2025,CUST-00401,40.35
11/1/2025,CUST-00401,40.35
12/1/2025,CUST-00401,40.96
9/1/2022,CUST-00402,105.47
10/1/2022,CUST-00402,105.47
11/1/2022,CUST-00402,105.47
12/1/2022,CUST-00402,107.05
1/1/2023,CUST-00402,105.47
2/1/2023,CUST-00402,105.47
3/1/2023,CUST-00402,105.47
4/1/2023,CUST-00402,105.47
5/1/2023,CUST-00402,105.47
6/1/2023,CUST-00402,105.47
7/1/2023,CUST-00402,105.47
8/1/2023,CUST-00402,105.47
9/1/2023,CUST-00402,105.47
10/1/2023,CUST-00402,105.47
11/1/2023,CUST-00402,105.47
12/1/2023,CUST-00402,107.05
1/1/2024,CUST-00402,105.47
2/1/2024,CUST-00402,105.47
3/1/2024,CUST-00402,105.47
4/1/2024,CUST-00402,105.47
5/1/2024,CUST-00402,105.47
6/1/2024,CUST-00402,105.47
7/1/2024,CUST-00402,105.47
8/1/2024,CUST-00402,105.47
9/1/2024,CUST-00402,105.47
10/1/2024,CUST-00402,105.47
11/1/2024,CUST-00402,105.47
12/1/2024,CUST-00402,107.05
1/1/2025,CUST-00402,105.47
2/1/2025,CUST-00402,105.47
3/1/2025,CUST-00402,105.47
4/1/2025,CUST-00402,105.47
5/1/2025,CUST-00402,105.47
6/1/2025,CUST-00402,105.47
7/1/2025,CUST-00402,105.47
8/1/2025,CUST-00402,105.47
9/1/2025,CUST-00402,105.47
10/1/2025,CUST-00402,105.47
11/1/2025,CUST-00402,105.47
12/1/2025,CUST-00402,107.05
8/1/2023,CUST-00403,71.66
9/1/2023,CUST-00403,71.66
10/1/2023,CUST-00403,71.66
11/1/2023,CUST-00403,71.66
12/1/2023,CUST-00403,72.73
1/1/2024,CUST-00403,71.66
2/1/2024,CUST-00403,71.66
3/1/2024,CUST-00403,71.66
4/1/2024,CUST-00403,71.66
5/1/2024,CUST-00403,71.66
6/1/2024,CUST-00403,71.66
7/1/2024,CUST-00403,71.66
8/1/2024,CUST-00403,71.66
9/1/2024,CUST-00403,71.66
4/1/2022,CUST-00404,74.26
5/1/2022,CUST-00404,74.26
6/1/2022,CUST-00404,74.26
7/1/2022,CUST-00404,74.26
8/1/2022,CUST-00404,74.26
9/1/2022,CUST-00404,74.26
10/1/2022,CUST-00404,74.26
11/1/2022,CUST-00404,74.26
12/1/2022,CUST-00404,75.37
1/1/2023,CUST-00404,74.26
2/1/2023,CUST-00404,74.26
3/1/2023,CUST-00404,74.26
4/1/2023,CUST-00404,74.26
5/1/2023,CUST-00404,74.26
6/1/2023,CUST-00404,74.26
7/1/2023,CUST-00404,74.26
8/1/2023,CUST-00404,74.26
9/1/2023,CUST-00404,74.26
10/1/2023,CUST-00404,74.26
11/1/2023,CUST-00404,74.26
12/1/2023,CUST-00404,75.37
1/1/2024,CUST-00404,74.26
2/1/2024,CUST-00404,74.26
3/1/2024,CUST-00404,74.26
4/1/2024,CUST-00404,74.26
5/1/2024,CUST-00404,74.26
6/1/2024,CUST-00404,74.26
7/1/2024,CUST-00404,74.26
8/1/2024,CUST-00404,74.26
9/1/2024,CUST-00404,74.26
10/1/2024,CUST-00404,74.26
11/1/2024,CUST-00404,74.26
12/1/2024,CUST-00404,75.37
1/1/2025,CUST-00404,74.26
2/1/2025,CUST-00404,74.26
3/1/2025,CUST-00404,74.26
4/1/2025,CUST-00404,74.26
5/1/2025,CUST-00404,74.26
6/1/2025,CUST-00404,74.26
7/1/2025,CUST-00404,74.26
8/1/2025,CUST-00404,74.26
9/1/2025,CUST-00404,74.26
10/1/2025,CUST-00404,74.26
11/1/2025,CUST-00404,74.26
12/1/2025,CUST-00404,75.37
6/1/2025,CUST-00405,63.25
7/1/2025,CUST-00405,63.25
8/1/2025,CUST-00405,63.25
9/1/2025,CUST-00405,63.25
8/1/2024,CUST-00406,83.77
9/1/2024,CUST-00406,83.77
10/1/2024,CUST-00406,83.77
11/1/2024,CUST-00406,83.77
12/1/2024,CUST-00406,85.03
1/1/2025,CUST-00406,83.77
2/1/2025,CUST-00406,83.77
3/1/2025,CUST-00406,83.77
4/1/2025,CUST-00406,83.77
5/1/2025,CUST-00406,83.77
6/1/2025,CUST-00406,83.77
7/1/2025,CUST-00406,83.77
8/1/2025,CUST-00406,83.77
9/1/2025,CUST-00406,83.77
10/1/2025,CUST-00406,83.77
11/1/2025,CUST-00406,83.77
12/1/2025,CUST-00406,85.03
2/1/2025,CUST-00407,48.01
3/1/2025,CUST-00407,48.01
4/1/2025,CUST-00407,48.01
5/1/2025,CUST-00407,48.01
6/1/2025,CUST-00407,48.01
7/1/2025,CUST-00407,48.01
8/1/2025,CUST-00407,48.01
9/1/2025,CUST-00407,48.01
10/1/2025,CUST-00407,48.01
11/1/2025,CUST-00407,48.01
12/1/2025,CUST-00407,48.73
1/1/2022,CUST-00408,43.5
2/1/2022,CUST-00408,43.5
3/1/2022,CUST-00408,43.5
4/1/2022,CUST-00408,43.5
5/1/2022,CUST-00408,43.5
6/1/2022,CUST-00408,43.5
7/1/2022,CUST-00408,43.5
8/1/2022,CUST-00408,43.5
9/1/2022,CUST-00408,43.5
10/1/2022,CUST-00408,43.5
11/1/2022,CUST-00408,43.5
12/1/2022,CUST-00408,44.15
1/1/2023,CUST-00408,43.5
2/1/2023,CUST-00408,43.5
3/1/2023,CUST-00408,43.5
4/1/2023,CUST-00408,43.5
5/1/2023,CUST-00408,43.5
6/1/2023,CUST-00408,43.5
7/1/2023,CUST-00408,43.5
8/1/2023,CUST-00408,43.5
9/1/2023,CUST-00408,43.5
10/1/2023,CUST-00408,43.5
11/1/2023,CUST-00408,43.5
12/1/2023,CUST-00408,44.15
1/1/2024,CUST-00408,43.5
2/1/2024,CUST-00408,43.5
3/1/2024,CUST-00408,43.5
4/1/2024,CUST-00408,43.5
5/1/2024,CUST-00408,43.5
6/1/2024,CUST-00408,43.5
7/1/2024,CUST-00408,43.5
8/1/2024,CUST-00408,43.5
9/1/2024,CUST-00408,43.5
10/1/2024,CUST-00408,43.5
11/1/2024,CUST-00408,43.5
12/1/2024,CUST-00408,44.15
1/1/2025,CUST-00408,43.5
2/1/2025,CUST-00408,43.5
3/1/2025,CUST-00408,43.5
4/1/2025,CUST-00408,43.5
5/1/2025,CUST-00408,43.5
6/1/2025,CUST-00408,43.5
7/1/2025,CUST-00408,43.5
8/1/2025,CUST-00408,43.5
9/1/2025,CUST-00408,43.5
10/1/2025,CUST-00408,43.5
11/1/2025,CUST-00408,43.5
12/1/2025,CUST-00408,44.15
4/1/2022,CUST-00409,93.41
5/1/2022,CUST-00409,93.41
6/1/2022,CUST-00409,93.41
7/1/2022,CUST-00409,93.41
8/1/2022,CUST-00409,93.41
9/1/2022,CUST-00409,93.41
10/1/2022,CUST-00409,93.41
11/1/2022,CUST-00409,93.41
12/1/2022,CUST-00409,94.81
1/1/2023,CUST-00409,93.41
2/1/2023,CUST-00409,93.41
3/1/2023,CUST-00409,93.41
4/1/2023,CUST-00409,93.41
5/1/2023,CUST-00409,93.41
6/1/2023,CUST-00409,93.41
7/1/2023,CUST-00409,93.41
8/1/2023,CUST-00409,93.41
9/1/2023,CUST-00409,93.41
10/1/2023,CUST-00409,93.41
11/1/2023,CUST-00409,93.41
12/1/2023,CUST-00409,94.81
1/1/2024,CUST-00409,93.41
2/1/2024,CUST-00409,93.41
3/1/2024,CUST-00409,93.41
4/1/2024,CUST-00409,93.41
5/1/2024,CUST-00409,93.41
6/1/2024,CUST-00409,93.41
7/1/2024,CUST-00409,93.41
8/1/2024,CUST-00409,93.41
9/1/2024,CUST-00409,93.41
10/1/2024,CUST-00409,93.41
11/1/2024,CUST-00409,93.41
12/1/2024,CUST-00409,94.81
1/1/2025,CUST-00409,93.41
2/1/2025,CUST-00409,93.41
3/1/2025,CUST-00409,93.41
4/1/2025,CUST-00409,93.41
5/1/2025,CUST-00409,93.41
6/1/2025,CUST-00409,93.41
7/1/2025,CUST-00409,93.41
8/1/2025,CUST-00409,93.41
9/1/2025,CUST-00409,93.41
10/1/2025,CUST-00409,93.41
11/1/2025,CUST-00409,93.41
12/1/2025,CUST-00409,94.81
8/1/2023,CUST-00410,80.16
9/1/2023,CUST-00410,80.16
10/1/2023,CUST-00410,80.16
11/1/2023,CUST-00410,80.16
12/1/2023,CUST-00410,81.36
1/1/2024,CUST-00410,80.16
2/1/2024,CUST-00410,80.16
3/1/2024,CUST-00410,80.16
4/1/2024,CUST-00410,80.16
5/1/2024,CUST-00410,80.16
6/1/2024,CUST-00410,80.16
7/1/2024,CUST-00410,80.16
8/1/2024,CUST-00410,80.16
9/1/2024,CUST-00410,80.16
10/1/2024,CUST-00410,80.16
11/1/2024,CUST-00410,80.16
12/1/2024,CUST-00410,81.36
1/1/2025,CUST-00410,80.16
2/1/2025,CUST-00410,80.16
3/1/2025,CUST-00410,80.16
4/1/2025,CUST-00410,80.16
5/1/2025,CUST-00410,80.16
6/1/2025,CUST-00410,80.16
7/1/2025,CUST-00410,80.16
8/1/2025,CUST-00410,80.16
9/1/2025,CUST-00410,80.16
10/1/2025,CUST-00410,80.16
11/1/2025,CUST-00410,80.16
12/1/2025,CUST-00410,81.36
5/1/2022,CUST-00411,51.95
6/1/2022,CUST-00411,51.95
7/1/2022,CUST-00411,51.95
8/1/2022,CUST-00411,51.95
9/1/2022,CUST-00411,51.95
10/1/2022,CUST-00411,51.95
11/1/2022,CUST-00411,51.95
12/1/2022,CUST-00411,52.73
1/1/2023,CUST-00411,51.95
2/1/2023,CUST-00411,51.95
3/1/2023,CUST-00411,51.95
4/1/2023,CUST-00411,51.95
5/1/2023,CUST-00411,51.95
6/1/2023,CUST-00411,51.95
7/1/2023,CUST-00411,51.95
8/1/2023,CUST-00411,51.95
9/1/2023,CUST-00411,51.95
10/1/2023,CUST-00411,51.95
11/1/2023,CUST-00411,51.95
12/1/2023,CUST-00411,52.73
1/1/2024,CUST-00411,51.95
2/1/2024,CUST-00411,51.95
3/1/2024,CUST-00411,51.95
4/1/2024,CUST-00411,51.95
5/1/2024,CUST-00411,51.95
6/1/2024,CUST-00411,51.95
7/1/2024,CUST-00411,51.95
8/1/2024,CUST-00411,51.95
9/1/2024,CUST-00411,51.95
10/1/2024,CUST-00411,51.95
11/1/2024,CUST-00411,51.95
12/1/2024,CUST-00411,52.73
1/1/2025,CUST-00411,51.95
2/1/2025,CUST-00411,51.95
3/1/2025,CUST-00411,51.95
4/1/2025,CUST-00411,51.95
5/1/2025,CUST-00411,51.95
6/1/2025,CUST-00411,51.95
7/1/2025,CUST-00411,51.95
8/1/2025,CUST-00411,51.95
9/1/2025,CUST-00411,51.95
10/1/2025,CUST-00411,51.95
11/1/2025,CUST-00411,51.95
12/1/2025,CUST-00411,52.73
1/1/2025,CUST-00412,39.8
2/1/2025,CUST-00412,39.8
3/1/2025,CUST-00412,39.8
9/1/2024,CUST-00413,53.44
10/1/2024,CUST-00413,53.44
11/1/2024,CUST-00413,53.44
12/1/2024,CUST-00413,54.24
1/1/2025,CUST-00413,53.44
2/1/2025,CUST-00413,53.44
3/1/2025,CUST-00413,53.44
4/1/2025,CUST-00413,53.44
5/1/2025,CUST-00413,53.44
6/1/2025,CUST-00413,53.44
7/1/2025,CUST-00413,53.44
8/1/2025,CUST-00413,53.44
9/1/2025,CUST-00413,53.44
10/1/2025,CUST-00413,53.44
11/1/2025,CUST-00413,53.44
12/1/2025,CUST-00413,54.24
6/1/2024,CUST-00414,61.42
7/1/2024,CUST-00414,61.42
8/1/2024,CUST-00414,61.42
5/1/2025,CUST-00415,123.23
6/1/2025,CUST-00415,123.23
7/1/2025,CUST-00415,123.23
8/1/2025,CUST-00415,123.23
2/1/2022,CUST-00416,66.75
3/1/2022,CUST-00416,66.75
4/1/2022,CUST-00416,66.75
5/1/2022,CUST-00416,66.75
6/1/2022,CUST-00416,66.75
7/1/2022,CUST-00416,66.75
8/1/2022,CUST-00416,66.75
9/1/2022,CUST-00416,66.75
10/1/2022,CUST-00416,66.75
11/1/2022,CUST-00416,66.75
12/1/2022,CUST-00416,67.75
1/1/2023,CUST-00416,66.75
2/1/2023,CUST-00416,66.75
3/1/2023,CUST-00416,66.75
4/1/2023,CUST-00416,66.75
5/1/2023,CUST-00416,66.75
6/1/2023,CUST-00416,66.75
7/1/2023,CUST-00416,66.75
8/1/2023,CUST-00416,66.75
9/1/2023,CUST-00416,66.75
10/1/2023,CUST-00416,66.75
11/1/2023,CUST-00416,66.75
12/1/2023,CUST-00416,67.75
1/1/2024,CUST-00416,66.75
2/1/2024,CUST-00416,66.75
3/1/2024,CUST-00416,66.75
4/1/2024,CUST-00416,66.75
5/1/2024,CUST-00416,66.75
6/1/2024,CUST-00416,66.75
7/1/2024,CUST-00416,66.75
8/1/2024,CUST-00416,66.75
9/1/2024,CUST-00416,66.75
10/1/2024,CUST-00416,66.75
11/1/2024,CUST-00416,66.75
12/1/2024,CUST-00416,67.75
1/1/2025,CUST-00416,66.75
2/1/2025,CUST-00416,66.75
3/1/2025,CUST-00416,66.75
4/1/2025,CUST-00416,66.75
5/1/2025,CUST-00416,66.75
6/1/2025,CUST-00416,66.75
7/1/2025,CUST-00416,66.75
8/1/2025,CUST-00416,66.75
9/1/2025,CUST-00416,66.75
10/1/2025,CUST-00416,66.75
11/1/2025,CUST-00416,66.75
12/1/2025,CUST-00416,67.75
6/1/2023,CUST-00417,80.26
7/1/2023,CUST-00417,80.26
8/1/2023,CUST-00417,80.26
9/1/2023,CUST-00417,80.26
10/1/2023,CUST-00417,80.26
11/1/2023,CUST-00417,80.26
12/1/2023,CUST-00417,81.46
1/1/2024,CUST-00417,80.26
2/1/2024,CUST-00417,80.26
3/1/2024,CUST-00417,80.26
4/1/2024,CUST-00417,80.26
5/1/2024,CUST-00417,80.26
6/1/2024,CUST-00417,80.26
7/1/2024,CUST-00417,80.26
8/1/2024,CUST-00417,80.26
9/1/2024,CUST-00417,80.26
10/1/2024,CUST-00417,80.26
11/1/2024,CUST-00417,80.26
12/1/2024,CUST-00417,81.46
1/1/2025,CUST-00417,80.26
2/1/2025,CUST-00417,80.26
3/1/2025,CUST-00417,80.26
4/1/2025,CUST-00417,80.26
5/1/2025,CUST-00417,80.26
6/1/2025,CUST-00417,80.26
7/1/2025,CUST-00417,80.26
8/1/2025,CUST-00417,80.26
9/1/2025,CUST-00417,80.26
10/1/2025,CUST-00417,80.26
11/1/2025,CUST-00417,80.26
12/1/2025,CUST-00417,81.46
1/1/2025,CUST-00418,71.78
2/1/2025,CUST-00418,71.78
3/1/2025,CUST-00418,71.78
4/1/2025,CUST-00418,71.78
5/1/2025,CUST-00418,71.78
6/1/2025,CUST-00418,71.78
7/1/2025,CUST-00418,71.78
8/1/2025,CUST-00418,71.78
9/1/2025,CUST-00418,71.78
10/1/2025,CUST-00418,71.78
11/1/2025,CUST-00418,71.78
12/1/2025,CUST-00418,72.86
6/1/2023,CUST-00419,107.64
7/1/2023,CUST-00419,107.64
8/1/2023,CUST-00419,107.64
9/1/2023,CUST-00419,107.64
10/1/2023,CUST-00419,107.64
11/1/2023,CUST-00419,107.64
12/1/2023,CUST-00419,109.25
1/1/2024,CUST-00419,107.64
2/1/2024,CUST-00419,107.64
3/1/2024,CUST-00419,107.64
5/1/2024,CUST-00420,55.17
6/1/2024,CUST-00420,55.17
7/1/2024,CUST-00420,55.17
8/1/2024,CUST-00420,55.17
9/1/2024,CUST-00420,55.17
10/1/2024,CUST-00420,55.17
11/1/2024,CUST-00420,55.17
12/1/2024,CUST-00420,56
1/1/2025,CUST-00420,55.17
2/1/2025,CUST-00420,55.17
3/1/2025,CUST-00420,55.17
4/1/2025,CUST-00420,55.17
5/1/2025,CUST-00420,55.17
6/1/2025,CUST-00420,55.17
1/1/2023,CUST-00421,118.2
2/1/2023,CUST-00421,118.2
3/1/2023,CUST-00421,118.2
4/1/2023,CUST-00421,118.2
5/1/2023,CUST-00421,118.2
6/1/2023,CUST-00421,118.2
7/1/2023,CUST-00421,118.2
8/1/2023,CUST-00421,118.2
9/1/2023,CUST-00421,118.2
10/1/2023,CUST-00421,118.2
11/1/2023,CUST-00421,118.2
12/1/2023,CUST-00421,119.97
1/1/2024,CUST-00421,118.2
2/1/2024,CUST-00421,118.2
3/1/2024,CUST-00421,118.2
4/1/2024,CUST-00421,118.2
5/1/2024,CUST-00421,118.2
6/1/2024,CUST-00421,118.2
7/1/2024,CUST-00421,118.2
8/1/2024,CUST-00421,118.2
9/1/2024,CUST-00421,118.2
10/1/2024,CUST-00421,118.2
11/1/2024,CUST-00421,118.2
12/1/2024,CUST-00421,119.97
1/1/2025,CUST-00421,118.2
2/1/2025,CUST-00421,118.2
3/1/2025,CUST-00421,118.2
4/1/2025,CUST-00421,118.2
5/1/2025,CUST-00421,118.2
6/1/2025,CUST-00421,118.2
7/1/2025,CUST-00421,118.2
8/1/2025,CUST-00421,118.2
9/1/2025,CUST-00421,118.2
10/1/2025,CUST-00421,118.2
11/1/2025,CUST-00421,118.2
12/1/2025,CUST-00421,119.97
1/1/2023,CUST-00422,86.35
2/1/2023,CUST-00422,86.35
3/1/2023,CUST-00422,86.35
4/1/2023,CUST-00422,86.35
5/1/2023,CUST-00422,86.35
6/1/2023,CUST-00422,86.35
7/1/2023,CUST-00422,86.35
8/1/2023,CUST-00422,86.35
9/1/2023,CUST-00422,86.35
10/1/2023,CUST-00422,86.35
11/1/2023,CUST-00422,86.35
12/1/2023,CUST-00422,87.65
1/1/2024,CUST-00422,86.35
2/1/2024,CUST-00422,86.35
3/1/2024,CUST-00422,86.35
4/1/2024,CUST-00422,86.35
5/1/2024,CUST-00422,86.35
6/1/2024,CUST-00422,86.35
7/1/2024,CUST-00422,86.35
8/1/2024,CUST-00422,86.35
9/1/2024,CUST-00422,86.35
10/1/2024,CUST-00422,86.35
11/1/2024,CUST-00422,86.35
12/1/2024,CUST-00422,87.65
1/1/2025,CUST-00422,86.35
2/1/2025,CUST-00422,86.35
3/1/2025,CUST-00422,86.35
4/1/2025,CUST-00422,86.35
5/1/2025,CUST-00422,86.35
6/1/2025,CUST-00422,86.35
7/1/2025,CUST-00422,86.35
8/1/2025,CUST-00422,86.35
9/1/2025,CUST-00422,86.35
10/1/2025,CUST-00422,86.35
11/1/2025,CUST-00422,86.35
12/1/2025,CUST-00422,87.65
8/1/2025,CUST-00423,94.7
9/1/2025,CUST-00423,94.7
10/1/2025,CUST-00423,94.7
11/1/2025,CUST-00423,94.7
12/1/2025,CUST-00423,96.12
3/1/2025,CUST-00424,38.15
4/1/2025,CUST-00424,38.15
5/1/2025,CUST-00424,38.15
6/1/2025,CUST-00424,38.15
7/1/2025,CUST-00424,38.15
8/1/2025,CUST-00424,38.15
9/1/2025,CUST-00424,38.15
10/1/2025,CUST-00424,38.15
11/1/2025,CUST-00424,38.15
12/1/2025,CUST-00424,38.72
7/1/2024,CUST-00425,38.41
8/1/2024,CUST-00425,38.41
9/1/2024,CUST-00425,38.41
10/1/2024,CUST-00425,38.41
11/1/2024,CUST-00425,38.41
12/1/2024,CUST-00425,38.99
1/1/2025,CUST-00425,38.41
2/1/2025,CUST-00425,38.41
3/1/2025,CUST-00425,38.41
4/1/2025,CUST-00425,38.41
5/1/2025,CUST-00425,38.41
6/1/2025,CUST-00425,38.41
7/1/2025,CUST-00425,38.41
8/1/2025,CUST-00425,38.41
9/1/2025,CUST-00425,38.41
4/1/2022,CUST-00426,83.18
5/1/2022,CUST-00426,83.18
6/1/2022,CUST-00426,83.18
7/1/2022,CUST-00426,83.18
8/1/2022,CUST-00426,83.18
9/1/2022,CUST-00426,83.18
10/1/2022,CUST-00426,83.18
11/1/2022,CUST-00426,83.18
12/1/2022,CUST-00426,84.43
1/1/2023,CUST-00426,83.18
2/1/2023,CUST-00426,83.18
3/1/2023,CUST-00426,83.18
4/1/2023,CUST-00426,83.18
5/1/2023,CUST-00426,83.18
6/1/2023,CUST-00426,83.18
7/1/2023,CUST-00426,83.18
8/1/2023,CUST-00426,83.18
9/1/2023,CUST-00426,83.18
10/1/2023,CUST-00426,83.18
11/1/2023,CUST-00426,83.18
12/1/2023,CUST-00426,84.43
1/1/2024,CUST-00426,83.18
2/1/2024,CUST-00426,83.18
3/1/2024,CUST-00426,83.18
4/1/2024,CUST-00426,83.18
5/1/2024,CUST-00426,83.18
6/1/2024,CUST-00426,83.18
7/1/2024,CUST-00426,83.18
8/1/2024,CUST-00426,83.18
9/1/2024,CUST-00426,83.18
10/1/2024,CUST-00426,83.18
11/1/2024,CUST-00426,83.18
12/1/2024,CUST-00426,84.43
1/1/2025,CUST-00426,83.18
2/1/2025,CUST-00426,83.18
3/1/2025,CUST-00426,83.18
4/1/2025,CUST-00426,83.18
5/1/2025,CUST-00426,83.18
6/1/2025,CUST-00426,83.18
7/1/2025,CUST-00426,83.18
8/1/2025,CUST-00426,83.18
9/1/2025,CUST-00426,83.18
10/1/2025,CUST-00426,83.18
11/1/2025,CUST-00426,83.18
12/1/2025,CUST-00426,84.43
1/1/2022,CUST-00427,59.14
2/1/2022,CUST-00427,59.14
3/1/2022,CUST-00427,59.14
4/1/2022,CUST-00427,59.14
5/1/2022,CUST-00427,59.14
6/1/2022,CUST-00427,59.14
7/1/2022,CUST-00427,59.14
8/1/2022,CUST-00427,59.14
9/1/2022,CUST-00427,59.14
10/1/2022,CUST-00427,59.14
11/1/2022,CUST-00427,59.14
12/1/2022,CUST-00427,60.03
1/1/2023,CUST-00427,59.14
2/1/2023,CUST-00427,59.14
3/1/2023,CUST-00427,59.14
4/1/2023,CUST-00427,59.14
5/1/2023,CUST-00427,59.14
6/1/2023,CUST-00427,59.14
7/1/2023,CUST-00427,59.14
8/1/2023,CUST-00427,59.14
9/1/2023,CUST-00427,59.14
10/1/2023,CUST-00427,59.14
11/1/2023,CUST-00427,59.14
12/1/2023,CUST-00427,60.03
1/1/2024,CUST-00427,59.14
2/1/2024,CUST-00427,59.14
3/1/2024,CUST-00427,59.14
4/1/2024,CUST-00427,59.14
5/1/2024,CUST-00427,59.14
6/1/2024,CUST-00427,59.14
7/1/2024,CUST-00427,59.14
8/1/2024,CUST-00427,59.14
9/1/2024,CUST-00427,59.14
10/1/2024,CUST-00427,59.14
11/1/2024,CUST-00427,59.14
12/1/2024,CUST-00427,60.03
1/1/2025,CUST-00427,59.14
2/1/2025,CUST-00427,59.14
3/1/2025,CUST-00427,59.14
4/1/2025,CUST-00427,59.14
5/1/2025,CUST-00427,59.14
6/1/2025,CUST-00427,59.14
7/1/2025,CUST-00427,59.14
8/1/2025,CUST-00427,59.14
9/1/2025,CUST-00427,59.14
10/1/2025,CUST-00427,59.14
11/1/2025,CUST-00427,59.14
12/1/2025,CUST-00427,60.03
11/1/2023,CUST-00428,42.5
12/1/2023,CUST-00428,43.14
1/1/2024,CUST-00428,42.5
2/1/2024,CUST-00428,42.5
3/1/2024,CUST-00428,42.5
4/1/2024,CUST-00428,42.5
5/1/2024,CUST-00428,42.5
6/1/2024,CUST-00428,42.5
7/1/2024,CUST-00428,42.5
8/1/2024,CUST-00428,42.5
9/1/2024,CUST-00428,42.5
10/1/2024,CUST-00428,42.5
11/1/2024,CUST-00428,42.5
12/1/2024,CUST-00428,43.14
1/1/2025,CUST-00428,42.5
2/1/2025,CUST-00428,42.5
3/1/2025,CUST-00428,42.5
4/1/2025,CUST-00428,42.5
5/1/2025,CUST-00428,42.5
6/1/2025,CUST-00428,42.5
7/1/2025,CUST-00428,42.5
8/1/2025,CUST-00428,42.5
9/1/2025,CUST-00428,42.5
10/1/2025,CUST-00428,42.5
11/1/2025,CUST-00428,42.5
12/1/2025,CUST-00428,43.14
10/1/2024,CUST-00429,73.82
11/1/2024,CUST-00429,73.82
12/1/2024,CUST-00429,74.93
1/1/2025,CUST-00429,73.82
2/1/2025,CUST-00429,73.82
3/1/2025,CUST-00429,73.82
4/1/2025,CUST-00429,73.82
5/1/2025,CUST-00429,73.82
6/1/2025,CUST-00429,73.82
7/1/2025,CUST-00429,73.82
8/1/2025,CUST-00429,73.82
9/1/2025,CUST-00429,73.82
10/1/2025,CUST-00429,73.82
11/1/2025,CUST-00429,73.82
11/1/2024,CUST-00430,76.23
12/1/2024,CUST-00430,77.37
1/1/2025,CUST-00430,76.23
2/1/2025,CUST-00430,76.23
3/1/2025,CUST-00430,76.23
8/1/2025,CUST-00431,75.83
9/1/2025,CUST-00431,75.83
10/1/2025,CUST-00431,75.83
11/1/2025,CUST-00431,75.83
6/1/2022,CUST-00432,54.94
7/1/2022,CUST-00432,54.94
8/1/2022,CUST-00432,54.94
9/1/2022,CUST-00432,54.94
10/1/2022,CUST-00432,54.94
11/1/2022,CUST-00432,54.94
12/1/2022,CUST-00432,55.76
1/1/2023,CUST-00432,54.94
2/1/2023,CUST-00432,54.94
3/1/2023,CUST-00432,54.94
4/1/2023,CUST-00432,54.94
5/1/2023,CUST-00432,54.94
6/1/2023,CUST-00432,54.94
7/1/2023,CUST-00432,54.94
8/1/2023,CUST-00432,54.94
9/1/2023,CUST-00432,54.94
10/1/2023,CUST-00432,54.94
11/1/2023,CUST-00432,54.94
12/1/2023,CUST-00432,55.76
1/1/2024,CUST-00432,54.94
2/1/2024,CUST-00432,54.94
3/1/2024,CUST-00432,54.94
4/1/2024,CUST-00432,54.94
5/1/2024,CUST-00432,54.94
6/1/2024,CUST-00432,54.94
7/1/2024,CUST-00432,54.94
8/1/2024,CUST-00432,54.94
11/1/2022,CUST-00433,111.37
12/1/2022,CUST-00433,113.04
1/1/2023,CUST-00433,111.37
2/1/2023,CUST-00433,111.37
3/1/2023,CUST-00433,111.37
4/1/2023,CUST-00433,111.37
5/1/2023,CUST-00433,111.37
6/1/2023,CUST-00433,111.37
7/1/2023,CUST-00433,111.37
8/1/2023,CUST-00433,111.37
9/1/2023,CUST-00433,111.37
10/1/2023,CUST-00433,111.37
11/1/2023,CUST-00433,111.37
10/1/2024,CUST-00434,55.97
11/1/2024,CUST-00434,55.97
12/1/2024,CUST-00434,56.81
1/1/2025,CUST-00434,55.97
2/1/2025,CUST-00434,55.97
3/1/2025,CUST-00434,55.97
5/1/2023,CUST-00435,88.97
6/1/2023,CUST-00435,88.97
7/1/2023,CUST-00435,88.97
8/1/2023,CUST-00435,88.97
9/1/2023,CUST-00435,88.97
10/1/2023,CUST-00435,88.97
11/1/2023,CUST-00435,88.97
12/1/2023,CUST-00435,90.3
11/1/2024,CUST-00436,77.41
12/1/2024,CUST-00436,78.57
1/1/2025,CUST-00436,77.41
2/1/2025,CUST-00436,77.41
3/1/2025,CUST-00436,77.41
4/1/2025,CUST-00436,77.41
5/1/2025,CUST-00436,77.41
6/1/2025,CUST-00436,77.41
7/1/2025,CUST-00436,77.41
8/1/2025,CUST-00436,77.41
9/1/2025,CUST-00436,77.41
10/1/2025,CUST-00436,77.41
11/1/2025,CUST-00436,77.41
12/1/2025,CUST-00436,78.57
6/1/2024,CUST-00437,77.48
7/1/2024,CUST-00437,77.48
8/1/2024,CUST-00437,77.48
9/1/2024,CUST-00437,77.48
10/1/2024,CUST-00437,77.48
11/1/2024,CUST-00437,77.48
12/1/2024,CUST-00437,78.64
1/1/2025,CUST-00437,77.48
2/1/2025,CUST-00437,77.48
3/1/2025,CUST-00437,77.48
4/1/2025,CUST-00437,77.48
5/1/2025,CUST-00437,77.48
6/1/2025,CUST-00437,77.48
7/1/2025,CUST-00437,77.48
8/1/2025,CUST-00437,77.48
9/1/2025,CUST-00437,77.48
10/1/2025,CUST-00437,77.48
11/1/2025,CUST-00437,77.48
12/1/2025,CUST-00437,78.64
3/1/2023,CUST-00438,102.69
4/1/2023,CUST-00438,102.69
5/1/2023,CUST-00438,102.69
6/1/2023,CUST-00438,102.69
7/1/2023,CUST-00438,102.69
8/1/2023,CUST-00438,102.69
9/1/2023,CUST-00438,102.69
10/1/2023,CUST-00438,102.69
11/1/2023,CUST-00438,102.69
12/1/2023,CUST-00438,104.23
1/1/2024,CUST-00438,102.69
2/1/2024,CUST-00438,102.69
3/1/2024,CUST-00438,102.69
4/1/2024,CUST-00438,102.69
5/1/2024,CUST-00438,102.69
6/1/2024,CUST-00438,102.69
7/1/2024,CUST-00438,102.69
8/1/2024,CUST-00438,102.69
9/1/2024,CUST-00438,102.69
10/1/2024,CUST-00438,102.69
11/1/2024,CUST-00438,102.69
12/1/2024,CUST-00438,104.23
1/1/2025,CUST-00438,102.69
2/1/2025,CUST-00438,102.69
3/1/2025,CUST-00438,102.69
4/1/2025,CUST-00438,102.69
5/1/2025,CUST-00438,102.69
6/1/2025,CUST-00438,102.69
7/1/2025,CUST-00438,102.69
8/1/2025,CUST-00438,102.69
9/1/2025,CUST-00438,102.69
10/1/2025,CUST-00438,102.69
11/1/2025,CUST-00438,102.69
12/1/2025,CUST-00438,104.23
3/1/2024,CUST-00439,79.93
4/1/2024,CUST-00439,79.93
5/1/2024,CUST-00439,79.93
6/1/2024,CUST-00439,79.93
7/1/2024,CUST-00439,79.93
8/1/2024,CUST-00439,79.93
9/1/2024,CUST-00439,79.93
10/1/2024,CUST-00439,79.93
11/1/2024,CUST-00439,79.93
12/1/2024,CUST-00439,81.13
1/1/2025,CUST-00439,79.93
2/1/2025,CUST-00439,79.93
3/1/2025,CUST-00439,79.93
4/1/2025,CUST-00439,79.93
5/1/2025,CUST-00439,79.93
6/1/2025,CUST-00439,79.93
7/1/2025,CUST-00439,79.93
8/1/2025,CUST-00439,79.93
9/1/2025,CUST-00439,79.93
10/1/2025,CUST-00439,79.93
11/1/2025,CUST-00439,79.93
12/1/2025,CUST-00439,81.13
7/1/2023,CUST-00440,55.28
8/1/2023,CUST-00440,55.28
9/1/2023,CUST-00440,55.28
10/1/2023,CUST-00440,55.28
11/1/2023,CUST-00440,55.28
12/1/2023,CUST-00440,56.11
1/1/2024,CUST-00440,55.28
2/1/2024,CUST-00440,55.28
3/1/2024,CUST-00440,55.28
4/1/2024,CUST-00440,55.28
5/1/2024,CUST-00440,55.28
6/1/2024,CUST-00440,55.28
7/1/2024,CUST-00440,55.28
8/1/2024,CUST-00440,55.28
9/1/2024,CUST-00440,55.28
10/1/2024,CUST-00440,55.28
9/1/2022,CUST-00441,100.5
10/1/2022,CUST-00441,100.5
11/1/2022,CUST-00441,100.5
12/1/2022,CUST-00441,102.01
1/1/2023,CUST-00441,100.5
2/1/2023,CUST-00441,100.5
3/1/2023,CUST-00441,100.5
4/1/2023,CUST-00441,100.5
2/1/2024,CUST-00442,108.76
3/1/2024,CUST-00442,108.76
4/1/2024,CUST-00442,108.76
5/1/2024,CUST-00442,108.76
6/1/2024,CUST-00442,108.76
7/1/2024,CUST-00442,108.76
8/1/2024,CUST-00442,108.76
9/1/2024,CUST-00442,108.76
10/1/2024,CUST-00442,108.76
11/1/2024,CUST-00442,108.76
12/1/2024,CUST-00442,110.39
1/1/2025,CUST-00442,108.76
2/1/2025,CUST-00442,108.76
3/1/2025,CUST-00442,108.76
4/1/2025,CUST-00442,108.76
5/1/2025,CUST-00442,108.76
6/1/2025,CUST-00442,108.76
7/1/2025,CUST-00442,108.76
8/1/2025,CUST-00442,108.76
9/1/2025,CUST-00442,108.76
10/1/2025,CUST-00442,108.76
11/1/2025,CUST-00442,108.76
12/1/2025,CUST-00442,110.39
7/1/2025,CUST-00443,119.71
8/1/2025,CUST-00443,119.71
9/1/2025,CUST-00443,119.71
10/1/2025,CUST-00443,119.71
11/1/2025,CUST-00443,119.71
12/1/2025,CUST-00443,121.51
1/1/2023,CUST-00444,47.82
2/1/2023,CUST-00444,47.82
3/1/2023,CUST-00444,47.82
4/1/2023,CUST-00444,47.82
5/1/2023,CUST-00444,47.82
6/1/2023,CUST-00444,47.82
7/1/2023,CUST-00444,47.82
8/1/2023,CUST-00444,47.82
9/1/2023,CUST-00444,47.82
10/1/2023,CUST-00444,47.82
11/1/2023,CUST-00444,47.82
12/1/2023,CUST-00444,48.54
1/1/2024,CUST-00444,47.82
2/1/2024,CUST-00444,47.82
3/1/2024,CUST-00444,47.82
4/1/2024,CUST-00444,47.82
5/1/2024,CUST-00444,47.82
6/1/2024,CUST-00444,47.82
7/1/2024,CUST-00444,47.82
8/1/2024,CUST-00444,47.82
9/1/2024,CUST-00444,47.82
10/1/2024,CUST-00444,47.82
11/1/2024,CUST-00444,47.82
12/1/2024,CUST-00444,48.54
1/1/2025,CUST-00444,47.82
2/1/2025,CUST-00444,47.82
3/1/2025,CUST-00444,47.82
4/1/2025,CUST-00444,47.82
5/1/2025,CUST-00444,47.82
6/1/2025,CUST-00444,47.82
7/1/2025,CUST-00444,47.82
8/1/2025,CUST-00444,47.82
9/1/2025,CUST-00444,47.82
10/1/2025,CUST-00444,47.82
11/1/2025,CUST-00444,47.82
12/1/2025,CUST-00444,48.54
9/1/2024,CUST-00445,36.12
10/1/2024,CUST-00445,36.12
11/1/2024,CUST-00445,36.12
12/1/2024,CUST-00445,36.66
1/1/2025,CUST-00445,36.12
2/1/2025,CUST-00445,36.12
3/1/2025,CUST-00445,36.12
4/1/2025,CUST-00445,36.12
5/1/2025,CUST-00445,36.12
6/1/2025,CUST-00445,36.12
7/1/2025,CUST-00445,36.12
8/1/2025,CUST-00445,36.12
9/1/2025,CUST-00445,36.12
10/1/2025,CUST-00445,36.12
11/1/2025,CUST-00445,36.12
12/1/2025,CUST-00445,36.66
8/1/2024,CUST-00446,53.6
9/1/2024,CUST-00446,53.6
10/1/2024,CUST-00446,53.6
11/1/2024,CUST-00446,53.6
12/1/2024,CUST-00446,54.4
1/1/2025,CUST-00446,53.6
2/1/2025,CUST-00446,53.6
3/1/2025,CUST-00446,53.6
4/1/2025,CUST-00446,53.6
5/1/2025,CUST-00446,53.6
6/1/2025,CUST-00446,53.6
7/1/2025,CUST-00446,53.6
8/1/2025,CUST-00446,53.6
9/1/2025,CUST-00446,53.6
10/1/2025,CUST-00446,53.6
11/1/2025,CUST-00446,53.6
12/1/2025,CUST-00446,54.4
1/1/2022,CUST-00447,55.47
2/1/2022,CUST-00447,55.47
3/1/2022,CUST-00447,55.47
4/1/2022,CUST-00447,55.47
5/1/2022,CUST-00447,55.47
6/1/2022,CUST-00447,55.47
7/1/2022,CUST-00447,55.47
8/1/2022,CUST-00447,55.47
9/1/2022,CUST-00447,55.47
10/1/2022,CUST-00447,55.47
11/1/2022,CUST-00447,55.47
12/1/2022,CUST-00447,56.3
1/1/2023,CUST-00447,55.47
2/1/2023,CUST-00447,55.47
3/1/2023,CUST-00447,55.47
4/1/2023,CUST-00447,55.47
5/1/2023,CUST-00447,55.47
6/1/2023,CUST-00447,55.47
7/1/2023,CUST-00447,55.47
8/1/2023,CUST-00447,55.47
9/1/2023,CUST-00447,55.47
10/1/2023,CUST-00447,55.47
11/1/2023,CUST-00447,55.47
12/1/2023,CUST-00447,56.3
1/1/2024,CUST-00447,55.47
2/1/2024,CUST-00447,55.47
3/1/2024,CUST-00447,55.47
4/1/2024,CUST-00447,55.47
5/1/2024,CUST-00447,55.47
6/1/2024,CUST-00447,55.47
7/1/2024,CUST-00447,55.47
8/1/2024,CUST-00447,55.47
9/1/2024,CUST-00447,55.47
10/1/2024,CUST-00447,55.47
11/1/2024,CUST-00447,55.47
12/1/2024,CUST-00447,56.3
1/1/2025,CUST-00447,55.47
2/1/2025,CUST-00447,55.47
3/1/2025,CUST-00447,55.47
4/1/2025,CUST-00447,55.47
5/1/2025,CUST-00447,55.47
6/1/2025,CUST-00447,55.47
7/1/2025,CUST-00447,55.47
8/1/2025,CUST-00447,55.47
9/1/2025,CUST-00447,55.47
10/1/2025,CUST-00447,55.47
11/1/2025,CUST-00447,55.47
12/1/2025,CUST-00447,56.3
3/1/2023,CUST-00448,62.93
4/1/2023,CUST-00448,62.93
5/1/2023,CUST-00448,62.93
6/1/2023,CUST-00448,62.93
7/1/2023,CUST-00448,62.93
8/1/2023,CUST-00448,62.93
9/1/2023,CUST-00448,62.93
10/1/2023,CUST-00448,62.93
11/1/2023,CUST-00448,62.93
12/1/2023,CUST-00448,63.87
1/1/2024,CUST-00448,62.93
2/1/2024,CUST-00448,62.93
3/1/2024,CUST-00448,62.93
4/1/2024,CUST-00448,62.93
5/1/2024,CUST-00448,62.93
6/1/2024,CUST-00448,62.93
7/1/2024,CUST-00448,62.93
8/1/2024,CUST-00448,62.93
9/1/2024,CUST-00448,62.93
10/1/2024,CUST-00448,62.93
11/1/2024,CUST-00448,62.93
12/1/2024,CUST-00448,63.87
1/1/2025,CUST-00448,62.93
2/1/2025,CUST-00448,62.93
3/1/2025,CUST-00448,62.93
4/1/2025,CUST-00448,62.93
5/1/2025,CUST-00448,62.93
6/1/2025,CUST-00448,62.93
7/1/2025,CUST-00448,62.93
8/1/2025,CUST-00448,62.93
9/1/2025,CUST-00448,62.93
10/1/2025,CUST-00448,62.93
11/1/2025,CUST-00448,62.93
12/1/2025,CUST-00448,63.87
6/1/2025,CUST-00449,122.91
7/1/2025,CUST-00449,122.91
8/1/2025,CUST-00449,122.91
9/1/2025,CUST-00449,122.91
10/1/2025,CUST-00449,122.91
11/1/2025,CUST-00449,122.91
12/1/2025,CUST-00449,124.75
7/1/2024,CUST-00450,76.72
8/1/2024,CUST-00450,76.72
9/1/2024,CUST-00450,76.72
10/1/2024,CUST-00450,76.72
11/1/2024,CUST-00450,76.72
12/1/2024,CUST-00450,77.87
1/1/2025,CUST-00450,76.72
2/1/2025,CUST-00450,76.72
3/1/2025,CUST-00450,76.72
4/1/2025,CUST-00450,76.72
5/1/2025,CUST-00450,76.72
6/1/2025,CUST-00450,76.72
7/1/2025,CUST-00450,76.72
8/1/2025,CUST-00450,76.72
9/1/2025,CUST-00450,76.72
10/1/2025,CUST-00450,76.72
11/1/2025,CUST-00450,76.72
12/1/2025,CUST-00450,77.87
12/1/2023,CUST-00451,45.59
1/1/2024,CUST-00451,44.92
2/1/2024,CUST-00451,44.92
3/1/2024,CUST-00451,44.92
4/1/2024,CUST-00451,44.92
5/1/2024,CUST-00451,44.92
6/1/2024,CUST-00451,44.92
7/1/2024,CUST-00451,44.92
8/1/2024,CUST-00451,44.92
9/1/2024,CUST-00451,44.92
10/1/2024,CUST-00451,44.92
11/1/2024,CUST-00451,44.92
12/1/2024,CUST-00451,45.59
1/1/2025,CUST-00451,44.92
2/1/2025,CUST-00451,44.92
3/1/2025,CUST-00451,44.92
4/1/2025,CUST-00451,44.92
5/1/2025,CUST-00451,44.92
6/1/2025,CUST-00451,44.92
7/1/2025,CUST-00451,44.92
8/1/2025,CUST-00451,44.92
9/1/2025,CUST-00451,44.92
10/1/2025,CUST-00451,44.92
11/1/2025,CUST-00451,44.92
12/1/2025,CUST-00451,45.59
9/1/2023,CUST-00452,53.33
10/1/2023,CUST-00452,53.33
11/1/2023,CUST-00452,53.33
11/1/2022,CUST-00453,90.03
12/1/2022,CUST-00453,91.38
1/1/2023,CUST-00453,90.03
2/1/2023,CUST-00453,90.03
3/1/2023,CUST-00453,90.03
4/1/2023,CUST-00453,90.03
5/1/2023,CUST-00453,90.03
6/1/2023,CUST-00453,90.03
7/1/2023,CUST-00453,90.03
8/1/2023,CUST-00453,90.03
9/1/2023,CUST-00453,90.03
10/1/2023,CUST-00453,90.03
11/1/2023,CUST-00453,90.03
12/1/2023,CUST-00453,91.38
10/1/2024,CUST-00454,44.91
11/1/2024,CUST-00454,44.91
12/1/2024,CUST-00454,45.58
1/1/2025,CUST-00454,44.91
2/1/2025,CUST-00454,44.91
3/1/2025,CUST-00454,44.91
4/1/2025,CUST-00454,44.91
5/1/2025,CUST-00454,44.91
6/1/2025,CUST-00454,44.91
7/1/2025,CUST-00454,44.91
8/1/2025,CUST-00454,44.91
9/1/2025,CUST-00454,44.91
10/1/2025,CUST-00454,44.91
11/1/2025,CUST-00454,44.91
12/1/2025,CUST-00454,45.58
6/1/2023,CUST-00455,74.57
7/1/2023,CUST-00455,74.57
8/1/2023,CUST-00455,74.57
9/1/2023,CUST-00455,74.57
10/1/2023,CUST-00455,74.57
11/1/2023,CUST-00455,74.57
12/1/2023,CUST-00455,75.69
1/1/2024,CUST-00455,74.57
2/1/2024,CUST-00455,74.57
3/1/2024,CUST-00455,74.57
4/1/2024,CUST-00455,74.57
5/1/2024,CUST-00455,74.57
6/1/2024,CUST-00455,74.57
7/1/2024,CUST-00455,74.57
8/1/2024,CUST-00455,74.57
9/1/2024,CUST-00455,74.57
10/1/2024,CUST-00455,74.57
11/1/2024,CUST-00455,74.57
12/1/2024,CUST-00455,75.69
1/1/2025,CUST-00455,74.57
2/1/2025,CUST-00455,74.57
3/1/2025,CUST-00455,74.57
4/1/2025,CUST-00455,74.57
5/1/2025,CUST-00455,74.57
6/1/2025,CUST-00455,74.57
7/1/2025,CUST-00455,74.57
8/1/2025,CUST-00455,74.57
9/1/2025,CUST-00455,74.57
10/1/2025,CUST-00455,74.57
11/1/2025,CUST-00455,74.57
12/1/2025,CUST-00455,75.69
5/1/2024,CUST-00456,38.78
6/1/2024,CUST-00456,38.78
7/1/2024,CUST-00456,38.78
3/1/2023,CUST-00457,62.96
4/1/2023,CUST-00457,62.96
5/1/2023,CUST-00457,62.96
6/1/2023,CUST-00457,62.96
7/1/2023,CUST-00457,62.96
8/1/2023,CUST-00457,62.96
9/1/2023,CUST-00457,62.96
10/1/2023,CUST-00457,62.96
11/1/2023,CUST-00457,62.96
12/1/2023,CUST-00457,63.9
1/1/2024,CUST-00457,62.96
2/1/2024,CUST-00457,62.96
3/1/2024,CUST-00457,62.96
4/1/2024,CUST-00457,62.96
5/1/2024,CUST-00457,62.96
6/1/2024,CUST-00457,62.96
7/1/2024,CUST-00457,62.96
8/1/2024,CUST-00457,62.96
9/1/2024,CUST-00457,62.96
10/1/2024,CUST-00457,62.96
11/1/2024,CUST-00457,62.96
12/1/2024,CUST-00457,63.9
1/1/2025,CUST-00457,62.96
2/1/2025,CUST-00457,62.96
3/1/2025,CUST-00457,62.96
4/1/2025,CUST-00457,62.96
5/1/2025,CUST-00457,62.96
6/1/2025,CUST-00457,62.96
7/1/2025,CUST-00457,62.96
8/1/2025,CUST-00457,62.96
9/1/2025,CUST-00457,62.96
10/1/2025,CUST-00457,62.96
11/1/2025,CUST-00457,62.96
12/1/2025,CUST-00457,63.9
10/1/2024,CUST-00458,48.17
11/1/2024,CUST-00458,48.17
12/1/2024,CUST-00458,48.89
6/1/2023,CUST-00459,65
7/1/2023,CUST-00459,65
8/1/2023,CUST-00459,65
9/1/2024,CUST-00460,50.64
10/1/2024,CUST-00460,50.64
11/1/2024,CUST-00460,50.64
12/1/2024,CUST-00460,51.4
1/1/2025,CUST-00460,50.64
2/1/2025,CUST-00460,50.64
3/1/2025,CUST-00460,50.64
4/1/2025,CUST-00460,50.64
5/1/2025,CUST-00460,50.64
6/1/2025,CUST-00460,50.64
7/1/2025,CUST-00460,50.64
8/1/2025,CUST-00460,50.64
9/1/2025,CUST-00460,50.64
10/1/2025,CUST-00460,50.64
11/1/2025,CUST-00460,50.64
12/1/2025,CUST-00460,51.4
1/1/2024,CUST-00461,48.48
2/1/2024,CUST-00461,48.48
3/1/2024,CUST-00461,48.48
4/1/2024,CUST-00461,48.48
5/1/2024,CUST-00461,48.48
6/1/2024,CUST-00461,48.48
7/1/2024,CUST-00461,48.48
8/1/2024,CUST-00461,48.48
9/1/2024,CUST-00461,48.48
10/1/2024,CUST-00461,48.48
11/1/2024,CUST-00461,48.48
12/1/2024,CUST-00461,49.21
1/1/2025,CUST-00461,48.48
2/1/2025,CUST-00461,48.48
3/1/2025,CUST-00461,48.48
4/1/2025,CUST-00461,48.48
5/1/2025,CUST-00461,48.48
6/1/2025,CUST-00461,48.48
7/1/2025,CUST-00461,48.48
8/1/2025,CUST-00461,48.48
9/1/2025,CUST-00461,48.48
10/1/2025,CUST-00461,48.48
11/1/2025,CUST-00461,48.48
12/1/2025,CUST-00461,49.21
3/1/2023,CUST-00462,73.32
4/1/2023,CUST-00462,73.32
5/1/2023,CUST-00462,73.32
6/1/2023,CUST-00462,73.32
7/1/2023,CUST-00462,73.32
8/1/2023,CUST-00462,73.32
9/1/2023,CUST-00462,73.32
10/1/2023,CUST-00462,73.32
11/1/2023,CUST-00462,73.32
12/1/2023,CUST-00462,74.42
1/1/2024,CUST-00462,73.32
2/1/2024,CUST-00462,73.32
3/1/2024,CUST-00462,73.32
4/1/2024,CUST-00462,73.32
5/1/2024,CUST-00462,73.32
6/1/2024,CUST-00462,73.32
7/1/2024,CUST-00462,73.32
8/1/2024,CUST-00462,73.32
9/1/2024,CUST-00462,73.32
10/1/2024,CUST-00462,73.32
11/1/2024,CUST-00462,73.32
12/1/2024,CUST-00462,74.42
1/1/2025,CUST-00462,73.32
2/1/2025,CUST-00462,73.32
3/1/2025,CUST-00462,73.32
4/1/2025,CUST-00462,73.32
5/1/2025,CUST-00462,73.32
6/1/2025,CUST-00462,73.32
7/1/2025,CUST-00462,73.32
8/1/2025,CUST-00462,73.32
9/1/2025,CUST-00462,73.32
10/1/2025,CUST-00462,73.32
11/1/2025,CUST-00462,73.32
12/1/2025,CUST-00462,74.42
10/1/2022,CUST-00463,70.32
11/1/2022,CUST-00463,70.32
12/1/2022,CUST-00463,71.37
1/1/2023,CUST-00463,70.32
2/1/2023,CUST-00463,70.32
3/1/2023,CUST-00463,70.32
4/1/2023,CUST-00463,70.32
5/1/2023,CUST-00463,70.32
6/1/2023,CUST-00463,70.32
7/1/2023,CUST-00463,70.32
8/1/2023,CUST-00463,70.32
9/1/2023,CUST-00463,70.32
10/1/2023,CUST-00463,70.32
11/1/2023,CUST-00463,70.32
12/1/2023,CUST-00463,71.37
1/1/2024,CUST-00463,70.32
2/1/2024,CUST-00463,70.32
3/1/2024,CUST-00463,70.32
4/1/2024,CUST-00463,70.32
5/1/2024,CUST-00463,70.32
6/1/2024,CUST-00463,70.32
7/1/2024,CUST-00463,70.32
8/1/2024,CUST-00463,70.32
9/1/2024,CUST-00463,70.32
10/1/2024,CUST-00463,70.32
11/1/2024,CUST-00463,70.32
12/1/2024,CUST-00463,71.37
1/1/2025,CUST-00463,70.32
2/1/2025,CUST-00463,70.32
3/1/2025,CUST-00463,70.32
4/1/2025,CUST-00463,70.32
5/1/2025,CUST-00463,70.32
6/1/2025,CUST-00463,70.32
7/1/2025,CUST-00463,70.32
8/1/2025,CUST-00463,70.32
9/1/2025,CUST-00463,70.32
10/1/2025,CUST-00463,70.32
11/1/2025,CUST-00463,70.32
12/1/2025,CUST-00463,71.37
6/1/2024,CUST-00464,97.55
7/1/2024,CUST-00464,97.55
8/1/2024,CUST-00464,97.55
9/1/2024,CUST-00464,97.55
10/1/2024,CUST-00464,97.55
11/1/2024,CUST-00464,97.55
12/1/2024,CUST-00464,99.01
1/1/2025,CUST-00464,97.55
2/1/2025,CUST-00464,97.55
3/1/2025,CUST-00464,97.55
4/1/2025,CUST-00464,97.55
5/1/2025,CUST-00464,97.55
6/1/2025,CUST-00464,97.55
7/1/2025,CUST-00464,97.55
8/1/2025,CUST-00464,97.55
9/1/2025,CUST-00464,97.55
10/1/2025,CUST-00464,97.55
11/1/2025,CUST-00464,97.55
8/1/2023,CUST-00465,66.09
9/1/2023,CUST-00465,66.09
10/1/2023,CUST-00465,66.09
11/1/2023,CUST-00465,66.09
12/1/2023,CUST-00465,67.08
1/1/2024,CUST-00465,66.09
2/1/2024,CUST-00465,66.09
3/1/2024,CUST-00465,66.09
4/1/2024,CUST-00465,66.09
5/1/2024,CUST-00465,66.09
6/1/2024,CUST-00465,66.09
7/1/2024,CUST-00465,66.09
8/1/2024,CUST-00465,66.09
9/1/2024,CUST-00465,66.09
10/1/2024,CUST-00465,66.09
11/1/2024,CUST-00465,66.09
12/1/2024,CUST-00465,67.08
1/1/2025,CUST-00465,66.09
2/1/2025,CUST-00465,66.09
3/1/2025,CUST-00465,66.09
4/1/2025,CUST-00465,66.09
5/1/2025,CUST-00465,66.09
6/1/2025,CUST-00465,66.09
7/1/2025,CUST-00465,66.09
8/1/2025,CUST-00465,66.09
9/1/2025,CUST-00465,66.09
10/1/2025,CUST-00465,66.09
11/1/2025,CUST-00465,66.09
12/1/2025,CUST-00465,67.08
9/1/2022,CUST-00466,52.35
10/1/2022,CUST-00466,52.35
11/1/2022,CUST-00466,52.35
12/1/2022,CUST-00466,53.14
1/1/2023,CUST-00466,52.35
2/1/2023,CUST-00466,52.35
3/1/2023,CUST-00466,52.35
4/1/2023,CUST-00466,52.35
5/1/2023,CUST-00466,52.35
6/1/2023,CUST-00466,52.35
7/1/2023,CUST-00466,52.35
8/1/2023,CUST-00466,52.35
9/1/2023,CUST-00466,52.35
10/1/2023,CUST-00466,52.35
11/1/2023,CUST-00466,52.35
12/1/2023,CUST-00466,53.14
1/1/2024,CUST-00466,52.35
2/1/2024,CUST-00466,52.35
3/1/2024,CUST-00466,52.35
4/1/2024,CUST-00466,52.35
5/1/2024,CUST-00466,52.35
6/1/2024,CUST-00466,52.35
7/1/2024,CUST-00466,52.35
8/1/2024,CUST-00466,52.35
6/1/2024,CUST-00467,64.58
7/1/2024,CUST-00467,64.58
8/1/2024,CUST-00467,64.58
9/1/2024,CUST-00467,64.58
10/1/2024,CUST-00467,64.58
11/1/2024,CUST-00467,64.58
12/1/2024,CUST-00467,65.55
2/1/2022,CUST-00468,57.91
3/1/2022,CUST-00468,57.91
4/1/2022,CUST-00468,57.91
5/1/2022,CUST-00468,57.91
6/1/2022,CUST-00468,57.91
7/1/2022,CUST-00468,57.91
8/1/2022,CUST-00468,57.91
9/1/2022,CUST-00468,57.91
10/1/2022,CUST-00468,57.91
1/1/2024,CUST-00469,114.71
2/1/2024,CUST-00469,114.71
3/1/2024,CUST-00469,114.71
4/1/2024,CUST-00469,114.71
5/1/2024,CUST-00469,114.71
6/1/2024,CUST-00469,114.71
7/1/2024,CUST-00469,114.71
8/1/2024,CUST-00469,114.71
9/1/2024,CUST-00469,114.71
10/1/2024,CUST-00469,114.71
11/1/2024,CUST-00469,114.71
12/1/2024,CUST-00469,116.43
1/1/2025,CUST-00469,114.71
2/1/2025,CUST-00469,114.71
3/1/2025,CUST-00469,114.71
4/1/2025,CUST-00469,114.71
5/1/2025,CUST-00469,114.71
6/1/2025,CUST-00469,114.71
7/1/2025,CUST-00469,114.71
8/1/2025,CUST-00469,114.71
9/1/2025,CUST-00469,114.71
10/1/2025,CUST-00469,114.71
11/1/2025,CUST-00469,114.71
12/1/2025,CUST-00469,116.43
12/1/2024,CUST-00470,123.96
1/1/2025,CUST-00470,122.13
2/1/2025,CUST-00470,122.13
3/1/2025,CUST-00470,122.13
4/1/2025,CUST-00470,122.13
5/1/2025,CUST-00470,122.13
6/1/2025,CUST-00470,122.13
7/1/2025,CUST-00470,122.13
8/1/2025,CUST-00470,122.13
9/1/2025,CUST-00470,122.13
10/1/2025,CUST-00470,122.13
11/1/2025,CUST-00470,122.13
12/1/2025,CUST-00470,123.96
4/1/2025,CUST-00471,112.26
5/1/2025,CUST-00471,112.26
6/1/2025,CUST-00471,112.26
7/1/2025,CUST-00471,112.26
8/1/2025,CUST-00471,112.26
9/1/2025,CUST-00471,112.26
10/1/2025,CUST-00471,112.26
11/1/2025,CUST-00471,112.26
12/1/2025,CUST-00471,113.94
11/1/2022,CUST-00472,53.78
12/1/2022,CUST-00472,54.59
1/1/2023,CUST-00472,53.78
2/1/2023,CUST-00472,53.78
3/1/2023,CUST-00472,53.78
4/1/2023,CUST-00472,53.78
5/1/2023,CUST-00472,53.78
6/1/2023,CUST-00472,53.78
7/1/2023,CUST-00472,53.78
8/1/2023,CUST-00472,53.78
9/1/2023,CUST-00472,53.78
10/1/2023,CUST-00472,53.78
11/1/2023,CUST-00472,53.78
12/1/2023,CUST-00472,54.59
1/1/2024,CUST-00472,53.78
2/1/2024,CUST-00472,53.78
3/1/2024,CUST-00472,53.78
4/1/2024,CUST-00472,53.78
5/1/2024,CUST-00472,53.78
6/1/2024,CUST-00472,53.78
7/1/2024,CUST-00472,53.78
8/1/2024,CUST-00472,53.78
9/1/2024,CUST-00472,53.78
10/1/2024,CUST-00472,53.78
11/1/2024,CUST-00472,53.78
12/1/2024,CUST-00472,54.59
1/1/2025,CUST-00472,53.78
2/1/2025,CUST-00472,53.78
3/1/2025,CUST-00472,53.78
4/1/2025,CUST-00472,53.78
5/1/2025,CUST-00472,53.78
6/1/2025,CUST-00472,53.78
7/1/2025,CUST-00472,53.78
8/1/2025,CUST-00472,53.78
9/1/2025,CUST-00472,53.78
10/1/2025,CUST-00472,53.78
11/1/2025,CUST-00472,53.78
12/1/2025,CUST-00472,54.59
8/1/2023,CUST-00473,64.13
9/1/2023,CUST-00473,64.13
10/1/2023,CUST-00473,64.13
11/1/2023,CUST-00473,64.13
12/1/2023,CUST-00473,65.09
1/1/2024,CUST-00473,64.13
2/1/2024,CUST-00473,64.13
3/1/2024,CUST-00473,64.13
4/1/2024,CUST-00473,64.13
5/1/2024,CUST-00473,64.13
6/1/2024,CUST-00473,64.13
7/1/2024,CUST-00473,64.13
8/1/2024,CUST-00473,64.13
9/1/2024,CUST-00473,64.13
10/1/2024,CUST-00473,64.13
11/1/2024,CUST-00473,64.13
12/1/2024,CUST-00473,65.09
1/1/2025,CUST-00473,64.13
2/1/2025,CUST-00473,64.13
3/1/2025,CUST-00473,64.13
4/1/2025,CUST-00473,64.13
5/1/2025,CUST-00473,64.13
6/1/2025,CUST-00473,64.13
7/1/2025,CUST-00473,64.13
8/1/2025,CUST-00473,64.13
9/1/2025,CUST-00473,64.13
10/1/2025,CUST-00473,64.13
11/1/2025,CUST-00473,64.13
12/1/2025,CUST-00473,65.09
8/1/2024,CUST-00474,93.55
9/1/2024,CUST-00474,93.55
10/1/2024,CUST-00474,93.55
11/1/2024,CUST-00474,93.55
12/1/2024,CUST-00474,94.95
1/1/2025,CUST-00474,93.55
2/1/2025,CUST-00474,93.55
3/1/2025,CUST-00474,93.55
4/1/2025,CUST-00474,93.55
5/1/2025,CUST-00474,93.55
6/1/2025,CUST-00474,93.55
7/1/2025,CUST-00474,93.55
8/1/2025,CUST-00474,93.55
9/1/2025,CUST-00474,93.55
10/1/2025,CUST-00474,93.55
11/1/2025,CUST-00474,93.55
12/1/2025,CUST-00474,94.95
8/1/2023,CUST-00475,75.96
9/1/2023,CUST-00475,75.96
10/1/2023,CUST-00475,75.96
11/1/2023,CUST-00475,75.96
12/1/2023,CUST-00475,77.1
1/1/2024,CUST-00475,75.96
2/1/2024,CUST-00475,75.96
3/1/2024,CUST-00475,75.96
4/1/2024,CUST-00475,75.96
5/1/2024,CUST-00475,75.96
6/1/2024,CUST-00475,75.96
7/1/2024,CUST-00475,75.96
8/1/2024,CUST-00475,75.96
9/1/2024,CUST-00475,75.96
10/1/2024,CUST-00475,75.96
11/1/2024,CUST-00475,75.96
12/1/2024,CUST-00475,77.1
1/1/2025,CUST-00475,75.96
2/1/2025,CUST-00475,75.96
3/1/2025,CUST-00475,75.96
4/1/2025,CUST-00475,75.96
5/1/2025,CUST-00475,75.96
6/1/2025,CUST-00475,75.96
7/1/2025,CUST-00475,75.96
8/1/2025,CUST-00475,75.96
9/1/2025,CUST-00475,75.96
10/1/2025,CUST-00475,75.96
11/1/2025,CUST-00475,75.96
12/1/2025,CUST-00475,77.1
12/1/2024,CUST-00476,42.23
1/1/2025,CUST-00476,41.61
2/1/2025,CUST-00476,41.61
6/1/2023,CUST-00477,120.54
7/1/2023,CUST-00477,120.54
8/1/2023,CUST-00477,120.54
9/1/2023,CUST-00477,120.54
10/1/2023,CUST-00477,120.54
11/1/2023,CUST-00477,120.54
12/1/2023,CUST-00477,122.35
1/1/2024,CUST-00477,120.54
2/1/2024,CUST-00477,120.54
3/1/2024,CUST-00477,120.54
4/1/2024,CUST-00477,120.54
5/1/2024,CUST-00477,120.54
6/1/2024,CUST-00477,120.54
7/1/2024,CUST-00477,120.54
8/1/2024,CUST-00477,120.54
9/1/2024,CUST-00477,120.54
10/1/2024,CUST-00477,120.54
11/1/2024,CUST-00477,120.54
12/1/2024,CUST-00477,122.35
1/1/2025,CUST-00477,120.54
2/1/2025,CUST-00477,120.54
3/1/2025,CUST-00477,120.54
4/1/2025,CUST-00477,120.54
1/1/2025,CUST-00478,68.1
2/1/2025,CUST-00478,68.1
3/1/2025,CUST-00478,68.1
4/1/2025,CUST-00478,68.1
5/1/2025,CUST-00478,68.1
6/1/2025,CUST-00478,68.1
7/1/2025,CUST-00478,68.1
8/1/2025,CUST-00478,68.1
9/1/2025,CUST-00478,68.1
10/1/2025,CUST-00478,68.1
11/1/2025,CUST-00478,68.1
12/1/2025,CUST-00478,69.12
6/1/2023,CUST-00479,68.85
7/1/2023,CUST-00479,68.85
8/1/2023,CUST-00479,68.85
9/1/2023,CUST-00479,68.85
10/1/2023,CUST-00479,68.85
11/1/2023,CUST-00479,68.85
12/1/2023,CUST-00479,69.88
1/1/2024,CUST-00479,68.85
2/1/2024,CUST-00479,68.85
3/1/2024,CUST-00479,68.85
4/1/2024,CUST-00479,68.85
5/1/2024,CUST-00479,68.85
6/1/2024,CUST-00479,68.85
7/1/2024,CUST-00479,68.85
8/1/2024,CUST-00479,68.85
9/1/2024,CUST-00479,68.85
10/1/2024,CUST-00479,68.85
11/1/2024,CUST-00479,68.85
12/1/2024,CUST-00479,69.88
1/1/2025,CUST-00479,68.85
2/1/2025,CUST-00479,68.85
3/1/2025,CUST-00479,68.85
4/1/2025,CUST-00479,68.85
5/1/2025,CUST-00479,68.85
6/1/2025,CUST-00479,68.85
7/1/2025,CUST-00479,68.85
8/1/2025,CUST-00479,68.85
9/1/2025,CUST-00479,68.85
10/1/2025,CUST-00479,68.85
11/1/2025,CUST-00479,68.85
12/1/2025,CUST-00479,69.88
6/1/2025,CUST-00480,71.07
7/1/2025,CUST-00480,71.07
8/1/2025,CUST-00480,71.07
9/1/2025,CUST-00480,71.07
10/1/2025,CUST-00480,71.07
11/1/2025,CUST-00480,71.07
12/1/2025,CUST-00480,72.14
5/1/2023,CUST-00481,42.7
6/1/2023,CUST-00481,42.7
7/1/2023,CUST-00481,42.7
8/1/2023,CUST-00481,42.7
9/1/2023,CUST-00481,42.7
10/1/2023,CUST-00481,42.7
11/1/2023,CUST-00481,42.7
12/1/2023,CUST-00481,43.34
1/1/2024,CUST-00481,42.7
2/1/2024,CUST-00481,42.7
3/1/2024,CUST-00481,42.7
4/1/2024,CUST-00481,42.7
5/1/2024,CUST-00481,42.7
6/1/2024,CUST-00481,42.7
7/1/2024,CUST-00481,42.7
8/1/2024,CUST-00481,42.7
9/1/2024,CUST-00481,42.7
10/1/2024,CUST-00481,42.7
11/1/2024,CUST-00481,42.7
12/1/2024,CUST-00481,43.34
1/1/2025,CUST-00481,42.7
2/1/2025,CUST-00481,42.7
3/1/2025,CUST-00481,42.7
4/1/2025,CUST-00481,42.7
5/1/2025,CUST-00481,42.7
6/1/2025,CUST-00481,42.7
7/1/2025,CUST-00481,42.7
8/1/2025,CUST-00481,42.7
9/1/2025,CUST-00481,42.7
10/1/2025,CUST-00481,42.7
11/1/2025,CUST-00481,42.7
12/1/2025,CUST-00481,43.34
6/1/2022,CUST-00482,84.35
7/1/2022,CUST-00482,84.35
8/1/2022,CUST-00482,84.35
9/1/2022,CUST-00482,84.35
10/1/2022,CUST-00482,84.35
11/1/2022,CUST-00482,84.35
12/1/2022,CUST-00482,85.62
1/1/2023,CUST-00482,84.35
2/1/2023,CUST-00482,84.35
3/1/2023,CUST-00482,84.35
4/1/2023,CUST-00482,84.35
5/1/2023,CUST-00482,84.35
6/1/2023,CUST-00482,84.35
7/1/2023,CUST-00482,84.35
8/1/2023,CUST-00482,84.35
9/1/2023,CUST-00482,84.35
10/1/2023,CUST-00482,84.35
11/1/2023,CUST-00482,84.35
12/1/2023,CUST-00482,85.62
1/1/2024,CUST-00482,84.35
2/1/2024,CUST-00482,84.35
3/1/2024,CUST-00482,84.35
4/1/2024,CUST-00482,84.35
5/1/2024,CUST-00482,84.35
6/1/2024,CUST-00482,84.35
7/1/2024,CUST-00482,84.35
8/1/2024,CUST-00482,84.35
9/1/2024,CUST-00482,84.35
10/1/2024,CUST-00482,84.35
11/1/2024,CUST-00482,84.35
12/1/2024,CUST-00482,85.62
1/1/2025,CUST-00482,84.35
2/1/2025,CUST-00482,84.35
3/1/2025,CUST-00482,84.35
4/1/2025,CUST-00482,84.35
5/1/2025,CUST-00482,84.35
6/1/2025,CUST-00482,84.35
7/1/2025,CUST-00482,84.35
8/1/2025,CUST-00482,84.35
9/1/2025,CUST-00482,84.35
10/1/2025,CUST-00482,84.35
11/1/2025,CUST-00482,84.35
12/1/2025,CUST-00482,85.62
12/1/2022,CUST-00483,62.54
1/1/2023,CUST-00483,61.62
2/1/2023,CUST-00483,61.62
3/1/2023,CUST-00483,61.62
4/1/2023,CUST-00483,61.62
5/1/2023,CUST-00483,61.62
6/1/2023,CUST-00483,61.62
7/1/2023,CUST-00483,61.62
8/1/2023,CUST-00483,61.62
9/1/2023,CUST-00483,61.62
10/1/2023,CUST-00483,61.62
11/1/2023,CUST-00483,61.62
12/1/2023,CUST-00483,62.54
1/1/2024,CUST-00483,61.62
2/1/2024,CUST-00483,61.62
3/1/2024,CUST-00483,61.62
4/1/2024,CUST-00483,61.62
5/1/2024,CUST-00483,61.62
6/1/2024,CUST-00483,61.62
7/1/2024,CUST-00483,61.62
8/1/2024,CUST-00483,61.62
9/1/2024,CUST-00483,61.62
10/1/2024,CUST-00483,61.62
11/1/2024,CUST-00483,61.62
12/1/2024,CUST-00483,62.54
1/1/2025,CUST-00483,61.62
2/1/2025,CUST-00483,61.62
3/1/2025,CUST-00483,61.62
4/1/2025,CUST-00483,61.62
5/1/2025,CUST-00483,61.62
6/1/2025,CUST-00483,61.62
7/1/2025,CUST-00483,61.62
8/1/2025,CUST-00483,61.62
9/1/2025,CUST-00483,61.62
10/1/2025,CUST-00483,61.62
11/1/2025,CUST-00483,61.62
12/1/2025,CUST-00483,62.54
11/1/2024,CUST-00484,49.89
12/1/2024,CUST-00484,50.64
1/1/2025,CUST-00484,49.89
2/1/2025,CUST-00484,49.89
3/1/2025,CUST-00484,49.89
4/1/2025,CUST-00484,49.89
5/1/2025,CUST-00484,49.89
6/1/2025,CUST-00484,49.89
7/1/2025,CUST-00484,49.89
8/1/2025,CUST-00484,49.89
9/1/2025,CUST-00484,49.89
10/1/2025,CUST-00484,49.89
11/1/2025,CUST-00484,49.89
12/1/2025,CUST-00484,50.64
7/1/2022,CUST-00485,103.65
8/1/2022,CUST-00485,103.65
9/1/2022,CUST-00485,103.65
10/1/2022,CUST-00485,103.65
11/1/2022,CUST-00485,103.65
12/1/2022,CUST-00485,105.2
1/1/2023,CUST-00485,103.65
2/1/2023,CUST-00485,103.65
3/1/2023,CUST-00485,103.65
4/1/2023,CUST-00485,103.65
5/1/2023,CUST-00485,103.65
6/1/2023,CUST-00485,103.65
7/1/2023,CUST-00485,103.65
8/1/2023,CUST-00485,103.65
9/1/2023,CUST-00485,103.65
10/1/2023,CUST-00485,103.65
11/1/2023,CUST-00485,103.65
12/1/2023,CUST-00485,105.2
1/1/2024,CUST-00485,103.65
2/1/2024,CUST-00485,103.65
3/1/2024,CUST-00485,103.65
4/1/2024,CUST-00485,103.65
5/1/2024,CUST-00485,103.65
6/1/2024,CUST-00485,103.65
7/1/2024,CUST-00485,103.65
8/1/2024,CUST-00485,103.65
9/1/2024,CUST-00485,103.65
10/1/2024,CUST-00485,103.65
11/1/2024,CUST-00485,103.65
12/1/2024,CUST-00485,105.2
1/1/2025,CUST-00485,103.65
2/1/2025,CUST-00485,103.65
3/1/2025,CUST-00485,103.65
4/1/2025,CUST-00485,103.65
5/1/2025,CUST-00485,103.65
6/1/2025,CUST-00485,103.65
7/1/2025,CUST-00485,103.65
8/1/2025,CUST-00485,103.65
9/1/2025,CUST-00485,103.65
10/1/2025,CUST-00485,103.65
11/1/2025,CUST-00485,103.65
12/1/2025,CUST-00485,105.2
1/1/2023,CUST-00486,55.4
2/1/2023,CUST-00486,55.4
3/1/2023,CUST-00486,55.4
4/1/2023,CUST-00486,55.4
5/1/2023,CUST-00486,55.4
6/1/2023,CUST-00486,55.4
7/1/2023,CUST-00486,55.4
8/1/2023,CUST-00486,55.4
9/1/2023,CUST-00486,55.4
10/1/2023,CUST-00486,55.4
11/1/2023,CUST-00486,55.4
12/1/2023,CUST-00486,56.23
1/1/2024,CUST-00486,55.4
2/1/2024,CUST-00486,55.4
3/1/2024,CUST-00486,55.4
4/1/2024,CUST-00486,55.4
5/1/2024,CUST-00486,55.4
6/1/2022,CUST-00487,75.68
7/1/2022,CUST-00487,75.68
8/1/2022,CUST-00487,75.68
9/1/2022,CUST-00487,75.68
10/1/2022,CUST-00487,75.68
11/1/2022,CUST-00487,75.68
12/1/2022,CUST-00487,76.82
1/1/2023,CUST-00487,75.68
2/1/2023,CUST-00487,75.68
3/1/2023,CUST-00487,75.68
4/1/2023,CUST-00487,75.68
5/1/2023,CUST-00487,75.68
6/1/2023,CUST-00487,75.68
7/1/2023,CUST-00487,75.68
8/1/2023,CUST-00487,75.68
9/1/2023,CUST-00487,75.68
10/1/2023,CUST-00487,75.68
11/1/2023,CUST-00487,75.68
5/1/2022,CUST-00488,73.76
6/1/2022,CUST-00488,73.76
7/1/2022,CUST-00488,73.76
8/1/2022,CUST-00488,73.76
9/1/2022,CUST-00488,73.76
10/1/2022,CUST-00488,73.76
11/1/2022,CUST-00488,73.76
12/1/2022,CUST-00488,74.87
1/1/2023,CUST-00488,73.76
2/1/2023,CUST-00488,73.76
3/1/2023,CUST-00488,73.76
4/1/2023,CUST-00488,73.76
5/1/2023,CUST-00488,73.76
6/1/2023,CUST-00488,73.76
7/1/2023,CUST-00488,73.76
8/1/2023,CUST-00488,73.76
9/1/2023,CUST-00488,73.76
10/1/2023,CUST-00488,73.76
11/1/2023,CUST-00488,73.76
12/1/2023,CUST-00488,74.87
1/1/2024,CUST-00488,73.76
2/1/2024,CUST-00488,73.76
3/1/2024,CUST-00488,73.76
4/1/2024,CUST-00488,73.76
5/1/2024,CUST-00488,73.76
6/1/2024,CUST-00488,73.76
7/1/2024,CUST-00488,73.76
8/1/2024,CUST-00488,73.76
9/1/2024,CUST-00488,73.76
10/1/2024,CUST-00488,73.76
11/1/2024,CUST-00488,73.76
12/1/2024,CUST-00488,74.87
1/1/2025,CUST-00488,73.76
2/1/2025,CUST-00488,73.76
3/1/2025,CUST-00488,73.76
4/1/2025,CUST-00488,73.76
5/1/2025,CUST-00488,73.76
6/1/2025,CUST-00488,73.76
7/1/2025,CUST-00488,73.76
8/1/2025,CUST-00488,73.76
9/1/2025,CUST-00488,73.76
10/1/2025,CUST-00488,73.76
11/1/2025,CUST-00488,73.76
12/1/2025,CUST-00488,74.87
3/1/2025,CUST-00489,69.93
4/1/2025,CUST-00489,69.93
5/1/2025,CUST-00489,69.93
6/1/2025,CUST-00489,69.93
7/1/2025,CUST-00489,69.93
8/1/2025,CUST-00489,69.93
9/1/2025,CUST-00489,69.93
10/1/2025,CUST-00489,69.93
11/1/2025,CUST-00489,69.93
10/1/2023,CUST-00490,102.7
11/1/2023,CUST-00490,102.7
12/1/2023,CUST-00490,104.24
1/1/2024,CUST-00490,102.7
2/1/2024,CUST-00490,102.7
3/1/2024,CUST-00490,102.7
4/1/2024,CUST-00490,102.7
5/1/2024,CUST-00490,102.7
6/1/2024,CUST-00490,102.7
7/1/2024,CUST-00490,102.7
8/1/2024,CUST-00490,102.7
9/1/2024,CUST-00490,102.7
10/1/2024,CUST-00490,102.7
11/1/2024,CUST-00490,102.7
12/1/2024,CUST-00490,104.24
1/1/2025,CUST-00490,102.7
2/1/2025,CUST-00490,102.7
3/1/2025,CUST-00490,102.7
4/1/2025,CUST-00490,102.7
5/1/2025,CUST-00490,102.7
6/1/2025,CUST-00490,102.7
7/1/2025,CUST-00490,102.7
8/1/2025,CUST-00490,102.7
9/1/2025,CUST-00490,102.7
10/1/2025,CUST-00490,102.7
11/1/2025,CUST-00490,102.7
12/1/2025,CUST-00490,104.24
7/1/2025,CUST-00491,56.24
8/1/2025,CUST-00491,56.24
9/1/2025,CUST-00491,56.24
10/1/2025,CUST-00491,56.24
11/1/2025,CUST-00491,56.24
12/1/2025,CUST-00491,57.08
5/1/2023,CUST-00492,50.5
6/1/2023,CUST-00492,50.5
7/1/2023,CUST-00492,50.5
8/1/2023,CUST-00492,50.5
9/1/2023,CUST-00492,50.5
10/1/2023,CUST-00492,50.5
11/1/2023,CUST-00492,50.5
12/1/2023,CUST-00492,51.26
1/1/2024,CUST-00492,50.5
2/1/2024,CUST-00492,50.5
3/1/2024,CUST-00492,50.5
4/1/2024,CUST-00492,50.5
5/1/2024,CUST-00492,50.5
6/1/2024,CUST-00492,50.5
7/1/2024,CUST-00492,50.5
8/1/2024,CUST-00492,50.5
9/1/2024,CUST-00492,50.5
10/1/2024,CUST-00492,50.5
11/1/2024,CUST-00492,50.5
12/1/2024,CUST-00492,51.26
1/1/2025,CUST-00492,50.5
2/1/2025,CUST-00492,50.5
3/1/2025,CUST-00492,50.5
4/1/2025,CUST-00492,50.5
5/1/2025,CUST-00492,50.5
6/1/2025,CUST-00492,50.5
7/1/2025,CUST-00492,50.5
8/1/2025,CUST-00492,50.5
9/1/2025,CUST-00492,50.5
10/1/2025,CUST-00492,50.5
11/1/2025,CUST-00492,50.5
12/1/2025,CUST-00492,51.26
5/1/2025,CUST-00493,85.44
6/1/2025,CUST-00493,85.44
7/1/2025,CUST-00493,85.44
8/1/2025,CUST-00493,85.44
9/1/2025,CUST-00493,85.44
10/1/2025,CUST-00493,85.44
11/1/2025,CUST-00493,85.44
12/1/2025,CUST-00493,86.72
10/1/2023,CUST-00494,64.17
11/1/2023,CUST-00494,64.17
12/1/2023,CUST-00494,65.13
1/1/2024,CUST-00494,64.17
2/1/2024,CUST-00494,64.17
3/1/2024,CUST-00494,64.17
4/1/2024,CUST-00494,64.17
5/1/2024,CUST-00494,64.17
6/1/2024,CUST-00494,64.17
7/1/2024,CUST-00494,64.17
8/1/2024,CUST-00494,64.17
9/1/2024,CUST-00494,64.17
10/1/2024,CUST-00494,64.17
11/1/2024,CUST-00494,64.17
12/1/2024,CUST-00494,65.13
1/1/2025,CUST-00494,64.17
2/1/2025,CUST-00494,64.17
3/1/2025,CUST-00494,64.17
4/1/2025,CUST-00494,64.17
5/1/2025,CUST-00494,64.17
6/1/2025,CUST-00494,64.17
7/1/2025,CUST-00494,64.17
8/1/2025,CUST-00494,64.17
9/1/2025,CUST-00494,64.17
10/1/2025,CUST-00494,64.17
11/1/2025,CUST-00494,64.17
12/1/2025,CUST-00494,65.13
11/1/2023,CUST-00495,56.05
12/1/2023,CUST-00495,56.89
1/1/2024,CUST-00495,56.05
2/1/2024,CUST-00495,56.05
3/1/2024,CUST-00495,56.05
4/1/2024,CUST-00495,56.05
5/1/2024,CUST-00495,56.05
6/1/2024,CUST-00495,56.05
7/1/2024,CUST-00495,56.05
8/1/2024,CUST-00495,56.05
9/1/2024,CUST-00495,56.05
10/1/2024,CUST-00495,56.05
11/1/2024,CUST-00495,56.05
12/1/2024,CUST-00495,56.89
1/1/2025,CUST-00495,56.05
2/1/2025,CUST-00495,56.05
3/1/2025,CUST-00495,56.05
4/1/2025,CUST-00495,56.05
5/1/2025,CUST-00495,56.05
6/1/2025,CUST-00495,56.05
7/1/2025,CUST-00495,56.05
8/1/2025,CUST-00495,56.05
9/1/2025,CUST-00495,56.05
10/1/2025,CUST-00495,56.05
11/1/2025,CUST-00495,56.05
12/1/2025,CUST-00495,56.89
5/1/2022,CUST-00496,57.8
6/1/2022,CUST-00496,57.8
7/1/2022,CUST-00496,57.8
8/1/2022,CUST-00496,57.8
9/1/2022,CUST-00496,57.8
10/1/2022,CUST-00496,57.8
11/1/2022,CUST-00496,57.8
12/1/2022,CUST-00496,58.67
1/1/2023,CUST-00496,57.8
2/1/2023,CUST-00496,57.8
3/1/2023,CUST-00496,57.8
4/1/2023,CUST-00496,57.8
5/1/2023,CUST-00496,57.8
6/1/2023,CUST-00496,57.8
7/1/2023,CUST-00496,57.8
8/1/2023,CUST-00496,57.8
9/1/2023,CUST-00496,57.8
10/1/2023,CUST-00496,57.8
11/1/2023,CUST-00496,57.8
12/1/2023,CUST-00496,58.67
1/1/2024,CUST-00496,57.8
2/1/2024,CUST-00496,57.8
3/1/2024,CUST-00496,57.8
4/1/2024,CUST-00496,57.8
5/1/2024,CUST-00496,57.8
6/1/2024,CUST-00496,57.8
7/1/2024,CUST-00496,57.8
8/1/2024,CUST-00496,57.8
9/1/2024,CUST-00496,57.8
10/1/2024,CUST-00496,57.8
11/1/2024,CUST-00496,57.8
12/1/2024,CUST-00496,58.67
1/1/2025,CUST-00496,57.8
2/1/2025,CUST-00496,57.8
3/1/2025,CUST-00496,57.8
4/1/2025,CUST-00496,57.8
5/1/2025,CUST-00496,57.8
6/1/2025,CUST-00496,57.8
7/1/2025,CUST-00496,57.8
8/1/2025,CUST-00496,57.8
9/1/2025,CUST-00496,57.8
10/1/2025,CUST-00496,57.8
11/1/2025,CUST-00496,57.8
12/1/2025,CUST-00496,58.67
6/1/2025,CUST-00497,42.74
7/1/2025,CUST-00497,42.74
8/1/2025,CUST-00497,42.74
9/1/2025,CUST-00497,42.74
10/1/2025,CUST-00497,42.74
11/1/2025,CUST-00497,42.74
12/1/2025,CUST-00497,43.38
2/1/2023,CUST-00498,72.66
3/1/2023,CUST-00498,72.66
4/1/2023,CUST-00498,72.66
5/1/2023,CUST-00498,72.66
6/1/2023,CUST-00498,72.66
7/1/2023,CUST-00498,72.66
8/1/2023,CUST-00498,72.66
9/1/2023,CUST-00498,72.66
10/1/2023,CUST-00498,72.66
11/1/2023,CUST-00498,72.66
12/1/2023,CUST-00498,73.75
1/1/2024,CUST-00498,72.66
2/1/2024,CUST-00498,72.66
3/1/2024,CUST-00498,72.66
4/1/2024,CUST-00498,72.66
5/1/2024,CUST-00498,72.66
6/1/2024,CUST-00498,72.66
7/1/2024,CUST-00498,72.66
8/1/2024,CUST-00498,72.66
9/1/2024,CUST-00498,72.66
10/1/2024,CUST-00498,72.66
11/1/2024,CUST-00498,72.66
12/1/2024,CUST-00498,73.75
1/1/2025,CUST-00498,72.66
2/1/2025,CUST-00498,72.66
3/1/2025,CUST-00498,72.66
4/1/2025,CUST-00498,72.66
5/1/2025,CUST-00498,72.66
6/1/2025,CUST-00498,72.66
7/1/2025,CUST-00498,72.66
8/1/2025,CUST-00498,72.66
9/1/2025,CUST-00498,72.66
10/1/2025,CUST-00498,72.66
11/1/2025,CUST-00498,72.66
12/1/2025,CUST-00498,73.75
5/1/2025,CUST-00499,74.86
6/1/2025,CUST-00499,74.86
7/1/2025,CUST-00499,74.86
8/1/2025,CUST-00499,74.86
9/1/2025,CUST-00499,74.86
10/1/2025,CUST-00499,74.86
11/1/2025,CUST-00499,74.86
12/1/2025,CUST-00499,75.98
12/1/2022,CUST-00500,69.24
1/1/2023,CUST-00500,68.22
2/1/2023,CUST-00500,68.22
3/1/2023,CUST-00500,68.22
5/1/2025,CUST-00501,39.79
6/1/2025,CUST-00501,39.79
7/1/2025,CUST-00501,39.79
8/1/2025,CUST-00501,39.79
9/1/2025,CUST-00501,39.79
10/1/2025,CUST-00501,39.79
11/1/2025,CUST-00501,39.79
12/1/2025,CUST-00501,40.39
5/1/2025,CUST-00502,72.74
6/1/2025,CUST-00502,72.74
7/1/2025,CUST-00502,72.74
8/1/2025,CUST-00502,72.74
9/1/2025,CUST-00502,72.74
10/1/2025,CUST-00502,72.74
11/1/2025,CUST-00502,72.74
12/1/2025,CUST-00502,73.83
12/1/2022,CUST-00503,94.19
1/1/2023,CUST-00503,92.8
2/1/2023,CUST-00503,92.8
3/1/2023,CUST-00503,92.8
4/1/2023,CUST-00503,92.8
5/1/2023,CUST-00503,92.8
6/1/2023,CUST-00503,92.8
7/1/2023,CUST-00503,92.8
8/1/2023,CUST-00503,92.8
9/1/2023,CUST-00503,92.8
10/1/2023,CUST-00503,92.8
11/1/2023,CUST-00503,92.8
12/1/2023,CUST-00503,94.19
1/1/2024,CUST-00503,92.8
2/1/2024,CUST-00503,92.8
3/1/2024,CUST-00503,92.8
4/1/2024,CUST-00503,92.8
5/1/2024,CUST-00503,92.8
6/1/2024,CUST-00503,92.8
7/1/2024,CUST-00503,92.8
8/1/2024,CUST-00503,92.8
9/1/2024,CUST-00503,92.8
10/1/2024,CUST-00503,92.8
11/1/2024,CUST-00503,92.8
12/1/2024,CUST-00503,94.19
1/1/2025,CUST-00503,92.8
2/1/2025,CUST-00503,92.8
3/1/2025,CUST-00503,92.8
4/1/2025,CUST-00503,92.8
5/1/2025,CUST-00503,92.8
6/1/2025,CUST-00503,92.8
7/1/2025,CUST-00503,92.8
8/1/2025,CUST-00503,92.8
9/1/2025,CUST-00503,92.8
10/1/2025,CUST-00503,92.8
11/1/2024,CUST-00504,48.08
12/1/2024,CUST-00504,48.8
1/1/2025,CUST-00504,48.08
2/1/2025,CUST-00504,48.08
3/1/2025,CUST-00504,48.08
4/1/2025,CUST-00504,48.08
5/1/2025,CUST-00504,48.08
6/1/2025,CUST-00504,48.08
7/1/2025,CUST-00504,48.08
8/1/2025,CUST-00504,48.08
9/1/2025,CUST-00504,48.08
10/1/2025,CUST-00504,48.08
11/1/2025,CUST-00504,48.08
12/1/2025,CUST-00504,48.8
8/1/2022,CUST-00505,100.34
9/1/2022,CUST-00505,100.34
10/1/2022,CUST-00505,100.34
11/1/2022,CUST-00505,100.34
12/1/2022,CUST-00505,101.85
1/1/2023,CUST-00505,100.34
2/1/2023,CUST-00505,100.34
3/1/2023,CUST-00505,100.34
4/1/2023,CUST-00505,100.34
5/1/2023,CUST-00505,100.34
6/1/2023,CUST-00505,100.34
7/1/2023,CUST-00505,100.34
8/1/2023,CUST-00505,100.34
9/1/2023,CUST-00505,100.34
10/1/2023,CUST-00505,100.34
11/1/2023,CUST-00505,100.34
12/1/2023,CUST-00505,101.85
1/1/2024,CUST-00505,100.34
2/1/2024,CUST-00505,100.34
3/1/2024,CUST-00505,100.34
4/1/2024,CUST-00505,100.34
5/1/2024,CUST-00505,100.34
6/1/2024,CUST-00505,100.34
7/1/2024,CUST-00505,100.34
8/1/2024,CUST-00505,100.34
9/1/2024,CUST-00505,100.34
10/1/2024,CUST-00505,100.34
11/1/2024,CUST-00505,100.34
12/1/2024,CUST-00505,101.85
1/1/2025,CUST-00505,100.34
2/1/2025,CUST-00505,100.34
3/1/2025,CUST-00505,100.34
4/1/2025,CUST-00505,100.34
5/1/2025,CUST-00505,100.34
6/1/2025,CUST-00505,100.34
7/1/2025,CUST-00505,100.34
8/1/2025,CUST-00505,100.34
9/1/2025,CUST-00505,100.34
10/1/2025,CUST-00505,100.34
11/1/2025,CUST-00505,100.34
12/1/2025,CUST-00505,101.85
7/1/2025,CUST-00506,59.11
8/1/2025,CUST-00506,59.11
9/1/2025,CUST-00506,59.11
10/1/2025,CUST-00506,59.11
11/1/2025,CUST-00506,59.11
12/1/2025,CUST-00506,60
6/1/2024,CUST-00507,76.13
7/1/2024,CUST-00507,76.13
8/1/2024,CUST-00507,76.13
9/1/2024,CUST-00507,76.13
10/1/2024,CUST-00507,76.13
11/1/2024,CUST-00507,76.13
12/1/2024,CUST-00507,77.27
1/1/2025,CUST-00507,76.13
2/1/2025,CUST-00507,76.13
3/1/2025,CUST-00507,76.13
4/1/2025,CUST-00507,76.13
5/1/2025,CUST-00507,76.13
6/1/2025,CUST-00507,76.13
7/1/2025,CUST-00507,76.13
8/1/2025,CUST-00507,76.13
9/1/2025,CUST-00507,76.13
10/1/2025,CUST-00507,76.13
11/1/2025,CUST-00507,76.13
12/1/2025,CUST-00507,77.27
6/1/2024,CUST-00508,36.78
7/1/2024,CUST-00508,36.78
8/1/2024,CUST-00508,36.78
9/1/2024,CUST-00508,36.78
10/1/2024,CUST-00508,36.78
11/1/2024,CUST-00508,36.78
12/1/2024,CUST-00508,37.33
1/1/2025,CUST-00508,36.78
2/1/2025,CUST-00508,36.78
3/1/2025,CUST-00508,36.78
4/1/2025,CUST-00508,36.78
5/1/2025,CUST-00508,36.78
6/1/2025,CUST-00508,36.78
7/1/2025,CUST-00508,36.78
8/1/2025,CUST-00508,36.78
9/1/2025,CUST-00508,36.78
10/1/2025,CUST-00508,36.78
11/1/2025,CUST-00508,36.78
12/1/2025,CUST-00508,37.33
10/1/2024,CUST-00509,73.2
11/1/2024,CUST-00509,73.2
12/1/2024,CUST-00509,74.3
1/1/2025,CUST-00509,73.2
2/1/2025,CUST-00509,73.2
3/1/2025,CUST-00509,73.2
4/1/2025,CUST-00509,73.2
5/1/2025,CUST-00509,73.2
6/1/2025,CUST-00509,73.2
7/1/2025,CUST-00509,73.2
8/1/2025,CUST-00509,73.2
9/1/2025,CUST-00509,73.2
10/1/2025,CUST-00509,73.2
11/1/2025,CUST-00509,73.2
12/1/2025,CUST-00509,74.3
1/1/2022,CUST-00510,122.05
2/1/2022,CUST-00510,122.05
3/1/2022,CUST-00510,122.05
4/1/2022,CUST-00510,122.05
5/1/2022,CUST-00510,122.05
6/1/2022,CUST-00510,122.05
7/1/2022,CUST-00510,122.05
8/1/2022,CUST-00510,122.05
9/1/2022,CUST-00510,122.05
10/1/2022,CUST-00510,122.05
11/1/2022,CUST-00510,122.05
12/1/2022,CUST-00510,123.88
1/1/2023,CUST-00510,122.05
2/1/2023,CUST-00510,122.05
3/1/2023,CUST-00510,122.05
4/1/2023,CUST-00510,122.05
5/1/2023,CUST-00510,122.05
6/1/2023,CUST-00510,122.05
7/1/2023,CUST-00510,122.05
8/1/2023,CUST-00510,122.05
9/1/2023,CUST-00510,122.05
10/1/2023,CUST-00510,122.05
11/1/2023,CUST-00510,122.05
12/1/2023,CUST-00510,123.88
1/1/2024,CUST-00510,122.05
2/1/2024,CUST-00510,122.05
3/1/2024,CUST-00510,122.05
4/1/2024,CUST-00510,122.05
5/1/2024,CUST-00510,122.05
6/1/2024,CUST-00510,122.05
7/1/2024,CUST-00510,122.05
8/1/2024,CUST-00510,122.05
9/1/2024,CUST-00510,122.05
10/1/2024,CUST-00510,122.05
11/1/2024,CUST-00510,122.05
12/1/2024,CUST-00510,123.88
1/1/2025,CUST-00510,122.05
2/1/2025,CUST-00510,122.05
3/1/2025,CUST-00510,122.05
4/1/2025,CUST-00510,122.05
5/1/2025,CUST-00510,122.05
6/1/2025,CUST-00510,122.05
7/1/2025,CUST-00510,122.05
8/1/2025,CUST-00510,122.05
9/1/2025,CUST-00510,122.05
10/1/2025,CUST-00510,122.05
11/1/2025,CUST-00510,122.05
12/1/2025,CUST-00510,123.88
9/1/2024,CUST-00511,78.91
10/1/2024,CUST-00511,78.91
11/1/2024,CUST-00511,78.91
12/1/2024,CUST-00511,80.09
1/1/2025,CUST-00511,78.91
2/1/2025,CUST-00511,78.91
3/1/2025,CUST-00511,78.91
4/1/2025,CUST-00511,78.91
5/1/2025,CUST-00511,78.91
6/1/2025,CUST-00511,78.91
7/1/2025,CUST-00511,78.91
8/1/2025,CUST-00511,78.91
9/1/2025,CUST-00511,78.91
10/1/2025,CUST-00511,78.91
11/1/2025,CUST-00511,78.91
12/1/2025,CUST-00511,80.09
2/1/2024,CUST-00512,88.55
3/1/2024,CUST-00512,88.55
4/1/2024,CUST-00512,88.55
5/1/2024,CUST-00512,88.55
6/1/2024,CUST-00512,88.55
7/1/2024,CUST-00512,88.55
8/1/2024,CUST-00512,88.55
9/1/2024,CUST-00512,88.55
10/1/2024,CUST-00512,88.55
11/1/2024,CUST-00512,88.55
6/1/2023,CUST-00513,49.62
7/1/2023,CUST-00513,49.62
8/1/2023,CUST-00513,49.62
9/1/2023,CUST-00513,49.62
10/1/2023,CUST-00513,49.62
11/1/2023,CUST-00513,49.62
12/1/2023,CUST-00513,50.36
1/1/2024,CUST-00513,49.62
2/1/2024,CUST-00513,49.62
3/1/2024,CUST-00513,49.62
4/1/2024,CUST-00513,49.62
5/1/2024,CUST-00513,49.62
6/1/2024,CUST-00513,49.62
7/1/2024,CUST-00513,49.62
8/1/2024,CUST-00513,49.62
9/1/2024,CUST-00513,49.62
10/1/2024,CUST-00513,49.62
11/1/2024,CUST-00513,49.62
12/1/2024,CUST-00513,50.36
1/1/2025,CUST-00513,49.62
2/1/2025,CUST-00513,49.62
3/1/2025,CUST-00513,49.62
4/1/2025,CUST-00513,49.62
5/1/2025,CUST-00513,49.62
6/1/2025,CUST-00513,49.62
7/1/2025,CUST-00513,49.62
8/1/2025,CUST-00513,49.62
9/1/2025,CUST-00513,49.62
10/1/2025,CUST-00513,49.62
11/1/2025,CUST-00513,49.62
12/1/2025,CUST-00513,50.36
3/1/2025,CUST-00514,52.85
4/1/2025,CUST-00514,52.85
5/1/2025,CUST-00514,52.85
6/1/2025,CUST-00514,52.85
7/1/2025,CUST-00514,52.85
7/1/2025,CUST-00515,122.35
8/1/2025,CUST-00515,122.35
9/1/2025,CUST-00515,122.35
10/1/2025,CUST-00515,122.35
11/1/2025,CUST-00515,122.35
12/1/2025,CUST-00515,124.19
4/1/2022,CUST-00516,59.24
5/1/2022,CUST-00516,59.24
6/1/2022,CUST-00516,59.24
7/1/2022,CUST-00516,59.24
8/1/2022,CUST-00516,59.24
9/1/2022,CUST-00516,59.24
10/1/2022,CUST-00516,59.24
11/1/2022,CUST-00516,59.24
12/1/2022,CUST-00516,60.13
1/1/2023,CUST-00516,59.24
2/1/2023,CUST-00516,59.24
3/1/2023,CUST-00516,59.24
4/1/2023,CUST-00516,59.24
5/1/2023,CUST-00516,59.24
6/1/2023,CUST-00516,59.24
7/1/2023,CUST-00516,59.24
8/1/2023,CUST-00516,59.24
9/1/2023,CUST-00516,59.24
12/1/2024,CUST-00517,68.94
1/1/2025,CUST-00517,67.92
2/1/2025,CUST-00517,67.92
3/1/2025,CUST-00517,67.92
4/1/2025,CUST-00517,67.92
5/1/2025,CUST-00517,67.92
11/1/2023,CUST-00518,87.27
12/1/2023,CUST-00518,88.58
1/1/2024,CUST-00518,87.27
10/1/2024,CUST-00519,55.04
11/1/2024,CUST-00519,55.04
12/1/2024,CUST-00519,55.87
1/1/2025,CUST-00519,55.04
2/1/2025,CUST-00519,55.04
3/1/2025,CUST-00519,55.04
4/1/2025,CUST-00519,55.04
5/1/2025,CUST-00519,55.04
6/1/2025,CUST-00519,55.04
7/1/2025,CUST-00519,55.04
8/1/2025,CUST-00519,55.04
9/1/2025,CUST-00519,55.04
10/1/2025,CUST-00519,55.04
11/1/2025,CUST-00519,55.04
12/1/2025,CUST-00519,55.87
10/1/2023,CUST-00520,48.5
11/1/2023,CUST-00520,48.5
12/1/2023,CUST-00520,49.23
1/1/2024,CUST-00520,48.5
2/1/2024,CUST-00520,48.5
3/1/2024,CUST-00520,48.5
4/1/2024,CUST-00520,48.5
5/1/2024,CUST-00520,48.5
6/1/2024,CUST-00520,48.5
7/1/2024,CUST-00520,48.5
6/1/2022,CUST-00521,58.23
7/1/2022,CUST-00521,58.23
8/1/2022,CUST-00521,58.23
9/1/2022,CUST-00521,58.23
10/1/2022,CUST-00521,58.23
11/1/2022,CUST-00521,58.23
12/1/2022,CUST-00521,59.1
1/1/2023,CUST-00521,58.23
2/1/2023,CUST-00521,58.23
3/1/2023,CUST-00521,58.23
4/1/2023,CUST-00521,58.23
5/1/2023,CUST-00521,58.23
6/1/2023,CUST-00521,58.23
7/1/2023,CUST-00521,58.23
8/1/2023,CUST-00521,58.23
9/1/2023,CUST-00521,58.23
10/1/2023,CUST-00521,58.23
11/1/2023,CUST-00521,58.23
12/1/2023,CUST-00521,59.1
1/1/2024,CUST-00521,58.23
2/1/2024,CUST-00521,58.23
3/1/2024,CUST-00521,58.23
4/1/2024,CUST-00521,58.23
5/1/2024,CUST-00521,58.23
6/1/2024,CUST-00521,58.23
7/1/2024,CUST-00521,58.23
8/1/2024,CUST-00521,58.23
9/1/2024,CUST-00521,58.23
10/1/2024,CUST-00521,58.23
11/1/2024,CUST-00521,58.23
12/1/2024,CUST-00521,59.1
1/1/2025,CUST-00521,58.23
2/1/2025,CUST-00521,58.23
3/1/2025,CUST-00521,58.23
4/1/2025,CUST-00521,58.23
5/1/2025,CUST-00521,58.23
6/1/2025,CUST-00521,58.23
7/1/2025,CUST-00521,58.23
8/1/2025,CUST-00521,58.23
9/1/2025,CUST-00521,58.23
10/1/2025,CUST-00521,58.23
11/1/2025,CUST-00521,58.23
12/1/2025,CUST-00521,59.1
6/1/2023,CUST-00522,89.13
7/1/2023,CUST-00522,89.13
8/1/2023,CUST-00522,89.13
9/1/2023,CUST-00522,89.13
10/1/2023,CUST-00522,89.13
11/1/2023,CUST-00522,89.13
12/1/2023,CUST-00522,90.47
1/1/2024,CUST-00522,89.13
2/1/2024,CUST-00522,89.13
9/1/2024,CUST-00523,91.54
10/1/2024,CUST-00523,91.54
11/1/2024,CUST-00523,91.54
12/1/2024,CUST-00523,92.91
1/1/2025,CUST-00523,91.54
2/1/2025,CUST-00523,91.54
3/1/2025,CUST-00523,91.54
4/1/2025,CUST-00523,91.54
5/1/2025,CUST-00523,91.54
6/1/2025,CUST-00523,91.54
7/1/2025,CUST-00523,91.54
8/1/2025,CUST-00523,91.54
9/1/2025,CUST-00523,91.54
10/1/2025,CUST-00523,91.54
11/1/2025,CUST-00523,91.54
12/1/2025,CUST-00523,92.91
1/1/2025,CUST-00524,44.6
2/1/2025,CUST-00524,44.6
3/1/2025,CUST-00524,44.6
4/1/2025,CUST-00524,44.6
5/1/2025,CUST-00524,44.6
6/1/2025,CUST-00524,44.6
7/1/2025,CUST-00524,44.6
8/1/2025,CUST-00524,44.6
9/1/2025,CUST-00524,44.6
10/1/2025,CUST-00524,44.6
11/1/2025,CUST-00524,44.6
12/1/2025,CUST-00524,45.27
12/1/2024,CUST-00525,43.92
1/1/2025,CUST-00525,43.27
2/1/2025,CUST-00525,43.27
3/1/2025,CUST-00525,43.27
4/1/2025,CUST-00525,43.27
5/1/2025,CUST-00525,43.27
6/1/2025,CUST-00525,43.27
7/1/2025,CUST-00525,43.27
8/1/2025,CUST-00525,43.27
9/1/2025,CUST-00525,43.27
10/1/2025,CUST-00525,43.27
11/1/2025,CUST-00525,43.27
12/1/2025,CUST-00525,43.92
9/1/2022,CUST-00526,110.2
10/1/2022,CUST-00526,110.2
11/1/2022,CUST-00526,110.2
12/1/2022,CUST-00526,111.85
1/1/2023,CUST-00526,110.2
2/1/2023,CUST-00526,110.2
3/1/2023,CUST-00526,110.2
4/1/2023,CUST-00526,110.2
5/1/2023,CUST-00526,110.2
6/1/2023,CUST-00526,110.2
7/1/2023,CUST-00526,110.2
8/1/2023,CUST-00526,110.2
9/1/2023,CUST-00526,110.2
10/1/2023,CUST-00526,110.2
11/1/2023,CUST-00526,110.2
12/1/2023,CUST-00526,111.85
1/1/2024,CUST-00526,110.2
2/1/2024,CUST-00526,110.2
3/1/2024,CUST-00526,110.2
4/1/2024,CUST-00526,110.2
5/1/2024,CUST-00526,110.2
6/1/2024,CUST-00526,110.2
7/1/2024,CUST-00526,110.2
8/1/2024,CUST-00526,110.2
9/1/2024,CUST-00526,110.2
10/1/2024,CUST-00526,110.2
11/1/2024,CUST-00526,110.2
12/1/2024,CUST-00526,111.85
1/1/2025,CUST-00526,110.2
2/1/2025,CUST-00526,110.2
3/1/2025,CUST-00526,110.2
4/1/2025,CUST-00526,110.2
5/1/2025,CUST-00526,110.2
6/1/2025,CUST-00526,110.2
7/1/2025,CUST-00526,110.2
8/1/2025,CUST-00526,110.2
9/1/2025,CUST-00526,110.2
10/1/2025,CUST-00526,110.2
11/1/2025,CUST-00526,110.2
12/1/2025,CUST-00526,111.85
2/1/2022,CUST-00527,83.3
3/1/2022,CUST-00527,83.3
4/1/2022,CUST-00527,83.3
5/1/2022,CUST-00527,83.3
6/1/2022,CUST-00527,83.3
7/1/2022,CUST-00527,83.3
8/1/2022,CUST-00527,83.3
9/1/2022,CUST-00527,83.3
10/1/2022,CUST-00527,83.3
11/1/2022,CUST-00527,83.3
12/1/2022,CUST-00527,84.55
1/1/2023,CUST-00527,83.3
2/1/2023,CUST-00527,83.3
3/1/2023,CUST-00527,83.3
4/1/2023,CUST-00527,83.3
5/1/2023,CUST-00527,83.3
6/1/2023,CUST-00527,83.3
7/1/2023,CUST-00527,83.3
8/1/2023,CUST-00527,83.3
9/1/2023,CUST-00527,83.3
10/1/2023,CUST-00527,83.3
11/1/2023,CUST-00527,83.3
12/1/2023,CUST-00527,84.55
1/1/2024,CUST-00527,83.3
2/1/2024,CUST-00527,83.3
3/1/2024,CUST-00527,83.3
4/1/2024,CUST-00527,83.3
5/1/2024,CUST-00527,83.3
6/1/2024,CUST-00527,83.3
7/1/2024,CUST-00527,83.3
8/1/2024,CUST-00527,83.3
9/1/2024,CUST-00527,83.3
10/1/2024,CUST-00527,83.3
11/1/2024,CUST-00527,83.3
12/1/2024,CUST-00527,84.55
1/1/2025,CUST-00527,83.3
2/1/2025,CUST-00527,83.3
3/1/2025,CUST-00527,83.3
4/1/2025,CUST-00527,83.3
5/1/2025,CUST-00527,83.3
6/1/2025,CUST-00527,83.3
7/1/2025,CUST-00527,83.3
8/1/2025,CUST-00527,83.3
9/1/2025,CUST-00527,83.3
10/1/2025,CUST-00527,83.3
11/1/2025,CUST-00527,83.3
12/1/2025,CUST-00527,84.55
11/1/2022,CUST-00528,57.86
12/1/2022,CUST-00528,58.73
1/1/2023,CUST-00528,57.86
2/1/2023,CUST-00528,57.86
3/1/2023,CUST-00528,57.86
4/1/2023,CUST-00528,57.86
5/1/2023,CUST-00528,57.86
6/1/2023,CUST-00528,57.86
7/1/2023,CUST-00528,57.86
8/1/2023,CUST-00528,57.86
9/1/2023,CUST-00528,57.86
10/1/2023,CUST-00528,57.86
11/1/2023,CUST-00528,57.86
12/1/2023,CUST-00528,58.73
1/1/2024,CUST-00528,57.86
2/1/2024,CUST-00528,57.86
3/1/2024,CUST-00528,57.86
4/1/2024,CUST-00528,57.86
5/1/2024,CUST-00528,57.86
6/1/2024,CUST-00528,57.86
7/1/2024,CUST-00528,57.86
8/1/2024,CUST-00528,57.86
9/1/2024,CUST-00528,57.86
10/1/2024,CUST-00528,57.86
11/1/2024,CUST-00528,57.86
12/1/2024,CUST-00528,58.73
1/1/2025,CUST-00528,57.86
2/1/2025,CUST-00528,57.86
3/1/2025,CUST-00528,57.86
4/1/2025,CUST-00528,57.86
5/1/2025,CUST-00528,57.86
6/1/2025,CUST-00528,57.86
7/1/2025,CUST-00528,57.86
8/1/2025,CUST-00528,57.86
9/1/2025,CUST-00528,57.86
10/1/2025,CUST-00528,57.86
11/1/2025,CUST-00528,57.86
12/1/2025,CUST-00528,58.73
2/1/2023,CUST-00529,40.15
3/1/2023,CUST-00529,40.15
4/1/2023,CUST-00529,40.15
5/1/2023,CUST-00529,40.15
6/1/2023,CUST-00529,40.15
7/1/2023,CUST-00529,40.15
8/1/2023,CUST-00529,40.15
9/1/2023,CUST-00529,40.15
10/1/2023,CUST-00529,40.15
11/1/2023,CUST-00529,40.15
12/1/2023,CUST-00529,40.75
1/1/2024,CUST-00529,40.15
2/1/2024,CUST-00529,40.15
3/1/2024,CUST-00529,40.15
4/1/2024,CUST-00529,40.15
5/1/2024,CUST-00529,40.15
6/1/2024,CUST-00529,40.15
7/1/2024,CUST-00529,40.15
8/1/2024,CUST-00529,40.15
9/1/2024,CUST-00529,40.15
10/1/2024,CUST-00529,40.15
11/1/2024,CUST-00529,40.15
12/1/2024,CUST-00529,40.75
1/1/2025,CUST-00529,40.15
2/1/2025,CUST-00529,40.15
3/1/2025,CUST-00529,40.15
4/1/2025,CUST-00529,40.15
5/1/2025,CUST-00529,40.15
6/1/2025,CUST-00529,40.15
7/1/2025,CUST-00529,40.15
8/1/2025,CUST-00529,40.15
9/1/2025,CUST-00529,40.15
10/1/2025,CUST-00529,40.15
11/1/2025,CUST-00529,40.15
12/1/2025,CUST-00529,40.75
3/1/2025,CUST-00530,37.97
4/1/2025,CUST-00530,37.97
5/1/2025,CUST-00530,37.97
6/1/2025,CUST-00530,37.97
3/1/2022,CUST-00531,108.14
4/1/2022,CUST-00531,108.14
5/1/2022,CUST-00531,108.14
6/1/2022,CUST-00531,108.14
7/1/2022,CUST-00531,108.14
8/1/2022,CUST-00531,108.14
9/1/2022,CUST-00531,108.14
10/1/2022,CUST-00531,108.14
11/1/2022,CUST-00531,108.14
12/1/2022,CUST-00531,109.76
1/1/2023,CUST-00531,108.14
2/1/2023,CUST-00531,108.14
3/1/2023,CUST-00531,108.14
4/1/2023,CUST-00531,108.14
5/1/2023,CUST-00531,108.14
6/1/2023,CUST-00531,108.14
7/1/2023,CUST-00531,108.14
8/1/2023,CUST-00531,108.14
9/1/2023,CUST-00531,108.14
10/1/2023,CUST-00531,108.14
11/1/2023,CUST-00531,108.14
12/1/2023,CUST-00531,109.76
1/1/2024,CUST-00531,108.14
2/1/2024,CUST-00531,108.14
3/1/2024,CUST-00531,108.14
4/1/2024,CUST-00531,108.14
5/1/2024,CUST-00531,108.14
6/1/2024,CUST-00531,108.14
7/1/2024,CUST-00531,108.14
8/1/2024,CUST-00531,108.14
9/1/2024,CUST-00531,108.14
10/1/2024,CUST-00531,108.14
11/1/2024,CUST-00531,108.14
12/1/2024,CUST-00531,109.76
1/1/2025,CUST-00531,108.14
2/1/2025,CUST-00531,108.14
3/1/2025,CUST-00531,108.14
4/1/2025,CUST-00531,108.14
5/1/2025,CUST-00531,108.14
6/1/2025,CUST-00531,108.14
7/1/2025,CUST-00531,108.14
8/1/2025,CUST-00531,108.14
9/1/2025,CUST-00531,108.14
10/1/2025,CUST-00531,108.14
11/1/2025,CUST-00531,108.14
12/1/2025,CUST-00531,109.76
4/1/2024,CUST-00532,70.73
5/1/2024,CUST-00532,70.73
6/1/2024,CUST-00532,70.73
7/1/2024,CUST-00532,70.73
8/1/2024,CUST-00532,70.73
9/1/2024,CUST-00532,70.73
10/1/2024,CUST-00532,70.73
11/1/2024,CUST-00532,70.73
12/1/2024,CUST-00532,71.79
1/1/2025,CUST-00532,70.73
2/1/2025,CUST-00532,70.73
3/1/2025,CUST-00532,70.73
4/1/2025,CUST-00532,70.73
5/1/2025,CUST-00532,70.73
6/1/2025,CUST-00532,70.73
7/1/2025,CUST-00532,70.73
8/1/2025,CUST-00532,70.73
9/1/2025,CUST-00532,70.73
10/1/2025,CUST-00532,70.73
11/1/2025,CUST-00532,70.73
12/1/2025,CUST-00532,71.79
2/1/2022,CUST-00533,39.09
3/1/2022,CUST-00533,39.09
4/1/2022,CUST-00533,39.09
5/1/2022,CUST-00533,39.09
6/1/2022,CUST-00533,39.09
7/1/2022,CUST-00533,39.09
8/1/2022,CUST-00533,39.09
9/1/2022,CUST-00533,39.09
10/1/2022,CUST-00533,39.09
11/1/2022,CUST-00533,39.09
12/1/2022,CUST-00533,39.68
1/1/2023,CUST-00533,39.09
2/1/2023,CUST-00533,39.09
3/1/2023,CUST-00533,39.09
4/1/2023,CUST-00533,39.09
5/1/2023,CUST-00533,39.09
6/1/2023,CUST-00533,39.09
7/1/2023,CUST-00533,39.09
8/1/2023,CUST-00533,39.09
9/1/2023,CUST-00533,39.09
10/1/2023,CUST-00533,39.09
11/1/2023,CUST-00533,39.09
12/1/2023,CUST-00533,39.68
1/1/2024,CUST-00533,39.09
2/1/2024,CUST-00533,39.09
3/1/2024,CUST-00533,39.09
4/1/2024,CUST-00533,39.09
5/1/2024,CUST-00533,39.09
6/1/2024,CUST-00533,39.09
7/1/2024,CUST-00533,39.09
8/1/2024,CUST-00533,39.09
9/1/2024,CUST-00533,39.09
10/1/2024,CUST-00533,39.09
11/1/2024,CUST-00533,39.09
12/1/2024,CUST-00533,39.68
1/1/2025,CUST-00533,39.09
2/1/2025,CUST-00533,39.09
3/1/2025,CUST-00533,39.09
4/1/2025,CUST-00533,39.09
5/1/2025,CUST-00533,39.09
6/1/2025,CUST-00533,39.09
7/1/2025,CUST-00533,39.09
8/1/2025,CUST-00533,39.09
9/1/2025,CUST-00533,39.09
10/1/2025,CUST-00533,39.09
11/1/2025,CUST-00533,39.09
12/1/2025,CUST-00533,39.68
10/1/2023,CUST-00534,106.58
11/1/2023,CUST-00534,106.58
12/1/2023,CUST-00534,108.18
1/1/2024,CUST-00534,106.58
2/1/2024,CUST-00534,106.58
3/1/2024,CUST-00534,106.58
4/1/2024,CUST-00534,106.58
5/1/2024,CUST-00534,106.58
6/1/2024,CUST-00534,106.58
7/1/2024,CUST-00534,106.58
8/1/2024,CUST-00534,106.58
9/1/2024,CUST-00534,106.58
10/1/2024,CUST-00534,106.58
11/1/2024,CUST-00534,106.58
12/1/2024,CUST-00534,108.18
1/1/2025,CUST-00534,106.58
2/1/2025,CUST-00534,106.58
3/1/2025,CUST-00534,106.58
4/1/2025,CUST-00534,106.58
5/1/2025,CUST-00534,106.58
6/1/2025,CUST-00534,106.58
7/1/2025,CUST-00534,106.58
8/1/2025,CUST-00534,106.58
9/1/2025,CUST-00534,106.58
10/1/2025,CUST-00534,106.58
11/1/2025,CUST-00534,106.58
12/1/2025,CUST-00534,108.18
7/1/2025,CUST-00535,120.96
8/1/2025,CUST-00535,120.96
9/1/2025,CUST-00535,120.96
10/1/2025,CUST-00535,120.96
11/1/2025,CUST-00535,120.96
3/1/2023,CUST-00536,66.67
4/1/2023,CUST-00536,66.67
5/1/2023,CUST-00536,66.67
6/1/2023,CUST-00536,66.67
7/1/2023,CUST-00536,66.67
8/1/2023,CUST-00536,66.67
9/1/2023,CUST-00536,66.67
10/1/2023,CUST-00536,66.67
11/1/2023,CUST-00536,66.67
12/1/2023,CUST-00536,67.67
1/1/2024,CUST-00536,66.67
2/1/2024,CUST-00536,66.67
3/1/2024,CUST-00536,66.67
4/1/2024,CUST-00536,66.67
5/1/2024,CUST-00536,66.67
6/1/2024,CUST-00536,66.67
7/1/2024,CUST-00536,66.67
8/1/2024,CUST-00536,66.67
9/1/2024,CUST-00536,66.67
10/1/2024,CUST-00536,66.67
11/1/2024,CUST-00536,66.67
12/1/2024,CUST-00536,67.67
1/1/2025,CUST-00536,66.67
2/1/2025,CUST-00536,66.67
3/1/2025,CUST-00536,66.67
4/1/2025,CUST-00536,66.67
5/1/2025,CUST-00536,66.67
6/1/2025,CUST-00536,66.67
7/1/2025,CUST-00536,66.67
8/1/2025,CUST-00536,66.67
9/1/2025,CUST-00536,66.67
10/1/2025,CUST-00536,66.67
11/1/2025,CUST-00536,66.67
12/1/2025,CUST-00536,67.67
2/1/2023,CUST-00537,113.25
3/1/2023,CUST-00537,113.25
4/1/2023,CUST-00537,113.25
5/1/2023,CUST-00537,113.25
6/1/2023,CUST-00537,113.25
7/1/2023,CUST-00537,113.25
8/1/2023,CUST-00537,113.25
9/1/2023,CUST-00537,113.25
10/1/2023,CUST-00537,113.25
11/1/2023,CUST-00537,113.25
12/1/2023,CUST-00537,114.95
1/1/2024,CUST-00537,113.25
2/1/2024,CUST-00537,113.25
3/1/2024,CUST-00537,113.25
4/1/2024,CUST-00537,113.25
5/1/2024,CUST-00537,113.25
6/1/2024,CUST-00537,113.25
7/1/2024,CUST-00537,113.25
8/1/2024,CUST-00537,113.25
9/1/2024,CUST-00537,113.25
10/1/2024,CUST-00537,113.25
11/1/2024,CUST-00537,113.25
12/1/2024,CUST-00537,114.95
1/1/2025,CUST-00537,113.25
2/1/2025,CUST-00537,113.25
3/1/2025,CUST-00537,113.25
4/1/2025,CUST-00537,113.25
5/1/2025,CUST-00537,113.25
6/1/2025,CUST-00537,113.25
7/1/2025,CUST-00537,113.25
8/1/2025,CUST-00537,113.25
9/1/2025,CUST-00537,113.25
10/1/2025,CUST-00537,113.25
11/1/2025,CUST-00537,113.25
12/1/2025,CUST-00537,114.95
5/1/2024,CUST-00538,47.26
6/1/2024,CUST-00538,47.26
7/1/2024,CUST-00538,47.26
8/1/2024,CUST-00538,47.26
9/1/2024,CUST-00538,47.26
10/1/2024,CUST-00538,47.26
11/1/2024,CUST-00538,47.26
12/1/2024,CUST-00538,47.97
1/1/2025,CUST-00538,47.26
2/1/2025,CUST-00538,47.26
3/1/2025,CUST-00538,47.26
4/1/2025,CUST-00538,47.26
5/1/2025,CUST-00538,47.26
6/1/2025,CUST-00538,47.26
7/1/2025,CUST-00538,47.26
7/1/2024,CUST-00539,117.99
8/1/2024,CUST-00539,117.99
9/1/2024,CUST-00539,117.99
10/1/2024,CUST-00539,117.99
11/1/2024,CUST-00539,117.99
12/1/2024,CUST-00539,119.76
1/1/2025,CUST-00539,117.99
2/1/2025,CUST-00539,117.99
3/1/2025,CUST-00539,117.99
4/1/2025,CUST-00539,117.99
9/1/2023,CUST-00540,77.65
10/1/2023,CUST-00540,77.65
11/1/2023,CUST-00540,77.65
12/1/2023,CUST-00540,78.81
1/1/2024,CUST-00540,77.65
2/1/2024,CUST-00540,77.65
3/1/2024,CUST-00540,77.65
4/1/2024,CUST-00540,77.65
5/1/2024,CUST-00540,77.65
6/1/2024,CUST-00540,77.65
7/1/2024,CUST-00540,77.65
8/1/2024,CUST-00540,77.65
9/1/2024,CUST-00540,77.65
10/1/2024,CUST-00540,77.65
11/1/2024,CUST-00540,77.65
12/1/2024,CUST-00540,78.81
1/1/2025,CUST-00540,77.65
2/1/2025,CUST-00540,77.65
3/1/2025,CUST-00540,77.65
4/1/2025,CUST-00540,77.65
5/1/2025,CUST-00540,77.65
6/1/2025,CUST-00540,77.65
7/1/2025,CUST-00540,77.65
8/1/2025,CUST-00540,77.65
9/1/2025,CUST-00540,77.65
10/1/2025,CUST-00540,77.65
11/1/2025,CUST-00540,77.65
12/1/2025,CUST-00540,78.81
10/1/2024,CUST-00541,79.74
11/1/2024,CUST-00541,79.74
12/1/2024,CUST-00541,80.94
1/1/2025,CUST-00541,79.74
2/1/2025,CUST-00541,79.74
3/1/2025,CUST-00541,79.74
4/1/2025,CUST-00541,79.74
5/1/2025,CUST-00541,79.74
6/1/2025,CUST-00541,79.74
7/1/2025,CUST-00541,79.74
8/1/2025,CUST-00541,79.74
9/1/2025,CUST-00541,79.74
10/1/2025,CUST-00541,79.74
11/1/2025,CUST-00541,79.74
12/1/2025,CUST-00541,80.94
5/1/2024,CUST-00542,63.8
6/1/2024,CUST-00542,63.8
7/1/2024,CUST-00542,63.8
8/1/2024,CUST-00542,63.8
9/1/2024,CUST-00542,63.8
10/1/2024,CUST-00542,63.8
11/1/2024,CUST-00542,63.8
12/1/2024,CUST-00542,64.76
1/1/2025,CUST-00542,63.8
2/1/2025,CUST-00542,63.8
3/1/2025,CUST-00542,63.8
4/1/2025,CUST-00542,63.8
5/1/2025,CUST-00542,63.8
6/1/2025,CUST-00542,63.8
4/1/2022,CUST-00543,83.44
5/1/2022,CUST-00543,83.44
6/1/2022,CUST-00543,83.44
7/1/2022,CUST-00543,83.44
8/1/2022,CUST-00543,83.44
9/1/2022,CUST-00543,83.44
10/1/2022,CUST-00543,83.44
11/1/2022,CUST-00543,83.44
12/1/2022,CUST-00543,84.69
1/1/2023,CUST-00543,83.44
2/1/2023,CUST-00543,83.44
3/1/2023,CUST-00543,83.44
4/1/2023,CUST-00543,83.44
5/1/2023,CUST-00543,83.44
6/1/2023,CUST-00543,83.44
7/1/2023,CUST-00543,83.44
8/1/2023,CUST-00543,83.44
9/1/2023,CUST-00543,83.44
10/1/2023,CUST-00543,83.44
11/1/2023,CUST-00543,83.44
12/1/2023,CUST-00543,84.69
1/1/2024,CUST-00543,83.44
2/1/2024,CUST-00543,83.44
3/1/2024,CUST-00543,83.44
4/1/2024,CUST-00543,83.44
5/1/2024,CUST-00543,83.44
6/1/2024,CUST-00543,83.44
7/1/2024,CUST-00543,83.44
8/1/2024,CUST-00543,83.44
9/1/2024,CUST-00543,83.44
10/1/2024,CUST-00543,83.44
11/1/2024,CUST-00543,83.44
12/1/2024,CUST-00543,84.69
1/1/2025,CUST-00543,83.44
2/1/2025,CUST-00543,83.44
3/1/2025,CUST-00543,83.44
4/1/2025,CUST-00543,83.44
5/1/2025,CUST-00543,83.44
6/1/2025,CUST-00543,83.44
7/1/2025,CUST-00543,83.44
8/1/2025,CUST-00543,83.44
9/1/2025,CUST-00543,83.44
10/1/2025,CUST-00543,83.44
11/1/2025,CUST-00543,83.44
12/1/2025,CUST-00543,84.69
1/1/2024,CUST-00544,43.6
2/1/2024,CUST-00544,43.6
3/1/2024,CUST-00544,43.6
4/1/2024,CUST-00544,43.6
5/1/2024,CUST-00544,43.6
6/1/2024,CUST-00544,43.6
7/1/2024,CUST-00544,43.6
8/1/2024,CUST-00544,43.6
9/1/2024,CUST-00544,43.6
10/1/2024,CUST-00544,43.6
11/1/2024,CUST-00544,43.6
12/1/2024,CUST-00544,44.25
1/1/2025,CUST-00544,43.6
2/1/2025,CUST-00544,43.6
3/1/2025,CUST-00544,43.6
4/1/2025,CUST-00544,43.6
5/1/2025,CUST-00544,43.6
6/1/2025,CUST-00544,43.6
7/1/2025,CUST-00544,43.6
8/1/2025,CUST-00544,43.6
9/1/2025,CUST-00544,43.6
10/1/2025,CUST-00544,43.6
11/1/2025,CUST-00544,43.6
12/1/2025,CUST-00544,44.25
11/1/2023,CUST-00545,55.09
12/1/2023,CUST-00545,55.92
1/1/2024,CUST-00545,55.09
2/1/2024,CUST-00545,55.09
3/1/2024,CUST-00545,55.09
4/1/2024,CUST-00545,55.09
5/1/2024,CUST-00545,55.09
6/1/2024,CUST-00545,55.09
7/1/2024,CUST-00545,55.09
8/1/2024,CUST-00545,55.09
9/1/2024,CUST-00545,55.09
10/1/2024,CUST-00545,55.09
11/1/2024,CUST-00545,55.09
12/1/2024,CUST-00545,55.92
1/1/2025,CUST-00545,55.09
2/1/2025,CUST-00545,55.09
3/1/2025,CUST-00545,55.09
4/1/2025,CUST-00545,55.09
5/1/2025,CUST-00545,55.09
6/1/2025,CUST-00545,55.09
12/1/2023,CUST-00546,81.97
1/1/2024,CUST-00546,80.76
2/1/2024,CUST-00546,80.76
3/1/2024,CUST-00546,80.76
4/1/2024,CUST-00546,80.76
5/1/2024,CUST-00546,80.76
6/1/2024,CUST-00546,80.76
7/1/2024,CUST-00546,80.76
10/1/2024,CUST-00547,74.27
11/1/2024,CUST-00547,74.27
12/1/2024,CUST-00547,75.38
1/1/2025,CUST-00547,74.27
2/1/2025,CUST-00547,74.27
3/1/2025,CUST-00547,74.27
4/1/2025,CUST-00547,74.27
5/1/2025,CUST-00547,74.27
6/1/2025,CUST-00547,74.27
7/1/2025,CUST-00547,74.27
8/1/2025,CUST-00547,74.27
9/1/2025,CUST-00547,74.27
10/1/2025,CUST-00547,74.27
11/1/2025,CUST-00547,74.27
12/1/2025,CUST-00547,75.38
10/1/2023,CUST-00548,43.74
11/1/2023,CUST-00548,43.74
12/1/2023,CUST-00548,44.4
1/1/2024,CUST-00548,43.74
2/1/2024,CUST-00548,43.74
3/1/2024,CUST-00548,43.74
4/1/2024,CUST-00548,43.74
5/1/2024,CUST-00548,43.74
6/1/2024,CUST-00548,43.74
7/1/2024,CUST-00548,43.74
8/1/2024,CUST-00548,43.74
9/1/2024,CUST-00548,43.74
10/1/2024,CUST-00548,43.74
11/1/2024,CUST-00548,43.74
12/1/2024,CUST-00548,44.4
1/1/2025,CUST-00548,43.74
2/1/2025,CUST-00548,43.74
3/1/2025,CUST-00548,43.74
4/1/2025,CUST-00548,43.74
5/1/2025,CUST-00548,43.74
6/1/2025,CUST-00548,43.74
7/1/2025,CUST-00548,43.74
8/1/2025,CUST-00548,43.74
9/1/2025,CUST-00548,43.74
10/1/2025,CUST-00548,43.74
11/1/2025,CUST-00548,43.74
12/1/2025,CUST-00548,44.4
11/1/2024,CUST-00549,93.87
12/1/2024,CUST-00549,95.28
1/1/2025,CUST-00549,93.87
2/1/2025,CUST-00549,93.87
3/1/2025,CUST-00549,93.87
4/1/2025,CUST-00549,93.87
5/1/2025,CUST-00549,93.87
6/1/2025,CUST-00549,93.87
7/1/2025,CUST-00549,93.87
8/1/2025,CUST-00549,93.87
9/1/2025,CUST-00549,93.87
10/1/2025,CUST-00549,93.87
11/1/2025,CUST-00549,93.87
12/1/2025,CUST-00549,95.28
10/1/2023,CUST-00550,111.35
11/1/2023,CUST-00550,111.35
12/1/2023,CUST-00550,113.02
1/1/2024,CUST-00550,111.35
2/1/2024,CUST-00550,111.35
3/1/2024,CUST-00550,111.35
4/1/2024,CUST-00550,111.35
5/1/2024,CUST-00550,111.35
6/1/2024,CUST-00550,111.35
7/1/2024,CUST-00550,111.35
8/1/2024,CUST-00550,111.35
9/1/2024,CUST-00550,111.35
10/1/2024,CUST-00550,111.35
11/1/2024,CUST-00550,111.35
12/1/2024,CUST-00550,113.02
1/1/2025,CUST-00550,111.35
2/1/2025,CUST-00550,111.35
3/1/2025,CUST-00550,111.35
4/1/2025,CUST-00550,111.35
5/1/2025,CUST-00550,111.35
6/1/2025,CUST-00550,111.35
7/1/2025,CUST-00550,111.35
8/1/2025,CUST-00550,111.35
9/1/2025,CUST-00550,111.35
10/1/2025,CUST-00550,111.35
11/1/2025,CUST-00550,111.35
12/1/2025,CUST-00550,113.02
12/1/2022,CUST-00551,106.77
1/1/2023,CUST-00551,105.19
2/1/2023,CUST-00551,105.19
3/1/2023,CUST-00551,105.19
4/1/2023,CUST-00551,105.19
5/1/2023,CUST-00551,105.19
6/1/2023,CUST-00551,105.19
7/1/2023,CUST-00551,105.19
8/1/2023,CUST-00551,105.19
9/1/2023,CUST-00551,105.19
10/1/2023,CUST-00551,105.19
11/1/2023,CUST-00551,105.19
12/1/2023,CUST-00551,106.77
1/1/2024,CUST-00551,105.19
2/1/2024,CUST-00551,105.19
3/1/2024,CUST-00551,105.19
4/1/2024,CUST-00551,105.19
5/1/2024,CUST-00551,105.19
6/1/2024,CUST-00551,105.19
7/1/2024,CUST-00551,105.19
8/1/2024,CUST-00551,105.19
9/1/2024,CUST-00551,105.19
10/1/2024,CUST-00551,105.19
11/1/2024,CUST-00551,105.19
12/1/2024,CUST-00551,106.77
1/1/2025,CUST-00551,105.19
2/1/2025,CUST-00551,105.19
3/1/2025,CUST-00551,105.19
4/1/2025,CUST-00551,105.19
5/1/2025,CUST-00551,105.19
6/1/2025,CUST-00551,105.19
7/1/2025,CUST-00551,105.19
8/1/2025,CUST-00551,105.19
9/1/2025,CUST-00551,105.19
10/1/2025,CUST-00551,105.19
11/1/2025,CUST-00551,105.19
12/1/2025,CUST-00551,106.77
9/1/2022,CUST-00552,72.6
10/1/2022,CUST-00552,72.6
11/1/2022,CUST-00552,72.6
12/1/2022,CUST-00552,73.69
1/1/2023,CUST-00552,72.6
2/1/2023,CUST-00552,72.6
3/1/2023,CUST-00552,72.6
4/1/2023,CUST-00552,72.6
5/1/2023,CUST-00552,72.6
6/1/2023,CUST-00552,72.6
7/1/2023,CUST-00552,72.6
8/1/2023,CUST-00552,72.6
9/1/2023,CUST-00552,72.6
10/1/2023,CUST-00552,72.6
11/1/2023,CUST-00552,72.6
12/1/2023,CUST-00552,73.69
1/1/2024,CUST-00552,72.6
2/1/2024,CUST-00552,72.6
3/1/2024,CUST-00552,72.6
4/1/2024,CUST-00552,72.6
5/1/2024,CUST-00552,72.6
6/1/2024,CUST-00552,72.6
7/1/2024,CUST-00552,72.6
8/1/2024,CUST-00552,72.6
9/1/2024,CUST-00552,72.6
10/1/2024,CUST-00552,72.6
11/1/2024,CUST-00552,72.6
12/1/2024,CUST-00552,73.69
1/1/2025,CUST-00552,72.6
2/1/2025,CUST-00552,72.6
3/1/2025,CUST-00552,72.6
4/1/2025,CUST-00552,72.6
5/1/2025,CUST-00552,72.6
6/1/2025,CUST-00552,72.6
7/1/2025,CUST-00552,72.6
8/1/2025,CUST-00552,72.6
9/1/2025,CUST-00552,72.6
10/1/2025,CUST-00552,72.6
11/1/2025,CUST-00552,72.6
12/1/2025,CUST-00552,73.69
2/1/2024,CUST-00553,120.44
3/1/2024,CUST-00553,120.44
4/1/2024,CUST-00553,120.44
5/1/2024,CUST-00553,120.44
6/1/2024,CUST-00553,120.44
7/1/2024,CUST-00553,120.44
8/1/2024,CUST-00553,120.44
9/1/2024,CUST-00553,120.44
10/1/2024,CUST-00553,120.44
11/1/2024,CUST-00553,120.44
12/1/2024,CUST-00553,122.25
1/1/2025,CUST-00553,120.44
2/1/2025,CUST-00553,120.44
3/1/2025,CUST-00553,120.44
4/1/2025,CUST-00553,120.44
5/1/2025,CUST-00553,120.44
6/1/2025,CUST-00553,120.44
7/1/2025,CUST-00553,120.44
8/1/2025,CUST-00553,120.44
9/1/2025,CUST-00553,120.44
10/1/2025,CUST-00553,120.44
11/1/2025,CUST-00553,120.44
12/1/2025,CUST-00553,122.25
7/1/2025,CUST-00554,83.8
8/1/2025,CUST-00554,83.8
9/1/2025,CUST-00554,83.8
10/1/2025,CUST-00554,83.8
11/1/2025,CUST-00554,83.8
12/1/2025,CUST-00554,85.06
12/1/2022,CUST-00555,99.64
1/1/2023,CUST-00555,98.17
2/1/2023,CUST-00555,98.17
3/1/2023,CUST-00555,98.17
4/1/2023,CUST-00555,98.17
5/1/2023,CUST-00555,98.17
6/1/2023,CUST-00555,98.17
7/1/2023,CUST-00555,98.17
8/1/2023,CUST-00555,98.17
9/1/2023,CUST-00555,98.17
10/1/2023,CUST-00555,98.17
11/1/2023,CUST-00555,98.17
12/1/2023,CUST-00555,99.64
1/1/2024,CUST-00555,98.17
2/1/2024,CUST-00555,98.17
3/1/2024,CUST-00555,98.17
4/1/2024,CUST-00555,98.17
5/1/2024,CUST-00555,98.17
6/1/2024,CUST-00555,98.17
7/1/2024,CUST-00555,98.17
8/1/2024,CUST-00555,98.17
9/1/2024,CUST-00555,98.17
10/1/2024,CUST-00555,98.17
11/1/2024,CUST-00555,98.17
12/1/2024,CUST-00555,99.64
1/1/2025,CUST-00555,98.17
2/1/2025,CUST-00555,98.17
3/1/2025,CUST-00555,98.17
4/1/2025,CUST-00555,98.17
5/1/2025,CUST-00555,98.17
6/1/2025,CUST-00555,98.17
7/1/2025,CUST-00555,98.17
8/1/2025,CUST-00555,98.17
9/1/2025,CUST-00555,98.17
10/1/2025,CUST-00555,98.17
11/1/2025,CUST-00555,98.17
12/1/2025,CUST-00555,99.64
11/1/2024,CUST-00556,71.4
12/1/2024,CUST-00556,72.47
1/1/2025,CUST-00556,71.4
2/1/2025,CUST-00556,71.4
3/1/2025,CUST-00556,71.4
4/1/2025,CUST-00556,71.4
5/1/2025,CUST-00556,71.4
6/1/2025,CUST-00556,71.4
7/1/2025,CUST-00556,71.4
8/1/2025,CUST-00556,71.4
9/1/2025,CUST-00556,71.4
10/1/2025,CUST-00556,71.4
11/1/2025,CUST-00556,71.4
12/1/2025,CUST-00556,72.47
12/1/2023,CUST-00557,53.6
1/1/2024,CUST-00557,52.81
2/1/2024,CUST-00557,52.81
3/1/2024,CUST-00557,52.81
4/1/2024,CUST-00557,52.81
5/1/2024,CUST-00557,52.81
6/1/2024,CUST-00557,52.81
7/1/2024,CUST-00557,52.81
8/1/2024,CUST-00557,52.81
9/1/2024,CUST-00557,52.81
10/1/2024,CUST-00557,52.81
11/1/2024,CUST-00557,52.81
12/1/2024,CUST-00557,53.6
1/1/2025,CUST-00557,52.81
2/1/2025,CUST-00557,52.81
3/1/2025,CUST-00557,52.81
4/1/2025,CUST-00557,52.81
5/1/2025,CUST-00557,52.81
6/1/2025,CUST-00557,52.81
7/1/2025,CUST-00557,52.81
8/1/2025,CUST-00557,52.81
9/1/2025,CUST-00557,52.81
10/1/2025,CUST-00557,52.81
11/1/2025,CUST-00557,52.81
12/1/2025,CUST-00557,53.6
6/1/2024,CUST-00558,46.93
7/1/2024,CUST-00558,46.93
8/1/2024,CUST-00558,46.93
9/1/2024,CUST-00558,46.93
10/1/2024,CUST-00558,46.93
11/1/2024,CUST-00558,46.93
12/1/2024,CUST-00558,47.63
1/1/2025,CUST-00558,46.93
2/1/2025,CUST-00558,46.93
3/1/2025,CUST-00558,46.93
4/1/2025,CUST-00558,46.93
5/1/2025,CUST-00558,46.93
6/1/2025,CUST-00558,46.93
7/1/2025,CUST-00558,46.93
8/1/2025,CUST-00558,46.93
9/1/2025,CUST-00558,46.93
10/1/2025,CUST-00558,46.93
11/1/2025,CUST-00558,46.93
12/1/2025,CUST-00558,47.63
2/1/2024,CUST-00559,76.24
3/1/2024,CUST-00559,76.24
4/1/2024,CUST-00559,76.24
5/1/2024,CUST-00559,76.24
6/1/2024,CUST-00559,76.24
7/1/2024,CUST-00559,76.24
8/1/2024,CUST-00559,76.24
9/1/2024,CUST-00559,76.24
10/1/2024,CUST-00559,76.24
11/1/2024,CUST-00559,76.24
12/1/2024,CUST-00559,77.38
1/1/2025,CUST-00559,76.24
2/1/2025,CUST-00559,76.24
3/1/2025,CUST-00559,76.24
4/1/2025,CUST-00559,76.24
5/1/2025,CUST-00559,76.24
6/1/2025,CUST-00559,76.24
7/1/2025,CUST-00559,76.24
8/1/2025,CUST-00559,76.24
9/1/2025,CUST-00559,76.24
10/1/2025,CUST-00559,76.24
11/1/2025,CUST-00559,76.24
12/1/2025,CUST-00559,77.38
12/1/2022,CUST-00560,45.96
1/1/2023,CUST-00560,45.28
2/1/2023,CUST-00560,45.28
12/1/2023,CUST-00561,64.85
1/1/2024,CUST-00561,63.89
2/1/2024,CUST-00561,63.89
3/1/2024,CUST-00561,63.89
4/1/2024,CUST-00561,63.89
5/1/2024,CUST-00561,63.89
6/1/2024,CUST-00561,63.89
7/1/2024,CUST-00561,63.89
8/1/2024,CUST-00561,63.89
9/1/2024,CUST-00561,63.89
10/1/2024,CUST-00561,63.89
11/1/2024,CUST-00561,63.89
12/1/2024,CUST-00561,64.85
1/1/2025,CUST-00561,63.89
4/1/2024,CUST-00562,131.86
5/1/2024,CUST-00562,131.86
6/1/2024,CUST-00562,131.86
7/1/2024,CUST-00562,131.86
8/1/2024,CUST-00562,131.86
9/1/2024,CUST-00562,131.86
10/1/2024,CUST-00562,131.86
11/1/2024,CUST-00562,131.86
12/1/2024,CUST-00562,133.84
1/1/2025,CUST-00562,131.86
2/1/2025,CUST-00562,131.86
3/1/2025,CUST-00562,131.86
4/1/2025,CUST-00562,131.86
5/1/2025,CUST-00562,131.86
6/1/2025,CUST-00562,131.86
7/1/2025,CUST-00562,131.86
8/1/2025,CUST-00562,131.86
9/1/2025,CUST-00562,131.86
10/1/2025,CUST-00562,131.86
11/1/2025,CUST-00562,131.86
12/1/2025,CUST-00562,133.84
9/1/2023,CUST-00563,71.79
10/1/2023,CUST-00563,71.79
11/1/2023,CUST-00563,71.79
12/1/2023,CUST-00563,72.87
1/1/2024,CUST-00563,71.79
2/1/2024,CUST-00563,71.79
3/1/2024,CUST-00563,71.79
4/1/2024,CUST-00563,71.79
5/1/2024,CUST-00563,71.79
6/1/2024,CUST-00563,71.79
7/1/2024,CUST-00563,71.79
8/1/2024,CUST-00563,71.79
9/1/2024,CUST-00563,71.79
10/1/2024,CUST-00563,71.79
11/1/2024,CUST-00563,71.79
12/1/2024,CUST-00563,72.87
1/1/2025,CUST-00563,71.79
2/1/2025,CUST-00563,71.79
3/1/2025,CUST-00563,71.79
1/1/2024,CUST-00564,37.42
2/1/2024,CUST-00564,37.42
3/1/2024,CUST-00564,37.42
4/1/2024,CUST-00564,37.42
5/1/2024,CUST-00564,37.42
6/1/2024,CUST-00564,37.42
7/1/2024,CUST-00564,37.42
8/1/2024,CUST-00564,37.42
9/1/2024,CUST-00564,37.42
10/1/2024,CUST-00564,37.42
11/1/2024,CUST-00564,37.42
12/1/2024,CUST-00564,37.98
1/1/2025,CUST-00564,37.42
2/1/2025,CUST-00564,37.42
3/1/2025,CUST-00564,37.42
4/1/2025,CUST-00564,37.42
5/1/2025,CUST-00564,37.42
6/1/2025,CUST-00564,37.42
7/1/2025,CUST-00564,37.42
8/1/2025,CUST-00564,37.42
9/1/2025,CUST-00564,37.42
10/1/2025,CUST-00564,37.42
11/1/2025,CUST-00564,37.42
12/1/2025,CUST-00564,37.98
11/1/2022,CUST-00565,120.89
12/1/2022,CUST-00565,122.7
1/1/2023,CUST-00565,120.89
2/1/2023,CUST-00565,120.89
3/1/2023,CUST-00565,120.89
4/1/2023,CUST-00565,120.89
5/1/2023,CUST-00565,120.89
6/1/2023,CUST-00565,120.89
7/1/2023,CUST-00565,120.89
8/1/2023,CUST-00565,120.89
9/1/2023,CUST-00565,120.89
10/1/2023,CUST-00565,120.89
11/1/2023,CUST-00565,120.89
12/1/2023,CUST-00565,122.7
1/1/2024,CUST-00565,120.89
2/1/2024,CUST-00565,120.89
3/1/2024,CUST-00565,120.89
4/1/2024,CUST-00565,120.89
5/1/2024,CUST-00565,120.89
6/1/2024,CUST-00565,120.89
7/1/2024,CUST-00565,120.89
8/1/2024,CUST-00565,120.89
9/1/2024,CUST-00565,120.89
10/1/2024,CUST-00565,120.89
11/1/2024,CUST-00565,120.89
12/1/2024,CUST-00565,122.7
1/1/2025,CUST-00565,120.89
2/1/2025,CUST-00565,120.89
3/1/2025,CUST-00565,120.89
4/1/2025,CUST-00565,120.89
5/1/2025,CUST-00565,120.89
6/1/2025,CUST-00565,120.89
7/1/2025,CUST-00565,120.89
8/1/2025,CUST-00565,120.89
9/1/2025,CUST-00565,120.89
10/1/2025,CUST-00565,120.89
11/1/2025,CUST-00565,120.89
12/1/2025,CUST-00565,122.7
8/1/2024,CUST-00566,85.99
9/1/2024,CUST-00566,85.99
10/1/2024,CUST-00566,85.99
11/1/2024,CUST-00566,85.99
12/1/2024,CUST-00566,87.28
1/1/2025,CUST-00566,85.99
2/1/2025,CUST-00566,85.99
3/1/2025,CUST-00566,85.99
4/1/2025,CUST-00566,85.99
5/1/2025,CUST-00566,85.99
6/1/2025,CUST-00566,85.99
7/1/2025,CUST-00566,85.99
8/1/2025,CUST-00566,85.99
9/1/2025,CUST-00566,85.99
10/1/2025,CUST-00566,85.99
11/1/2025,CUST-00566,85.99
12/1/2025,CUST-00566,87.28
2/1/2023,CUST-00567,63.2
3/1/2023,CUST-00567,63.2
4/1/2023,CUST-00567,63.2
5/1/2023,CUST-00567,63.2
6/1/2023,CUST-00567,63.2
7/1/2023,CUST-00567,63.2
1/1/2022,CUST-00568,116.83
2/1/2022,CUST-00568,116.83
3/1/2022,CUST-00568,116.83
4/1/2022,CUST-00568,116.83
5/1/2022,CUST-00568,116.83
6/1/2022,CUST-00568,116.83
7/1/2022,CUST-00568,116.83
8/1/2022,CUST-00568,116.83
9/1/2022,CUST-00568,116.83
10/1/2022,CUST-00568,116.83
11/1/2022,CUST-00568,116.83
12/1/2022,CUST-00568,118.58
1/1/2023,CUST-00568,116.83
2/1/2023,CUST-00568,116.83
3/1/2023,CUST-00568,116.83
4/1/2023,CUST-00568,116.83
5/1/2023,CUST-00568,116.83
6/1/2023,CUST-00568,116.83
7/1/2023,CUST-00568,116.83
8/1/2023,CUST-00568,116.83
9/1/2023,CUST-00568,116.83
10/1/2023,CUST-00568,116.83
11/1/2023,CUST-00568,116.83
12/1/2023,CUST-00568,118.58
1/1/2024,CUST-00568,116.83
2/1/2024,CUST-00568,116.83
3/1/2024,CUST-00568,116.83
4/1/2024,CUST-00568,116.83
5/1/2024,CUST-00568,116.83
6/1/2024,CUST-00568,116.83
7/1/2024,CUST-00568,116.83
8/1/2024,CUST-00568,116.83
9/1/2024,CUST-00568,116.83
10/1/2024,CUST-00568,116.83
11/1/2024,CUST-00568,116.83
12/1/2024,CUST-00568,118.58
1/1/2025,CUST-00568,116.83
2/1/2025,CUST-00568,116.83
3/1/2025,CUST-00568,116.83
4/1/2025,CUST-00568,116.83
5/1/2025,CUST-00568,116.83
6/1/2025,CUST-00568,116.83
7/1/2025,CUST-00568,116.83
8/1/2025,CUST-00568,116.83
9/1/2025,CUST-00568,116.83
10/1/2025,CUST-00568,116.83
11/1/2025,CUST-00568,116.83
12/1/2025,CUST-00568,118.58
9/1/2022,CUST-00569,86.32
10/1/2022,CUST-00569,86.32
11/1/2022,CUST-00569,86.32
12/1/2022,CUST-00569,87.61
1/1/2023,CUST-00569,86.32
2/1/2023,CUST-00569,86.32
3/1/2023,CUST-00569,86.32
4/1/2023,CUST-00569,86.32
5/1/2023,CUST-00569,86.32
6/1/2023,CUST-00569,86.32
7/1/2023,CUST-00569,86.32
8/1/2023,CUST-00569,86.32
9/1/2023,CUST-00569,86.32
10/1/2023,CUST-00569,86.32
11/1/2023,CUST-00569,86.32
12/1/2023,CUST-00569,87.61
1/1/2024,CUST-00569,86.32
2/1/2024,CUST-00569,86.32
3/1/2024,CUST-00569,86.32
4/1/2024,CUST-00569,86.32
5/1/2024,CUST-00569,86.32
6/1/2024,CUST-00569,86.32
7/1/2024,CUST-00569,86.32
8/1/2024,CUST-00569,86.32
9/1/2024,CUST-00569,86.32
10/1/2024,CUST-00569,86.32
11/1/2024,CUST-00569,86.32
12/1/2024,CUST-00569,87.61
1/1/2025,CUST-00569,86.32
2/1/2025,CUST-00569,86.32
3/1/2025,CUST-00569,86.32
4/1/2025,CUST-00569,86.32
5/1/2025,CUST-00569,86.32
6/1/2025,CUST-00569,86.32
7/1/2025,CUST-00569,86.32
8/1/2025,CUST-00569,86.32
9/1/2025,CUST-00569,86.32
10/1/2025,CUST-00569,86.32
11/1/2025,CUST-00569,86.32
12/1/2025,CUST-00569,87.61
3/1/2022,CUST-00570,79.74
4/1/2022,CUST-00570,79.74
5/1/2022,CUST-00570,79.74
6/1/2022,CUST-00570,79.74
7/1/2022,CUST-00570,79.74
8/1/2022,CUST-00570,79.74
9/1/2022,CUST-00570,79.74
10/1/2022,CUST-00570,79.74
11/1/2022,CUST-00570,79.74
12/1/2022,CUST-00570,80.94
1/1/2023,CUST-00570,79.74
2/1/2023,CUST-00570,79.74
3/1/2023,CUST-00570,79.74
4/1/2023,CUST-00570,79.74
5/1/2023,CUST-00570,79.74
6/1/2023,CUST-00570,79.74
7/1/2023,CUST-00570,79.74
8/1/2023,CUST-00570,79.74
9/1/2023,CUST-00570,79.74
10/1/2023,CUST-00570,79.74
11/1/2023,CUST-00570,79.74
12/1/2023,CUST-00570,80.94
1/1/2024,CUST-00570,79.74
2/1/2024,CUST-00570,79.74
3/1/2024,CUST-00570,79.74
4/1/2024,CUST-00570,79.74
5/1/2024,CUST-00570,79.74
6/1/2024,CUST-00570,79.74
7/1/2024,CUST-00570,79.74
8/1/2024,CUST-00570,79.74
9/1/2024,CUST-00570,79.74
10/1/2024,CUST-00570,79.74
11/1/2024,CUST-00570,79.74
12/1/2024,CUST-00570,80.94
1/1/2025,CUST-00570,79.74
2/1/2025,CUST-00570,79.74
3/1/2025,CUST-00570,79.74
4/1/2025,CUST-00570,79.74
5/1/2025,CUST-00570,79.74
6/1/2025,CUST-00570,79.74
7/1/2025,CUST-00570,79.74
8/1/2025,CUST-00570,79.74
9/1/2025,CUST-00570,79.74
10/1/2025,CUST-00570,79.74
11/1/2025,CUST-00570,79.74
12/1/2025,CUST-00570,80.94
1/1/2025,CUST-00571,80.15
2/1/2025,CUST-00571,80.15
3/1/2025,CUST-00571,80.15
4/1/2025,CUST-00571,80.15
5/1/2025,CUST-00571,80.15
4/1/2025,CUST-00572,96.51
5/1/2025,CUST-00572,96.51
6/1/2025,CUST-00572,96.51
7/1/2025,CUST-00572,96.51
8/1/2025,CUST-00572,96.51
9/1/2025,CUST-00572,96.51
10/1/2025,CUST-00572,96.51
11/1/2025,CUST-00572,96.51
12/1/2025,CUST-00572,97.96
1/1/2024,CUST-00573,66.62
2/1/2024,CUST-00573,66.62
3/1/2024,CUST-00573,66.62
4/1/2024,CUST-00573,66.62
5/1/2024,CUST-00573,66.62
6/1/2024,CUST-00573,66.62
7/1/2024,CUST-00573,66.62
8/1/2024,CUST-00573,66.62
9/1/2024,CUST-00573,66.62
10/1/2024,CUST-00573,66.62
11/1/2024,CUST-00573,66.62
12/1/2024,CUST-00573,67.62
1/1/2025,CUST-00573,66.62
2/1/2025,CUST-00573,66.62
3/1/2025,CUST-00573,66.62
4/1/2025,CUST-00573,66.62
5/1/2025,CUST-00573,66.62
6/1/2025,CUST-00573,66.62
7/1/2025,CUST-00573,66.62
8/1/2025,CUST-00573,66.62
9/1/2025,CUST-00573,66.62
10/1/2025,CUST-00573,66.62
11/1/2025,CUST-00573,66.62
12/1/2025,CUST-00573,67.62
8/1/2025,CUST-00574,70.28
9/1/2025,CUST-00574,70.28
10/1/2025,CUST-00574,70.28
11/1/2025,CUST-00574,70.28
12/1/2025,CUST-00574,71.33
2/1/2024,CUST-00575,59.03
3/1/2024,CUST-00575,59.03
4/1/2024,CUST-00575,59.03
5/1/2024,CUST-00575,59.03
6/1/2024,CUST-00575,59.03
7/1/2024,CUST-00575,59.03
8/1/2024,CUST-00575,59.03
9/1/2024,CUST-00575,59.03
10/1/2024,CUST-00575,59.03
11/1/2024,CUST-00575,59.03
12/1/2024,CUST-00575,59.92
1/1/2025,CUST-00575,59.03
2/1/2025,CUST-00575,59.03
3/1/2025,CUST-00575,59.03
4/1/2025,CUST-00575,59.03
5/1/2025,CUST-00575,59.03
6/1/2025,CUST-00575,59.03
7/1/2025,CUST-00575,59.03
8/1/2025,CUST-00575,59.03
9/1/2025,CUST-00575,59.03
10/1/2025,CUST-00575,59.03
11/1/2025,CUST-00575,59.03
12/1/2025,CUST-00575,59.92
3/1/2024,CUST-00576,54.86
4/1/2024,CUST-00576,54.86
5/1/2024,CUST-00576,54.86
6/1/2024,CUST-00576,54.86
7/1/2024,CUST-00576,54.86
8/1/2024,CUST-00576,54.86
9/1/2024,CUST-00576,54.86
10/1/2024,CUST-00576,54.86
11/1/2024,CUST-00576,54.86
12/1/2024,CUST-00576,55.68
4/1/2022,CUST-00577,49.74
5/1/2022,CUST-00577,49.74
6/1/2022,CUST-00577,49.74
7/1/2022,CUST-00577,49.74
8/1/2022,CUST-00577,49.74
9/1/2022,CUST-00577,49.74
10/1/2022,CUST-00577,49.74
11/1/2022,CUST-00577,49.74
12/1/2022,CUST-00577,50.49
1/1/2023,CUST-00577,49.74
2/1/2023,CUST-00577,49.74
3/1/2023,CUST-00577,49.74
4/1/2023,CUST-00577,49.74
5/1/2023,CUST-00577,49.74
6/1/2023,CUST-00577,49.74
7/1/2023,CUST-00577,49.74
8/1/2023,CUST-00577,49.74
9/1/2023,CUST-00577,49.74
10/1/2023,CUST-00577,49.74
11/1/2023,CUST-00577,49.74
12/1/2023,CUST-00577,50.49
1/1/2024,CUST-00577,49.74
2/1/2024,CUST-00577,49.74
3/1/2024,CUST-00577,49.74
4/1/2024,CUST-00577,49.74
5/1/2024,CUST-00577,49.74
6/1/2024,CUST-00577,49.74
7/1/2024,CUST-00577,49.74
8/1/2024,CUST-00577,49.74
9/1/2024,CUST-00577,49.74
10/1/2024,CUST-00577,49.74
11/1/2024,CUST-00577,49.74
12/1/2024,CUST-00577,50.49
1/1/2025,CUST-00577,49.74
2/1/2025,CUST-00577,49.74
3/1/2025,CUST-00577,49.74
4/1/2025,CUST-00577,49.74
5/1/2025,CUST-00577,49.74
6/1/2025,CUST-00577,49.74
7/1/2025,CUST-00577,49.74
8/1/2025,CUST-00577,49.74
9/1/2025,CUST-00577,49.74
10/1/2025,CUST-00577,49.74
11/1/2025,CUST-00577,49.74
12/1/2025,CUST-00577,50.49
6/1/2022,CUST-00578,42.92
7/1/2022,CUST-00578,42.92
8/1/2022,CUST-00578,42.92
9/1/2022,CUST-00578,42.92
10/1/2022,CUST-00578,42.92
11/1/2022,CUST-00578,42.92
12/1/2022,CUST-00578,43.56
1/1/2023,CUST-00578,42.92
2/1/2023,CUST-00578,42.92
3/1/2023,CUST-00578,42.92
4/1/2023,CUST-00578,42.92
5/1/2023,CUST-00578,42.92
6/1/2023,CUST-00578,42.92
7/1/2023,CUST-00578,42.92
8/1/2023,CUST-00578,42.92
9/1/2023,CUST-00578,42.92
10/1/2023,CUST-00578,42.92
11/1/2023,CUST-00578,42.92
12/1/2023,CUST-00578,43.56
1/1/2024,CUST-00578,42.92
2/1/2024,CUST-00578,42.92
3/1/2024,CUST-00578,42.92
4/1/2024,CUST-00578,42.92
5/1/2024,CUST-00578,42.92
6/1/2024,CUST-00578,42.92
7/1/2024,CUST-00578,42.92
8/1/2024,CUST-00578,42.92
9/1/2024,CUST-00578,42.92
10/1/2024,CUST-00578,42.92
11/1/2024,CUST-00578,42.92
12/1/2024,CUST-00578,43.56
1/1/2025,CUST-00578,42.92
2/1/2025,CUST-00578,42.92
3/1/2025,CUST-00578,42.92
4/1/2025,CUST-00578,42.92
5/1/2025,CUST-00578,42.92
6/1/2025,CUST-00578,42.92
7/1/2025,CUST-00578,42.92
8/1/2025,CUST-00578,42.92
9/1/2025,CUST-00578,42.92
10/1/2025,CUST-00578,42.92
11/1/2025,CUST-00578,42.92
12/1/2025,CUST-00578,43.56
1/1/2023,CUST-00579,67.81
2/1/2023,CUST-00579,67.81
3/1/2023,CUST-00579,67.81
4/1/2023,CUST-00579,67.81
5/1/2023,CUST-00579,67.81
6/1/2023,CUST-00579,67.81
7/1/2023,CUST-00579,67.81
8/1/2023,CUST-00579,67.81
9/1/2023,CUST-00579,67.81
10/1/2023,CUST-00579,67.81
11/1/2023,CUST-00579,67.81
12/1/2023,CUST-00579,68.83
1/1/2024,CUST-00579,67.81
2/1/2024,CUST-00579,67.81
3/1/2024,CUST-00579,67.81
4/1/2024,CUST-00579,67.81
5/1/2024,CUST-00579,67.81
6/1/2024,CUST-00579,67.81
7/1/2024,CUST-00579,67.81
8/1/2024,CUST-00579,67.81
9/1/2024,CUST-00579,67.81
10/1/2024,CUST-00579,67.81
11/1/2024,CUST-00579,67.81
12/1/2024,CUST-00579,68.83
1/1/2025,CUST-00579,67.81
2/1/2025,CUST-00579,67.81
3/1/2025,CUST-00579,67.81
4/1/2025,CUST-00579,67.81
5/1/2025,CUST-00579,67.81
6/1/2025,CUST-00579,67.81
7/1/2025,CUST-00579,67.81
8/1/2025,CUST-00579,67.81
9/1/2025,CUST-00579,67.81
10/1/2025,CUST-00579,67.81
11/1/2025,CUST-00579,67.81
12/1/2025,CUST-00579,68.83
3/1/2024,CUST-00580,74.33
4/1/2024,CUST-00580,74.33
5/1/2024,CUST-00580,74.33
6/1/2024,CUST-00580,74.33
7/1/2024,CUST-00580,74.33
8/1/2024,CUST-00580,74.33
9/1/2024,CUST-00580,74.33
10/1/2024,CUST-00580,74.33
3/1/2022,CUST-00581,109.13
4/1/2022,CUST-00581,109.13
5/1/2022,CUST-00581,109.13
6/1/2022,CUST-00581,109.13
7/1/2022,CUST-00581,109.13
8/1/2022,CUST-00581,109.13
9/1/2022,CUST-00581,109.13
10/1/2022,CUST-00581,109.13
11/1/2022,CUST-00581,109.13
12/1/2022,CUST-00581,110.77
1/1/2023,CUST-00581,109.13
2/1/2023,CUST-00581,109.13
3/1/2023,CUST-00581,109.13
4/1/2023,CUST-00581,109.13
5/1/2023,CUST-00581,109.13
6/1/2023,CUST-00581,109.13
7/1/2023,CUST-00581,109.13
8/1/2023,CUST-00581,109.13
9/1/2023,CUST-00581,109.13
10/1/2023,CUST-00581,109.13
11/1/2023,CUST-00581,109.13
12/1/2023,CUST-00581,110.77
1/1/2024,CUST-00581,109.13
2/1/2024,CUST-00581,109.13
3/1/2024,CUST-00581,109.13
4/1/2024,CUST-00581,109.13
5/1/2024,CUST-00581,109.13
6/1/2024,CUST-00581,109.13
7/1/2024,CUST-00581,109.13
8/1/2024,CUST-00581,109.13
9/1/2024,CUST-00581,109.13
10/1/2024,CUST-00581,109.13
11/1/2024,CUST-00581,109.13
12/1/2024,CUST-00581,110.77
1/1/2025,CUST-00581,109.13
2/1/2025,CUST-00581,109.13
3/1/2025,CUST-00581,109.13
4/1/2025,CUST-00581,109.13
5/1/2025,CUST-00581,109.13
6/1/2025,CUST-00581,109.13
7/1/2025,CUST-00581,109.13
8/1/2025,CUST-00581,109.13
9/1/2025,CUST-00581,109.13
10/1/2025,CUST-00581,109.13
11/1/2025,CUST-00581,109.13
12/1/2025,CUST-00581,110.77
1/1/2024,CUST-00582,48.21
2/1/2024,CUST-00582,48.21
3/1/2024,CUST-00582,48.21
4/1/2024,CUST-00582,48.21
5/1/2024,CUST-00582,48.21
6/1/2024,CUST-00582,48.21
7/1/2024,CUST-00582,48.21
8/1/2024,CUST-00582,48.21
9/1/2024,CUST-00582,48.21
10/1/2024,CUST-00582,48.21
11/1/2024,CUST-00582,48.21
12/1/2024,CUST-00582,48.93
1/1/2025,CUST-00582,48.21
2/1/2025,CUST-00582,48.21
3/1/2025,CUST-00582,48.21
4/1/2025,CUST-00582,48.21
5/1/2025,CUST-00582,48.21
6/1/2025,CUST-00582,48.21
7/1/2025,CUST-00582,48.21
8/1/2025,CUST-00582,48.21
9/1/2025,CUST-00582,48.21
10/1/2025,CUST-00582,48.21
11/1/2025,CUST-00582,48.21
12/1/2025,CUST-00582,48.93
8/1/2025,CUST-00583,67.15
9/1/2025,CUST-00583,67.15
10/1/2025,CUST-00583,67.15
11/1/2025,CUST-00583,67.15
12/1/2025,CUST-00583,68.16
6/1/2025,CUST-00584,51.5
7/1/2025,CUST-00584,51.5
8/1/2025,CUST-00584,51.5
9/1/2023,CUST-00585,94.28
10/1/2023,CUST-00585,94.28
11/1/2023,CUST-00585,94.28
12/1/2023,CUST-00585,95.69
1/1/2024,CUST-00585,94.28
2/1/2024,CUST-00585,94.28
3/1/2024,CUST-00585,94.28
4/1/2024,CUST-00585,94.28
5/1/2024,CUST-00586,37.29
6/1/2024,CUST-00586,37.29
7/1/2024,CUST-00586,37.29
8/1/2024,CUST-00586,37.29
9/1/2024,CUST-00586,37.29
10/1/2024,CUST-00586,37.29
11/1/2024,CUST-00586,37.29
12/1/2024,CUST-00586,37.85
1/1/2025,CUST-00586,37.29
2/1/2025,CUST-00586,37.29
3/1/2025,CUST-00586,37.29
4/1/2025,CUST-00586,37.29
5/1/2025,CUST-00586,37.29
6/1/2025,CUST-00586,37.29
7/1/2025,CUST-00586,37.29
8/1/2025,CUST-00586,37.29
9/1/2025,CUST-00586,37.29
10/1/2025,CUST-00586,37.29
11/1/2025,CUST-00586,37.29
12/1/2025,CUST-00586,37.85
11/1/2022,CUST-00587,64.52
12/1/2022,CUST-00587,65.49
1/1/2023,CUST-00587,64.52
2/1/2023,CUST-00587,64.52
3/1/2023,CUST-00587,64.52
4/1/2023,CUST-00587,64.52
5/1/2023,CUST-00587,64.52
6/1/2023,CUST-00587,64.52
7/1/2023,CUST-00587,64.52
8/1/2023,CUST-00587,64.52
9/1/2023,CUST-00587,64.52
10/1/2023,CUST-00587,64.52
11/1/2023,CUST-00587,64.52
12/1/2023,CUST-00587,65.49
1/1/2024,CUST-00587,64.52
2/1/2024,CUST-00587,64.52
3/1/2024,CUST-00587,64.52
4/1/2024,CUST-00587,64.52
5/1/2024,CUST-00587,64.52
6/1/2024,CUST-00587,64.52
7/1/2024,CUST-00587,64.52
8/1/2024,CUST-00587,64.52
9/1/2024,CUST-00587,64.52
10/1/2024,CUST-00587,64.52
11/1/2024,CUST-00587,64.52
12/1/2024,CUST-00587,65.49
1/1/2025,CUST-00587,64.52
2/1/2025,CUST-00587,64.52
3/1/2025,CUST-00587,64.52
4/1/2025,CUST-00587,64.52
5/1/2025,CUST-00587,64.52
6/1/2025,CUST-00587,64.52
7/1/2025,CUST-00587,64.52
8/1/2025,CUST-00587,64.52
9/1/2025,CUST-00587,64.52
10/1/2025,CUST-00587,64.52
11/1/2025,CUST-00587,64.52
12/1/2025,CUST-00587,65.49
9/1/2023,CUST-00588,59.98
10/1/2023,CUST-00588,59.98
11/1/2023,CUST-00588,59.98
12/1/2023,CUST-00588,60.88
1/1/2024,CUST-00588,59.98
2/1/2024,CUST-00588,59.98
3/1/2024,CUST-00588,59.98
4/1/2024,CUST-00588,59.98
5/1/2024,CUST-00588,59.98
6/1/2024,CUST-00588,59.98
7/1/2024,CUST-00588,59.98
8/1/2024,CUST-00588,59.98
9/1/2024,CUST-00588,59.98
10/1/2024,CUST-00588,59.98
11/1/2024,CUST-00588,59.98
12/1/2024,CUST-00588,60.88
1/1/2025,CUST-00588,59.98
2/1/2025,CUST-00588,59.98
3/1/2025,CUST-00588,59.98
4/1/2025,CUST-00588,59.98
5/1/2025,CUST-00588,59.98
6/1/2025,CUST-00588,59.98
7/1/2025,CUST-00588,59.98
8/1/2025,CUST-00588,59.98
9/1/2025,CUST-00588,59.98
10/1/2025,CUST-00588,59.98
11/1/2025,CUST-00588,59.98
12/1/2025,CUST-00588,60.88
6/1/2025,CUST-00589,62.09
7/1/2025,CUST-00589,62.09
8/1/2025,CUST-00589,62.09
9/1/2025,CUST-00589,62.09
10/1/2025,CUST-00589,62.09
11/1/2025,CUST-00589,62.09
12/1/2025,CUST-00589,63.02
2/1/2023,CUST-00590,73.18
3/1/2023,CUST-00590,73.18
4/1/2023,CUST-00590,73.18
5/1/2023,CUST-00590,73.18
6/1/2023,CUST-00590,73.18
7/1/2023,CUST-00590,73.18
8/1/2023,CUST-00590,73.18
9/1/2023,CUST-00590,73.18
10/1/2023,CUST-00590,73.18
11/1/2023,CUST-00590,73.18
12/1/2023,CUST-00590,74.28
1/1/2024,CUST-00590,73.18
5/1/2023,CUST-00591,127.04
6/1/2023,CUST-00591,127.04
7/1/2023,CUST-00591,127.04
8/1/2023,CUST-00591,127.04
9/1/2023,CUST-00591,127.04
10/1/2023,CUST-00591,127.04
11/1/2023,CUST-00591,127.04
12/1/2023,CUST-00591,128.95
1/1/2024,CUST-00591,127.04
2/1/2024,CUST-00591,127.04
3/1/2024,CUST-00591,127.04
4/1/2024,CUST-00591,127.04
5/1/2024,CUST-00591,127.04
6/1/2024,CUST-00591,127.04
7/1/2024,CUST-00591,127.04
8/1/2024,CUST-00591,127.04
9/1/2024,CUST-00591,127.04
10/1/2024,CUST-00591,127.04
11/1/2024,CUST-00591,127.04
12/1/2024,CUST-00591,128.95
1/1/2025,CUST-00591,127.04
2/1/2025,CUST-00591,127.04
3/1/2025,CUST-00591,127.04
4/1/2025,CUST-00591,127.04
5/1/2025,CUST-00591,127.04
6/1/2025,CUST-00591,127.04
7/1/2025,CUST-00591,127.04
8/1/2025,CUST-00591,127.04
9/1/2025,CUST-00591,127.04
10/1/2025,CUST-00591,127.04
11/1/2025,CUST-00591,127.04
12/1/2025,CUST-00591,128.95
3/1/2024,CUST-00592,68.12
4/1/2024,CUST-00592,68.12
5/1/2024,CUST-00592,68.12
6/1/2024,CUST-00592,68.12
7/1/2024,CUST-00592,68.12
8/1/2024,CUST-00592,68.12
9/1/2024,CUST-00592,68.12
10/1/2024,CUST-00592,68.12
11/1/2024,CUST-00592,68.12
12/1/2024,CUST-00592,69.14
1/1/2025,CUST-00592,68.12
2/1/2025,CUST-00592,68.12
3/1/2025,CUST-00592,68.12
4/1/2025,CUST-00592,68.12
9/1/2024,CUST-00593,100.39
10/1/2024,CUST-00593,100.39
11/1/2024,CUST-00593,100.39
12/1/2024,CUST-00593,101.9
1/1/2025,CUST-00593,100.39
2/1/2025,CUST-00593,100.39
3/1/2025,CUST-00593,100.39
4/1/2025,CUST-00593,100.39
5/1/2025,CUST-00593,100.39
6/1/2025,CUST-00593,100.39
7/1/2025,CUST-00593,100.39
8/1/2025,CUST-00593,100.39
9/1/2025,CUST-00593,100.39
10/1/2025,CUST-00593,100.39
11/1/2025,CUST-00593,100.39
12/1/2025,CUST-00593,101.9
1/1/2025,CUST-00594,88.93
2/1/2025,CUST-00594,88.93
3/1/2025,CUST-00594,88.93
4/1/2025,CUST-00594,88.93
5/1/2025,CUST-00594,88.93
6/1/2025,CUST-00594,88.93
7/1/2025,CUST-00594,88.93
8/1/2025,CUST-00594,88.93
9/1/2025,CUST-00594,88.93
10/1/2025,CUST-00594,88.93
3/1/2025,CUST-00595,80.64
4/1/2025,CUST-00595,80.64
5/1/2025,CUST-00595,80.64
6/1/2025,CUST-00595,80.64
7/1/2025,CUST-00595,80.64
8/1/2025,CUST-00595,80.64
9/1/2025,CUST-00595,80.64
10/1/2025,CUST-00595,80.64
11/1/2025,CUST-00595,80.64
12/1/2025,CUST-00595,81.85
9/1/2023,CUST-00596,38.73
10/1/2023,CUST-00596,38.73
11/1/2023,CUST-00596,38.73
12/1/2023,CUST-00596,39.31
1/1/2024,CUST-00596,38.73
2/1/2024,CUST-00596,38.73
3/1/2024,CUST-00596,38.73
4/1/2024,CUST-00596,38.73
5/1/2024,CUST-00596,38.73
6/1/2024,CUST-00596,38.73
7/1/2024,CUST-00596,38.73
8/1/2024,CUST-00596,38.73
9/1/2024,CUST-00596,38.73
10/1/2024,CUST-00596,38.73
11/1/2024,CUST-00596,38.73
12/1/2024,CUST-00596,39.31
1/1/2025,CUST-00596,38.73
2/1/2025,CUST-00596,38.73
3/1/2025,CUST-00596,38.73
4/1/2025,CUST-00596,38.73
5/1/2025,CUST-00596,38.73
6/1/2025,CUST-00596,38.73
7/1/2025,CUST-00596,38.73
8/1/2025,CUST-00596,38.73
9/1/2025,CUST-00596,38.73
10/1/2025,CUST-00596,38.73
11/1/2025,CUST-00596,38.73
12/1/2025,CUST-00596,39.31
8/1/2025,CUST-00597,108.82
9/1/2025,CUST-00597,108.82
10/1/2025,CUST-00597,108.82
3/1/2025,CUST-00598,38.27
4/1/2025,CUST-00598,38.27
5/1/2025,CUST-00598,38.27
6/1/2022,CUST-00599,84.76
7/1/2022,CUST-00599,84.76
8/1/2022,CUST-00599,84.76
9/1/2022,CUST-00599,84.76
10/1/2022,CUST-00599,84.76
11/1/2022,CUST-00599,84.76
12/1/2022,CUST-00599,86.03
1/1/2023,CUST-00599,84.76
2/1/2023,CUST-00599,84.76
3/1/2023,CUST-00599,84.76
4/1/2023,CUST-00599,84.76
5/1/2023,CUST-00599,84.76
6/1/2023,CUST-00599,84.76
7/1/2023,CUST-00599,84.76
8/1/2023,CUST-00599,84.76
9/1/2023,CUST-00599,84.76
10/1/2023,CUST-00599,84.76
11/1/2023,CUST-00599,84.76
12/1/2023,CUST-00599,86.03
1/1/2024,CUST-00599,84.76
2/1/2024,CUST-00599,84.76
3/1/2024,CUST-00599,84.76
4/1/2024,CUST-00599,84.76
5/1/2024,CUST-00599,84.76
6/1/2024,CUST-00599,84.76
7/1/2024,CUST-00599,84.76
8/1/2024,CUST-00599,84.76
9/1/2024,CUST-00599,84.76
10/1/2024,CUST-00599,84.76
11/1/2024,CUST-00599,84.76
12/1/2024,CUST-00599,86.03
1/1/2025,CUST-00599,84.76
2/1/2025,CUST-00599,84.76
3/1/2025,CUST-00599,84.76
4/1/2025,CUST-00599,84.76
5/1/2025,CUST-00599,84.76
6/1/2025,CUST-00599,84.76
7/1/2025,CUST-00599,84.76
8/1/2025,CUST-00599,84.76
9/1/2025,CUST-00599,84.76
10/1/2025,CUST-00599,84.76
11/1/2025,CUST-00599,84.76
12/1/2025,CUST-00599,86.03
4/1/2025,CUST-00600,52.38
5/1/2025,CUST-00600,52.38
6/1/2025,CUST-00600,52.38
7/1/2025,CUST-00600,52.38
8/1/2025,CUST-00600,52.38
9/1/2025,CUST-00600,52.38
10/1/2025,CUST-00600,52.38
11/1/2025,CUST-00600,52.38
12/1/2025,CUST-00600,53.17
2/1/2022,CUST-00601,127.59
3/1/2022,CUST-00601,127.59
4/1/2022,CUST-00601,127.59
5/1/2022,CUST-00601,127.59
6/1/2022,CUST-00601,127.59
7/1/2022,CUST-00601,127.59
8/1/2022,CUST-00601,127.59
9/1/2022,CUST-00601,127.59
10/1/2022,CUST-00601,127.59
11/1/2022,CUST-00601,127.59
12/1/2022,CUST-00601,129.5
1/1/2023,CUST-00601,127.59
2/1/2023,CUST-00601,127.59
3/1/2023,CUST-00601,127.59
4/1/2023,CUST-00601,127.59
5/1/2023,CUST-00601,127.59
6/1/2023,CUST-00601,127.59
7/1/2023,CUST-00601,127.59
8/1/2023,CUST-00601,127.59
9/1/2023,CUST-00601,127.59
10/1/2023,CUST-00601,127.59
11/1/2023,CUST-00601,127.59
12/1/2023,CUST-00601,129.5
1/1/2024,CUST-00601,127.59
2/1/2024,CUST-00601,127.59
3/1/2024,CUST-00601,127.59
4/1/2024,CUST-00601,127.59
5/1/2024,CUST-00601,127.59
6/1/2024,CUST-00601,127.59
7/1/2024,CUST-00601,127.59
8/1/2024,CUST-00601,127.59
9/1/2024,CUST-00601,127.59
10/1/2024,CUST-00601,127.59
11/1/2024,CUST-00601,127.59
12/1/2024,CUST-00601,129.5
1/1/2025,CUST-00601,127.59
2/1/2025,CUST-00601,127.59
3/1/2025,CUST-00601,127.59
4/1/2025,CUST-00601,127.59
5/1/2025,CUST-00601,127.59
6/1/2025,CUST-00601,127.59
7/1/2025,CUST-00601,127.59
8/1/2025,CUST-00601,127.59
9/1/2025,CUST-00601,127.59
10/1/2025,CUST-00601,127.59
11/1/2025,CUST-00601,127.59
12/1/2025,CUST-00601,129.5
5/1/2024,CUST-00602,99.35
6/1/2024,CUST-00602,99.35
7/1/2024,CUST-00602,99.35
8/1/2024,CUST-00602,99.35
9/1/2024,CUST-00602,99.35
10/1/2024,CUST-00602,99.35
11/1/2024,CUST-00602,99.35
12/1/2024,CUST-00602,100.84
1/1/2025,CUST-00602,99.35
2/1/2025,CUST-00602,99.35
3/1/2025,CUST-00602,99.35
1/1/2024,CUST-00603,69.91
2/1/2024,CUST-00603,69.91
3/1/2024,CUST-00603,69.91
4/1/2024,CUST-00603,69.91
5/1/2024,CUST-00603,69.91
6/1/2024,CUST-00603,69.91
7/1/2024,CUST-00603,69.91
8/1/2024,CUST-00603,69.91
9/1/2024,CUST-00603,69.91
10/1/2024,CUST-00603,69.91
11/1/2024,CUST-00603,69.91
12/1/2024,CUST-00603,70.96
1/1/2025,CUST-00603,69.91
2/1/2025,CUST-00603,69.91
3/1/2025,CUST-00603,69.91
4/1/2025,CUST-00603,69.91
5/1/2025,CUST-00603,69.91
6/1/2025,CUST-00603,69.91
7/1/2025,CUST-00603,69.91
8/1/2025,CUST-00603,69.91
9/1/2025,CUST-00603,69.91
10/1/2025,CUST-00603,69.91
11/1/2025,CUST-00603,69.91
12/1/2025,CUST-00603,70.96
6/1/2023,CUST-00604,44.31
7/1/2023,CUST-00604,44.31
8/1/2023,CUST-00604,44.31
9/1/2023,CUST-00604,44.31
10/1/2023,CUST-00604,44.31
11/1/2023,CUST-00604,44.31
12/1/2023,CUST-00604,44.97
1/1/2024,CUST-00604,44.31
2/1/2024,CUST-00604,44.31
3/1/2024,CUST-00604,44.31
4/1/2024,CUST-00604,44.31
5/1/2024,CUST-00604,44.31
6/1/2024,CUST-00604,44.31
7/1/2024,CUST-00604,44.31
8/1/2024,CUST-00604,44.31
9/1/2024,CUST-00604,44.31
10/1/2024,CUST-00604,44.31
11/1/2024,CUST-00604,44.31
12/1/2024,CUST-00604,44.97
1/1/2025,CUST-00604,44.31
2/1/2025,CUST-00604,44.31
3/1/2025,CUST-00604,44.31
4/1/2025,CUST-00604,44.31
5/1/2025,CUST-00604,44.31
6/1/2025,CUST-00604,44.31
7/1/2025,CUST-00604,44.31
8/1/2025,CUST-00604,44.31
9/1/2025,CUST-00604,44.31
10/1/2025,CUST-00604,44.31
11/1/2025,CUST-00604,44.31
12/1/2025,CUST-00604,44.97
4/1/2025,CUST-00605,44.65
5/1/2025,CUST-00605,44.65
6/1/2025,CUST-00605,44.65
7/1/2025,CUST-00605,44.65
8/1/2025,CUST-00605,44.65
9/1/2025,CUST-00605,44.65
10/1/2025,CUST-00605,44.65
6/1/2022,CUST-00606,74.78
7/1/2022,CUST-00606,74.78
8/1/2022,CUST-00606,74.78
9/1/2022,CUST-00606,74.78
10/1/2022,CUST-00606,74.78
11/1/2022,CUST-00606,74.78
12/1/2022,CUST-00606,75.9
1/1/2023,CUST-00606,74.78
2/1/2023,CUST-00606,74.78
3/1/2023,CUST-00606,74.78
4/1/2023,CUST-00606,74.78
5/1/2023,CUST-00606,74.78
6/1/2023,CUST-00606,74.78
7/1/2023,CUST-00606,74.78
8/1/2023,CUST-00606,74.78
9/1/2023,CUST-00606,74.78
10/1/2023,CUST-00606,74.78
11/1/2023,CUST-00606,74.78
12/1/2023,CUST-00606,75.9
1/1/2024,CUST-00606,74.78
2/1/2024,CUST-00606,74.78
3/1/2024,CUST-00606,74.78
4/1/2024,CUST-00606,74.78
5/1/2024,CUST-00606,74.78
6/1/2024,CUST-00606,74.78
7/1/2024,CUST-00606,74.78
8/1/2024,CUST-00606,74.78
9/1/2024,CUST-00606,74.78
10/1/2024,CUST-00606,74.78
11/1/2024,CUST-00606,74.78
12/1/2024,CUST-00606,75.9
1/1/2025,CUST-00606,74.78
2/1/2025,CUST-00606,74.78
3/1/2025,CUST-00606,74.78
4/1/2025,CUST-00606,74.78
5/1/2025,CUST-00606,74.78
6/1/2025,CUST-00606,74.78
7/1/2025,CUST-00606,74.78
8/1/2025,CUST-00606,74.78
9/1/2025,CUST-00606,74.78
10/1/2025,CUST-00606,74.78
11/1/2025,CUST-00606,74.78
12/1/2025,CUST-00606,75.9
8/1/2025,CUST-00607,77.58
9/1/2025,CUST-00607,77.58
10/1/2025,CUST-00607,77.58
11/1/2025,CUST-00607,77.58
12/1/2025,CUST-00607,78.74
4/1/2024,CUST-00608,121.67
5/1/2024,CUST-00608,121.67
6/1/2024,CUST-00608,121.67
7/1/2024,CUST-00608,121.67
8/1/2024,CUST-00608,121.67
9/1/2024,CUST-00608,121.67
10/1/2024,CUST-00608,121.67
11/1/2024,CUST-00608,121.67
12/1/2024,CUST-00608,123.5
1/1/2025,CUST-00608,121.67
2/1/2025,CUST-00608,121.67
3/1/2025,CUST-00608,121.67
4/1/2025,CUST-00608,121.67
5/1/2025,CUST-00608,121.67
6/1/2025,CUST-00608,121.67
7/1/2025,CUST-00608,121.67
8/1/2025,CUST-00608,121.67
9/1/2025,CUST-00608,121.67
10/1/2025,CUST-00608,121.67
11/1/2025,CUST-00608,121.67
12/1/2025,CUST-00608,123.5
8/1/2025,CUST-00609,53.1
9/1/2025,CUST-00609,53.1
10/1/2025,CUST-00609,53.1
11/1/2025,CUST-00609,53.1
12/1/2025,CUST-00609,53.9
5/1/2025,CUST-00610,45.48
6/1/2025,CUST-00610,45.48
7/1/2025,CUST-00610,45.48
8/1/2025,CUST-00610,45.48
9/1/2025,CUST-00610,45.48
10/1/2025,CUST-00610,45.48
11/1/2025,CUST-00610,45.48
12/1/2025,CUST-00610,46.16
3/1/2022,CUST-00611,87
4/1/2022,CUST-00611,87
5/1/2022,CUST-00611,87
6/1/2022,CUST-00611,87
7/1/2022,CUST-00611,87
8/1/2022,CUST-00611,87
9/1/2022,CUST-00611,87
10/1/2022,CUST-00611,87
11/1/2022,CUST-00611,87
12/1/2022,CUST-00611,88.31
1/1/2023,CUST-00611,87
2/1/2023,CUST-00611,87
3/1/2023,CUST-00611,87
4/1/2023,CUST-00611,87
5/1/2023,CUST-00611,87
6/1/2023,CUST-00611,87
7/1/2023,CUST-00611,87
8/1/2023,CUST-00611,87
9/1/2023,CUST-00611,87
10/1/2023,CUST-00611,87
11/1/2023,CUST-00611,87
12/1/2023,CUST-00611,88.31
1/1/2024,CUST-00611,87
2/1/2024,CUST-00611,87
3/1/2024,CUST-00611,87
4/1/2024,CUST-00611,87
5/1/2024,CUST-00611,87
6/1/2024,CUST-00611,87
7/1/2024,CUST-00611,87
8/1/2024,CUST-00611,87
9/1/2024,CUST-00611,87
10/1/2024,CUST-00611,87
11/1/2024,CUST-00611,87
12/1/2024,CUST-00611,88.31
1/1/2025,CUST-00611,87
2/1/2025,CUST-00611,87
3/1/2025,CUST-00611,87
4/1/2025,CUST-00611,87
5/1/2025,CUST-00611,87
6/1/2025,CUST-00611,87
7/1/2025,CUST-00611,87
8/1/2025,CUST-00611,87
9/1/2025,CUST-00611,87
10/1/2025,CUST-00611,87
11/1/2025,CUST-00611,87
12/1/2025,CUST-00611,88.31
2/1/2024,CUST-00612,77.85
3/1/2024,CUST-00612,77.85
4/1/2024,CUST-00612,77.85
5/1/2024,CUST-00612,77.85
6/1/2024,CUST-00612,77.85
7/1/2024,CUST-00612,77.85
8/1/2024,CUST-00612,77.85
9/1/2024,CUST-00612,77.85
10/1/2024,CUST-00612,77.85
11/1/2024,CUST-00612,77.85
12/1/2024,CUST-00612,79.02
1/1/2025,CUST-00612,77.85
2/1/2025,CUST-00612,77.85
3/1/2025,CUST-00612,77.85
4/1/2025,CUST-00612,77.85
5/1/2025,CUST-00612,77.85
6/1/2025,CUST-00612,77.85
7/1/2025,CUST-00612,77.85
8/1/2025,CUST-00612,77.85
9/1/2025,CUST-00612,77.85
10/1/2025,CUST-00612,77.85
11/1/2025,CUST-00612,77.85
12/1/2025,CUST-00612,79.02
9/1/2023,CUST-00613,40.02
10/1/2023,CUST-00613,40.02
11/1/2023,CUST-00613,40.02
12/1/2023,CUST-00613,40.62
1/1/2024,CUST-00613,40.02
2/1/2024,CUST-00613,40.02
3/1/2024,CUST-00613,40.02
4/1/2024,CUST-00613,40.02
5/1/2024,CUST-00613,40.02
6/1/2024,CUST-00613,40.02
7/1/2024,CUST-00613,40.02
8/1/2024,CUST-00613,40.02
9/1/2024,CUST-00613,40.02
10/1/2024,CUST-00613,40.02
11/1/2024,CUST-00613,40.02
12/1/2024,CUST-00613,40.62
1/1/2025,CUST-00613,40.02
2/1/2025,CUST-00613,40.02
3/1/2025,CUST-00613,40.02
4/1/2025,CUST-00613,40.02
5/1/2025,CUST-00613,40.02
6/1/2025,CUST-00613,40.02
7/1/2025,CUST-00613,40.02
8/1/2025,CUST-00613,40.02
9/1/2025,CUST-00613,40.02
10/1/2025,CUST-00613,40.02
11/1/2025,CUST-00613,40.02
12/1/2025,CUST-00613,40.62
3/1/2023,CUST-00614,65.02
4/1/2023,CUST-00614,65.02
5/1/2023,CUST-00614,65.02
6/1/2023,CUST-00614,65.02
7/1/2023,CUST-00614,65.02
8/1/2023,CUST-00614,65.02
9/1/2023,CUST-00614,65.02
10/1/2023,CUST-00614,65.02
11/1/2023,CUST-00614,65.02
12/1/2023,CUST-00614,66
1/1/2024,CUST-00614,65.02
2/1/2024,CUST-00614,65.02
3/1/2024,CUST-00614,65.02
4/1/2024,CUST-00614,65.02
5/1/2024,CUST-00614,65.02
6/1/2024,CUST-00614,65.02
7/1/2024,CUST-00614,65.02
8/1/2024,CUST-00614,65.02
9/1/2024,CUST-00614,65.02
10/1/2024,CUST-00614,65.02
11/1/2024,CUST-00614,65.02
12/1/2024,CUST-00614,66
1/1/2025,CUST-00614,65.02
2/1/2025,CUST-00614,65.02
3/1/2025,CUST-00614,65.02
4/1/2025,CUST-00614,65.02
5/1/2025,CUST-00614,65.02
6/1/2025,CUST-00614,65.02
7/1/2025,CUST-00614,65.02
8/1/2025,CUST-00614,65.02
9/1/2025,CUST-00614,65.02
10/1/2025,CUST-00614,65.02
11/1/2025,CUST-00614,65.02
12/1/2025,CUST-00614,66
3/1/2025,CUST-00615,90.92
4/1/2025,CUST-00615,90.92
5/1/2025,CUST-00615,90.92
6/1/2025,CUST-00615,90.92
7/1/2025,CUST-00615,90.92
8/1/2025,CUST-00615,90.92
9/1/2025,CUST-00615,90.92
10/1/2025,CUST-00615,90.92
11/1/2025,CUST-00615,90.92
12/1/2025,CUST-00615,92.28
6/1/2022,CUST-00616,64.59
7/1/2022,CUST-00616,64.59
8/1/2022,CUST-00616,64.59
9/1/2022,CUST-00616,64.59
10/1/2022,CUST-00616,64.59
11/1/2022,CUST-00616,64.59
12/1/2022,CUST-00616,65.56
1/1/2023,CUST-00616,64.59
2/1/2023,CUST-00616,64.59
3/1/2023,CUST-00616,64.59
4/1/2023,CUST-00616,64.59
5/1/2023,CUST-00616,64.59
6/1/2023,CUST-00616,64.59
7/1/2023,CUST-00616,64.59
8/1/2023,CUST-00616,64.59
9/1/2023,CUST-00616,64.59
10/1/2023,CUST-00616,64.59
11/1/2023,CUST-00616,64.59
12/1/2023,CUST-00616,65.56
1/1/2024,CUST-00616,64.59
2/1/2024,CUST-00616,64.59
3/1/2024,CUST-00616,64.59
4/1/2024,CUST-00616,64.59
5/1/2024,CUST-00616,64.59
6/1/2024,CUST-00616,64.59
7/1/2024,CUST-00616,64.59
8/1/2024,CUST-00616,64.59
9/1/2024,CUST-00616,64.59
10/1/2024,CUST-00616,64.59
11/1/2024,CUST-00616,64.59
12/1/2024,CUST-00616,65.56
1/1/2025,CUST-00616,64.59
2/1/2025,CUST-00616,64.59
3/1/2025,CUST-00616,64.59
4/1/2025,CUST-00616,64.59
5/1/2025,CUST-00616,64.59
6/1/2025,CUST-00616,64.59
7/1/2025,CUST-00616,64.59
4/1/2023,CUST-00617,71.97
5/1/2023,CUST-00617,71.97
6/1/2023,CUST-00617,71.97
7/1/2023,CUST-00617,71.97
8/1/2023,CUST-00617,71.97
9/1/2023,CUST-00617,71.97
10/1/2023,CUST-00617,71.97
11/1/2023,CUST-00617,71.97
12/1/2023,CUST-00617,73.05
1/1/2024,CUST-00617,71.97
2/1/2024,CUST-00617,71.97
3/1/2024,CUST-00617,71.97
4/1/2024,CUST-00617,71.97
5/1/2024,CUST-00617,71.97
6/1/2024,CUST-00617,71.97
7/1/2024,CUST-00617,71.97
8/1/2024,CUST-00617,71.97
9/1/2024,CUST-00617,71.97
10/1/2024,CUST-00617,71.97
11/1/2024,CUST-00617,71.97
12/1/2024,CUST-00617,73.05
1/1/2025,CUST-00617,71.97
2/1/2025,CUST-00617,71.97
3/1/2025,CUST-00617,71.97
4/1/2025,CUST-00617,71.97
5/1/2025,CUST-00617,71.97
6/1/2025,CUST-00617,71.97
7/1/2025,CUST-00617,71.97
8/1/2025,CUST-00617,71.97
9/1/2025,CUST-00617,71.97
10/1/2025,CUST-00617,71.97
11/1/2025,CUST-00617,71.97
12/1/2025,CUST-00617,73.05
9/1/2024,CUST-00618,69.67
10/1/2024,CUST-00618,69.67
11/1/2024,CUST-00618,69.67
12/1/2024,CUST-00618,70.72
1/1/2025,CUST-00618,69.67
2/1/2025,CUST-00618,69.67
3/1/2025,CUST-00618,69.67
4/1/2025,CUST-00618,69.67
5/1/2025,CUST-00618,69.67
6/1/2025,CUST-00618,69.67
7/1/2025,CUST-00618,69.67
8/1/2025,CUST-00618,69.67
9/1/2025,CUST-00618,69.67
10/1/2025,CUST-00618,69.67
11/1/2025,CUST-00618,69.67
12/1/2025,CUST-00618,70.72
1/1/2023,CUST-00619,131.72
2/1/2023,CUST-00619,131.72
3/1/2023,CUST-00619,131.72
4/1/2023,CUST-00619,131.72
5/1/2023,CUST-00619,131.72
6/1/2023,CUST-00619,131.72
7/1/2023,CUST-00619,131.72
8/1/2023,CUST-00619,131.72
9/1/2023,CUST-00619,131.72
10/1/2023,CUST-00619,131.72
11/1/2023,CUST-00619,131.72
12/1/2023,CUST-00619,133.7
1/1/2024,CUST-00619,131.72
2/1/2024,CUST-00619,131.72
3/1/2024,CUST-00619,131.72
4/1/2024,CUST-00619,131.72
5/1/2024,CUST-00619,131.72
6/1/2024,CUST-00619,131.72
7/1/2024,CUST-00619,131.72
8/1/2024,CUST-00619,131.72
9/1/2024,CUST-00619,131.72
10/1/2024,CUST-00619,131.72
11/1/2024,CUST-00619,131.72
12/1/2024,CUST-00619,133.7
1/1/2025,CUST-00619,131.72
2/1/2025,CUST-00619,131.72
3/1/2025,CUST-00619,131.72
4/1/2025,CUST-00619,131.72
5/1/2025,CUST-00619,131.72
6/1/2025,CUST-00619,131.72
7/1/2025,CUST-00619,131.72
8/1/2025,CUST-00619,131.72
9/1/2025,CUST-00619,131.72
10/1/2025,CUST-00619,131.72
11/1/2025,CUST-00619,131.72
12/1/2025,CUST-00619,133.7
2/1/2024,CUST-00620,114.19
3/1/2024,CUST-00620,114.19
4/1/2024,CUST-00620,114.19
5/1/2024,CUST-00620,114.19
6/1/2024,CUST-00620,114.19
11/1/2023,CUST-00621,65.3
12/1/2023,CUST-00621,66.28
1/1/2024,CUST-00621,65.3
2/1/2024,CUST-00621,65.3
3/1/2024,CUST-00621,65.3
4/1/2024,CUST-00621,65.3
5/1/2024,CUST-00621,65.3
6/1/2024,CUST-00621,65.3
7/1/2024,CUST-00621,65.3
8/1/2024,CUST-00621,65.3
9/1/2024,CUST-00621,65.3
10/1/2024,CUST-00621,65.3
11/1/2024,CUST-00621,65.3
12/1/2024,CUST-00621,66.28
1/1/2025,CUST-00621,65.3
2/1/2025,CUST-00621,65.3
3/1/2025,CUST-00621,65.3
4/1/2025,CUST-00621,65.3
5/1/2025,CUST-00621,65.3
6/1/2025,CUST-00621,65.3
7/1/2025,CUST-00621,65.3
8/1/2025,CUST-00621,65.3
9/1/2025,CUST-00621,65.3
10/1/2025,CUST-00621,65.3
11/1/2025,CUST-00621,65.3
12/1/2025,CUST-00621,66.28
4/1/2023,CUST-00622,82.83
5/1/2023,CUST-00622,82.83
6/1/2023,CUST-00622,82.83
7/1/2023,CUST-00622,82.83
8/1/2023,CUST-00622,82.83
9/1/2023,CUST-00622,82.83
10/1/2023,CUST-00622,82.83
11/1/2023,CUST-00622,82.83
12/1/2023,CUST-00622,84.07
1/1/2024,CUST-00622,82.83
2/1/2024,CUST-00622,82.83
3/1/2024,CUST-00622,82.83
4/1/2024,CUST-00622,82.83
5/1/2024,CUST-00622,82.83
6/1/2024,CUST-00622,82.83
7/1/2024,CUST-00622,82.83
8/1/2024,CUST-00622,82.83
9/1/2024,CUST-00622,82.83
10/1/2024,CUST-00622,82.83
11/1/2024,CUST-00622,82.83
12/1/2024,CUST-00622,84.07
1/1/2025,CUST-00622,82.83
2/1/2025,CUST-00622,82.83
3/1/2025,CUST-00622,82.83
4/1/2025,CUST-00622,82.83
5/1/2025,CUST-00622,82.83
6/1/2025,CUST-00622,82.83
7/1/2025,CUST-00622,82.83
8/1/2025,CUST-00622,82.83
9/1/2025,CUST-00622,82.83
10/1/2025,CUST-00622,82.83
11/1/2025,CUST-00622,82.83
12/1/2025,CUST-00622,84.07
8/1/2024,CUST-00623,55.92
9/1/2024,CUST-00623,55.92
10/1/2024,CUST-00623,55.92
11/1/2024,CUST-00623,55.92
12/1/2024,CUST-00623,56.76
1/1/2025,CUST-00623,55.92
2/1/2025,CUST-00623,55.92
3/1/2025,CUST-00623,55.92
4/1/2025,CUST-00623,55.92
5/1/2025,CUST-00623,55.92
6/1/2025,CUST-00623,55.92
7/1/2025,CUST-00623,55.92
8/1/2025,CUST-00623,55.92
10/1/2024,CUST-00624,123.13
11/1/2024,CUST-00624,123.13
12/1/2024,CUST-00624,124.98
1/1/2025,CUST-00624,123.13
2/1/2025,CUST-00624,123.13
3/1/2025,CUST-00624,123.13
6/1/2022,CUST-00625,53.11
7/1/2022,CUST-00625,53.11
8/1/2022,CUST-00625,53.11
8/1/2025,CUST-00626,87.01
9/1/2025,CUST-00626,87.01
10/1/2025,CUST-00626,87.01
11/1/2025,CUST-00626,87.01
12/1/2025,CUST-00626,88.32
1/1/2025,CUST-00627,66.39
2/1/2025,CUST-00627,66.39
3/1/2025,CUST-00627,66.39
4/1/2025,CUST-00627,66.39
5/1/2025,CUST-00627,66.39
6/1/2025,CUST-00627,66.39
7/1/2025,CUST-00627,66.39
8/1/2025,CUST-00627,66.39
9/1/2025,CUST-00627,66.39
7/1/2024,CUST-00628,60.73
8/1/2024,CUST-00628,60.73
9/1/2024,CUST-00628,60.73
10/1/2024,CUST-00628,60.73
11/1/2024,CUST-00628,60.73
11/1/2023,CUST-00629,87.49
12/1/2023,CUST-00629,88.8
1/1/2024,CUST-00629,87.49
6/1/2025,CUST-00630,78.91
7/1/2025,CUST-00630,78.91
8/1/2025,CUST-00630,78.91
9/1/2025,CUST-00630,78.91
8/1/2023,CUST-00631,126.3
9/1/2023,CUST-00631,126.3
10/1/2023,CUST-00631,126.3
11/1/2023,CUST-00631,126.3
12/1/2023,CUST-00631,128.19
1/1/2024,CUST-00631,126.3
2/1/2024,CUST-00631,126.3
3/1/2024,CUST-00631,126.3
4/1/2024,CUST-00631,126.3
5/1/2024,CUST-00631,126.3
6/1/2024,CUST-00631,126.3
7/1/2024,CUST-00631,126.3
8/1/2024,CUST-00631,126.3
9/1/2024,CUST-00631,126.3
10/1/2024,CUST-00631,126.3
11/1/2024,CUST-00631,126.3
12/1/2024,CUST-00631,128.19
1/1/2025,CUST-00631,126.3
2/1/2025,CUST-00631,126.3
3/1/2025,CUST-00631,126.3
4/1/2025,CUST-00631,126.3
5/1/2025,CUST-00631,126.3
6/1/2025,CUST-00631,126.3
7/1/2025,CUST-00631,126.3
8/1/2025,CUST-00631,126.3
9/1/2025,CUST-00631,126.3
10/1/2025,CUST-00631,126.3
11/1/2025,CUST-00631,126.3
12/1/2025,CUST-00631,128.19
2/1/2024,CUST-00632,83.4
3/1/2024,CUST-00632,83.4
4/1/2024,CUST-00632,83.4
5/1/2024,CUST-00632,83.4
10/1/2023,CUST-00633,114.86
11/1/2023,CUST-00633,114.86
12/1/2023,CUST-00633,116.58
1/1/2024,CUST-00633,114.86
2/1/2024,CUST-00633,114.86
3/1/2024,CUST-00633,114.86
4/1/2024,CUST-00633,114.86
5/1/2024,CUST-00633,114.86
6/1/2024,CUST-00633,114.86
7/1/2024,CUST-00633,114.86
8/1/2024,CUST-00633,114.86
9/1/2024,CUST-00633,114.86
10/1/2024,CUST-00633,114.86
11/1/2024,CUST-00633,114.86
12/1/2024,CUST-00633,116.58
1/1/2025,CUST-00633,114.86
2/1/2025,CUST-00633,114.86
3/1/2025,CUST-00633,114.86
4/1/2025,CUST-00633,114.86
5/1/2025,CUST-00633,114.86
6/1/2025,CUST-00633,114.86
7/1/2025,CUST-00633,114.86
8/1/2025,CUST-00633,114.86
9/1/2025,CUST-00633,114.86
10/1/2025,CUST-00633,114.86
11/1/2025,CUST-00633,114.86
2/1/2022,CUST-00634,66.03
3/1/2022,CUST-00634,66.03
4/1/2022,CUST-00634,66.03
5/1/2022,CUST-00634,66.03
6/1/2022,CUST-00634,66.03
7/1/2022,CUST-00634,66.03
8/1/2022,CUST-00634,66.03
9/1/2022,CUST-00634,66.03
10/1/2022,CUST-00634,66.03
11/1/2022,CUST-00634,66.03
12/1/2022,CUST-00634,67.02
1/1/2023,CUST-00634,66.03
2/1/2023,CUST-00634,66.03
3/1/2023,CUST-00634,66.03
4/1/2023,CUST-00634,66.03
5/1/2023,CUST-00634,66.03
6/1/2023,CUST-00634,66.03
7/1/2023,CUST-00634,66.03
8/1/2023,CUST-00634,66.03
9/1/2023,CUST-00634,66.03
10/1/2023,CUST-00634,66.03
11/1/2023,CUST-00634,66.03
12/1/2023,CUST-00634,67.02
1/1/2024,CUST-00634,66.03
2/1/2024,CUST-00634,66.03
3/1/2024,CUST-00634,66.03
4/1/2024,CUST-00634,66.03
5/1/2024,CUST-00634,66.03
6/1/2024,CUST-00634,66.03
7/1/2024,CUST-00634,66.03
8/1/2024,CUST-00634,66.03
9/1/2024,CUST-00634,66.03
10/1/2024,CUST-00634,66.03
11/1/2024,CUST-00634,66.03
12/1/2024,CUST-00634,67.02
1/1/2025,CUST-00634,66.03
2/1/2025,CUST-00634,66.03
3/1/2025,CUST-00634,66.03
4/1/2025,CUST-00634,66.03
5/1/2025,CUST-00634,66.03
6/1/2025,CUST-00634,66.03
7/1/2025,CUST-00634,66.03
8/1/2025,CUST-00634,66.03
9/1/2025,CUST-00634,66.03
10/1/2025,CUST-00634,66.03
11/1/2025,CUST-00634,66.03
12/1/2025,CUST-00634,67.02
3/1/2024,CUST-00635,83.33
4/1/2024,CUST-00635,83.33
5/1/2024,CUST-00635,83.33
6/1/2024,CUST-00635,83.33
7/1/2024,CUST-00635,83.33
8/1/2024,CUST-00635,83.33
9/1/2024,CUST-00635,83.33
10/1/2024,CUST-00635,83.33
11/1/2024,CUST-00635,83.33
12/1/2024,CUST-00635,84.58
1/1/2025,CUST-00635,83.33
2/1/2025,CUST-00635,83.33
3/1/2025,CUST-00635,83.33
4/1/2025,CUST-00635,83.33
5/1/2025,CUST-00635,83.33
6/1/2025,CUST-00635,83.33
7/1/2025,CUST-00635,83.33
8/1/2025,CUST-00635,83.33
9/1/2025,CUST-00635,83.33
10/1/2025,CUST-00635,83.33
11/1/2025,CUST-00635,83.33
12/1/2025,CUST-00635,84.58
9/1/2024,CUST-00636,52.47
10/1/2024,CUST-00636,52.47
11/1/2024,CUST-00636,52.47
12/1/2024,CUST-00636,53.26
1/1/2025,CUST-00636,52.47
2/1/2025,CUST-00636,52.47
3/1/2025,CUST-00636,52.47
4/1/2025,CUST-00636,52.47
5/1/2025,CUST-00636,52.47
6/1/2025,CUST-00636,52.47
7/1/2025,CUST-00636,52.47
8/1/2025,CUST-00636,52.47
9/1/2025,CUST-00636,52.47
10/1/2025,CUST-00636,52.47
11/1/2025,CUST-00636,52.47
12/1/2025,CUST-00636,53.26
7/1/2023,CUST-00637,78.41
8/1/2023,CUST-00637,78.41
9/1/2023,CUST-00637,78.41
10/1/2023,CUST-00637,78.41
11/1/2023,CUST-00637,78.41
12/1/2023,CUST-00637,79.59
1/1/2024,CUST-00637,78.41
2/1/2024,CUST-00637,78.41
3/1/2024,CUST-00637,78.41
4/1/2024,CUST-00637,78.41
5/1/2024,CUST-00637,78.41
6/1/2024,CUST-00637,78.41
7/1/2024,CUST-00637,78.41
8/1/2024,CUST-00637,78.41
9/1/2024,CUST-00637,78.41
10/1/2024,CUST-00637,78.41
11/1/2024,CUST-00637,78.41
12/1/2024,CUST-00637,79.59
1/1/2025,CUST-00637,78.41
2/1/2025,CUST-00637,78.41
3/1/2025,CUST-00637,78.41
4/1/2025,CUST-00637,78.41
5/1/2025,CUST-00637,78.41
6/1/2025,CUST-00637,78.41
7/1/2025,CUST-00637,78.41
8/1/2025,CUST-00637,78.41
9/1/2025,CUST-00637,78.41
10/1/2025,CUST-00637,78.41
11/1/2025,CUST-00637,78.41
12/1/2025,CUST-00637,79.59
2/1/2023,CUST-00638,65.3
3/1/2023,CUST-00638,65.3
4/1/2023,CUST-00638,65.3
5/1/2023,CUST-00638,65.3
6/1/2023,CUST-00638,65.3
7/1/2023,CUST-00638,65.3
8/1/2023,CUST-00638,65.3
9/1/2023,CUST-00638,65.3
10/1/2023,CUST-00638,65.3
11/1/2023,CUST-00638,65.3
12/1/2023,CUST-00638,66.28
1/1/2024,CUST-00638,65.3
2/1/2024,CUST-00638,65.3
3/1/2024,CUST-00638,65.3
4/1/2024,CUST-00638,65.3
5/1/2024,CUST-00638,65.3
6/1/2024,CUST-00638,65.3
7/1/2024,CUST-00638,65.3
8/1/2024,CUST-00639,37.44
9/1/2024,CUST-00639,37.44
10/1/2024,CUST-00639,37.44
11/1/2024,CUST-00639,37.44
12/1/2024,CUST-00639,38
1/1/2025,CUST-00639,37.44
2/1/2025,CUST-00639,37.44
3/1/2025,CUST-00639,37.44
4/1/2025,CUST-00639,37.44
5/1/2025,CUST-00639,37.44
6/1/2025,CUST-00639,37.44
7/1/2025,CUST-00639,37.44
8/1/2025,CUST-00639,37.44
9/1/2025,CUST-00639,37.44
10/1/2025,CUST-00639,37.44
11/1/2025,CUST-00639,37.44
12/1/2025,CUST-00639,38
9/1/2023,CUST-00640,77.52
10/1/2023,CUST-00640,77.52
11/1/2023,CUST-00640,77.52
12/1/2023,CUST-00640,78.68
1/1/2024,CUST-00640,77.52
2/1/2024,CUST-00640,77.52
3/1/2024,CUST-00640,77.52
4/1/2024,CUST-00640,77.52
5/1/2024,CUST-00640,77.52
6/1/2024,CUST-00640,77.52
7/1/2024,CUST-00640,77.52
8/1/2024,CUST-00640,77.52
9/1/2024,CUST-00640,77.52
10/1/2024,CUST-00640,77.52
11/1/2024,CUST-00640,77.52
12/1/2024,CUST-00640,78.68
1/1/2025,CUST-00640,77.52
2/1/2025,CUST-00640,77.52
3/1/2025,CUST-00640,77.52
4/1/2025,CUST-00640,77.52
5/1/2025,CUST-00640,77.52
6/1/2025,CUST-00640,77.52
7/1/2025,CUST-00640,77.52
8/1/2025,CUST-00640,77.52
9/1/2025,CUST-00640,77.52
10/1/2025,CUST-00640,77.52
11/1/2025,CUST-00640,77.52
12/1/2025,CUST-00640,78.68
9/1/2023,CUST-00641,90.63
10/1/2023,CUST-00641,90.63
11/1/2023,CUST-00641,90.63
12/1/2023,CUST-00641,91.99
1/1/2024,CUST-00641,90.63
2/1/2024,CUST-00641,90.63
3/1/2024,CUST-00641,90.63
4/1/2024,CUST-00641,90.63
5/1/2024,CUST-00641,90.63
6/1/2024,CUST-00641,90.63
7/1/2024,CUST-00641,90.63
8/1/2024,CUST-00641,90.63
9/1/2024,CUST-00641,90.63
10/1/2024,CUST-00641,90.63
11/1/2024,CUST-00641,90.63
12/1/2024,CUST-00641,91.99
1/1/2025,CUST-00641,90.63
2/1/2025,CUST-00641,90.63
3/1/2025,CUST-00641,90.63
4/1/2025,CUST-00641,90.63
5/1/2025,CUST-00641,90.63
6/1/2025,CUST-00641,90.63
7/1/2025,CUST-00641,90.63
8/1/2025,CUST-00641,90.63
9/1/2025,CUST-00641,90.63
10/1/2025,CUST-00641,90.63
11/1/2025,CUST-00641,90.63
12/1/2025,CUST-00641,91.99
4/1/2022,CUST-00642,73.22
5/1/2022,CUST-00642,73.22
6/1/2022,CUST-00642,73.22
7/1/2022,CUST-00642,73.22
8/1/2022,CUST-00642,73.22
9/1/2022,CUST-00642,73.22
10/1/2022,CUST-00642,73.22
11/1/2022,CUST-00642,73.22
12/1/2022,CUST-00642,74.32
1/1/2023,CUST-00642,73.22
2/1/2023,CUST-00642,73.22
3/1/2023,CUST-00642,73.22
4/1/2023,CUST-00642,73.22
5/1/2023,CUST-00642,73.22
6/1/2023,CUST-00642,73.22
7/1/2023,CUST-00642,73.22
8/1/2023,CUST-00642,73.22
9/1/2023,CUST-00642,73.22
10/1/2023,CUST-00642,73.22
11/1/2023,CUST-00642,73.22
12/1/2023,CUST-00642,74.32
1/1/2024,CUST-00642,73.22
2/1/2024,CUST-00642,73.22
3/1/2024,CUST-00642,73.22
4/1/2024,CUST-00642,73.22
5/1/2024,CUST-00642,73.22
6/1/2024,CUST-00642,73.22
7/1/2024,CUST-00642,73.22
8/1/2024,CUST-00642,73.22
9/1/2024,CUST-00642,73.22
10/1/2024,CUST-00642,73.22
11/1/2024,CUST-00642,73.22
12/1/2024,CUST-00642,74.32
1/1/2025,CUST-00642,73.22
2/1/2025,CUST-00642,73.22
3/1/2025,CUST-00642,73.22
4/1/2025,CUST-00642,73.22
5/1/2025,CUST-00642,73.22
6/1/2025,CUST-00642,73.22
7/1/2025,CUST-00642,73.22
8/1/2025,CUST-00642,73.22
9/1/2025,CUST-00642,73.22
10/1/2025,CUST-00642,73.22
11/1/2025,CUST-00642,73.22
12/1/2025,CUST-00642,74.32
8/1/2025,CUST-00643,106.5
9/1/2025,CUST-00643,106.5
10/1/2025,CUST-00643,106.5
11/1/2025,CUST-00643,106.5
12/1/2025,CUST-00643,108.1
7/1/2024,CUST-00644,57.04
8/1/2024,CUST-00644,57.04
9/1/2024,CUST-00644,57.04
10/1/2024,CUST-00644,57.04
11/1/2024,CUST-00644,57.04
12/1/2024,CUST-00644,57.9
1/1/2025,CUST-00644,57.04
2/1/2025,CUST-00644,57.04
3/1/2025,CUST-00644,57.04
4/1/2025,CUST-00644,57.04
5/1/2025,CUST-00644,57.04
6/1/2025,CUST-00644,57.04
7/1/2025,CUST-00644,57.04
8/1/2025,CUST-00644,57.04
9/1/2025,CUST-00644,57.04
10/1/2025,CUST-00644,57.04
11/1/2025,CUST-00644,57.04
12/1/2025,CUST-00644,57.9
9/1/2025,CUST-00645,49.47
10/1/2025,CUST-00645,49.47
11/1/2025,CUST-00645,49.47
12/1/2025,CUST-00645,50.21
7/1/2023,CUST-00646,112.64
8/1/2023,CUST-00646,112.64
9/1/2023,CUST-00646,112.64
10/1/2023,CUST-00646,112.64
11/1/2023,CUST-00646,112.64
12/1/2023,CUST-00646,114.33
1/1/2024,CUST-00646,112.64
2/1/2024,CUST-00646,112.64
3/1/2024,CUST-00646,112.64
4/1/2024,CUST-00646,112.64
5/1/2024,CUST-00646,112.64
6/1/2024,CUST-00646,112.64
7/1/2024,CUST-00646,112.64
8/1/2024,CUST-00646,112.64
9/1/2024,CUST-00646,112.64
10/1/2024,CUST-00646,112.64
11/1/2024,CUST-00646,112.64
12/1/2024,CUST-00646,114.33
1/1/2025,CUST-00646,112.64
2/1/2025,CUST-00646,112.64
3/1/2025,CUST-00646,112.64
4/1/2025,CUST-00646,112.64
5/1/2025,CUST-00646,112.64
6/1/2025,CUST-00646,112.64
7/1/2025,CUST-00646,112.64
8/1/2025,CUST-00646,112.64
9/1/2025,CUST-00646,112.64
10/1/2025,CUST-00646,112.64
11/1/2025,CUST-00646,112.64
12/1/2025,CUST-00646,114.33
8/1/2025,CUST-00647,45.15
9/1/2025,CUST-00647,45.15
10/1/2025,CUST-00647,45.15
11/1/2025,CUST-00647,45.15
12/1/2025,CUST-00647,45.83
11/1/2023,CUST-00648,107.83
12/1/2023,CUST-00648,109.45
1/1/2024,CUST-00648,107.83
2/1/2024,CUST-00648,107.83
2/1/2025,CUST-00649,45.94
3/1/2025,CUST-00649,45.94
4/1/2025,CUST-00649,45.94
5/1/2025,CUST-00649,45.94
6/1/2025,CUST-00649,45.94
7/1/2025,CUST-00649,45.94
8/1/2025,CUST-00649,45.94
9/1/2025,CUST-00649,45.94
10/1/2025,CUST-00649,45.94
11/1/2025,CUST-00649,45.94
12/1/2025,CUST-00649,46.63
2/1/2025,CUST-00650,68.02
3/1/2025,CUST-00650,68.02
4/1/2025,CUST-00650,68.02
5/1/2025,CUST-00650,68.02
6/1/2025,CUST-00650,68.02
7/1/2025,CUST-00650,68.02
8/1/2025,CUST-00650,68.02
9/1/2025,CUST-00650,68.02
10/1/2025,CUST-00650,68.02
11/1/2025,CUST-00650,68.02
12/1/2025,CUST-00650,69.04
12/1/2023,CUST-00651,84.56
1/1/2024,CUST-00651,83.31
2/1/2024,CUST-00651,83.31
3/1/2024,CUST-00651,83.31
4/1/2024,CUST-00651,83.31
5/1/2024,CUST-00651,83.31
6/1/2024,CUST-00651,83.31
7/1/2024,CUST-00651,83.31
8/1/2024,CUST-00651,83.31
9/1/2024,CUST-00651,83.31
10/1/2024,CUST-00651,83.31
11/1/2024,CUST-00651,83.31
12/1/2024,CUST-00651,84.56
1/1/2025,CUST-00651,83.31
2/1/2025,CUST-00651,83.31
3/1/2025,CUST-00651,83.31
4/1/2025,CUST-00651,83.31
5/1/2025,CUST-00651,83.31
6/1/2025,CUST-00651,83.31
7/1/2025,CUST-00651,83.31
8/1/2025,CUST-00651,83.31
9/1/2025,CUST-00651,83.31
10/1/2025,CUST-00651,83.31
11/1/2025,CUST-00651,83.31
12/1/2025,CUST-00651,84.56
6/1/2025,CUST-00652,81.44
7/1/2025,CUST-00652,81.44
8/1/2025,CUST-00652,81.44
9/1/2025,CUST-00652,81.44
10/1/2025,CUST-00652,81.44
11/1/2025,CUST-00652,81.44
12/1/2025,CUST-00652,82.66
6/1/2024,CUST-00653,132.2
7/1/2024,CUST-00653,132.2
8/1/2024,CUST-00653,132.2
9/1/2024,CUST-00653,132.2
10/1/2024,CUST-00653,132.2
11/1/2024,CUST-00653,132.2
12/1/2024,CUST-00653,134.18
1/1/2025,CUST-00653,132.2
2/1/2025,CUST-00653,132.2
3/1/2025,CUST-00653,132.2
4/1/2025,CUST-00653,132.2
5/1/2025,CUST-00653,132.2
6/1/2025,CUST-00653,132.2
7/1/2025,CUST-00653,132.2
8/1/2025,CUST-00653,132.2
9/1/2025,CUST-00653,132.2
10/1/2025,CUST-00653,132.2
11/1/2025,CUST-00653,132.2
12/1/2025,CUST-00653,134.18
3/1/2023,CUST-00654,88.62
4/1/2023,CUST-00654,88.62
5/1/2023,CUST-00654,88.62
6/1/2023,CUST-00654,88.62
7/1/2023,CUST-00654,88.62
6/1/2024,CUST-00655,125.07
7/1/2024,CUST-00655,125.07
8/1/2024,CUST-00655,125.07
9/1/2024,CUST-00655,125.07
10/1/2024,CUST-00655,125.07
11/1/2024,CUST-00655,125.07
12/1/2024,CUST-00655,126.95
1/1/2025,CUST-00655,125.07
2/1/2025,CUST-00655,125.07
3/1/2025,CUST-00655,125.07
4/1/2025,CUST-00655,125.07
5/1/2025,CUST-00655,125.07
6/1/2025,CUST-00655,125.07
7/1/2025,CUST-00655,125.07
8/1/2025,CUST-00655,125.07
9/1/2025,CUST-00655,125.07
10/1/2025,CUST-00655,125.07
11/1/2025,CUST-00655,125.07
12/1/2025,CUST-00655,126.95
9/1/2022,CUST-00656,76.83
10/1/2022,CUST-00656,76.83
11/1/2022,CUST-00656,76.83
12/1/2022,CUST-00656,77.98
1/1/2023,CUST-00656,76.83
2/1/2023,CUST-00656,76.83
3/1/2023,CUST-00656,76.83
4/1/2023,CUST-00656,76.83
5/1/2023,CUST-00656,76.83
6/1/2023,CUST-00656,76.83
7/1/2023,CUST-00656,76.83
8/1/2023,CUST-00656,76.83
9/1/2023,CUST-00656,76.83
10/1/2023,CUST-00656,76.83
11/1/2023,CUST-00656,76.83
12/1/2023,CUST-00656,77.98
1/1/2024,CUST-00656,76.83
2/1/2024,CUST-00656,76.83
3/1/2024,CUST-00656,76.83
4/1/2024,CUST-00656,76.83
5/1/2024,CUST-00656,76.83
6/1/2024,CUST-00656,76.83
7/1/2024,CUST-00656,76.83
8/1/2024,CUST-00656,76.83
9/1/2024,CUST-00656,76.83
10/1/2024,CUST-00656,76.83
11/1/2024,CUST-00656,76.83
12/1/2024,CUST-00656,77.98
1/1/2025,CUST-00656,76.83
2/1/2025,CUST-00656,76.83
3/1/2025,CUST-00656,76.83
4/1/2025,CUST-00656,76.83
5/1/2025,CUST-00656,76.83
6/1/2025,CUST-00656,76.83
7/1/2025,CUST-00656,76.83
8/1/2025,CUST-00656,76.83
9/1/2025,CUST-00656,76.83
10/1/2025,CUST-00656,76.83
11/1/2025,CUST-00656,76.83
12/1/2025,CUST-00656,77.98
4/1/2023,CUST-00657,56.36
5/1/2023,CUST-00657,56.36
6/1/2023,CUST-00657,56.36
7/1/2023,CUST-00657,56.36
8/1/2023,CUST-00657,56.36
9/1/2023,CUST-00657,56.36
10/1/2023,CUST-00657,56.36
11/1/2023,CUST-00657,56.36
12/1/2023,CUST-00657,57.21
1/1/2024,CUST-00657,56.36
2/1/2024,CUST-00657,56.36
3/1/2024,CUST-00657,56.36
4/1/2024,CUST-00657,56.36
5/1/2024,CUST-00657,56.36
6/1/2024,CUST-00657,56.36
7/1/2024,CUST-00657,56.36
8/1/2024,CUST-00657,56.36
9/1/2024,CUST-00657,56.36
10/1/2024,CUST-00657,56.36
11/1/2024,CUST-00657,56.36
12/1/2024,CUST-00657,57.21
1/1/2025,CUST-00657,56.36
2/1/2025,CUST-00657,56.36
3/1/2025,CUST-00657,56.36
4/1/2025,CUST-00657,56.36
5/1/2025,CUST-00657,56.36
6/1/2025,CUST-00657,56.36
7/1/2025,CUST-00657,56.36
8/1/2025,CUST-00657,56.36
9/1/2025,CUST-00657,56.36
10/1/2025,CUST-00657,56.36
11/1/2025,CUST-00657,56.36
12/1/2025,CUST-00657,57.21
4/1/2023,CUST-00658,63.71
5/1/2023,CUST-00658,63.71
6/1/2023,CUST-00658,63.71
7/1/2023,CUST-00658,63.71
8/1/2023,CUST-00658,63.71
9/1/2023,CUST-00658,63.71
10/1/2023,CUST-00658,63.71
11/1/2023,CUST-00658,63.71
12/1/2023,CUST-00658,64.67
1/1/2024,CUST-00658,63.71
2/1/2024,CUST-00658,63.71
3/1/2024,CUST-00658,63.71
4/1/2024,CUST-00658,63.71
5/1/2024,CUST-00658,63.71
6/1/2024,CUST-00658,63.71
7/1/2024,CUST-00658,63.71
8/1/2024,CUST-00658,63.71
9/1/2024,CUST-00658,63.71
10/1/2024,CUST-00658,63.71
11/1/2024,CUST-00658,63.71
12/1/2024,CUST-00658,64.67
1/1/2025,CUST-00658,63.71
2/1/2025,CUST-00658,63.71
3/1/2025,CUST-00658,63.71
4/1/2025,CUST-00658,63.71
5/1/2025,CUST-00658,63.71
6/1/2025,CUST-00658,63.71
7/1/2025,CUST-00658,63.71
8/1/2025,CUST-00658,63.71
9/1/2025,CUST-00658,63.71
10/1/2025,CUST-00658,63.71
11/1/2025,CUST-00658,63.71
12/1/2025,CUST-00658,64.67
7/1/2023,CUST-00659,54.87
8/1/2023,CUST-00659,54.87
9/1/2023,CUST-00659,54.87
10/1/2023,CUST-00659,54.87
11/1/2023,CUST-00659,54.87
12/1/2023,CUST-00659,55.69
1/1/2024,CUST-00659,54.87
2/1/2024,CUST-00659,54.87
3/1/2024,CUST-00659,54.87
4/1/2024,CUST-00659,54.87
5/1/2024,CUST-00659,54.87
6/1/2024,CUST-00659,54.87
7/1/2024,CUST-00659,54.87
8/1/2024,CUST-00659,54.87
9/1/2024,CUST-00659,54.87
10/1/2024,CUST-00659,54.87
11/1/2024,CUST-00659,54.87
12/1/2024,CUST-00659,55.69
1/1/2025,CUST-00659,54.87
2/1/2025,CUST-00659,54.87
3/1/2025,CUST-00659,54.87
4/1/2025,CUST-00659,54.87
5/1/2025,CUST-00659,54.87
6/1/2025,CUST-00659,54.87
7/1/2025,CUST-00659,54.87
8/1/2025,CUST-00659,54.87
9/1/2025,CUST-00659,54.87
10/1/2025,CUST-00659,54.87
11/1/2025,CUST-00659,54.87
12/1/2025,CUST-00659,55.69
4/1/2025,CUST-00660,61.47
5/1/2025,CUST-00660,61.47
6/1/2025,CUST-00660,61.47
7/1/2025,CUST-00660,61.47
8/1/2025,CUST-00660,61.47
9/1/2025,CUST-00660,61.47
10/1/2025,CUST-00660,61.47
11/1/2025,CUST-00660,61.47
12/1/2025,CUST-00660,62.39
8/1/2022,CUST-00661,129.34
9/1/2022,CUST-00661,129.34
10/1/2022,CUST-00661,129.34
11/1/2022,CUST-00661,129.34
12/1/2022,CUST-00661,131.28
1/1/2023,CUST-00661,129.34
2/1/2023,CUST-00661,129.34
3/1/2023,CUST-00661,129.34
4/1/2023,CUST-00661,129.34
5/1/2023,CUST-00661,129.34
6/1/2023,CUST-00661,129.34
7/1/2023,CUST-00661,129.34
8/1/2023,CUST-00661,129.34
9/1/2023,CUST-00661,129.34
10/1/2023,CUST-00661,129.34
11/1/2023,CUST-00661,129.34
12/1/2023,CUST-00661,131.28
1/1/2024,CUST-00661,129.34
2/1/2024,CUST-00661,129.34
3/1/2024,CUST-00661,129.34
4/1/2024,CUST-00661,129.34
5/1/2024,CUST-00661,129.34
6/1/2024,CUST-00661,129.34
7/1/2024,CUST-00661,129.34
8/1/2024,CUST-00661,129.34
9/1/2024,CUST-00661,129.34
10/1/2024,CUST-00661,129.34
11/1/2024,CUST-00661,129.34
12/1/2024,CUST-00661,131.28
1/1/2025,CUST-00661,129.34
2/1/2025,CUST-00661,129.34
3/1/2025,CUST-00661,129.34
4/1/2025,CUST-00661,129.34
5/1/2025,CUST-00661,129.34
6/1/2025,CUST-00661,129.34
7/1/2025,CUST-00661,129.34
8/1/2025,CUST-00661,129.34
9/1/2025,CUST-00661,129.34
10/1/2025,CUST-00661,129.34
11/1/2025,CUST-00661,129.34
12/1/2025,CUST-00661,131.28
10/1/2024,CUST-00662,113.18
11/1/2024,CUST-00662,113.18
12/1/2024,CUST-00662,114.88
1/1/2025,CUST-00662,113.18
2/1/2025,CUST-00662,113.18
3/1/2025,CUST-00662,113.18
4/1/2025,CUST-00662,113.18
5/1/2025,CUST-00662,113.18
6/1/2025,CUST-00662,113.18
7/1/2025,CUST-00662,113.18
8/1/2025,CUST-00662,113.18
9/1/2025,CUST-00662,113.18
10/1/2025,CUST-00662,113.18
11/1/2025,CUST-00662,113.18
12/1/2025,CUST-00662,114.88
5/1/2024,CUST-00663,75.83
6/1/2024,CUST-00663,75.83
7/1/2024,CUST-00663,75.83
8/1/2024,CUST-00663,75.83
9/1/2024,CUST-00663,75.83
10/1/2024,CUST-00663,75.83
11/1/2024,CUST-00663,75.83
12/1/2024,CUST-00663,76.97
1/1/2025,CUST-00663,75.83
2/1/2025,CUST-00663,75.83
3/1/2025,CUST-00663,75.83
4/1/2025,CUST-00663,75.83
5/1/2025,CUST-00663,75.83
6/1/2025,CUST-00663,75.83
7/1/2025,CUST-00663,75.83
8/1/2025,CUST-00663,75.83
9/1/2025,CUST-00663,75.83
10/1/2025,CUST-00663,75.83
11/1/2025,CUST-00663,75.83
12/1/2025,CUST-00663,76.97
5/1/2022,CUST-00664,82.84
6/1/2022,CUST-00664,82.84
7/1/2022,CUST-00664,82.84
8/1/2022,CUST-00664,82.84
9/1/2022,CUST-00664,82.84
10/1/2022,CUST-00664,82.84
11/1/2022,CUST-00664,82.84
12/1/2022,CUST-00664,84.08
1/1/2023,CUST-00664,82.84
2/1/2023,CUST-00664,82.84
3/1/2023,CUST-00664,82.84
4/1/2023,CUST-00664,82.84
5/1/2023,CUST-00664,82.84
6/1/2023,CUST-00664,82.84
7/1/2023,CUST-00664,82.84
8/1/2023,CUST-00664,82.84
9/1/2023,CUST-00664,82.84
10/1/2023,CUST-00664,82.84
11/1/2023,CUST-00664,82.84
12/1/2023,CUST-00664,84.08
1/1/2024,CUST-00664,82.84
2/1/2024,CUST-00664,82.84
3/1/2024,CUST-00664,82.84
4/1/2024,CUST-00664,82.84
5/1/2024,CUST-00664,82.84
6/1/2024,CUST-00664,82.84
7/1/2024,CUST-00664,82.84
8/1/2024,CUST-00664,82.84
9/1/2024,CUST-00664,82.84
10/1/2024,CUST-00664,82.84
11/1/2024,CUST-00664,82.84
12/1/2024,CUST-00664,84.08
1/1/2025,CUST-00664,82.84
2/1/2025,CUST-00664,82.84
3/1/2025,CUST-00664,82.84
4/1/2025,CUST-00664,82.84
5/1/2025,CUST-00664,82.84
6/1/2025,CUST-00664,82.84
7/1/2025,CUST-00664,82.84
8/1/2025,CUST-00664,82.84
9/1/2025,CUST-00664,82.84
10/1/2025,CUST-00664,82.84
11/1/2025,CUST-00664,82.84
12/1/2025,CUST-00664,84.08
9/1/2023,CUST-00665,50.07
10/1/2023,CUST-00665,50.07
11/1/2023,CUST-00665,50.07
12/1/2023,CUST-00665,50.82
1/1/2024,CUST-00665,50.07
2/1/2024,CUST-00665,50.07
3/1/2024,CUST-00665,50.07
4/1/2024,CUST-00665,50.07
5/1/2024,CUST-00665,50.07
6/1/2024,CUST-00665,50.07
7/1/2024,CUST-00665,50.07
8/1/2024,CUST-00665,50.07
9/1/2024,CUST-00665,50.07
10/1/2024,CUST-00665,50.07
11/1/2024,CUST-00665,50.07
12/1/2024,CUST-00665,50.82
1/1/2025,CUST-00665,50.07
2/1/2025,CUST-00665,50.07
3/1/2025,CUST-00665,50.07
4/1/2025,CUST-00665,50.07
5/1/2025,CUST-00665,50.07
6/1/2025,CUST-00665,50.07
7/1/2025,CUST-00665,50.07
8/1/2025,CUST-00665,50.07
9/1/2025,CUST-00665,50.07
10/1/2025,CUST-00665,50.07
11/1/2025,CUST-00665,50.07
12/1/2025,CUST-00665,50.82
6/1/2024,CUST-00666,45.75
7/1/2024,CUST-00666,45.75
8/1/2024,CUST-00666,45.75
9/1/2024,CUST-00666,45.75
10/1/2024,CUST-00666,45.75
11/1/2024,CUST-00666,45.75
12/1/2024,CUST-00666,46.44
1/1/2025,CUST-00666,45.75
2/1/2025,CUST-00666,45.75
3/1/2025,CUST-00666,45.75
4/1/2025,CUST-00666,45.75
5/1/2025,CUST-00666,45.75
6/1/2025,CUST-00666,45.75
7/1/2025,CUST-00666,45.75
8/1/2025,CUST-00666,45.75
9/1/2025,CUST-00666,45.75
10/1/2025,CUST-00666,45.75
11/1/2025,CUST-00666,45.75
12/1/2025,CUST-00666,46.44
3/1/2024,CUST-00667,85.52
4/1/2024,CUST-00667,85.52
5/1/2024,CUST-00667,85.52
6/1/2024,CUST-00667,85.52
7/1/2024,CUST-00667,85.52
8/1/2024,CUST-00667,85.52
9/1/2024,CUST-00667,85.52
10/1/2024,CUST-00667,85.52
11/1/2024,CUST-00667,85.52
12/1/2024,CUST-00667,86.8
1/1/2025,CUST-00667,85.52
2/1/2025,CUST-00667,85.52
3/1/2025,CUST-00667,85.52
4/1/2025,CUST-00667,85.52
5/1/2025,CUST-00667,85.52
6/1/2025,CUST-00667,85.52
7/1/2025,CUST-00667,85.52
8/1/2025,CUST-00667,85.52
9/1/2025,CUST-00667,85.52
10/1/2025,CUST-00667,85.52
11/1/2025,CUST-00667,85.52
12/1/2025,CUST-00667,86.8
12/1/2022,CUST-00668,76.93
1/1/2023,CUST-00668,75.79
2/1/2023,CUST-00668,75.79
3/1/2023,CUST-00668,75.79
4/1/2023,CUST-00668,75.79
5/1/2023,CUST-00668,75.79
6/1/2023,CUST-00668,75.79
7/1/2023,CUST-00668,75.79
8/1/2023,CUST-00668,75.79
9/1/2023,CUST-00668,75.79
10/1/2023,CUST-00668,75.79
11/1/2023,CUST-00668,75.79
12/1/2023,CUST-00668,76.93
1/1/2024,CUST-00668,75.79
2/1/2024,CUST-00668,75.79
3/1/2024,CUST-00668,75.79
4/1/2024,CUST-00668,75.79
5/1/2024,CUST-00668,75.79
6/1/2024,CUST-00668,75.79
7/1/2024,CUST-00668,75.79
8/1/2024,CUST-00668,75.79
9/1/2024,CUST-00668,75.79
10/1/2024,CUST-00668,75.79
11/1/2024,CUST-00668,75.79
12/1/2024,CUST-00668,76.93
1/1/2025,CUST-00668,75.79
2/1/2025,CUST-00668,75.79
3/1/2025,CUST-00668,75.79
4/1/2025,CUST-00668,75.79
5/1/2025,CUST-00668,75.79
6/1/2025,CUST-00668,75.79
7/1/2025,CUST-00668,75.79
8/1/2025,CUST-00668,75.79
9/1/2025,CUST-00668,75.79
10/1/2025,CUST-00668,75.79
11/1/2025,CUST-00668,75.79
12/1/2025,CUST-00668,76.93
11/1/2023,CUST-00669,40.44
12/1/2023,CUST-00669,41.05
1/1/2024,CUST-00669,40.44
2/1/2024,CUST-00669,40.44
3/1/2024,CUST-00669,40.44
4/1/2024,CUST-00669,40.44
5/1/2024,CUST-00669,40.44
6/1/2024,CUST-00669,40.44
7/1/2024,CUST-00669,40.44
8/1/2024,CUST-00669,40.44
9/1/2024,CUST-00669,40.44
10/1/2024,CUST-00669,40.44
11/1/2024,CUST-00670,86.97
12/1/2024,CUST-00670,88.27
1/1/2025,CUST-00670,86.97
2/1/2025,CUST-00670,86.97
3/1/2025,CUST-00670,86.97
4/1/2025,CUST-00670,86.97
5/1/2025,CUST-00670,86.97
6/1/2025,CUST-00670,86.97
7/1/2025,CUST-00670,86.97
8/1/2025,CUST-00670,86.97
9/1/2025,CUST-00670,86.97
10/1/2025,CUST-00670,86.97
11/1/2025,CUST-00670,86.97
12/1/2025,CUST-00670,88.27
11/1/2024,CUST-00671,65.91
12/1/2024,CUST-00671,66.9
1/1/2025,CUST-00671,65.91
2/1/2025,CUST-00671,65.91
3/1/2025,CUST-00671,65.91
4/1/2025,CUST-00671,65.91
5/1/2025,CUST-00671,65.91
6/1/2025,CUST-00671,65.91
7/1/2025,CUST-00671,65.91
8/1/2025,CUST-00671,65.91
9/1/2025,CUST-00671,65.91
10/1/2025,CUST-00671,65.91
11/1/2025,CUST-00671,65.91
12/1/2025,CUST-00671,66.9
6/1/2023,CUST-00672,65
7/1/2023,CUST-00672,65
8/1/2023,CUST-00672,65
9/1/2023,CUST-00672,65
10/1/2023,CUST-00672,65
11/1/2023,CUST-00672,65
12/1/2023,CUST-00672,65.97
1/1/2024,CUST-00672,65
2/1/2024,CUST-00672,65
3/1/2024,CUST-00672,65
4/1/2024,CUST-00672,65
5/1/2024,CUST-00672,65
6/1/2024,CUST-00672,65
7/1/2024,CUST-00672,65
8/1/2024,CUST-00672,65
9/1/2024,CUST-00672,65
10/1/2024,CUST-00672,65
11/1/2024,CUST-00672,65
12/1/2024,CUST-00672,65.97
1/1/2025,CUST-00672,65
2/1/2025,CUST-00672,65
3/1/2025,CUST-00672,65
4/1/2025,CUST-00672,65
5/1/2025,CUST-00672,65
6/1/2025,CUST-00672,65
7/1/2025,CUST-00672,65
8/1/2025,CUST-00672,65
9/1/2025,CUST-00672,65
10/1/2025,CUST-00672,65
11/1/2025,CUST-00672,65
12/1/2025,CUST-00672,65.97
2/1/2025,CUST-00673,68.09
3/1/2025,CUST-00673,68.09
4/1/2025,CUST-00673,68.09
5/1/2025,CUST-00673,68.09
6/1/2025,CUST-00673,68.09
7/1/2025,CUST-00673,68.09
8/1/2025,CUST-00673,68.09
9/1/2025,CUST-00673,68.09
10/1/2025,CUST-00673,68.09
11/1/2025,CUST-00673,68.09
12/1/2025,CUST-00673,69.11
11/1/2023,CUST-00674,42.66
12/1/2023,CUST-00674,43.3
1/1/2024,CUST-00674,42.66
2/1/2024,CUST-00674,42.66
3/1/2024,CUST-00674,42.66
4/1/2024,CUST-00674,42.66
5/1/2024,CUST-00674,42.66
6/1/2024,CUST-00674,42.66
7/1/2024,CUST-00674,42.66
8/1/2024,CUST-00674,42.66
9/1/2024,CUST-00674,42.66
10/1/2024,CUST-00674,42.66
11/1/2024,CUST-00674,42.66
12/1/2024,CUST-00674,43.3
1/1/2025,CUST-00674,42.66
2/1/2025,CUST-00674,42.66
3/1/2025,CUST-00674,42.66
4/1/2025,CUST-00674,42.66
5/1/2025,CUST-00674,42.66
6/1/2025,CUST-00674,42.66
7/1/2025,CUST-00674,42.66
8/1/2025,CUST-00674,42.66
9/1/2025,CUST-00674,42.66
10/1/2025,CUST-00674,42.66
11/1/2025,CUST-00674,42.66
12/1/2025,CUST-00674,43.3
12/1/2024,CUST-00675,45.3
1/1/2025,CUST-00675,44.63
2/1/2025,CUST-00675,44.63
3/1/2025,CUST-00675,44.63
4/1/2025,CUST-00675,44.63
5/1/2025,CUST-00675,44.63
6/1/2025,CUST-00675,44.63
7/1/2025,CUST-00675,44.63
8/1/2025,CUST-00675,44.63
9/1/2025,CUST-00675,44.63
10/1/2025,CUST-00675,44.63
11/1/2025,CUST-00675,44.63
12/1/2025,CUST-00675,45.3
10/1/2022,CUST-00676,47.68
11/1/2022,CUST-00676,47.68
12/1/2022,CUST-00676,48.4
1/1/2023,CUST-00676,47.68
2/1/2023,CUST-00676,47.68
3/1/2023,CUST-00676,47.68
4/1/2023,CUST-00676,47.68
5/1/2023,CUST-00676,47.68
6/1/2023,CUST-00676,47.68
7/1/2023,CUST-00676,47.68
8/1/2023,CUST-00676,47.68
9/1/2023,CUST-00676,47.68
10/1/2023,CUST-00676,47.68
11/1/2023,CUST-00676,47.68
12/1/2023,CUST-00676,48.4
1/1/2024,CUST-00676,47.68
2/1/2024,CUST-00676,47.68
3/1/2024,CUST-00676,47.68
4/1/2024,CUST-00676,47.68
5/1/2024,CUST-00676,47.68
6/1/2024,CUST-00676,47.68
7/1/2024,CUST-00676,47.68
8/1/2024,CUST-00676,47.68
9/1/2024,CUST-00676,47.68
10/1/2024,CUST-00676,47.68
11/1/2024,CUST-00676,47.68
12/1/2024,CUST-00676,48.4
1/1/2025,CUST-00676,47.68
2/1/2025,CUST-00676,47.68
3/1/2025,CUST-00676,47.68
4/1/2025,CUST-00676,47.68
5/1/2025,CUST-00676,47.68
6/1/2025,CUST-00676,47.68
7/1/2025,CUST-00676,47.68
8/1/2025,CUST-00676,47.68
9/1/2025,CUST-00676,47.68
10/1/2025,CUST-00676,47.68
11/1/2025,CUST-00676,47.68
12/1/2025,CUST-00676,48.4
5/1/2022,CUST-00677,89.06
6/1/2022,CUST-00677,89.06
7/1/2022,CUST-00677,89.06
8/1/2022,CUST-00677,89.06
9/1/2022,CUST-00677,89.06
10/1/2022,CUST-00677,89.06
11/1/2022,CUST-00677,89.06
12/1/2022,CUST-00677,90.4
1/1/2023,CUST-00677,89.06
2/1/2023,CUST-00677,89.06
3/1/2023,CUST-00677,89.06
4/1/2023,CUST-00677,89.06
5/1/2023,CUST-00677,89.06
6/1/2023,CUST-00677,89.06
7/1/2023,CUST-00677,89.06
8/1/2023,CUST-00677,89.06
9/1/2023,CUST-00677,89.06
10/1/2023,CUST-00677,89.06
11/1/2023,CUST-00677,89.06
12/1/2023,CUST-00677,90.4
1/1/2024,CUST-00677,89.06
2/1/2024,CUST-00677,89.06
3/1/2024,CUST-00677,89.06
4/1/2024,CUST-00677,89.06
5/1/2024,CUST-00677,89.06
6/1/2024,CUST-00677,89.06
7/1/2024,CUST-00677,89.06
8/1/2024,CUST-00677,89.06
9/1/2024,CUST-00677,89.06
10/1/2024,CUST-00677,89.06
11/1/2024,CUST-00677,89.06
12/1/2024,CUST-00677,90.4
1/1/2025,CUST-00677,89.06
2/1/2025,CUST-00677,89.06
3/1/2025,CUST-00677,89.06
4/1/2025,CUST-00677,89.06
5/1/2025,CUST-00677,89.06
6/1/2025,CUST-00677,89.06
7/1/2025,CUST-00677,89.06
8/1/2025,CUST-00677,89.06
9/1/2025,CUST-00677,89.06
10/1/2025,CUST-00677,89.06
11/1/2025,CUST-00677,89.06
12/1/2025,CUST-00677,90.4
2/1/2023,CUST-00678,109.49
3/1/2023,CUST-00678,109.49
4/1/2023,CUST-00678,109.49
5/1/2023,CUST-00678,109.49
6/1/2023,CUST-00678,109.49
7/1/2023,CUST-00678,109.49
8/1/2023,CUST-00678,109.49
9/1/2023,CUST-00678,109.49
10/1/2023,CUST-00678,109.49
11/1/2023,CUST-00678,109.49
12/1/2023,CUST-00678,111.13
1/1/2024,CUST-00678,109.49
2/1/2024,CUST-00678,109.49
3/1/2024,CUST-00678,109.49
4/1/2024,CUST-00678,109.49
5/1/2024,CUST-00678,109.49
6/1/2024,CUST-00678,109.49
7/1/2024,CUST-00678,109.49
8/1/2024,CUST-00678,109.49
9/1/2024,CUST-00678,109.49
10/1/2024,CUST-00678,109.49
11/1/2024,CUST-00678,109.49
12/1/2024,CUST-00678,111.13
1/1/2025,CUST-00678,109.49
2/1/2025,CUST-00678,109.49
3/1/2025,CUST-00678,109.49
4/1/2025,CUST-00678,109.49
5/1/2025,CUST-00678,109.49
6/1/2025,CUST-00678,109.49
7/1/2025,CUST-00678,109.49
8/1/2025,CUST-00678,109.49
9/1/2025,CUST-00678,109.49
10/1/2025,CUST-00678,109.49
11/1/2025,CUST-00678,109.49
12/1/2025,CUST-00678,111.13
7/1/2025,CUST-00679,129.18
8/1/2025,CUST-00679,129.18
9/1/2025,CUST-00679,129.18
5/1/2022,CUST-00680,68.69
6/1/2022,CUST-00680,68.69
7/1/2022,CUST-00680,68.69
8/1/2022,CUST-00680,68.69
9/1/2022,CUST-00680,68.69
10/1/2022,CUST-00680,68.69
11/1/2022,CUST-00680,68.69
12/1/2022,CUST-00680,69.72
1/1/2023,CUST-00680,68.69
2/1/2023,CUST-00680,68.69
3/1/2023,CUST-00680,68.69
4/1/2023,CUST-00680,68.69
5/1/2023,CUST-00680,68.69
6/1/2023,CUST-00680,68.69
7/1/2023,CUST-00680,68.69
8/1/2023,CUST-00680,68.69
9/1/2023,CUST-00680,68.69
10/1/2023,CUST-00680,68.69
11/1/2023,CUST-00680,68.69
12/1/2023,CUST-00680,69.72
1/1/2024,CUST-00680,68.69
2/1/2024,CUST-00680,68.69
3/1/2024,CUST-00680,68.69
4/1/2024,CUST-00680,68.69
5/1/2024,CUST-00680,68.69
6/1/2024,CUST-00680,68.69
7/1/2024,CUST-00680,68.69
8/1/2024,CUST-00680,68.69
9/1/2024,CUST-00680,68.69
10/1/2024,CUST-00680,68.69
11/1/2024,CUST-00680,68.69
12/1/2024,CUST-00680,69.72
1/1/2025,CUST-00680,68.69
2/1/2025,CUST-00680,68.69
3/1/2025,CUST-00680,68.69
4/1/2025,CUST-00680,68.69
5/1/2025,CUST-00680,68.69
6/1/2025,CUST-00680,68.69
7/1/2025,CUST-00680,68.69
8/1/2025,CUST-00680,68.69
9/1/2025,CUST-00680,68.69
10/1/2025,CUST-00680,68.69
11/1/2025,CUST-00680,68.69
12/1/2025,CUST-00680,69.72
12/1/2023,CUST-00681,50.52
1/1/2024,CUST-00681,49.77
2/1/2024,CUST-00681,49.77
3/1/2024,CUST-00681,49.77
4/1/2024,CUST-00681,49.77
5/1/2024,CUST-00681,49.77
6/1/2024,CUST-00681,49.77
7/1/2024,CUST-00681,49.77
8/1/2024,CUST-00681,49.77
9/1/2024,CUST-00681,49.77
10/1/2024,CUST-00681,49.77
11/1/2024,CUST-00681,49.77
12/1/2024,CUST-00681,50.52
1/1/2025,CUST-00681,49.77
2/1/2025,CUST-00681,49.77
3/1/2025,CUST-00681,49.77
4/1/2025,CUST-00681,49.77
5/1/2025,CUST-00681,49.77
6/1/2025,CUST-00681,49.77
7/1/2025,CUST-00681,49.77
8/1/2025,CUST-00681,49.77
9/1/2025,CUST-00681,49.77
10/1/2025,CUST-00681,49.77
11/1/2025,CUST-00681,49.77
12/1/2025,CUST-00681,50.52
4/1/2023,CUST-00682,55.4
5/1/2023,CUST-00682,55.4
6/1/2023,CUST-00682,55.4
7/1/2023,CUST-00682,55.4
8/1/2023,CUST-00682,55.4
9/1/2023,CUST-00682,55.4
10/1/2023,CUST-00682,55.4
11/1/2023,CUST-00682,55.4
12/1/2023,CUST-00682,56.23
1/1/2024,CUST-00682,55.4
2/1/2024,CUST-00682,55.4
3/1/2024,CUST-00682,55.4
4/1/2024,CUST-00682,55.4
5/1/2024,CUST-00682,55.4
6/1/2024,CUST-00682,55.4
7/1/2024,CUST-00682,55.4
8/1/2024,CUST-00682,55.4
9/1/2024,CUST-00682,55.4
10/1/2024,CUST-00682,55.4
11/1/2024,CUST-00682,55.4
12/1/2024,CUST-00682,56.23
1/1/2025,CUST-00682,55.4
2/1/2025,CUST-00682,55.4
3/1/2025,CUST-00682,55.4
4/1/2025,CUST-00682,55.4
5/1/2025,CUST-00682,55.4
6/1/2025,CUST-00682,55.4
7/1/2025,CUST-00682,55.4
8/1/2025,CUST-00682,55.4
9/1/2025,CUST-00682,55.4
10/1/2025,CUST-00682,55.4
11/1/2025,CUST-00682,55.4
12/1/2025,CUST-00682,56.23
6/1/2025,CUST-00683,101.14
7/1/2025,CUST-00683,101.14
8/1/2025,CUST-00683,101.14
9/1/2025,CUST-00683,101.14
10/1/2025,CUST-00683,101.14
11/1/2025,CUST-00683,101.14
12/1/2025,CUST-00683,102.66
1/1/2022,CUST-00684,84.23
2/1/2022,CUST-00684,84.23
3/1/2022,CUST-00684,84.23
4/1/2022,CUST-00684,84.23
5/1/2022,CUST-00684,84.23
6/1/2022,CUST-00684,84.23
7/1/2022,CUST-00684,84.23
8/1/2022,CUST-00684,84.23
9/1/2022,CUST-00684,84.23
10/1/2022,CUST-00684,84.23
11/1/2022,CUST-00684,84.23
12/1/2022,CUST-00684,85.49
1/1/2023,CUST-00684,84.23
2/1/2023,CUST-00684,84.23
3/1/2023,CUST-00684,84.23
4/1/2023,CUST-00684,84.23
5/1/2023,CUST-00684,84.23
6/1/2023,CUST-00684,84.23
7/1/2023,CUST-00684,84.23
8/1/2023,CUST-00684,84.23
9/1/2023,CUST-00684,84.23
10/1/2023,CUST-00684,84.23
11/1/2023,CUST-00684,84.23
12/1/2023,CUST-00684,85.49
1/1/2024,CUST-00684,84.23
2/1/2024,CUST-00684,84.23
3/1/2024,CUST-00684,84.23
4/1/2024,CUST-00684,84.23
5/1/2024,CUST-00684,84.23
6/1/2024,CUST-00684,84.23
7/1/2024,CUST-00684,84.23
8/1/2024,CUST-00684,84.23
9/1/2024,CUST-00684,84.23
10/1/2024,CUST-00684,84.23
11/1/2024,CUST-00684,84.23
12/1/2024,CUST-00684,85.49
1/1/2025,CUST-00684,84.23
2/1/2025,CUST-00684,84.23
3/1/2025,CUST-00684,84.23
4/1/2025,CUST-00684,84.23
5/1/2025,CUST-00684,84.23
6/1/2025,CUST-00684,84.23
7/1/2025,CUST-00684,84.23
8/1/2025,CUST-00684,84.23
9/1/2025,CUST-00684,84.23
10/1/2025,CUST-00684,84.23
11/1/2025,CUST-00684,84.23
12/1/2025,CUST-00684,85.49
2/1/2024,CUST-00685,47.78
3/1/2024,CUST-00685,47.78
4/1/2024,CUST-00685,47.78
5/1/2024,CUST-00685,47.78
6/1/2024,CUST-00685,47.78
7/1/2024,CUST-00685,47.78
8/1/2024,CUST-00685,47.78
9/1/2024,CUST-00685,47.78
10/1/2024,CUST-00685,47.78
11/1/2024,CUST-00685,47.78
12/1/2024,CUST-00685,48.5
1/1/2025,CUST-00685,47.78
2/1/2025,CUST-00685,47.78
3/1/2025,CUST-00685,47.78
4/1/2025,CUST-00685,47.78
5/1/2025,CUST-00685,47.78
6/1/2025,CUST-00685,47.78
7/1/2025,CUST-00685,47.78
8/1/2025,CUST-00685,47.78
9/1/2025,CUST-00685,47.78
10/1/2025,CUST-00685,47.78
11/1/2025,CUST-00685,47.78
12/1/2025,CUST-00685,48.5
1/1/2023,CUST-00686,91.08
2/1/2023,CUST-00686,91.08
3/1/2023,CUST-00686,91.08
4/1/2023,CUST-00686,91.08
5/1/2023,CUST-00686,91.08
6/1/2023,CUST-00686,91.08
7/1/2023,CUST-00686,91.08
8/1/2023,CUST-00686,91.08
9/1/2023,CUST-00686,91.08
10/1/2023,CUST-00686,91.08
11/1/2023,CUST-00686,91.08
12/1/2023,CUST-00686,92.45
1/1/2024,CUST-00686,91.08
2/1/2024,CUST-00686,91.08
3/1/2024,CUST-00686,91.08
4/1/2024,CUST-00686,91.08
5/1/2024,CUST-00686,91.08
6/1/2024,CUST-00686,91.08
7/1/2024,CUST-00686,91.08
8/1/2024,CUST-00686,91.08
9/1/2024,CUST-00686,91.08
10/1/2024,CUST-00686,91.08
11/1/2024,CUST-00686,91.08
12/1/2024,CUST-00686,92.45
1/1/2025,CUST-00686,91.08
2/1/2025,CUST-00686,91.08
3/1/2025,CUST-00686,91.08
4/1/2025,CUST-00686,91.08
5/1/2025,CUST-00686,91.08
6/1/2025,CUST-00686,91.08
7/1/2025,CUST-00686,91.08
8/1/2025,CUST-00686,91.08
9/1/2025,CUST-00686,91.08
10/1/2025,CUST-00686,91.08
11/1/2025,CUST-00686,91.08
12/1/2025,CUST-00686,92.45
6/1/2025,CUST-00687,77.63
7/1/2025,CUST-00687,77.63
8/1/2025,CUST-00687,77.63
9/1/2025,CUST-00687,77.63
10/1/2025,CUST-00687,77.63
11/1/2025,CUST-00687,77.63
12/1/2025,CUST-00687,78.79
8/1/2025,CUST-00688,75.14
9/1/2025,CUST-00688,75.14
10/1/2025,CUST-00688,75.14
11/1/2025,CUST-00688,75.14
12/1/2025,CUST-00688,76.27
3/1/2024,CUST-00689,105.18
4/1/2024,CUST-00689,105.18
5/1/2024,CUST-00689,105.18
6/1/2024,CUST-00689,105.18
7/1/2024,CUST-00689,105.18
8/1/2024,CUST-00689,105.18
9/1/2024,CUST-00689,105.18
10/1/2024,CUST-00689,105.18
11/1/2024,CUST-00689,105.18
12/1/2024,CUST-00689,106.76
1/1/2025,CUST-00689,105.18
2/1/2025,CUST-00689,105.18
3/1/2025,CUST-00689,105.18
4/1/2025,CUST-00689,105.18
5/1/2025,CUST-00689,105.18
6/1/2025,CUST-00689,105.18
7/1/2025,CUST-00689,105.18
8/1/2025,CUST-00689,105.18
9/1/2025,CUST-00689,105.18
10/1/2025,CUST-00689,105.18
11/1/2025,CUST-00689,105.18
12/1/2025,CUST-00689,106.76
11/1/2023,CUST-00690,70.15
12/1/2023,CUST-00690,71.2
1/1/2024,CUST-00690,70.15
2/1/2024,CUST-00690,70.15
3/1/2024,CUST-00690,70.15
4/1/2024,CUST-00690,70.15
5/1/2024,CUST-00690,70.15
6/1/2024,CUST-00690,70.15
7/1/2024,CUST-00690,70.15
8/1/2024,CUST-00690,70.15
9/1/2024,CUST-00690,70.15
10/1/2024,CUST-00690,70.15
11/1/2024,CUST-00690,70.15
12/1/2024,CUST-00690,71.2
1/1/2025,CUST-00690,70.15
2/1/2025,CUST-00690,70.15
3/1/2025,CUST-00690,70.15
4/1/2025,CUST-00690,70.15
5/1/2025,CUST-00690,70.15
6/1/2025,CUST-00690,70.15
7/1/2025,CUST-00690,70.15
8/1/2025,CUST-00690,70.15
9/1/2025,CUST-00690,70.15
10/1/2025,CUST-00690,70.15
11/1/2025,CUST-00690,70.15
12/1/2025,CUST-00690,71.2
7/1/2025,CUST-00691,48.22
8/1/2025,CUST-00691,48.22
9/1/2025,CUST-00691,48.22
10/1/2025,CUST-00691,48.22
11/1/2025,CUST-00691,48.22
8/1/2022,CUST-00692,48.16
9/1/2022,CUST-00692,48.16
10/1/2022,CUST-00692,48.16
11/1/2022,CUST-00692,48.16
12/1/2022,CUST-00692,48.88
1/1/2023,CUST-00692,48.16
2/1/2023,CUST-00692,48.16
3/1/2023,CUST-00692,48.16
4/1/2023,CUST-00692,48.16
5/1/2023,CUST-00692,48.16
6/1/2023,CUST-00692,48.16
7/1/2023,CUST-00692,48.16
8/1/2023,CUST-00692,48.16
9/1/2023,CUST-00692,48.16
10/1/2023,CUST-00692,48.16
11/1/2023,CUST-00692,48.16
12/1/2023,CUST-00692,48.88
1/1/2024,CUST-00692,48.16
2/1/2024,CUST-00692,48.16
3/1/2024,CUST-00692,48.16
4/1/2024,CUST-00692,48.16
5/1/2024,CUST-00692,48.16
6/1/2024,CUST-00692,48.16
7/1/2024,CUST-00692,48.16
8/1/2024,CUST-00692,48.16
9/1/2024,CUST-00692,48.16
10/1/2024,CUST-00692,48.16
11/1/2024,CUST-00692,48.16
12/1/2024,CUST-00692,48.88
1/1/2025,CUST-00692,48.16
2/1/2025,CUST-00692,48.16
3/1/2025,CUST-00692,48.16
4/1/2025,CUST-00692,48.16
5/1/2025,CUST-00692,48.16
6/1/2025,CUST-00692,48.16
7/1/2025,CUST-00692,48.16
8/1/2025,CUST-00692,48.16
9/1/2025,CUST-00692,48.16
10/1/2025,CUST-00692,48.16
11/1/2025,CUST-00692,48.16
12/1/2025,CUST-00692,48.88
2/1/2025,CUST-00693,130.99
3/1/2025,CUST-00693,130.99
4/1/2025,CUST-00693,130.99
5/1/2025,CUST-00693,130.99
6/1/2025,CUST-00693,130.99
7/1/2025,CUST-00693,130.99
8/1/2025,CUST-00693,130.99
9/1/2025,CUST-00693,130.99
6/1/2023,CUST-00694,81.42
7/1/2023,CUST-00694,81.42
8/1/2023,CUST-00694,81.42
9/1/2023,CUST-00694,81.42
10/1/2023,CUST-00694,81.42
11/1/2023,CUST-00694,81.42
12/1/2023,CUST-00694,82.64
1/1/2024,CUST-00694,81.42
2/1/2024,CUST-00694,81.42
3/1/2024,CUST-00694,81.42
4/1/2024,CUST-00694,81.42
5/1/2024,CUST-00694,81.42
6/1/2024,CUST-00694,81.42
7/1/2024,CUST-00694,81.42
8/1/2024,CUST-00694,81.42
9/1/2024,CUST-00694,81.42
10/1/2024,CUST-00694,81.42
11/1/2024,CUST-00694,81.42
12/1/2024,CUST-00694,82.64
1/1/2025,CUST-00694,81.42
2/1/2025,CUST-00694,81.42
3/1/2025,CUST-00694,81.42
4/1/2025,CUST-00694,81.42
5/1/2025,CUST-00694,81.42
6/1/2025,CUST-00694,81.42
7/1/2025,CUST-00694,81.42
8/1/2025,CUST-00694,81.42
9/1/2025,CUST-00694,81.42
10/1/2025,CUST-00694,81.42
11/1/2025,CUST-00694,81.42
12/1/2025,CUST-00694,82.64
2/1/2024,CUST-00695,50.22
3/1/2024,CUST-00695,50.22
4/1/2024,CUST-00695,50.22
5/1/2024,CUST-00695,50.22
6/1/2024,CUST-00695,50.22
7/1/2024,CUST-00695,50.22
8/1/2024,CUST-00695,50.22
9/1/2024,CUST-00695,50.22
10/1/2024,CUST-00695,50.22
11/1/2024,CUST-00695,50.22
12/1/2024,CUST-00695,50.97
1/1/2025,CUST-00695,50.22
2/1/2025,CUST-00695,50.22
3/1/2025,CUST-00695,50.22
4/1/2025,CUST-00695,50.22
5/1/2025,CUST-00695,50.22
6/1/2025,CUST-00695,50.22
7/1/2025,CUST-00695,50.22
8/1/2025,CUST-00695,50.22
9/1/2025,CUST-00695,50.22
10/1/2025,CUST-00695,50.22
11/1/2025,CUST-00695,50.22
12/1/2025,CUST-00695,50.97
6/1/2023,CUST-00696,58.03
7/1/2023,CUST-00696,58.03
8/1/2023,CUST-00696,58.03
9/1/2023,CUST-00696,58.03
10/1/2023,CUST-00696,58.03
11/1/2023,CUST-00696,58.03
12/1/2023,CUST-00696,58.9
1/1/2024,CUST-00696,58.03
2/1/2024,CUST-00696,58.03
3/1/2024,CUST-00696,58.03
4/1/2024,CUST-00696,58.03
5/1/2024,CUST-00696,58.03
6/1/2024,CUST-00696,58.03
7/1/2024,CUST-00696,58.03
8/1/2024,CUST-00696,58.03
9/1/2024,CUST-00696,58.03
10/1/2024,CUST-00696,58.03
11/1/2024,CUST-00696,58.03
12/1/2024,CUST-00696,58.9
1/1/2025,CUST-00696,58.03
2/1/2025,CUST-00696,58.03
3/1/2025,CUST-00696,58.03
4/1/2025,CUST-00696,58.03
5/1/2025,CUST-00696,58.03
6/1/2025,CUST-00696,58.03
7/1/2025,CUST-00696,58.03
8/1/2025,CUST-00696,58.03
9/1/2025,CUST-00696,58.03
10/1/2025,CUST-00696,58.03
11/1/2025,CUST-00696,58.03
12/1/2025,CUST-00696,58.9
10/1/2024,CUST-00697,68.93
11/1/2024,CUST-00697,68.93
12/1/2024,CUST-00697,69.96
1/1/2025,CUST-00697,68.93
2/1/2025,CUST-00697,68.93
3/1/2025,CUST-00697,68.93
4/1/2025,CUST-00697,68.93
5/1/2025,CUST-00697,68.93
6/1/2025,CUST-00697,68.93
7/1/2025,CUST-00697,68.93
8/1/2025,CUST-00697,68.93
9/1/2025,CUST-00697,68.93
10/1/2025,CUST-00697,68.93
11/1/2025,CUST-00697,68.93
12/1/2025,CUST-00697,69.96
1/1/2022,CUST-00698,116.91
2/1/2022,CUST-00698,116.91
3/1/2022,CUST-00698,116.91
4/1/2022,CUST-00698,116.91
5/1/2022,CUST-00698,116.91
6/1/2022,CUST-00698,116.91
7/1/2022,CUST-00698,116.91
8/1/2022,CUST-00698,116.91
9/1/2022,CUST-00698,116.91
10/1/2022,CUST-00698,116.91
11/1/2022,CUST-00698,116.91
12/1/2022,CUST-00698,118.66
1/1/2023,CUST-00698,116.91
2/1/2023,CUST-00698,116.91
3/1/2023,CUST-00698,116.91
4/1/2023,CUST-00698,116.91
5/1/2023,CUST-00698,116.91
6/1/2023,CUST-00698,116.91
7/1/2023,CUST-00698,116.91
8/1/2023,CUST-00698,116.91
9/1/2023,CUST-00698,116.91
10/1/2023,CUST-00698,116.91
11/1/2023,CUST-00698,116.91
12/1/2023,CUST-00698,118.66
1/1/2024,CUST-00698,116.91
2/1/2024,CUST-00698,116.91
3/1/2024,CUST-00698,116.91
4/1/2024,CUST-00698,116.91
5/1/2024,CUST-00698,116.91
6/1/2024,CUST-00698,116.91
7/1/2024,CUST-00698,116.91
8/1/2024,CUST-00698,116.91
9/1/2024,CUST-00698,116.91
10/1/2024,CUST-00698,116.91
11/1/2024,CUST-00698,116.91
12/1/2024,CUST-00698,118.66
1/1/2025,CUST-00698,116.91
2/1/2025,CUST-00698,116.91
3/1/2025,CUST-00698,116.91
4/1/2025,CUST-00698,116.91
5/1/2025,CUST-00698,116.91
6/1/2025,CUST-00698,116.91
7/1/2025,CUST-00698,116.91
8/1/2025,CUST-00698,116.91
9/1/2025,CUST-00698,116.91
10/1/2025,CUST-00698,116.91
11/1/2025,CUST-00698,116.91
12/1/2025,CUST-00698,118.66
3/1/2024,CUST-00699,43.29
4/1/2024,CUST-00699,43.29
5/1/2024,CUST-00699,43.29
5/1/2023,CUST-00700,84.41
6/1/2023,CUST-00700,84.41
7/1/2023,CUST-00700,84.41
8/1/2023,CUST-00700,84.41
9/1/2023,CUST-00700,84.41
10/1/2023,CUST-00700,84.41
11/1/2023,CUST-00700,84.41
12/1/2023,CUST-00700,85.68
1/1/2024,CUST-00700,84.41
2/1/2024,CUST-00700,84.41
3/1/2024,CUST-00700,84.41
4/1/2024,CUST-00700,84.41
5/1/2024,CUST-00700,84.41
6/1/2024,CUST-00700,84.41
7/1/2024,CUST-00700,84.41
8/1/2024,CUST-00700,84.41
9/1/2024,CUST-00700,84.41
10/1/2024,CUST-00700,84.41
11/1/2024,CUST-00700,84.41
12/1/2024,CUST-00700,85.68
1/1/2025,CUST-00700,84.41
2/1/2025,CUST-00700,84.41
3/1/2025,CUST-00700,84.41
4/1/2025,CUST-00700,84.41
5/1/2025,CUST-00700,84.41
6/1/2025,CUST-00700,84.41
7/1/2025,CUST-00700,84.41
8/1/2025,CUST-00700,84.41
9/1/2025,CUST-00700,84.41
10/1/2025,CUST-00700,84.41
11/1/2025,CUST-00700,84.41
12/1/2025,CUST-00700,85.68
12/1/2023,CUST-00701,115.56
1/1/2024,CUST-00701,113.85
2/1/2024,CUST-00701,113.85
3/1/2024,CUST-00701,113.85
4/1/2024,CUST-00701,113.85
5/1/2024,CUST-00701,113.85
6/1/2024,CUST-00701,113.85
7/1/2024,CUST-00701,113.85
8/1/2024,CUST-00701,113.85
9/1/2024,CUST-00701,113.85
10/1/2024,CUST-00701,113.85
11/1/2024,CUST-00701,113.85
12/1/2024,CUST-00701,115.56
1/1/2025,CUST-00701,113.85
2/1/2025,CUST-00701,113.85
3/1/2025,CUST-00701,113.85
4/1/2025,CUST-00701,113.85
5/1/2025,CUST-00701,113.85
6/1/2025,CUST-00701,113.85
7/1/2025,CUST-00701,113.85
8/1/2025,CUST-00701,113.85
9/1/2025,CUST-00701,113.85
10/1/2025,CUST-00701,113.85
11/1/2025,CUST-00701,113.85
12/1/2025,CUST-00701,115.56
12/1/2024,CUST-00702,65.18
1/1/2025,CUST-00702,64.22
2/1/2025,CUST-00702,64.22
3/1/2025,CUST-00702,64.22
4/1/2025,CUST-00702,64.22
5/1/2025,CUST-00702,64.22
6/1/2025,CUST-00702,64.22
7/1/2025,CUST-00702,64.22
8/1/2025,CUST-00702,64.22
9/1/2025,CUST-00702,64.22
10/1/2025,CUST-00702,64.22
11/1/2025,CUST-00702,64.22
12/1/2025,CUST-00702,65.18
1/1/2023,CUST-00703,47.69
2/1/2023,CUST-00703,47.69
3/1/2023,CUST-00703,47.69
4/1/2023,CUST-00703,47.69
5/1/2023,CUST-00703,47.69
6/1/2023,CUST-00703,47.69
7/1/2023,CUST-00703,47.69
8/1/2023,CUST-00703,47.69
9/1/2023,CUST-00703,47.69
10/1/2023,CUST-00703,47.69
11/1/2023,CUST-00703,47.69
12/1/2023,CUST-00703,48.41
1/1/2024,CUST-00703,47.69
2/1/2024,CUST-00703,47.69
3/1/2024,CUST-00703,47.69
4/1/2024,CUST-00703,47.69
5/1/2024,CUST-00703,47.69
6/1/2024,CUST-00703,47.69
7/1/2024,CUST-00703,47.69
8/1/2024,CUST-00703,47.69
9/1/2024,CUST-00703,47.69
10/1/2024,CUST-00703,47.69
11/1/2024,CUST-00703,47.69
12/1/2024,CUST-00703,48.41
1/1/2025,CUST-00703,47.69
2/1/2025,CUST-00703,47.69
3/1/2025,CUST-00703,47.69
4/1/2025,CUST-00703,47.69
5/1/2025,CUST-00703,47.69
6/1/2025,CUST-00703,47.69
7/1/2025,CUST-00703,47.69
8/1/2025,CUST-00703,47.69
9/1/2025,CUST-00703,47.69
10/1/2025,CUST-00703,47.69
11/1/2025,CUST-00703,47.69
12/1/2025,CUST-00703,48.41
8/1/2023,CUST-00704,74.52
9/1/2023,CUST-00704,74.52
10/1/2023,CUST-00704,74.52
11/1/2023,CUST-00704,74.52
12/1/2023,CUST-00704,75.64
1/1/2024,CUST-00704,74.52
2/1/2024,CUST-00704,74.52
3/1/2024,CUST-00704,74.52
4/1/2024,CUST-00704,74.52
5/1/2024,CUST-00704,74.52
6/1/2024,CUST-00704,74.52
7/1/2024,CUST-00704,74.52
8/1/2024,CUST-00704,74.52
9/1/2024,CUST-00704,74.52
10/1/2024,CUST-00704,74.52
11/1/2024,CUST-00704,74.52
12/1/2024,CUST-00704,75.64
1/1/2025,CUST-00704,74.52
2/1/2025,CUST-00704,74.52
3/1/2025,CUST-00704,74.52
4/1/2025,CUST-00704,74.52
5/1/2025,CUST-00704,74.52
6/1/2025,CUST-00704,74.52
3/1/2025,CUST-00705,119.31
4/1/2025,CUST-00705,119.31
5/1/2025,CUST-00705,119.31
6/1/2025,CUST-00705,119.31
7/1/2025,CUST-00705,119.31
8/1/2025,CUST-00705,119.31
9/1/2025,CUST-00705,119.31
10/1/2025,CUST-00705,119.31
11/1/2025,CUST-00705,119.31
12/1/2025,CUST-00705,121.1
5/1/2024,CUST-00706,68.17
6/1/2024,CUST-00706,68.17
7/1/2024,CUST-00706,68.17
8/1/2024,CUST-00706,68.17
9/1/2024,CUST-00706,68.17
10/1/2024,CUST-00706,68.17
11/1/2024,CUST-00706,68.17
12/1/2024,CUST-00706,69.19
1/1/2025,CUST-00706,68.17
2/1/2025,CUST-00706,68.17
3/1/2025,CUST-00706,68.17
4/1/2025,CUST-00706,68.17
5/1/2025,CUST-00706,68.17
6/1/2025,CUST-00706,68.17
7/1/2025,CUST-00706,68.17
8/1/2025,CUST-00706,68.17
9/1/2025,CUST-00706,68.17
10/1/2025,CUST-00706,68.17
11/1/2025,CUST-00706,68.17
12/1/2025,CUST-00706,69.19
2/1/2022,CUST-00707,80.06
3/1/2022,CUST-00707,80.06
4/1/2022,CUST-00707,80.06
5/1/2022,CUST-00707,80.06
6/1/2022,CUST-00707,80.06
7/1/2022,CUST-00707,80.06
8/1/2022,CUST-00707,80.06
9/1/2022,CUST-00707,80.06
10/1/2022,CUST-00707,80.06
11/1/2022,CUST-00707,80.06
12/1/2022,CUST-00707,81.26
1/1/2023,CUST-00707,80.06
2/1/2023,CUST-00707,80.06
3/1/2023,CUST-00707,80.06
4/1/2023,CUST-00707,80.06
5/1/2023,CUST-00707,80.06
6/1/2023,CUST-00707,80.06
7/1/2023,CUST-00707,80.06
8/1/2023,CUST-00707,80.06
9/1/2023,CUST-00707,80.06
10/1/2023,CUST-00707,80.06
11/1/2023,CUST-00707,80.06
12/1/2023,CUST-00707,81.26
1/1/2024,CUST-00707,80.06
2/1/2024,CUST-00707,80.06
3/1/2024,CUST-00707,80.06
4/1/2024,CUST-00707,80.06
5/1/2024,CUST-00707,80.06
6/1/2024,CUST-00707,80.06
7/1/2024,CUST-00707,80.06
8/1/2024,CUST-00707,80.06
9/1/2024,CUST-00707,80.06
10/1/2024,CUST-00707,80.06
11/1/2024,CUST-00707,80.06
12/1/2024,CUST-00707,81.26
1/1/2025,CUST-00707,80.06
2/1/2025,CUST-00707,80.06
3/1/2025,CUST-00707,80.06
4/1/2025,CUST-00707,80.06
5/1/2025,CUST-00707,80.06
6/1/2025,CUST-00707,80.06
7/1/2025,CUST-00707,80.06
8/1/2025,CUST-00707,80.06
9/1/2025,CUST-00707,80.06
10/1/2025,CUST-00707,80.06
11/1/2025,CUST-00707,80.06
12/1/2025,CUST-00707,81.26
5/1/2025,CUST-00708,117.12
6/1/2025,CUST-00708,117.12
7/1/2025,CUST-00708,117.12
8/1/2025,CUST-00708,117.12
9/1/2025,CUST-00708,117.12
10/1/2025,CUST-00708,117.12
3/1/2023,CUST-00709,59.73
4/1/2023,CUST-00709,59.73
5/1/2023,CUST-00709,59.73
6/1/2023,CUST-00709,59.73
7/1/2023,CUST-00709,59.73
8/1/2023,CUST-00709,59.73
9/1/2023,CUST-00709,59.73
10/1/2023,CUST-00709,59.73
11/1/2023,CUST-00709,59.73
12/1/2023,CUST-00709,60.63
1/1/2024,CUST-00709,59.73
2/1/2024,CUST-00709,59.73
3/1/2024,CUST-00709,59.73
4/1/2024,CUST-00709,59.73
5/1/2024,CUST-00709,59.73
6/1/2024,CUST-00709,59.73
7/1/2024,CUST-00709,59.73
8/1/2024,CUST-00709,59.73
9/1/2024,CUST-00709,59.73
10/1/2024,CUST-00709,59.73
11/1/2024,CUST-00709,59.73
12/1/2024,CUST-00709,60.63
1/1/2025,CUST-00709,59.73
2/1/2025,CUST-00709,59.73
3/1/2025,CUST-00709,59.73
4/1/2025,CUST-00709,59.73
5/1/2025,CUST-00709,59.73
6/1/2025,CUST-00709,59.73
7/1/2025,CUST-00709,59.73
8/1/2025,CUST-00709,59.73
9/1/2025,CUST-00709,59.73
10/1/2025,CUST-00709,59.73
11/1/2025,CUST-00709,59.73
12/1/2025,CUST-00709,60.63
7/1/2022,CUST-00710,43.32
8/1/2022,CUST-00710,43.32
9/1/2022,CUST-00710,43.32
10/1/2022,CUST-00710,43.32
11/1/2022,CUST-00710,43.32
12/1/2022,CUST-00710,43.97
1/1/2023,CUST-00710,43.32
2/1/2023,CUST-00710,43.32
3/1/2023,CUST-00710,43.32
4/1/2023,CUST-00710,43.32
5/1/2023,CUST-00710,43.32
6/1/2023,CUST-00710,43.32
7/1/2023,CUST-00710,43.32
8/1/2023,CUST-00710,43.32
9/1/2023,CUST-00710,43.32
10/1/2023,CUST-00710,43.32
11/1/2023,CUST-00710,43.32
12/1/2023,CUST-00710,43.97
1/1/2024,CUST-00710,43.32
2/1/2024,CUST-00710,43.32
3/1/2024,CUST-00710,43.32
4/1/2024,CUST-00710,43.32
5/1/2024,CUST-00710,43.32
6/1/2024,CUST-00710,43.32
7/1/2024,CUST-00710,43.32
8/1/2024,CUST-00710,43.32
9/1/2024,CUST-00710,43.32
10/1/2024,CUST-00710,43.32
11/1/2024,CUST-00710,43.32
12/1/2024,CUST-00710,43.97
1/1/2025,CUST-00710,43.32
2/1/2025,CUST-00710,43.32
3/1/2025,CUST-00710,43.32
4/1/2025,CUST-00710,43.32
5/1/2025,CUST-00710,43.32
6/1/2025,CUST-00710,43.32
7/1/2025,CUST-00710,43.32
8/1/2025,CUST-00710,43.32
9/1/2025,CUST-00710,43.32
10/1/2025,CUST-00710,43.32
11/1/2025,CUST-00710,43.32
12/1/2025,CUST-00710,43.97
5/1/2022,CUST-00711,130.72
6/1/2022,CUST-00711,130.72
7/1/2022,CUST-00711,130.72
8/1/2022,CUST-00711,130.72
9/1/2022,CUST-00711,130.72
10/1/2022,CUST-00711,130.72
11/1/2022,CUST-00711,130.72
12/1/2022,CUST-00711,132.68
1/1/2023,CUST-00711,130.72
2/1/2023,CUST-00711,130.72
3/1/2023,CUST-00711,130.72
4/1/2023,CUST-00711,130.72
5/1/2023,CUST-00711,130.72
6/1/2023,CUST-00711,130.72
7/1/2023,CUST-00711,130.72
8/1/2023,CUST-00711,130.72
9/1/2023,CUST-00711,130.72
10/1/2023,CUST-00711,130.72
11/1/2023,CUST-00711,130.72
12/1/2023,CUST-00711,132.68
1/1/2024,CUST-00711,130.72
2/1/2024,CUST-00711,130.72
3/1/2024,CUST-00711,130.72
4/1/2024,CUST-00711,130.72
5/1/2024,CUST-00711,130.72
6/1/2024,CUST-00711,130.72
7/1/2024,CUST-00711,130.72
8/1/2024,CUST-00711,130.72
9/1/2024,CUST-00711,130.72
10/1/2024,CUST-00711,130.72
11/1/2024,CUST-00711,130.72
12/1/2024,CUST-00711,132.68
1/1/2025,CUST-00711,130.72
2/1/2025,CUST-00711,130.72
3/1/2025,CUST-00711,130.72
4/1/2025,CUST-00711,130.72
5/1/2025,CUST-00711,130.72
6/1/2025,CUST-00711,130.72
7/1/2025,CUST-00711,130.72
8/1/2025,CUST-00711,130.72
9/1/2025,CUST-00711,130.72
10/1/2025,CUST-00711,130.72
11/1/2025,CUST-00711,130.72
12/1/2025,CUST-00711,132.68
9/1/2024,CUST-00712,110.91
10/1/2024,CUST-00712,110.91
11/1/2024,CUST-00712,110.91
12/1/2024,CUST-00712,112.57
1/1/2025,CUST-00712,110.91
2/1/2025,CUST-00712,110.91
3/1/2025,CUST-00712,110.91
4/1/2025,CUST-00712,110.91
5/1/2025,CUST-00712,110.91
6/1/2025,CUST-00712,110.91
7/1/2025,CUST-00712,110.91
8/1/2025,CUST-00712,110.91
9/1/2025,CUST-00712,110.91
10/1/2025,CUST-00712,110.91
11/1/2025,CUST-00712,110.91
12/1/2025,CUST-00712,112.57
9/1/2024,CUST-00713,112.61
10/1/2024,CUST-00713,112.61
11/1/2024,CUST-00713,112.61
12/1/2024,CUST-00713,114.3
1/1/2025,CUST-00713,112.61
2/1/2025,CUST-00713,112.61
3/1/2025,CUST-00713,112.61
4/1/2025,CUST-00713,112.61
5/1/2025,CUST-00713,112.61
6/1/2025,CUST-00713,112.61
7/1/2025,CUST-00713,112.61
8/1/2025,CUST-00713,112.61
9/1/2025,CUST-00713,112.61
10/1/2025,CUST-00713,112.61
11/1/2025,CUST-00713,112.61
12/1/2025,CUST-00713,114.3
8/1/2024,CUST-00714,60.63
9/1/2024,CUST-00714,60.63
10/1/2024,CUST-00714,60.63
11/1/2024,CUST-00714,60.63
12/1/2024,CUST-00714,61.54
1/1/2025,CUST-00714,60.63
2/1/2025,CUST-00714,60.63
3/1/2025,CUST-00714,60.63
4/1/2025,CUST-00714,60.63
5/1/2025,CUST-00714,60.63
6/1/2025,CUST-00714,60.63
7/1/2025,CUST-00714,60.63
8/1/2025,CUST-00714,60.63
9/1/2025,CUST-00714,60.63
10/1/2025,CUST-00714,60.63
11/1/2025,CUST-00714,60.63
12/1/2025,CUST-00714,61.54
7/1/2024,CUST-00715,105.88
8/1/2024,CUST-00715,105.88
9/1/2024,CUST-00715,105.88
10/1/2024,CUST-00715,105.88
11/1/2024,CUST-00715,105.88
12/1/2024,CUST-00715,107.47
1/1/2025,CUST-00715,105.88
2/1/2025,CUST-00715,105.88
3/1/2025,CUST-00715,105.88
4/1/2025,CUST-00715,105.88
5/1/2025,CUST-00715,105.88
6/1/2025,CUST-00715,105.88
7/1/2025,CUST-00715,105.88
12/1/2022,CUST-00716,44.68
1/1/2023,CUST-00716,44.02
2/1/2023,CUST-00716,44.02
3/1/2023,CUST-00716,44.02
4/1/2023,CUST-00716,44.02
5/1/2023,CUST-00716,44.02
6/1/2023,CUST-00716,44.02
7/1/2023,CUST-00716,44.02
8/1/2023,CUST-00716,44.02
9/1/2023,CUST-00716,44.02
10/1/2023,CUST-00716,44.02
11/1/2023,CUST-00716,44.02
12/1/2023,CUST-00716,44.68
1/1/2024,CUST-00716,44.02
2/1/2024,CUST-00716,44.02
3/1/2024,CUST-00716,44.02
4/1/2024,CUST-00716,44.02
5/1/2024,CUST-00716,44.02
6/1/2024,CUST-00716,44.02
7/1/2024,CUST-00716,44.02
8/1/2024,CUST-00716,44.02
9/1/2024,CUST-00716,44.02
10/1/2024,CUST-00716,44.02
11/1/2024,CUST-00716,44.02
12/1/2024,CUST-00716,44.68
1/1/2025,CUST-00716,44.02
2/1/2025,CUST-00716,44.02
3/1/2025,CUST-00716,44.02
4/1/2025,CUST-00716,44.02
5/1/2025,CUST-00716,44.02
6/1/2025,CUST-00716,44.02
7/1/2025,CUST-00716,44.02
8/1/2025,CUST-00716,44.02
9/1/2025,CUST-00716,44.02
10/1/2025,CUST-00716,44.02
11/1/2025,CUST-00716,44.02
12/1/2025,CUST-00716,44.68
11/1/2022,CUST-00717,78.51
12/1/2022,CUST-00717,79.69
1/1/2023,CUST-00717,78.51
2/1/2023,CUST-00717,78.51
3/1/2023,CUST-00717,78.51
4/1/2023,CUST-00717,78.51
5/1/2023,CUST-00717,78.51
6/1/2023,CUST-00717,78.51
7/1/2023,CUST-00717,78.51
8/1/2023,CUST-00717,78.51
9/1/2023,CUST-00717,78.51
10/1/2023,CUST-00717,78.51
11/1/2023,CUST-00717,78.51
12/1/2023,CUST-00717,79.69
1/1/2024,CUST-00717,78.51
2/1/2024,CUST-00717,78.51
3/1/2024,CUST-00717,78.51
4/1/2024,CUST-00717,78.51
5/1/2024,CUST-00717,78.51
6/1/2024,CUST-00717,78.51
7/1/2024,CUST-00717,78.51
8/1/2024,CUST-00717,78.51
9/1/2024,CUST-00717,78.51
10/1/2024,CUST-00717,78.51
11/1/2024,CUST-00717,78.51
12/1/2024,CUST-00717,79.69
1/1/2025,CUST-00717,78.51
2/1/2025,CUST-00717,78.51
3/1/2025,CUST-00717,78.51
4/1/2025,CUST-00717,78.51
5/1/2025,CUST-00717,78.51
6/1/2025,CUST-00717,78.51
7/1/2025,CUST-00717,78.51
8/1/2025,CUST-00717,78.51
9/1/2025,CUST-00717,78.51
10/1/2025,CUST-00717,78.51
11/1/2025,CUST-00717,78.51
12/1/2025,CUST-00717,79.69
9/1/2024,CUST-00718,68.19
10/1/2024,CUST-00718,68.19
11/1/2024,CUST-00718,68.19
12/1/2024,CUST-00718,69.21
1/1/2025,CUST-00718,68.19
2/1/2025,CUST-00718,68.19
3/1/2025,CUST-00718,68.19
4/1/2025,CUST-00718,68.19
5/1/2025,CUST-00718,68.19
6/1/2025,CUST-00718,68.19
7/1/2025,CUST-00718,68.19
8/1/2025,CUST-00718,68.19
9/1/2025,CUST-00718,68.19
10/1/2025,CUST-00718,68.19
11/1/2025,CUST-00718,68.19
12/1/2025,CUST-00718,69.21
9/1/2025,CUST-00719,80.23
10/1/2025,CUST-00719,80.23
11/1/2025,CUST-00719,80.23
1/1/2022,CUST-00720,76.61
2/1/2022,CUST-00720,76.61
3/1/2022,CUST-00720,76.61
4/1/2022,CUST-00720,76.61
5/1/2022,CUST-00720,76.61
6/1/2022,CUST-00720,76.61
7/1/2022,CUST-00720,76.61
8/1/2022,CUST-00720,76.61
9/1/2022,CUST-00720,76.61
10/1/2022,CUST-00720,76.61
11/1/2022,CUST-00720,76.61
12/1/2022,CUST-00720,77.76
1/1/2023,CUST-00720,76.61
2/1/2023,CUST-00720,76.61
3/1/2023,CUST-00720,76.61
4/1/2023,CUST-00720,76.61
5/1/2023,CUST-00720,76.61
6/1/2023,CUST-00720,76.61
7/1/2023,CUST-00720,76.61
8/1/2023,CUST-00720,76.61
9/1/2023,CUST-00720,76.61
10/1/2023,CUST-00720,76.61
11/1/2023,CUST-00720,76.61
12/1/2023,CUST-00720,77.76
1/1/2024,CUST-00720,76.61
2/1/2024,CUST-00720,76.61
3/1/2024,CUST-00720,76.61
4/1/2024,CUST-00720,76.61
5/1/2024,CUST-00720,76.61
6/1/2024,CUST-00720,76.61
7/1/2024,CUST-00720,76.61
8/1/2024,CUST-00720,76.61
9/1/2024,CUST-00720,76.61
10/1/2024,CUST-00720,76.61
11/1/2024,CUST-00720,76.61
12/1/2024,CUST-00720,77.76
1/1/2025,CUST-00720,76.61
2/1/2025,CUST-00720,76.61
3/1/2025,CUST-00720,76.61
4/1/2025,CUST-00720,76.61
5/1/2025,CUST-00720,76.61
6/1/2025,CUST-00720,76.61
7/1/2025,CUST-00720,76.61
8/1/2025,CUST-00720,76.61
9/1/2025,CUST-00720,76.61
10/1/2025,CUST-00720,76.61
11/1/2025,CUST-00720,76.61
12/1/2025,CUST-00720,77.76
3/1/2025,CUST-00721,125.38
4/1/2025,CUST-00721,125.38
5/1/2025,CUST-00721,125.38
6/1/2025,CUST-00721,125.38
7/1/2025,CUST-00721,125.38
8/1/2025,CUST-00721,125.38
9/1/2025,CUST-00721,125.38
10/1/2025,CUST-00721,125.38
11/1/2025,CUST-00721,125.38
12/1/2025,CUST-00721,127.26
11/1/2023,CUST-00722,39.5
12/1/2023,CUST-00722,40.09
1/1/2024,CUST-00722,39.5
2/1/2024,CUST-00722,39.5
3/1/2024,CUST-00722,39.5
4/1/2024,CUST-00722,39.5
5/1/2024,CUST-00722,39.5
6/1/2024,CUST-00722,39.5
7/1/2024,CUST-00722,39.5
8/1/2024,CUST-00722,39.5
9/1/2024,CUST-00722,39.5
10/1/2024,CUST-00722,39.5
11/1/2024,CUST-00722,39.5
12/1/2024,CUST-00722,40.09
1/1/2025,CUST-00722,39.5
2/1/2025,CUST-00722,39.5
3/1/2025,CUST-00722,39.5
4/1/2025,CUST-00722,39.5
5/1/2025,CUST-00722,39.5
6/1/2025,CUST-00722,39.5
7/1/2025,CUST-00722,39.5
8/1/2025,CUST-00722,39.5
9/1/2025,CUST-00722,39.5
10/1/2025,CUST-00722,39.5
11/1/2025,CUST-00722,39.5
12/1/2025,CUST-00722,40.09
3/1/2023,CUST-00723,90.67
4/1/2023,CUST-00723,90.67
5/1/2023,CUST-00723,90.67
6/1/2023,CUST-00723,90.67
7/1/2023,CUST-00723,90.67
8/1/2023,CUST-00723,90.67
9/1/2023,CUST-00723,90.67
10/1/2023,CUST-00723,90.67
11/1/2023,CUST-00723,90.67
12/1/2023,CUST-00723,92.03
1/1/2024,CUST-00723,90.67
2/1/2024,CUST-00723,90.67
3/1/2024,CUST-00723,90.67
4/1/2024,CUST-00723,90.67
5/1/2024,CUST-00723,90.67
6/1/2024,CUST-00723,90.67
7/1/2024,CUST-00723,90.67
8/1/2024,CUST-00723,90.67
9/1/2024,CUST-00723,90.67
10/1/2024,CUST-00723,90.67
11/1/2024,CUST-00723,90.67
12/1/2024,CUST-00723,92.03
1/1/2025,CUST-00723,90.67
2/1/2025,CUST-00723,90.67
3/1/2025,CUST-00723,90.67
4/1/2025,CUST-00723,90.67
5/1/2025,CUST-00723,90.67
6/1/2025,CUST-00723,90.67
7/1/2025,CUST-00723,90.67
8/1/2025,CUST-00723,90.67
9/1/2025,CUST-00723,90.67
10/1/2025,CUST-00723,90.67
11/1/2025,CUST-00723,90.67
12/1/2025,CUST-00723,92.03
6/1/2025,CUST-00724,76.15
7/1/2025,CUST-00724,76.15
8/1/2025,CUST-00724,76.15
9/1/2025,CUST-00724,76.15
10/1/2025,CUST-00724,76.15
11/1/2025,CUST-00724,76.15
12/1/2025,CUST-00724,77.29
3/1/2023,CUST-00725,56.36
4/1/2023,CUST-00725,56.36
5/1/2023,CUST-00725,56.36
6/1/2023,CUST-00725,56.36
7/1/2023,CUST-00725,56.36
8/1/2023,CUST-00725,56.36
9/1/2023,CUST-00725,56.36
10/1/2023,CUST-00725,56.36
11/1/2023,CUST-00725,56.36
12/1/2023,CUST-00725,57.21
1/1/2024,CUST-00725,56.36
2/1/2024,CUST-00725,56.36
3/1/2024,CUST-00725,56.36
4/1/2024,CUST-00725,56.36
5/1/2024,CUST-00725,56.36
6/1/2024,CUST-00725,56.36
7/1/2024,CUST-00725,56.36
8/1/2024,CUST-00725,56.36
9/1/2024,CUST-00725,56.36
10/1/2024,CUST-00725,56.36
11/1/2024,CUST-00725,56.36
12/1/2024,CUST-00725,57.21
1/1/2025,CUST-00725,56.36
2/1/2025,CUST-00725,56.36
3/1/2025,CUST-00725,56.36
4/1/2025,CUST-00725,56.36
5/1/2025,CUST-00725,56.36
6/1/2025,CUST-00725,56.36
7/1/2025,CUST-00725,56.36
8/1/2025,CUST-00725,56.36
9/1/2025,CUST-00725,56.36
10/1/2025,CUST-00725,56.36
11/1/2025,CUST-00725,56.36
12/1/2025,CUST-00725,57.21
5/1/2022,CUST-00726,67.51
6/1/2022,CUST-00726,67.51
7/1/2022,CUST-00726,67.51
8/1/2022,CUST-00726,67.51
9/1/2022,CUST-00726,67.51
10/1/2022,CUST-00726,67.51
11/1/2022,CUST-00726,67.51
12/1/2022,CUST-00726,68.52
1/1/2023,CUST-00726,67.51
2/1/2023,CUST-00726,67.51
3/1/2023,CUST-00726,67.51
4/1/2023,CUST-00726,67.51
5/1/2023,CUST-00726,67.51
6/1/2023,CUST-00726,67.51
7/1/2023,CUST-00726,67.51
8/1/2023,CUST-00726,67.51
9/1/2023,CUST-00726,67.51
10/1/2023,CUST-00726,67.51
11/1/2023,CUST-00726,67.51
12/1/2023,CUST-00726,68.52
1/1/2024,CUST-00726,67.51
2/1/2024,CUST-00726,67.51
3/1/2024,CUST-00726,67.51
4/1/2024,CUST-00726,67.51
5/1/2024,CUST-00726,67.51
6/1/2024,CUST-00726,67.51
7/1/2024,CUST-00726,67.51
8/1/2024,CUST-00726,67.51
9/1/2024,CUST-00726,67.51
10/1/2024,CUST-00726,67.51
11/1/2024,CUST-00726,67.51
12/1/2024,CUST-00726,68.52
1/1/2025,CUST-00726,67.51
2/1/2025,CUST-00726,67.51
3/1/2025,CUST-00726,67.51
4/1/2025,CUST-00726,67.51
5/1/2025,CUST-00726,67.51
6/1/2025,CUST-00726,67.51
7/1/2025,CUST-00726,67.51
8/1/2025,CUST-00726,67.51
9/1/2025,CUST-00726,67.51
10/1/2025,CUST-00726,67.51
11/1/2025,CUST-00726,67.51
12/1/2025,CUST-00726,68.52
12/1/2023,CUST-00727,59.13
1/1/2024,CUST-00727,58.26
2/1/2024,CUST-00727,58.26
3/1/2024,CUST-00727,58.26
4/1/2024,CUST-00727,58.26
5/1/2024,CUST-00727,58.26
6/1/2024,CUST-00727,58.26
7/1/2024,CUST-00727,58.26
6/1/2023,CUST-00728,75.63
7/1/2023,CUST-00728,75.63
8/1/2023,CUST-00728,75.63
9/1/2023,CUST-00728,75.63
10/1/2023,CUST-00728,75.63
11/1/2023,CUST-00728,75.63
12/1/2023,CUST-00728,76.76
1/1/2024,CUST-00728,75.63
2/1/2024,CUST-00728,75.63
3/1/2024,CUST-00728,75.63
4/1/2024,CUST-00728,75.63
5/1/2024,CUST-00728,75.63
6/1/2024,CUST-00728,75.63
7/1/2024,CUST-00728,75.63
8/1/2024,CUST-00728,75.63
9/1/2024,CUST-00728,75.63
10/1/2024,CUST-00728,75.63
11/1/2024,CUST-00728,75.63
12/1/2024,CUST-00728,76.76
1/1/2025,CUST-00728,75.63
2/1/2025,CUST-00728,75.63
3/1/2025,CUST-00728,75.63
4/1/2025,CUST-00728,75.63
5/1/2025,CUST-00728,75.63
6/1/2025,CUST-00728,75.63
7/1/2025,CUST-00728,75.63
8/1/2025,CUST-00728,75.63
9/1/2025,CUST-00728,75.63
10/1/2025,CUST-00728,75.63
11/1/2025,CUST-00728,75.63
12/1/2025,CUST-00728,76.76
1/1/2023,CUST-00729,41.83
2/1/2023,CUST-00729,41.83
3/1/2023,CUST-00729,41.83
4/1/2023,CUST-00729,41.83
5/1/2023,CUST-00729,41.83
7/1/2022,CUST-00730,82.75
8/1/2022,CUST-00730,82.75
9/1/2022,CUST-00730,82.75
10/1/2022,CUST-00730,82.75
11/1/2022,CUST-00730,82.75
12/1/2022,CUST-00730,83.99
8/1/2025,CUST-00731,61.55
9/1/2025,CUST-00731,61.55
10/1/2025,CUST-00731,61.55
4/1/2024,CUST-00732,65.24
5/1/2024,CUST-00732,65.24
6/1/2024,CUST-00732,65.24
7/1/2024,CUST-00732,65.24
8/1/2024,CUST-00732,65.24
9/1/2024,CUST-00732,65.24
10/1/2024,CUST-00732,65.24
11/1/2024,CUST-00732,65.24
12/1/2024,CUST-00732,66.22
1/1/2025,CUST-00732,65.24
2/1/2025,CUST-00732,65.24
3/1/2025,CUST-00732,65.24
4/1/2025,CUST-00732,65.24
5/1/2025,CUST-00732,65.24
6/1/2025,CUST-00732,65.24
7/1/2025,CUST-00732,65.24
8/1/2025,CUST-00732,65.24
9/1/2025,CUST-00732,65.24
10/1/2025,CUST-00732,65.24
11/1/2025,CUST-00732,65.24
12/1/2025,CUST-00732,66.22
11/1/2022,CUST-00733,89.45
12/1/2022,CUST-00733,90.79
1/1/2023,CUST-00733,89.45
2/1/2023,CUST-00733,89.45
3/1/2023,CUST-00733,89.45
4/1/2023,CUST-00733,89.45
5/1/2023,CUST-00733,89.45
6/1/2023,CUST-00733,89.45
7/1/2023,CUST-00733,89.45
8/1/2023,CUST-00733,89.45
9/1/2023,CUST-00733,89.45
10/1/2023,CUST-00733,89.45
11/1/2023,CUST-00733,89.45
12/1/2023,CUST-00733,90.79
1/1/2024,CUST-00733,89.45
2/1/2024,CUST-00733,89.45
3/1/2024,CUST-00733,89.45
4/1/2024,CUST-00733,89.45
5/1/2024,CUST-00733,89.45
6/1/2024,CUST-00733,89.45
7/1/2024,CUST-00733,89.45
8/1/2024,CUST-00733,89.45
9/1/2024,CUST-00733,89.45
10/1/2024,CUST-00733,89.45
11/1/2024,CUST-00733,89.45
12/1/2024,CUST-00733,90.79
1/1/2025,CUST-00733,89.45
2/1/2025,CUST-00733,89.45
3/1/2025,CUST-00733,89.45
4/1/2025,CUST-00733,89.45
5/1/2025,CUST-00733,89.45
6/1/2025,CUST-00733,89.45
7/1/2025,CUST-00733,89.45
8/1/2025,CUST-00733,89.45
9/1/2025,CUST-00733,89.45
10/1/2025,CUST-00733,89.45
11/1/2025,CUST-00733,89.45
12/1/2025,CUST-00733,90.79
5/1/2025,CUST-00734,48.13
6/1/2025,CUST-00734,48.13
7/1/2025,CUST-00734,48.13
8/1/2025,CUST-00734,48.13
9/1/2025,CUST-00734,48.13
10/1/2025,CUST-00734,48.13
11/1/2025,CUST-00734,48.13
12/1/2025,CUST-00734,48.85
7/1/2023,CUST-00735,91.43
8/1/2023,CUST-00735,91.43
9/1/2023,CUST-00735,91.43
10/1/2023,CUST-00735,91.43
11/1/2023,CUST-00735,91.43
12/1/2023,CUST-00735,92.8
1/1/2024,CUST-00735,91.43
2/1/2024,CUST-00735,91.43
3/1/2024,CUST-00735,91.43
4/1/2024,CUST-00735,91.43
5/1/2024,CUST-00735,91.43
6/1/2024,CUST-00735,91.43
7/1/2024,CUST-00735,91.43
8/1/2024,CUST-00735,91.43
9/1/2024,CUST-00735,91.43
10/1/2024,CUST-00735,91.43
11/1/2024,CUST-00735,91.43
12/1/2024,CUST-00735,92.8
1/1/2025,CUST-00735,91.43
2/1/2025,CUST-00735,91.43
3/1/2025,CUST-00735,91.43
4/1/2025,CUST-00735,91.43
5/1/2025,CUST-00735,91.43
6/1/2025,CUST-00735,91.43
7/1/2025,CUST-00735,91.43
8/1/2025,CUST-00735,91.43
9/1/2025,CUST-00735,91.43
10/1/2025,CUST-00735,91.43
11/1/2025,CUST-00735,91.43
12/1/2025,CUST-00735,92.8
4/1/2022,CUST-00736,80.86
5/1/2022,CUST-00736,80.86
6/1/2022,CUST-00736,80.86
7/1/2022,CUST-00736,80.86
8/1/2022,CUST-00736,80.86
9/1/2022,CUST-00736,80.86
10/1/2022,CUST-00736,80.86
11/1/2022,CUST-00736,80.86
12/1/2022,CUST-00736,82.07
1/1/2023,CUST-00736,80.86
2/1/2023,CUST-00736,80.86
3/1/2023,CUST-00736,80.86
4/1/2023,CUST-00736,80.86
5/1/2023,CUST-00736,80.86
6/1/2023,CUST-00736,80.86
7/1/2023,CUST-00736,80.86
8/1/2023,CUST-00736,80.86
9/1/2023,CUST-00736,80.86
10/1/2023,CUST-00736,80.86
11/1/2023,CUST-00736,80.86
12/1/2023,CUST-00736,82.07
1/1/2024,CUST-00736,80.86
2/1/2024,CUST-00736,80.86
3/1/2024,CUST-00736,80.86
4/1/2024,CUST-00736,80.86
5/1/2024,CUST-00736,80.86
6/1/2024,CUST-00736,80.86
7/1/2024,CUST-00736,80.86
8/1/2024,CUST-00736,80.86
9/1/2024,CUST-00736,80.86
10/1/2024,CUST-00736,80.86
11/1/2024,CUST-00736,80.86
12/1/2024,CUST-00736,82.07
1/1/2025,CUST-00736,80.86
2/1/2025,CUST-00736,80.86
3/1/2025,CUST-00736,80.86
4/1/2025,CUST-00736,80.86
5/1/2025,CUST-00736,80.86
6/1/2025,CUST-00736,80.86
7/1/2025,CUST-00736,80.86
8/1/2025,CUST-00736,80.86
9/1/2025,CUST-00736,80.86
10/1/2025,CUST-00736,80.86
11/1/2025,CUST-00736,80.86
12/1/2025,CUST-00736,82.07
7/1/2024,CUST-00737,42.86
8/1/2024,CUST-00737,42.86
9/1/2024,CUST-00737,42.86
10/1/2024,CUST-00737,42.86
11/1/2024,CUST-00737,42.86
12/1/2024,CUST-00737,43.5
1/1/2025,CUST-00737,42.86
2/1/2025,CUST-00737,42.86
3/1/2025,CUST-00737,42.86
4/1/2025,CUST-00737,42.86
5/1/2025,CUST-00737,42.86
6/1/2025,CUST-00737,42.86
7/1/2025,CUST-00737,42.86
8/1/2025,CUST-00737,42.86
9/1/2025,CUST-00737,42.86
10/1/2025,CUST-00737,42.86
11/1/2025,CUST-00737,42.86
12/1/2025,CUST-00737,43.5
1/1/2024,CUST-00738,87.98
2/1/2024,CUST-00738,87.98
3/1/2024,CUST-00738,87.98
4/1/2024,CUST-00738,87.98
5/1/2024,CUST-00738,87.98
6/1/2024,CUST-00738,87.98
7/1/2024,CUST-00738,87.98
8/1/2024,CUST-00738,87.98
9/1/2024,CUST-00738,87.98
10/1/2024,CUST-00738,87.98
11/1/2024,CUST-00738,87.98
12/1/2024,CUST-00738,89.3
1/1/2025,CUST-00738,87.98
2/1/2025,CUST-00738,87.98
3/1/2025,CUST-00738,87.98
4/1/2025,CUST-00738,87.98
5/1/2025,CUST-00738,87.98
6/1/2025,CUST-00738,87.98
7/1/2025,CUST-00738,87.98
8/1/2025,CUST-00738,87.98
9/1/2025,CUST-00738,87.98
10/1/2025,CUST-00738,87.98
11/1/2025,CUST-00738,87.98
12/1/2025,CUST-00738,89.3
8/1/2025,CUST-00739,68.05
9/1/2025,CUST-00739,68.05
10/1/2025,CUST-00739,68.05
11/1/2025,CUST-00739,68.05
9/1/2025,CUST-00740,84.19
10/1/2025,CUST-00740,84.19
11/1/2025,CUST-00740,84.19
12/1/2025,CUST-00740,85.45
9/1/2023,CUST-00741,115.45
10/1/2023,CUST-00741,115.45
11/1/2023,CUST-00741,115.45
12/1/2023,CUST-00741,117.18
1/1/2024,CUST-00741,115.45
2/1/2024,CUST-00741,115.45
3/1/2024,CUST-00741,115.45
4/1/2024,CUST-00741,115.45
5/1/2024,CUST-00741,115.45
6/1/2024,CUST-00741,115.45
7/1/2024,CUST-00741,115.45
8/1/2024,CUST-00741,115.45
9/1/2024,CUST-00741,115.45
10/1/2024,CUST-00741,115.45
11/1/2024,CUST-00741,115.45
12/1/2024,CUST-00741,117.18
1/1/2025,CUST-00741,115.45
2/1/2025,CUST-00741,115.45
3/1/2025,CUST-00741,115.45
4/1/2025,CUST-00741,115.45
5/1/2025,CUST-00741,115.45
6/1/2025,CUST-00741,115.45
7/1/2025,CUST-00741,115.45
8/1/2025,CUST-00741,115.45
9/1/2025,CUST-00741,115.45
10/1/2025,CUST-00741,115.45
11/1/2025,CUST-00741,115.45
12/1/2025,CUST-00741,117.18
12/1/2023,CUST-00742,135.2
1/1/2024,CUST-00742,133.2
2/1/2024,CUST-00742,133.2
3/1/2024,CUST-00742,133.2
4/1/2024,CUST-00742,133.2
5/1/2024,CUST-00742,133.2
6/1/2024,CUST-00742,133.2
7/1/2024,CUST-00742,133.2
8/1/2024,CUST-00742,133.2
9/1/2024,CUST-00742,133.2
10/1/2024,CUST-00742,133.2
11/1/2024,CUST-00742,133.2
12/1/2024,CUST-00742,135.2
1/1/2025,CUST-00742,133.2
2/1/2025,CUST-00742,133.2
3/1/2025,CUST-00742,133.2
4/1/2025,CUST-00742,133.2
5/1/2025,CUST-00742,133.2
6/1/2025,CUST-00742,133.2
7/1/2025,CUST-00742,133.2
8/1/2025,CUST-00742,133.2
9/1/2025,CUST-00742,133.2
10/1/2025,CUST-00742,133.2
11/1/2025,CUST-00742,133.2
12/1/2025,CUST-00742,135.2
7/1/2024,CUST-00743,48.07
8/1/2024,CUST-00743,48.07
9/1/2024,CUST-00743,48.07
10/1/2024,CUST-00743,48.07
11/1/2024,CUST-00743,48.07
12/1/2024,CUST-00743,48.79
1/1/2025,CUST-00743,48.07
2/1/2025,CUST-00743,48.07
3/1/2025,CUST-00743,48.07
4/1/2025,CUST-00743,48.07
5/1/2025,CUST-00743,48.07
6/1/2025,CUST-00743,48.07
7/1/2025,CUST-00743,48.07
8/1/2025,CUST-00743,48.07
9/1/2025,CUST-00743,48.07
10/1/2025,CUST-00743,48.07
11/1/2025,CUST-00743,48.07
12/1/2025,CUST-00743,48.79
4/1/2024,CUST-00744,55.86
5/1/2024,CUST-00744,55.86
6/1/2024,CUST-00744,55.86
5/1/2025,CUST-00745,112.67
6/1/2025,CUST-00745,112.67
7/1/2025,CUST-00745,112.67
8/1/2025,CUST-00745,112.67
9/1/2025,CUST-00745,112.67
10/1/2025,CUST-00745,112.67
11/1/2025,CUST-00745,112.67
12/1/2025,CUST-00745,114.36
9/1/2025,CUST-00746,75.95
10/1/2025,CUST-00746,75.95
11/1/2025,CUST-00746,75.95
12/1/2025,CUST-00746,77.09
1/1/2023,CUST-00747,45.04
2/1/2023,CUST-00747,45.04
3/1/2023,CUST-00747,45.04
8/1/2025,CUST-00748,108.4
9/1/2025,CUST-00748,108.4
10/1/2025,CUST-00748,108.4
11/1/2025,CUST-00748,108.4
12/1/2025,CUST-00748,110.03
10/1/2022,CUST-00749,42.79
11/1/2022,CUST-00749,42.79
12/1/2022,CUST-00749,43.43
1/1/2023,CUST-00749,42.79
2/1/2023,CUST-00749,42.79
3/1/2023,CUST-00749,42.79
4/1/2023,CUST-00749,42.79
5/1/2023,CUST-00749,42.79
6/1/2023,CUST-00749,42.79
7/1/2023,CUST-00749,42.79
8/1/2023,CUST-00749,42.79
9/1/2023,CUST-00749,42.79
10/1/2023,CUST-00749,42.79
11/1/2023,CUST-00749,42.79
12/1/2023,CUST-00749,43.43
1/1/2024,CUST-00749,42.79
2/1/2024,CUST-00749,42.79
3/1/2024,CUST-00749,42.79
4/1/2024,CUST-00749,42.79
5/1/2024,CUST-00749,42.79
6/1/2024,CUST-00749,42.79
7/1/2024,CUST-00749,42.79
8/1/2024,CUST-00749,42.79
9/1/2024,CUST-00749,42.79
10/1/2024,CUST-00749,42.79
11/1/2024,CUST-00749,42.79
12/1/2024,CUST-00749,43.43
1/1/2025,CUST-00749,42.79
2/1/2025,CUST-00749,42.79
3/1/2025,CUST-00749,42.79
4/1/2025,CUST-00749,42.79
5/1/2025,CUST-00749,42.79
6/1/2025,CUST-00749,42.79
7/1/2025,CUST-00749,42.79
8/1/2025,CUST-00749,42.79
9/1/2025,CUST-00749,42.79
10/1/2025,CUST-00749,42.79
11/1/2025,CUST-00749,42.79
12/1/2025,CUST-00749,43.43
7/1/2024,CUST-00750,57.86
8/1/2024,CUST-00750,57.86
9/1/2024,CUST-00750,57.86
10/1/2024,CUST-00750,57.86
11/1/2024,CUST-00750,57.86
12/1/2024,CUST-00750,58.73
1/1/2025,CUST-00750,57.86
2/1/2025,CUST-00750,57.86
3/1/2025,CUST-00750,57.86
4/1/2025,CUST-00750,57.86
5/1/2025,CUST-00750,57.86
6/1/2025,CUST-00750,57.86
7/1/2025,CUST-00750,57.86
8/1/2025,CUST-00750,57.86
9/1/2025,CUST-00750,57.86
10/1/2025,CUST-00750,57.86
11/1/2025,CUST-00750,57.86
4/1/2022,CUST-00751,107.73
5/1/2022,CUST-00751,107.73
6/1/2022,CUST-00751,107.73
7/1/2022,CUST-00751,107.73
8/1/2022,CUST-00751,107.73
9/1/2022,CUST-00751,107.73
10/1/2022,CUST-00751,107.73
11/1/2022,CUST-00751,107.73
12/1/2022,CUST-00751,109.35
1/1/2023,CUST-00751,107.73
7/1/2022,CUST-00752,73.07
8/1/2022,CUST-00752,73.07
9/1/2022,CUST-00752,73.07
10/1/2022,CUST-00752,73.07
11/1/2022,CUST-00752,73.07
12/1/2022,CUST-00752,74.17
1/1/2023,CUST-00752,73.07
2/1/2023,CUST-00752,73.07
3/1/2023,CUST-00752,73.07
4/1/2023,CUST-00752,73.07
5/1/2023,CUST-00752,73.07
6/1/2023,CUST-00752,73.07
7/1/2023,CUST-00752,73.07
8/1/2023,CUST-00752,73.07
9/1/2023,CUST-00752,73.07
10/1/2023,CUST-00752,73.07
11/1/2023,CUST-00752,73.07
12/1/2023,CUST-00752,74.17
1/1/2024,CUST-00752,73.07
2/1/2024,CUST-00752,73.07
3/1/2024,CUST-00752,73.07
4/1/2024,CUST-00752,73.07
5/1/2024,CUST-00752,73.07
6/1/2024,CUST-00752,73.07
7/1/2024,CUST-00752,73.07
8/1/2024,CUST-00752,73.07
9/1/2024,CUST-00752,73.07
10/1/2024,CUST-00752,73.07
11/1/2024,CUST-00752,73.07
12/1/2024,CUST-00752,74.17
1/1/2025,CUST-00752,73.07
2/1/2025,CUST-00752,73.07
3/1/2025,CUST-00752,73.07
4/1/2025,CUST-00752,73.07
5/1/2025,CUST-00752,73.07
6/1/2025,CUST-00752,73.07
7/1/2025,CUST-00752,73.07
8/1/2025,CUST-00752,73.07
9/1/2025,CUST-00752,73.07
10/1/2025,CUST-00752,73.07
11/1/2025,CUST-00752,73.07
12/1/2025,CUST-00752,74.17
1/1/2024,CUST-00753,51.24
2/1/2024,CUST-00753,51.24
3/1/2024,CUST-00753,51.24
4/1/2024,CUST-00753,51.24
5/1/2024,CUST-00753,51.24
6/1/2024,CUST-00753,51.24
7/1/2024,CUST-00753,51.24
8/1/2024,CUST-00753,51.24
9/1/2024,CUST-00753,51.24
10/1/2024,CUST-00753,51.24
11/1/2024,CUST-00753,51.24
12/1/2024,CUST-00753,52.01
1/1/2025,CUST-00753,51.24
2/1/2025,CUST-00753,51.24
3/1/2025,CUST-00753,51.24
4/1/2025,CUST-00753,51.24
5/1/2025,CUST-00753,51.24
6/1/2025,CUST-00753,51.24
7/1/2025,CUST-00753,51.24
8/1/2025,CUST-00753,51.24
9/1/2025,CUST-00753,51.24
10/1/2025,CUST-00753,51.24
11/1/2025,CUST-00753,51.24
12/1/2025,CUST-00753,52.01
11/1/2024,CUST-00754,88.24
12/1/2024,CUST-00754,89.56
1/1/2025,CUST-00754,88.24
2/1/2025,CUST-00754,88.24
3/1/2025,CUST-00754,88.24
4/1/2025,CUST-00754,88.24
5/1/2025,CUST-00754,88.24
6/1/2025,CUST-00754,88.24
7/1/2025,CUST-00754,88.24
8/1/2025,CUST-00754,88.24
9/1/2025,CUST-00754,88.24
10/1/2025,CUST-00754,88.24
11/1/2025,CUST-00754,88.24
12/1/2025,CUST-00754,89.56
6/1/2023,CUST-00755,109.36
7/1/2023,CUST-00755,109.36
8/1/2023,CUST-00755,109.36
9/1/2023,CUST-00755,109.36
10/1/2023,CUST-00755,109.36
11/1/2023,CUST-00755,109.36
12/1/2023,CUST-00755,111
1/1/2024,CUST-00755,109.36
2/1/2024,CUST-00755,109.36
3/1/2024,CUST-00755,109.36
4/1/2024,CUST-00755,109.36
5/1/2024,CUST-00755,109.36
6/1/2024,CUST-00755,109.36
7/1/2024,CUST-00755,109.36
8/1/2024,CUST-00755,109.36
9/1/2024,CUST-00755,109.36
10/1/2024,CUST-00755,109.36
11/1/2024,CUST-00755,109.36
12/1/2024,CUST-00755,111
1/1/2025,CUST-00755,109.36
2/1/2025,CUST-00755,109.36
3/1/2025,CUST-00755,109.36
4/1/2025,CUST-00755,109.36
5/1/2025,CUST-00755,109.36
6/1/2025,CUST-00755,109.36
7/1/2025,CUST-00755,109.36
8/1/2025,CUST-00755,109.36
9/1/2025,CUST-00755,109.36
10/1/2025,CUST-00755,109.36
11/1/2025,CUST-00755,109.36
12/1/2025,CUST-00755,111
2/1/2024,CUST-00756,74.09
3/1/2024,CUST-00756,74.09
4/1/2024,CUST-00756,74.09
5/1/2024,CUST-00756,74.09
6/1/2024,CUST-00756,74.09
7/1/2024,CUST-00756,74.09
8/1/2024,CUST-00756,74.09
9/1/2024,CUST-00756,74.09
10/1/2024,CUST-00756,74.09
11/1/2024,CUST-00756,74.09
12/1/2024,CUST-00756,75.2
1/1/2025,CUST-00756,74.09
2/1/2025,CUST-00756,74.09
3/1/2025,CUST-00756,74.09
4/1/2025,CUST-00756,74.09
5/1/2025,CUST-00756,74.09
6/1/2025,CUST-00756,74.09
7/1/2025,CUST-00756,74.09
8/1/2025,CUST-00756,74.09
9/1/2025,CUST-00756,74.09
10/1/2025,CUST-00756,74.09
11/1/2025,CUST-00756,74.09
12/1/2025,CUST-00756,75.2
7/1/2022,CUST-00757,35.65
8/1/2022,CUST-00757,35.65
9/1/2022,CUST-00757,35.65
10/1/2022,CUST-00757,35.65
11/1/2022,CUST-00757,35.65
12/1/2022,CUST-00757,36.18
1/1/2023,CUST-00757,35.65
2/1/2023,CUST-00757,35.65
3/1/2023,CUST-00757,35.65
4/1/2023,CUST-00757,35.65
5/1/2023,CUST-00757,35.65
6/1/2023,CUST-00757,35.65
7/1/2023,CUST-00757,35.65
8/1/2023,CUST-00757,35.65
9/1/2023,CUST-00757,35.65
10/1/2023,CUST-00757,35.65
11/1/2023,CUST-00757,35.65
12/1/2023,CUST-00757,36.18
1/1/2024,CUST-00757,35.65
2/1/2024,CUST-00757,35.65
3/1/2024,CUST-00757,35.65
4/1/2024,CUST-00757,35.65
5/1/2024,CUST-00757,35.65
6/1/2024,CUST-00757,35.65
7/1/2024,CUST-00757,35.65
8/1/2024,CUST-00757,35.65
9/1/2024,CUST-00757,35.65
10/1/2024,CUST-00757,35.65
11/1/2024,CUST-00757,35.65
12/1/2024,CUST-00757,36.18
1/1/2025,CUST-00757,35.65
2/1/2025,CUST-00757,35.65
3/1/2025,CUST-00757,35.65
4/1/2025,CUST-00757,35.65
5/1/2025,CUST-00757,35.65
6/1/2025,CUST-00757,35.65
7/1/2025,CUST-00757,35.65
8/1/2025,CUST-00757,35.65
9/1/2025,CUST-00757,35.65
10/1/2025,CUST-00757,35.65
11/1/2025,CUST-00757,35.65
12/1/2025,CUST-00757,36.18
12/1/2024,CUST-00758,116.39
1/1/2025,CUST-00758,114.67
2/1/2025,CUST-00758,114.67
3/1/2025,CUST-00758,114.67
4/1/2025,CUST-00758,114.67
5/1/2025,CUST-00758,114.67
6/1/2025,CUST-00758,114.67
7/1/2025,CUST-00758,114.67
8/1/2025,CUST-00758,114.67
9/1/2025,CUST-00758,114.67
10/1/2025,CUST-00758,114.67
11/1/2025,CUST-00758,114.67
12/1/2025,CUST-00758,116.39
12/1/2023,CUST-00759,48.51
1/1/2024,CUST-00759,47.79
2/1/2024,CUST-00759,47.79
3/1/2024,CUST-00759,47.79
4/1/2024,CUST-00759,47.79
5/1/2024,CUST-00759,47.79
6/1/2024,CUST-00759,47.79
7/1/2024,CUST-00759,47.79
8/1/2024,CUST-00759,47.79
9/1/2024,CUST-00759,47.79
10/1/2024,CUST-00759,47.79
11/1/2024,CUST-00759,47.79
12/1/2024,CUST-00759,48.51
1/1/2025,CUST-00759,47.79
2/1/2025,CUST-00759,47.79
3/1/2025,CUST-00759,47.79
4/1/2025,CUST-00759,47.79
5/1/2025,CUST-00759,47.79
6/1/2025,CUST-00759,47.79
7/1/2025,CUST-00759,47.79
8/1/2025,CUST-00759,47.79
9/1/2025,CUST-00759,47.79
10/1/2025,CUST-00759,47.79
11/1/2025,CUST-00759,47.79
12/1/2025,CUST-00759,48.51
11/1/2022,CUST-00760,52.02
12/1/2022,CUST-00760,52.8
1/1/2023,CUST-00760,52.02
2/1/2023,CUST-00760,52.02
3/1/2023,CUST-00760,52.02
4/1/2023,CUST-00760,52.02
5/1/2023,CUST-00760,52.02
6/1/2023,CUST-00760,52.02
7/1/2023,CUST-00760,52.02
8/1/2023,CUST-00760,52.02
9/1/2023,CUST-00760,52.02
10/1/2023,CUST-00760,52.02
11/1/2023,CUST-00760,52.02
12/1/2023,CUST-00760,52.8
1/1/2024,CUST-00760,52.02
2/1/2024,CUST-00760,52.02
3/1/2024,CUST-00760,52.02
4/1/2024,CUST-00760,52.02
5/1/2024,CUST-00760,52.02
6/1/2024,CUST-00760,52.02
7/1/2024,CUST-00760,52.02
8/1/2024,CUST-00760,52.02
9/1/2024,CUST-00760,52.02
10/1/2024,CUST-00760,52.02
11/1/2024,CUST-00760,52.02
12/1/2024,CUST-00760,52.8
1/1/2025,CUST-00760,52.02
2/1/2025,CUST-00760,52.02
3/1/2025,CUST-00760,52.02
4/1/2025,CUST-00760,52.02
5/1/2025,CUST-00760,52.02
6/1/2025,CUST-00760,52.02
7/1/2025,CUST-00760,52.02
8/1/2025,CUST-00760,52.02
9/1/2025,CUST-00760,52.02
10/1/2025,CUST-00760,52.02
11/1/2025,CUST-00760,52.02
12/1/2025,CUST-00760,52.8
5/1/2025,CUST-00761,72.47
6/1/2025,CUST-00761,72.47
7/1/2025,CUST-00761,72.47
8/1/2025,CUST-00761,72.47
9/1/2025,CUST-00761,72.47
10/1/2025,CUST-00761,72.47
11/1/2025,CUST-00761,72.47
12/1/2025,CUST-00761,73.56
11/1/2024,CUST-00762,39.18
12/1/2024,CUST-00762,39.77
1/1/2025,CUST-00762,39.18
2/1/2025,CUST-00762,39.18
3/1/2025,CUST-00762,39.18
4/1/2025,CUST-00762,39.18
5/1/2025,CUST-00762,39.18
6/1/2025,CUST-00762,39.18
7/1/2025,CUST-00762,39.18
8/1/2025,CUST-00762,39.18
9/1/2025,CUST-00762,39.18
10/1/2025,CUST-00762,39.18
11/1/2025,CUST-00762,39.18
12/1/2025,CUST-00762,39.77
4/1/2024,CUST-00763,110.76
5/1/2024,CUST-00763,110.76
6/1/2024,CUST-00763,110.76
7/1/2024,CUST-00763,110.76
8/1/2024,CUST-00763,110.76
9/1/2024,CUST-00763,110.76
10/1/2024,CUST-00763,110.76
9/1/2023,CUST-00764,44.64
10/1/2023,CUST-00764,44.64
11/1/2023,CUST-00764,44.64
12/1/2023,CUST-00764,45.31
1/1/2024,CUST-00764,44.64
2/1/2024,CUST-00764,44.64
3/1/2024,CUST-00764,44.64
4/1/2024,CUST-00764,44.64
5/1/2024,CUST-00764,44.64
6/1/2024,CUST-00764,44.64
7/1/2024,CUST-00764,44.64
8/1/2024,CUST-00764,44.64
9/1/2024,CUST-00764,44.64
10/1/2024,CUST-00764,44.64
11/1/2024,CUST-00764,44.64
12/1/2024,CUST-00764,45.31
1/1/2025,CUST-00764,44.64
2/1/2025,CUST-00764,44.64
3/1/2025,CUST-00764,44.64
4/1/2025,CUST-00764,44.64
5/1/2025,CUST-00764,44.64
6/1/2025,CUST-00764,44.64
7/1/2025,CUST-00764,44.64
8/1/2025,CUST-00764,44.64
9/1/2025,CUST-00764,44.64
10/1/2025,CUST-00764,44.64
11/1/2025,CUST-00764,44.64
12/1/2025,CUST-00764,45.31
8/1/2025,CUST-00765,38.46
9/1/2025,CUST-00765,38.46
10/1/2025,CUST-00765,38.46
11/1/2025,CUST-00765,38.46
12/1/2025,CUST-00765,39.04
2/1/2024,CUST-00766,39.32
3/1/2024,CUST-00766,39.32
4/1/2024,CUST-00766,39.32
5/1/2024,CUST-00766,39.32
6/1/2024,CUST-00766,39.32
7/1/2024,CUST-00766,39.32
8/1/2024,CUST-00766,39.32
9/1/2024,CUST-00766,39.32
10/1/2024,CUST-00766,39.32
11/1/2024,CUST-00766,39.32
12/1/2024,CUST-00766,39.91
1/1/2025,CUST-00766,39.32
2/1/2025,CUST-00766,39.32
3/1/2025,CUST-00766,39.32
4/1/2025,CUST-00766,39.32
5/1/2025,CUST-00766,39.32
6/1/2025,CUST-00766,39.32
7/1/2025,CUST-00766,39.32
8/1/2025,CUST-00766,39.32
9/1/2025,CUST-00766,39.32
10/1/2025,CUST-00766,39.32
11/1/2025,CUST-00766,39.32
12/1/2025,CUST-00766,39.91
12/1/2024,CUST-00767,110.7
1/1/2025,CUST-00767,109.06
2/1/2025,CUST-00767,109.06
3/1/2025,CUST-00767,109.06
4/1/2025,CUST-00767,109.06
5/1/2025,CUST-00767,109.06
6/1/2025,CUST-00767,109.06
7/1/2025,CUST-00767,109.06
8/1/2025,CUST-00767,109.06
9/1/2025,CUST-00767,109.06
10/1/2025,CUST-00767,109.06
11/1/2025,CUST-00767,109.06
12/1/2025,CUST-00767,110.7
8/1/2023,CUST-00768,63.02
9/1/2023,CUST-00768,63.02
10/1/2023,CUST-00768,63.02
11/1/2023,CUST-00768,63.02
12/1/2023,CUST-00768,63.97
1/1/2024,CUST-00768,63.02
2/1/2024,CUST-00768,63.02
3/1/2024,CUST-00768,63.02
4/1/2024,CUST-00768,63.02
5/1/2024,CUST-00768,63.02
6/1/2024,CUST-00768,63.02
7/1/2024,CUST-00768,63.02
8/1/2024,CUST-00768,63.02
9/1/2024,CUST-00768,63.02
10/1/2024,CUST-00768,63.02
11/1/2024,CUST-00768,63.02
12/1/2024,CUST-00768,63.97
1/1/2025,CUST-00768,63.02
2/1/2025,CUST-00768,63.02
3/1/2025,CUST-00768,63.02
4/1/2025,CUST-00768,63.02
5/1/2025,CUST-00768,63.02
6/1/2025,CUST-00768,63.02
7/1/2025,CUST-00768,63.02
8/1/2025,CUST-00768,63.02
9/1/2025,CUST-00768,63.02
10/1/2025,CUST-00768,63.02
11/1/2025,CUST-00768,63.02
12/1/2025,CUST-00768,63.97
8/1/2025,CUST-00769,41.22
9/1/2025,CUST-00769,41.22
10/1/2025,CUST-00769,41.22
11/1/2025,CUST-00769,41.22
12/1/2025,CUST-00769,41.84
6/1/2023,CUST-00770,71.28
7/1/2023,CUST-00770,71.28
8/1/2023,CUST-00770,71.28
9/1/2023,CUST-00770,71.28
10/1/2023,CUST-00770,71.28
11/1/2023,CUST-00770,71.28
12/1/2023,CUST-00770,72.35
1/1/2024,CUST-00770,71.28
2/1/2024,CUST-00770,71.28
3/1/2024,CUST-00770,71.28
4/1/2024,CUST-00770,71.28
5/1/2024,CUST-00770,71.28
6/1/2024,CUST-00770,71.28
7/1/2024,CUST-00770,71.28
8/1/2024,CUST-00770,71.28
9/1/2024,CUST-00770,71.28
10/1/2024,CUST-00770,71.28
11/1/2024,CUST-00770,71.28
12/1/2024,CUST-00770,72.35
1/1/2025,CUST-00770,71.28
2/1/2025,CUST-00770,71.28
3/1/2025,CUST-00770,71.28
4/1/2025,CUST-00770,71.28
5/1/2025,CUST-00770,71.28
6/1/2025,CUST-00770,71.28
7/1/2025,CUST-00770,71.28
8/1/2025,CUST-00770,71.28
9/1/2025,CUST-00770,71.28
10/1/2025,CUST-00770,71.28
11/1/2025,CUST-00770,71.28
12/1/2025,CUST-00770,72.35
1/1/2022,CUST-00771,55.17
2/1/2022,CUST-00771,55.17
3/1/2022,CUST-00771,55.17
4/1/2022,CUST-00771,55.17
5/1/2022,CUST-00771,55.17
6/1/2022,CUST-00771,55.17
7/1/2022,CUST-00771,55.17
8/1/2022,CUST-00771,55.17
9/1/2022,CUST-00771,55.17
10/1/2022,CUST-00771,55.17
11/1/2022,CUST-00771,55.17
12/1/2022,CUST-00771,56
1/1/2023,CUST-00771,55.17
2/1/2023,CUST-00771,55.17
3/1/2023,CUST-00771,55.17
4/1/2023,CUST-00771,55.17
5/1/2023,CUST-00771,55.17
6/1/2023,CUST-00771,55.17
7/1/2023,CUST-00771,55.17
8/1/2023,CUST-00771,55.17
9/1/2023,CUST-00771,55.17
10/1/2023,CUST-00771,55.17
11/1/2023,CUST-00771,55.17
12/1/2023,CUST-00771,56
1/1/2024,CUST-00771,55.17
2/1/2024,CUST-00771,55.17
3/1/2024,CUST-00771,55.17
4/1/2024,CUST-00771,55.17
5/1/2024,CUST-00771,55.17
6/1/2024,CUST-00771,55.17
7/1/2024,CUST-00771,55.17
8/1/2024,CUST-00771,55.17
9/1/2024,CUST-00771,55.17
10/1/2024,CUST-00771,55.17
11/1/2024,CUST-00771,55.17
12/1/2024,CUST-00771,56
1/1/2025,CUST-00771,55.17
2/1/2025,CUST-00771,55.17
3/1/2025,CUST-00771,55.17
4/1/2025,CUST-00771,55.17
5/1/2025,CUST-00771,55.17
6/1/2025,CUST-00771,55.17
7/1/2025,CUST-00771,55.17
8/1/2025,CUST-00771,55.17
9/1/2025,CUST-00771,55.17
10/1/2025,CUST-00771,55.17
11/1/2025,CUST-00771,55.17
12/1/2025,CUST-00771,56
12/1/2022,CUST-00772,59.1
1/1/2023,CUST-00772,58.23
2/1/2023,CUST-00772,58.23
3/1/2023,CUST-00772,58.23
4/1/2023,CUST-00772,58.23
5/1/2023,CUST-00772,58.23
6/1/2023,CUST-00772,58.23
7/1/2023,CUST-00772,58.23
8/1/2023,CUST-00772,58.23
9/1/2023,CUST-00772,58.23
10/1/2023,CUST-00772,58.23
11/1/2023,CUST-00772,58.23
12/1/2023,CUST-00772,59.1
1/1/2024,CUST-00772,58.23
2/1/2024,CUST-00772,58.23
3/1/2024,CUST-00772,58.23
3/1/2023,CUST-00773,46.51
4/1/2023,CUST-00773,46.51
5/1/2023,CUST-00773,46.51
6/1/2023,CUST-00773,46.51
7/1/2023,CUST-00773,46.51
8/1/2023,CUST-00773,46.51
12/1/2024,CUST-00774,83.2
1/1/2025,CUST-00774,81.97
2/1/2025,CUST-00774,81.97
3/1/2025,CUST-00774,81.97
4/1/2025,CUST-00774,81.97
5/1/2025,CUST-00774,81.97
6/1/2025,CUST-00774,81.97
7/1/2025,CUST-00774,81.97
8/1/2025,CUST-00774,81.97
9/1/2025,CUST-00774,81.97
10/1/2025,CUST-00774,81.97
11/1/2025,CUST-00774,81.97
12/1/2025,CUST-00774,83.2
11/1/2024,CUST-00775,62.17
12/1/2024,CUST-00775,63.1
1/1/2025,CUST-00775,62.17
2/1/2025,CUST-00775,62.17
3/1/2025,CUST-00775,62.17
4/1/2025,CUST-00775,62.17
5/1/2025,CUST-00775,62.17
6/1/2025,CUST-00775,62.17
7/1/2025,CUST-00775,62.17
8/1/2025,CUST-00775,62.17
4/1/2024,CUST-00776,40.15
5/1/2024,CUST-00776,40.15
6/1/2024,CUST-00776,40.15
7/1/2024,CUST-00776,40.15
8/1/2024,CUST-00776,40.15
9/1/2024,CUST-00776,40.15
10/1/2024,CUST-00776,40.15
11/1/2024,CUST-00776,40.15
12/1/2024,CUST-00776,40.75
1/1/2025,CUST-00776,40.15
2/1/2025,CUST-00776,40.15
3/1/2025,CUST-00776,40.15
4/1/2025,CUST-00776,40.15
5/1/2025,CUST-00776,40.15
6/1/2025,CUST-00776,40.15
7/1/2025,CUST-00776,40.15
8/1/2025,CUST-00776,40.15
9/1/2025,CUST-00776,40.15
10/1/2025,CUST-00776,40.15
11/1/2025,CUST-00776,40.15
12/1/2025,CUST-00776,40.75
11/1/2024,CUST-00777,40.25
12/1/2024,CUST-00777,40.85
1/1/2025,CUST-00777,40.25
2/1/2025,CUST-00777,40.25
3/1/2025,CUST-00777,40.25
4/1/2025,CUST-00777,40.25
5/1/2025,CUST-00777,40.25
6/1/2025,CUST-00777,40.25
7/1/2025,CUST-00777,40.25
8/1/2025,CUST-00777,40.25
9/1/2025,CUST-00777,40.25
10/1/2025,CUST-00777,40.25
11/1/2025,CUST-00777,40.25
12/1/2025,CUST-00777,40.85
5/1/2022,CUST-00778,120.74
6/1/2022,CUST-00778,120.74
7/1/2022,CUST-00778,120.74
8/1/2022,CUST-00778,120.74
9/1/2022,CUST-00778,120.74
10/1/2022,CUST-00778,120.74
11/1/2022,CUST-00778,120.74
12/1/2022,CUST-00778,122.55
1/1/2023,CUST-00778,120.74
2/1/2023,CUST-00778,120.74
3/1/2023,CUST-00778,120.74
4/1/2023,CUST-00778,120.74
5/1/2023,CUST-00778,120.74
6/1/2023,CUST-00778,120.74
7/1/2023,CUST-00778,120.74
8/1/2023,CUST-00778,120.74
9/1/2023,CUST-00778,120.74
10/1/2023,CUST-00778,120.74
11/1/2023,CUST-00778,120.74
12/1/2023,CUST-00778,122.55
1/1/2024,CUST-00778,120.74
2/1/2024,CUST-00778,120.74
3/1/2024,CUST-00778,120.74
4/1/2024,CUST-00778,120.74
5/1/2024,CUST-00778,120.74
6/1/2024,CUST-00778,120.74
7/1/2024,CUST-00778,120.74
8/1/2024,CUST-00778,120.74
9/1/2024,CUST-00778,120.74
10/1/2024,CUST-00778,120.74
11/1/2024,CUST-00778,120.74
12/1/2024,CUST-00778,122.55
1/1/2025,CUST-00778,120.74
2/1/2025,CUST-00778,120.74
3/1/2025,CUST-00778,120.74
4/1/2025,CUST-00778,120.74
5/1/2025,CUST-00778,120.74
6/1/2025,CUST-00778,120.74
7/1/2025,CUST-00778,120.74
8/1/2025,CUST-00778,120.74
9/1/2025,CUST-00778,120.74
10/1/2025,CUST-00778,120.74
11/1/2025,CUST-00778,120.74
12/1/2025,CUST-00778,122.55
5/1/2022,CUST-00779,90.85
6/1/2022,CUST-00779,90.85
7/1/2022,CUST-00779,90.85
8/1/2022,CUST-00779,90.85
9/1/2022,CUST-00779,90.85
10/1/2022,CUST-00779,90.85
11/1/2022,CUST-00779,90.85
12/1/2022,CUST-00779,92.21
1/1/2023,CUST-00779,90.85
2/1/2023,CUST-00779,90.85
3/1/2023,CUST-00779,90.85
4/1/2023,CUST-00779,90.85
5/1/2023,CUST-00779,90.85
6/1/2023,CUST-00779,90.85
7/1/2023,CUST-00779,90.85
8/1/2023,CUST-00779,90.85
9/1/2023,CUST-00779,90.85
10/1/2023,CUST-00779,90.85
11/1/2023,CUST-00779,90.85
12/1/2023,CUST-00779,92.21
1/1/2024,CUST-00779,90.85
2/1/2024,CUST-00779,90.85
3/1/2024,CUST-00779,90.85
4/1/2024,CUST-00779,90.85
5/1/2024,CUST-00779,90.85
6/1/2024,CUST-00779,90.85
7/1/2024,CUST-00779,90.85
8/1/2024,CUST-00779,90.85
9/1/2024,CUST-00779,90.85
10/1/2024,CUST-00779,90.85
11/1/2024,CUST-00779,90.85
12/1/2024,CUST-00779,92.21
1/1/2025,CUST-00779,90.85
2/1/2025,CUST-00779,90.85
3/1/2025,CUST-00779,90.85
4/1/2025,CUST-00779,90.85
5/1/2025,CUST-00779,90.85
6/1/2025,CUST-00779,90.85
7/1/2025,CUST-00779,90.85
8/1/2025,CUST-00779,90.85
9/1/2025,CUST-00779,90.85
10/1/2025,CUST-00779,90.85
11/1/2025,CUST-00779,90.85
12/1/2025,CUST-00779,92.21
10/1/2023,CUST-00780,54.92
11/1/2023,CUST-00780,54.92
12/1/2023,CUST-00780,55.74
11/1/2023,CUST-00781,49.27
12/1/2023,CUST-00781,50.01
1/1/2024,CUST-00781,49.27
2/1/2024,CUST-00781,49.27
3/1/2024,CUST-00781,49.27
4/1/2024,CUST-00781,49.27
5/1/2024,CUST-00781,49.27
6/1/2024,CUST-00781,49.27
7/1/2024,CUST-00781,49.27
8/1/2024,CUST-00781,49.27
9/1/2024,CUST-00781,49.27
10/1/2024,CUST-00781,49.27
11/1/2024,CUST-00781,49.27
12/1/2024,CUST-00781,50.01
1/1/2025,CUST-00781,49.27
2/1/2025,CUST-00781,49.27
3/1/2025,CUST-00781,49.27
4/1/2025,CUST-00781,49.27
5/1/2025,CUST-00781,49.27
6/1/2025,CUST-00781,49.27
7/1/2025,CUST-00781,49.27
8/1/2025,CUST-00781,49.27
9/1/2025,CUST-00781,49.27
10/1/2025,CUST-00781,49.27
11/1/2025,CUST-00781,49.27
12/1/2025,CUST-00781,50.01
4/1/2024,CUST-00782,71.48
5/1/2024,CUST-00782,71.48
6/1/2024,CUST-00782,71.48
7/1/2024,CUST-00782,71.48
8/1/2024,CUST-00782,71.48
9/1/2024,CUST-00782,71.48
10/1/2024,CUST-00782,71.48
11/1/2024,CUST-00782,71.48
12/1/2024,CUST-00782,72.55
1/1/2025,CUST-00782,71.48
2/1/2025,CUST-00782,71.48
3/1/2025,CUST-00782,71.48
4/1/2025,CUST-00782,71.48
5/1/2025,CUST-00782,71.48
6/1/2025,CUST-00782,71.48
7/1/2025,CUST-00782,71.48
8/1/2025,CUST-00782,71.48
9/1/2025,CUST-00782,71.48
10/1/2025,CUST-00782,71.48
11/1/2025,CUST-00782,71.48
12/1/2025,CUST-00782,72.55
10/1/2022,CUST-00783,89.08
11/1/2022,CUST-00783,89.08
12/1/2022,CUST-00783,90.42
1/1/2023,CUST-00783,89.08
2/1/2023,CUST-00783,89.08
3/1/2023,CUST-00783,89.08
4/1/2023,CUST-00783,89.08
5/1/2023,CUST-00783,89.08
6/1/2023,CUST-00783,89.08
7/1/2023,CUST-00783,89.08
8/1/2023,CUST-00783,89.08
9/1/2023,CUST-00783,89.08
10/1/2023,CUST-00783,89.08
11/1/2023,CUST-00783,89.08
12/1/2023,CUST-00783,90.42
1/1/2024,CUST-00783,89.08
2/1/2024,CUST-00783,89.08
3/1/2024,CUST-00783,89.08
4/1/2024,CUST-00783,89.08
5/1/2024,CUST-00783,89.08
6/1/2024,CUST-00783,89.08
7/1/2024,CUST-00783,89.08
8/1/2024,CUST-00783,89.08
9/1/2024,CUST-00783,89.08
10/1/2024,CUST-00783,89.08
11/1/2024,CUST-00783,89.08
12/1/2024,CUST-00783,90.42
1/1/2025,CUST-00783,89.08
2/1/2025,CUST-00783,89.08
3/1/2025,CUST-00783,89.08
4/1/2025,CUST-00783,89.08
5/1/2025,CUST-00783,89.08
6/1/2025,CUST-00783,89.08
7/1/2025,CUST-00783,89.08
8/1/2025,CUST-00783,89.08
9/1/2025,CUST-00783,89.08
10/1/2025,CUST-00783,89.08
11/1/2025,CUST-00783,89.08
12/1/2025,CUST-00783,90.42
8/1/2023,CUST-00784,42.35
9/1/2023,CUST-00784,42.35
10/1/2023,CUST-00784,42.35
11/1/2023,CUST-00784,42.35
12/1/2023,CUST-00784,42.99
1/1/2024,CUST-00784,42.35
2/1/2024,CUST-00784,42.35
3/1/2024,CUST-00784,42.35
4/1/2024,CUST-00784,42.35
5/1/2024,CUST-00784,42.35
6/1/2024,CUST-00784,42.35
7/1/2024,CUST-00784,42.35
8/1/2024,CUST-00784,42.35
9/1/2024,CUST-00784,42.35
10/1/2024,CUST-00784,42.35
11/1/2024,CUST-00784,42.35
12/1/2024,CUST-00784,42.99
1/1/2025,CUST-00784,42.35
2/1/2025,CUST-00784,42.35
3/1/2025,CUST-00784,42.35
4/1/2025,CUST-00784,42.35
5/1/2025,CUST-00784,42.35
6/1/2025,CUST-00784,42.35
7/1/2025,CUST-00784,42.35
8/1/2025,CUST-00784,42.35
9/1/2025,CUST-00784,42.35
10/1/2025,CUST-00784,42.35
11/1/2025,CUST-00784,42.35
12/1/2025,CUST-00784,42.99
9/1/2022,CUST-00785,83.23
10/1/2022,CUST-00785,83.23
11/1/2022,CUST-00785,83.23
12/1/2022,CUST-00785,84.48
1/1/2023,CUST-00785,83.23
2/1/2023,CUST-00785,83.23
3/1/2023,CUST-00785,83.23
4/1/2023,CUST-00785,83.23
5/1/2023,CUST-00785,83.23
6/1/2023,CUST-00785,83.23
7/1/2023,CUST-00785,83.23
8/1/2023,CUST-00785,83.23
9/1/2023,CUST-00785,83.23
10/1/2023,CUST-00785,83.23
11/1/2023,CUST-00785,83.23
12/1/2023,CUST-00785,84.48
1/1/2024,CUST-00785,83.23
2/1/2024,CUST-00785,83.23
3/1/2024,CUST-00785,83.23
4/1/2024,CUST-00785,83.23
5/1/2024,CUST-00785,83.23
6/1/2024,CUST-00785,83.23
7/1/2024,CUST-00785,83.23
8/1/2024,CUST-00785,83.23
9/1/2024,CUST-00785,83.23
10/1/2024,CUST-00785,83.23
11/1/2024,CUST-00785,83.23
12/1/2024,CUST-00785,84.48
1/1/2025,CUST-00785,83.23
2/1/2025,CUST-00785,83.23
3/1/2025,CUST-00785,83.23
4/1/2025,CUST-00785,83.23
5/1/2025,CUST-00785,83.23
6/1/2025,CUST-00785,83.23
7/1/2025,CUST-00785,83.23
8/1/2025,CUST-00785,83.23
9/1/2025,CUST-00785,83.23
10/1/2025,CUST-00785,83.23
11/1/2025,CUST-00785,83.23
12/1/2025,CUST-00785,84.48
6/1/2022,CUST-00786,40
7/1/2022,CUST-00786,40
8/1/2022,CUST-00786,40
9/1/2022,CUST-00786,40
10/1/2022,CUST-00786,40
11/1/2022,CUST-00786,40
12/1/2022,CUST-00786,40.6
1/1/2023,CUST-00786,40
2/1/2023,CUST-00786,40
3/1/2023,CUST-00786,40
4/1/2023,CUST-00786,40
5/1/2023,CUST-00786,40
6/1/2023,CUST-00786,40
7/1/2023,CUST-00786,40
8/1/2023,CUST-00786,40
9/1/2023,CUST-00786,40
10/1/2023,CUST-00786,40
11/1/2023,CUST-00786,40
12/1/2023,CUST-00786,40.6
1/1/2024,CUST-00786,40
2/1/2024,CUST-00786,40
3/1/2024,CUST-00786,40
4/1/2024,CUST-00786,40
5/1/2024,CUST-00786,40
6/1/2024,CUST-00786,40
7/1/2024,CUST-00786,40
8/1/2024,CUST-00786,40
9/1/2024,CUST-00786,40
10/1/2024,CUST-00786,40
11/1/2024,CUST-00786,40
12/1/2024,CUST-00786,40.6
1/1/2025,CUST-00786,40
2/1/2025,CUST-00786,40
3/1/2025,CUST-00786,40
4/1/2025,CUST-00786,40
5/1/2025,CUST-00786,40
6/1/2025,CUST-00786,40
7/1/2025,CUST-00786,40
8/1/2025,CUST-00786,40
9/1/2025,CUST-00786,40
10/1/2025,CUST-00786,40
11/1/2025,CUST-00786,40
12/1/2025,CUST-00786,40.6
11/1/2024,CUST-00787,98.42
12/1/2024,CUST-00787,99.9
1/1/2025,CUST-00787,98.42
11/1/2022,CUST-00788,42.89
12/1/2022,CUST-00788,43.53
1/1/2023,CUST-00788,42.89
2/1/2023,CUST-00788,42.89
3/1/2024,CUST-00789,68.46
4/1/2024,CUST-00789,68.46
5/1/2024,CUST-00789,68.46
6/1/2024,CUST-00789,68.46
7/1/2024,CUST-00789,68.46
8/1/2024,CUST-00789,68.46
9/1/2024,CUST-00789,68.46
10/1/2024,CUST-00789,68.46
11/1/2024,CUST-00789,68.46
12/1/2024,CUST-00789,69.49
1/1/2025,CUST-00789,68.46
2/1/2025,CUST-00789,68.46
3/1/2025,CUST-00789,68.46
4/1/2025,CUST-00789,68.46
5/1/2025,CUST-00789,68.46
6/1/2025,CUST-00789,68.46
7/1/2025,CUST-00789,68.46
8/1/2025,CUST-00789,68.46
9/1/2025,CUST-00789,68.46
10/1/2025,CUST-00789,68.46
11/1/2025,CUST-00789,68.46
12/1/2025,CUST-00789,69.49
3/1/2024,CUST-00790,41.31
4/1/2024,CUST-00790,41.31
5/1/2024,CUST-00790,41.31
6/1/2024,CUST-00790,41.31
7/1/2024,CUST-00790,41.31
8/1/2024,CUST-00790,41.31
9/1/2024,CUST-00790,41.31
10/1/2024,CUST-00790,41.31
11/1/2024,CUST-00790,41.31
12/1/2024,CUST-00790,41.93
1/1/2025,CUST-00790,41.31
2/1/2025,CUST-00790,41.31
3/1/2025,CUST-00790,41.31
4/1/2025,CUST-00790,41.31
5/1/2025,CUST-00790,41.31
6/1/2025,CUST-00790,41.31
7/1/2025,CUST-00790,41.31
8/1/2025,CUST-00790,41.31
9/1/2025,CUST-00790,41.31
10/1/2025,CUST-00790,41.31
11/1/2025,CUST-00790,41.31
12/1/2025,CUST-00790,41.93
9/1/2022,CUST-00791,80.47
10/1/2022,CUST-00791,80.47
11/1/2022,CUST-00791,80.47
12/1/2022,CUST-00791,81.68
1/1/2023,CUST-00791,80.47
2/1/2023,CUST-00791,80.47
3/1/2023,CUST-00791,80.47
4/1/2023,CUST-00791,80.47
5/1/2023,CUST-00791,80.47
6/1/2023,CUST-00791,80.47
7/1/2023,CUST-00791,80.47
8/1/2023,CUST-00791,80.47
9/1/2023,CUST-00791,80.47
10/1/2023,CUST-00791,80.47
11/1/2023,CUST-00791,80.47
12/1/2023,CUST-00791,81.68
1/1/2024,CUST-00791,80.47
2/1/2024,CUST-00791,80.47
3/1/2024,CUST-00791,80.47
4/1/2024,CUST-00791,80.47
5/1/2024,CUST-00791,80.47
6/1/2024,CUST-00791,80.47
7/1/2024,CUST-00791,80.47
8/1/2024,CUST-00791,80.47
9/1/2024,CUST-00791,80.47
10/1/2024,CUST-00791,80.47
11/1/2024,CUST-00791,80.47
12/1/2024,CUST-00791,81.68
1/1/2025,CUST-00791,80.47
2/1/2025,CUST-00791,80.47
3/1/2025,CUST-00791,80.47
4/1/2025,CUST-00791,80.47
5/1/2025,CUST-00791,80.47
6/1/2025,CUST-00791,80.47
7/1/2025,CUST-00791,80.47
8/1/2025,CUST-00791,80.47
9/1/2025,CUST-00791,80.47
10/1/2025,CUST-00791,80.47
11/1/2025,CUST-00791,80.47
12/1/2025,CUST-00791,81.68
1/1/2023,CUST-00792,114.5
2/1/2023,CUST-00792,114.5
3/1/2023,CUST-00792,114.5
4/1/2023,CUST-00792,114.5
5/1/2023,CUST-00792,114.5
6/1/2023,CUST-00792,114.5
7/1/2023,CUST-00792,114.5
8/1/2023,CUST-00792,114.5
9/1/2023,CUST-00792,114.5
10/1/2023,CUST-00792,114.5
11/1/2023,CUST-00792,114.5
12/1/2023,CUST-00792,116.22
1/1/2024,CUST-00792,114.5
2/1/2024,CUST-00792,114.5
3/1/2024,CUST-00792,114.5
4/1/2024,CUST-00792,114.5
5/1/2024,CUST-00792,114.5
6/1/2024,CUST-00792,114.5
7/1/2024,CUST-00792,114.5
8/1/2024,CUST-00792,114.5
9/1/2024,CUST-00792,114.5
10/1/2024,CUST-00792,114.5
11/1/2024,CUST-00792,114.5
12/1/2024,CUST-00792,116.22
1/1/2025,CUST-00792,114.5
2/1/2025,CUST-00792,114.5
3/1/2025,CUST-00792,114.5
4/1/2025,CUST-00792,114.5
5/1/2025,CUST-00792,114.5
6/1/2025,CUST-00792,114.5
7/1/2025,CUST-00792,114.5
8/1/2025,CUST-00792,114.5
9/1/2025,CUST-00792,114.5
10/1/2025,CUST-00792,114.5
11/1/2025,CUST-00792,114.5
12/1/2025,CUST-00792,116.22
6/1/2025,CUST-00793,74.31
7/1/2025,CUST-00793,74.31
8/1/2025,CUST-00793,74.31
9/1/2025,CUST-00793,74.31
6/1/2023,CUST-00794,65.77
7/1/2023,CUST-00794,65.77
8/1/2023,CUST-00794,65.77
9/1/2023,CUST-00794,65.77
10/1/2023,CUST-00794,65.77
11/1/2023,CUST-00794,65.77
12/1/2023,CUST-00794,66.76
1/1/2024,CUST-00794,65.77
2/1/2024,CUST-00794,65.77
3/1/2024,CUST-00794,65.77
4/1/2024,CUST-00794,65.77
5/1/2024,CUST-00794,65.77
6/1/2024,CUST-00794,65.77
7/1/2024,CUST-00794,65.77
8/1/2024,CUST-00794,65.77
9/1/2024,CUST-00794,65.77
10/1/2024,CUST-00794,65.77
11/1/2024,CUST-00794,65.77
12/1/2024,CUST-00794,66.76
1/1/2025,CUST-00794,65.77
2/1/2025,CUST-00794,65.77
3/1/2025,CUST-00794,65.77
4/1/2025,CUST-00794,65.77
5/1/2025,CUST-00794,65.77
6/1/2025,CUST-00794,65.77
7/1/2025,CUST-00794,65.77
8/1/2025,CUST-00794,65.77
9/1/2025,CUST-00794,65.77
10/1/2025,CUST-00794,65.77
11/1/2025,CUST-00794,65.77
12/1/2025,CUST-00794,66.76
5/1/2023,CUST-00795,38.8
6/1/2023,CUST-00795,38.8
7/1/2023,CUST-00795,38.8
8/1/2023,CUST-00795,38.8
9/1/2023,CUST-00795,38.8
10/1/2023,CUST-00795,38.8
11/1/2023,CUST-00795,38.8
12/1/2023,CUST-00795,39.38
1/1/2024,CUST-00795,38.8
2/1/2024,CUST-00795,38.8
3/1/2024,CUST-00795,38.8
4/1/2024,CUST-00795,38.8
5/1/2024,CUST-00795,38.8
6/1/2024,CUST-00795,38.8
7/1/2024,CUST-00795,38.8
8/1/2024,CUST-00795,38.8
9/1/2024,CUST-00795,38.8
10/1/2024,CUST-00795,38.8
11/1/2024,CUST-00795,38.8
12/1/2024,CUST-00795,39.38
1/1/2025,CUST-00795,38.8
2/1/2025,CUST-00795,38.8
3/1/2025,CUST-00795,38.8
4/1/2025,CUST-00795,38.8
5/1/2025,CUST-00795,38.8
6/1/2025,CUST-00795,38.8
7/1/2025,CUST-00795,38.8
8/1/2025,CUST-00795,38.8
9/1/2025,CUST-00795,38.8
10/1/2025,CUST-00795,38.8
11/1/2025,CUST-00795,38.8
12/1/2025,CUST-00795,39.38
9/1/2025,CUST-00796,46.54
10/1/2025,CUST-00796,46.54
11/1/2025,CUST-00796,46.54
12/1/2025,CUST-00796,47.24
1/1/2025,CUST-00797,69.25
2/1/2025,CUST-00797,69.25
3/1/2025,CUST-00797,69.25
4/1/2025,CUST-00797,69.25
5/1/2025,CUST-00797,69.25
6/1/2025,CUST-00797,69.25
7/1/2025,CUST-00797,69.25
8/1/2025,CUST-00797,69.25
9/1/2025,CUST-00797,69.25
10/1/2025,CUST-00797,69.25
11/1/2025,CUST-00797,69.25
12/1/2025,CUST-00797,70.29
9/1/2024,CUST-00798,37.11
10/1/2024,CUST-00798,37.11
11/1/2024,CUST-00798,37.11
12/1/2024,CUST-00798,37.67
1/1/2025,CUST-00798,37.11
2/1/2025,CUST-00798,37.11
3/1/2025,CUST-00798,37.11
4/1/2025,CUST-00798,37.11
5/1/2025,CUST-00798,37.11
6/1/2025,CUST-00798,37.11
7/1/2025,CUST-00798,37.11
8/1/2025,CUST-00798,37.11
9/1/2025,CUST-00798,37.11
10/1/2025,CUST-00798,37.11
11/1/2025,CUST-00798,37.11
12/1/2025,CUST-00798,37.67
7/1/2024,CUST-00799,51.75
8/1/2024,CUST-00799,51.75
9/1/2024,CUST-00799,51.75
10/1/2024,CUST-00799,51.75
11/1/2024,CUST-00799,51.75
12/1/2024,CUST-00799,52.53
1/1/2025,CUST-00799,51.75
2/1/2025,CUST-00799,51.75
3/1/2025,CUST-00799,51.75
4/1/2025,CUST-00799,51.75
5/1/2025,CUST-00799,51.75
6/1/2025,CUST-00799,51.75
7/1/2025,CUST-00799,51.75
8/1/2025,CUST-00799,51.75
9/1/2025,CUST-00799,51.75
10/1/2025,CUST-00799,51.75
11/1/2025,CUST-00799,51.75
12/1/2025,CUST-00799,52.53
7/1/2023,CUST-00800,82.34
8/1/2023,CUST-00800,82.34
9/1/2023,CUST-00800,82.34
10/1/2023,CUST-00800,82.34
11/1/2023,CUST-00800,82.34
12/1/2023,CUST-00800,83.58
1/1/2024,CUST-00800,82.34
2/1/2024,CUST-00800,82.34
3/1/2024,CUST-00800,82.34
4/1/2024,CUST-00800,82.34
5/1/2024,CUST-00800,82.34
6/1/2024,CUST-00800,82.34
7/1/2024,CUST-00800,82.34
8/1/2024,CUST-00800,82.34
9/1/2024,CUST-00800,82.34
10/1/2024,CUST-00800,82.34
11/1/2024,CUST-00800,82.34
12/1/2024,CUST-00800,83.58
1/1/2025,CUST-00800,82.34
2/1/2025,CUST-00800,82.34
3/1/2025,CUST-00800,82.34
4/1/2025,CUST-00800,82.34
5/1/2025,CUST-00800,82.34
6/1/2025,CUST-00800,82.34
7/1/2025,CUST-00800,82.34
8/1/2025,CUST-00800,82.34
9/1/2025,CUST-00800,82.34
10/1/2025,CUST-00800,82.34
11/1/2025,CUST-00800,82.34
12/1/2025,CUST-00800,83.58
8/1/2023,CUST-00801,55.84
9/1/2023,CUST-00801,55.84
10/1/2023,CUST-00801,55.84
11/1/2023,CUST-00801,55.84
12/1/2023,CUST-00801,56.68
1/1/2024,CUST-00801,55.84
2/1/2024,CUST-00801,55.84
3/1/2024,CUST-00801,55.84
4/1/2024,CUST-00801,55.84
5/1/2024,CUST-00801,55.84
6/1/2024,CUST-00801,55.84
7/1/2024,CUST-00801,55.84
8/1/2024,CUST-00801,55.84
9/1/2024,CUST-00801,55.84
10/1/2024,CUST-00801,55.84
11/1/2024,CUST-00801,55.84
12/1/2024,CUST-00801,56.68
1/1/2025,CUST-00801,55.84
2/1/2025,CUST-00801,55.84
3/1/2025,CUST-00801,55.84
4/1/2025,CUST-00801,55.84
5/1/2025,CUST-00801,55.84
6/1/2025,CUST-00801,55.84
7/1/2025,CUST-00801,55.84
8/1/2025,CUST-00801,55.84
9/1/2025,CUST-00801,55.84
10/1/2025,CUST-00801,55.84
11/1/2025,CUST-00801,55.84
12/1/2025,CUST-00801,56.68
4/1/2023,CUST-00802,71.43
5/1/2023,CUST-00802,71.43
6/1/2023,CUST-00802,71.43
7/1/2023,CUST-00802,71.43
8/1/2023,CUST-00802,71.43
9/1/2023,CUST-00802,71.43
10/1/2023,CUST-00802,71.43
11/1/2023,CUST-00802,71.43
12/1/2023,CUST-00802,72.5
1/1/2024,CUST-00802,71.43
2/1/2024,CUST-00802,71.43
3/1/2024,CUST-00802,71.43
4/1/2024,CUST-00802,71.43
5/1/2024,CUST-00802,71.43
6/1/2024,CUST-00802,71.43
7/1/2024,CUST-00802,71.43
8/1/2024,CUST-00802,71.43
9/1/2024,CUST-00802,71.43
10/1/2024,CUST-00802,71.43
11/1/2024,CUST-00802,71.43
12/1/2024,CUST-00802,72.5
1/1/2025,CUST-00802,71.43
2/1/2025,CUST-00802,71.43
3/1/2025,CUST-00802,71.43
4/1/2025,CUST-00802,71.43
5/1/2025,CUST-00802,71.43
6/1/2025,CUST-00802,71.43
7/1/2025,CUST-00802,71.43
8/1/2025,CUST-00802,71.43
9/1/2025,CUST-00802,71.43
10/1/2025,CUST-00802,71.43
11/1/2025,CUST-00802,71.43
12/1/2025,CUST-00802,72.5
11/1/2024,CUST-00803,45.41
12/1/2024,CUST-00803,46.09
1/1/2025,CUST-00803,45.41
2/1/2025,CUST-00803,45.41
3/1/2025,CUST-00803,45.41
4/1/2025,CUST-00803,45.41
5/1/2025,CUST-00803,45.41
6/1/2025,CUST-00803,45.41
7/1/2025,CUST-00803,45.41
8/1/2025,CUST-00803,45.41
9/1/2025,CUST-00803,45.41
10/1/2025,CUST-00803,45.41
11/1/2025,CUST-00803,45.41
12/1/2025,CUST-00803,46.09
6/1/2023,CUST-00804,51.55
7/1/2023,CUST-00804,51.55
8/1/2023,CUST-00804,51.55
9/1/2023,CUST-00804,51.55
10/1/2023,CUST-00804,51.55
11/1/2023,CUST-00804,51.55
10/1/2023,CUST-00805,67.42
11/1/2023,CUST-00805,67.42
12/1/2023,CUST-00805,68.43
1/1/2024,CUST-00805,67.42
2/1/2024,CUST-00805,67.42
3/1/2024,CUST-00805,67.42
4/1/2024,CUST-00805,67.42
5/1/2024,CUST-00805,67.42
6/1/2024,CUST-00805,67.42
7/1/2024,CUST-00805,67.42
8/1/2024,CUST-00805,67.42
9/1/2024,CUST-00805,67.42
10/1/2024,CUST-00805,67.42
11/1/2024,CUST-00805,67.42
12/1/2024,CUST-00805,68.43
1/1/2025,CUST-00805,67.42
2/1/2025,CUST-00805,67.42
3/1/2025,CUST-00805,67.42
4/1/2025,CUST-00805,67.42
5/1/2025,CUST-00805,67.42
6/1/2025,CUST-00805,67.42
7/1/2025,CUST-00805,67.42
8/1/2025,CUST-00805,67.42
9/1/2025,CUST-00805,67.42
10/1/2025,CUST-00805,67.42
11/1/2025,CUST-00805,67.42
12/1/2025,CUST-00805,68.43
3/1/2025,CUST-00806,45.94
4/1/2025,CUST-00806,45.94
5/1/2025,CUST-00806,45.94
6/1/2025,CUST-00806,45.94
7/1/2025,CUST-00806,45.94
8/1/2025,CUST-00806,45.94
9/1/2025,CUST-00806,45.94
10/1/2025,CUST-00806,45.94
11/1/2025,CUST-00806,45.94
12/1/2025,CUST-00806,46.63
11/1/2022,CUST-00807,88.51
12/1/2022,CUST-00807,89.84
1/1/2023,CUST-00807,88.51
2/1/2023,CUST-00807,88.51
3/1/2023,CUST-00807,88.51
4/1/2023,CUST-00807,88.51
5/1/2023,CUST-00807,88.51
6/1/2023,CUST-00807,88.51
7/1/2023,CUST-00807,88.51
8/1/2023,CUST-00807,88.51
9/1/2023,CUST-00807,88.51
10/1/2023,CUST-00807,88.51
11/1/2023,CUST-00807,88.51
12/1/2023,CUST-00807,89.84
1/1/2024,CUST-00807,88.51
2/1/2024,CUST-00807,88.51
3/1/2024,CUST-00807,88.51
4/1/2024,CUST-00807,88.51
5/1/2024,CUST-00807,88.51
6/1/2024,CUST-00807,88.51
7/1/2024,CUST-00807,88.51
8/1/2024,CUST-00807,88.51
9/1/2024,CUST-00807,88.51
10/1/2024,CUST-00807,88.51
11/1/2024,CUST-00807,88.51
12/1/2024,CUST-00807,89.84
1/1/2025,CUST-00807,88.51
2/1/2025,CUST-00807,88.51
3/1/2025,CUST-00807,88.51
4/1/2025,CUST-00807,88.51
5/1/2025,CUST-00807,88.51
6/1/2025,CUST-00807,88.51
7/1/2025,CUST-00807,88.51
8/1/2025,CUST-00807,88.51
9/1/2025,CUST-00807,88.51
10/1/2025,CUST-00807,88.51
11/1/2025,CUST-00807,88.51
12/1/2025,CUST-00807,89.84
8/1/2023,CUST-00808,90.2
9/1/2023,CUST-00808,90.2
10/1/2023,CUST-00808,90.2
11/1/2023,CUST-00808,90.2
12/1/2023,CUST-00808,91.55
1/1/2024,CUST-00808,90.2
2/1/2024,CUST-00808,90.2
8/1/2023,CUST-00809,76.38
9/1/2023,CUST-00809,76.38
10/1/2023,CUST-00809,76.38
11/1/2023,CUST-00809,76.38
12/1/2023,CUST-00809,77.53
1/1/2024,CUST-00809,76.38
2/1/2024,CUST-00809,76.38
3/1/2024,CUST-00809,76.38
4/1/2024,CUST-00809,76.38
5/1/2024,CUST-00809,76.38
6/1/2024,CUST-00809,76.38
7/1/2024,CUST-00809,76.38
8/1/2024,CUST-00809,76.38
9/1/2024,CUST-00809,76.38
10/1/2024,CUST-00809,76.38
11/1/2024,CUST-00809,76.38
12/1/2024,CUST-00809,77.53
1/1/2025,CUST-00809,76.38
2/1/2025,CUST-00809,76.38
3/1/2025,CUST-00809,76.38
4/1/2025,CUST-00809,76.38
5/1/2025,CUST-00809,76.38
6/1/2025,CUST-00809,76.38
7/1/2025,CUST-00809,76.38
8/1/2025,CUST-00809,76.38
9/1/2025,CUST-00809,76.38
10/1/2025,CUST-00809,76.38
11/1/2025,CUST-00809,76.38
12/1/2025,CUST-00809,77.53
9/1/2022,CUST-00810,57.48
10/1/2022,CUST-00810,57.48
11/1/2022,CUST-00810,57.48
12/1/2022,CUST-00810,58.34
1/1/2023,CUST-00810,57.48
2/1/2023,CUST-00810,57.48
3/1/2023,CUST-00810,57.48
4/1/2023,CUST-00810,57.48
5/1/2023,CUST-00810,57.48
6/1/2023,CUST-00810,57.48
7/1/2023,CUST-00810,57.48
8/1/2023,CUST-00810,57.48
9/1/2023,CUST-00810,57.48
10/1/2023,CUST-00810,57.48
11/1/2023,CUST-00810,57.48
12/1/2023,CUST-00810,58.34
1/1/2024,CUST-00810,57.48
2/1/2024,CUST-00810,57.48
3/1/2024,CUST-00810,57.48
4/1/2024,CUST-00810,57.48
5/1/2024,CUST-00810,57.48
6/1/2024,CUST-00810,57.48
7/1/2024,CUST-00810,57.48
8/1/2024,CUST-00810,57.48
9/1/2024,CUST-00810,57.48
10/1/2024,CUST-00810,57.48
11/1/2024,CUST-00810,57.48
12/1/2024,CUST-00810,58.34
1/1/2025,CUST-00810,57.48
2/1/2025,CUST-00810,57.48
3/1/2025,CUST-00810,57.48
4/1/2025,CUST-00810,57.48
5/1/2025,CUST-00810,57.48
6/1/2025,CUST-00810,57.48
7/1/2025,CUST-00810,57.48
8/1/2025,CUST-00810,57.48
9/1/2025,CUST-00810,57.48
10/1/2025,CUST-00810,57.48
11/1/2025,CUST-00810,57.48
12/1/2025,CUST-00810,58.34
1/1/2023,CUST-00811,80.6
2/1/2023,CUST-00811,80.6
3/1/2023,CUST-00811,80.6
4/1/2023,CUST-00811,80.6
5/1/2023,CUST-00811,80.6
6/1/2023,CUST-00811,80.6
7/1/2023,CUST-00811,80.6
8/1/2023,CUST-00811,80.6
9/1/2023,CUST-00811,80.6
10/1/2023,CUST-00811,80.6
11/1/2023,CUST-00811,80.6
12/1/2023,CUST-00811,81.81
1/1/2024,CUST-00811,80.6
2/1/2024,CUST-00811,80.6
3/1/2024,CUST-00811,80.6
4/1/2024,CUST-00811,80.6
5/1/2024,CUST-00811,80.6
6/1/2024,CUST-00811,80.6
7/1/2024,CUST-00811,80.6
8/1/2024,CUST-00811,80.6
9/1/2024,CUST-00811,80.6
10/1/2024,CUST-00811,80.6
11/1/2024,CUST-00811,80.6
12/1/2024,CUST-00811,81.81
1/1/2025,CUST-00811,80.6
2/1/2025,CUST-00811,80.6
3/1/2025,CUST-00811,80.6
4/1/2025,CUST-00811,80.6
5/1/2025,CUST-00811,80.6
6/1/2025,CUST-00811,80.6
7/1/2025,CUST-00811,80.6
8/1/2025,CUST-00811,80.6
9/1/2025,CUST-00811,80.6
10/1/2025,CUST-00811,80.6
11/1/2025,CUST-00811,80.6
12/1/2025,CUST-00811,81.81
6/1/2024,CUST-00812,134.66
7/1/2024,CUST-00812,134.66
8/1/2024,CUST-00812,134.66
9/1/2024,CUST-00812,134.66
10/1/2024,CUST-00812,134.66
11/1/2024,CUST-00812,134.66
12/1/2024,CUST-00812,136.68
1/1/2025,CUST-00812,134.66
2/1/2025,CUST-00812,134.66
3/1/2025,CUST-00812,134.66
4/1/2025,CUST-00812,134.66
5/1/2025,CUST-00812,134.66
6/1/2025,CUST-00812,134.66
7/1/2025,CUST-00812,134.66
8/1/2025,CUST-00812,134.66
9/1/2025,CUST-00812,134.66
10/1/2025,CUST-00812,134.66
11/1/2025,CUST-00812,134.66
12/1/2025,CUST-00812,136.68
8/1/2024,CUST-00813,48.79
9/1/2024,CUST-00813,48.79
10/1/2024,CUST-00813,48.79
11/1/2024,CUST-00813,48.79
12/1/2024,CUST-00813,49.52
1/1/2025,CUST-00813,48.79
2/1/2025,CUST-00813,48.79
3/1/2025,CUST-00813,48.79
4/1/2025,CUST-00813,48.79
5/1/2025,CUST-00813,48.79
6/1/2025,CUST-00813,48.79
7/1/2025,CUST-00813,48.79
8/1/2025,CUST-00813,48.79
9/1/2025,CUST-00813,48.79
10/1/2025,CUST-00813,48.79
11/1/2025,CUST-00813,48.79
12/1/2025,CUST-00813,49.52
3/1/2025,CUST-00814,121.11
4/1/2025,CUST-00814,121.11
5/1/2025,CUST-00814,121.11
6/1/2025,CUST-00814,121.11
7/1/2025,CUST-00814,121.11
8/1/2025,CUST-00814,121.11
9/1/2025,CUST-00814,121.11
10/1/2025,CUST-00814,121.11
11/1/2025,CUST-00814,121.11
12/1/2025,CUST-00814,122.93
12/1/2024,CUST-00815,70.68
1/1/2025,CUST-00815,69.64
2/1/2025,CUST-00815,69.64
3/1/2025,CUST-00815,69.64
4/1/2025,CUST-00815,69.64
5/1/2025,CUST-00815,69.64
6/1/2025,CUST-00815,69.64
7/1/2025,CUST-00815,69.64
8/1/2025,CUST-00815,69.64
9/1/2025,CUST-00815,69.64
10/1/2025,CUST-00815,69.64
11/1/2025,CUST-00815,69.64
12/1/2025,CUST-00815,70.68
4/1/2025,CUST-00816,38.16
5/1/2025,CUST-00816,38.16
6/1/2025,CUST-00816,38.16
7/1/2025,CUST-00816,38.16
8/1/2025,CUST-00816,38.16
9/1/2025,CUST-00816,38.16
10/1/2025,CUST-00816,38.16
11/1/2025,CUST-00816,38.16
12/1/2025,CUST-00816,38.73
6/1/2024,CUST-00817,78.22
7/1/2024,CUST-00817,78.22
8/1/2024,CUST-00817,78.22
9/1/2024,CUST-00817,78.22
10/1/2024,CUST-00817,78.22
11/1/2024,CUST-00817,78.22
12/1/2024,CUST-00817,79.39
1/1/2025,CUST-00817,78.22
10/1/2024,CUST-00818,105.95
11/1/2024,CUST-00818,105.95
12/1/2024,CUST-00818,107.54
1/1/2025,CUST-00818,105.95
2/1/2025,CUST-00818,105.95
3/1/2025,CUST-00818,105.95
4/1/2025,CUST-00818,105.95
5/1/2025,CUST-00818,105.95
6/1/2025,CUST-00818,105.95
7/1/2025,CUST-00818,105.95
8/1/2025,CUST-00818,105.95
9/1/2025,CUST-00818,105.95
10/1/2025,CUST-00818,105.95
11/1/2025,CUST-00818,105.95
12/1/2025,CUST-00818,107.54
7/1/2024,CUST-00819,87.52
8/1/2024,CUST-00819,87.52
9/1/2024,CUST-00819,87.52
10/1/2024,CUST-00819,87.52
11/1/2024,CUST-00819,87.52
12/1/2024,CUST-00819,88.83
7/1/2024,CUST-00820,64.37
8/1/2024,CUST-00820,64.37
9/1/2024,CUST-00820,64.37
10/1/2024,CUST-00820,64.37
11/1/2024,CUST-00820,64.37
12/1/2024,CUST-00820,65.34
1/1/2025,CUST-00820,64.37
2/1/2025,CUST-00820,64.37
3/1/2025,CUST-00820,64.37
4/1/2025,CUST-00820,64.37
5/1/2025,CUST-00820,64.37
6/1/2025,CUST-00820,64.37
7/1/2025,CUST-00820,64.37
8/1/2025,CUST-00820,64.37
9/1/2025,CUST-00820,64.37
10/1/2025,CUST-00820,64.37
11/1/2025,CUST-00820,64.37
12/1/2025,CUST-00820,65.34
11/1/2024,CUST-00821,57.53
12/1/2024,CUST-00821,58.39
1/1/2025,CUST-00821,57.53
2/1/2025,CUST-00821,57.53
3/1/2025,CUST-00821,57.53
4/1/2025,CUST-00821,57.53
5/1/2025,CUST-00821,57.53
6/1/2025,CUST-00821,57.53
7/1/2025,CUST-00821,57.53
8/1/2025,CUST-00821,57.53
9/1/2025,CUST-00821,57.53
4/1/2025,CUST-00822,129.08
5/1/2025,CUST-00822,129.08
6/1/2025,CUST-00822,129.08
7/1/2025,CUST-00822,129.08
8/1/2025,CUST-00822,129.08
9/1/2025,CUST-00822,129.08
10/1/2025,CUST-00822,129.08
12/1/2022,CUST-00823,99.95
1/1/2023,CUST-00823,98.47
2/1/2023,CUST-00823,98.47
3/1/2023,CUST-00823,98.47
4/1/2023,CUST-00823,98.47
5/1/2023,CUST-00823,98.47
6/1/2023,CUST-00823,98.47
7/1/2023,CUST-00823,98.47
8/1/2023,CUST-00823,98.47
9/1/2023,CUST-00823,98.47
10/1/2023,CUST-00823,98.47
11/1/2023,CUST-00823,98.47
12/1/2023,CUST-00823,99.95
1/1/2024,CUST-00823,98.47
2/1/2024,CUST-00823,98.47
3/1/2024,CUST-00823,98.47
4/1/2024,CUST-00823,98.47
5/1/2024,CUST-00823,98.47
6/1/2024,CUST-00823,98.47
7/1/2024,CUST-00823,98.47
8/1/2024,CUST-00823,98.47
9/1/2024,CUST-00823,98.47
10/1/2024,CUST-00823,98.47
11/1/2024,CUST-00823,98.47
12/1/2024,CUST-00823,99.95
1/1/2025,CUST-00823,98.47
2/1/2025,CUST-00823,98.47
3/1/2025,CUST-00823,98.47
4/1/2025,CUST-00823,98.47
5/1/2025,CUST-00823,98.47
6/1/2025,CUST-00823,98.47
7/1/2025,CUST-00823,98.47
8/1/2025,CUST-00823,98.47
9/1/2025,CUST-00823,98.47
10/1/2025,CUST-00823,98.47
11/1/2025,CUST-00823,98.47
12/1/2025,CUST-00823,99.95
5/1/2022,CUST-00824,118.76
6/1/2022,CUST-00824,118.76
7/1/2022,CUST-00824,118.76
8/1/2022,CUST-00824,118.76
9/1/2022,CUST-00824,118.76
10/1/2022,CUST-00824,118.76
11/1/2022,CUST-00824,118.76
12/1/2022,CUST-00824,120.54
1/1/2023,CUST-00824,118.76
2/1/2023,CUST-00824,118.76
3/1/2023,CUST-00824,118.76
4/1/2023,CUST-00824,118.76
5/1/2023,CUST-00824,118.76
6/1/2023,CUST-00824,118.76
12/1/2024,CUST-00825,113.57
1/1/2025,CUST-00825,111.89
2/1/2025,CUST-00825,111.89
3/1/2025,CUST-00825,111.89
4/1/2025,CUST-00825,111.89
5/1/2025,CUST-00825,111.89
6/1/2025,CUST-00825,111.89
2/1/2024,CUST-00826,97.36
3/1/2024,CUST-00826,97.36
4/1/2024,CUST-00826,97.36
5/1/2024,CUST-00826,97.36
6/1/2024,CUST-00826,97.36
7/1/2024,CUST-00826,97.36
8/1/2024,CUST-00826,97.36
9/1/2024,CUST-00826,97.36
10/1/2024,CUST-00826,97.36
11/1/2024,CUST-00826,97.36
12/1/2024,CUST-00826,98.82
1/1/2025,CUST-00826,97.36
2/1/2025,CUST-00826,97.36
3/1/2025,CUST-00826,97.36
4/1/2025,CUST-00826,97.36
5/1/2025,CUST-00826,97.36
6/1/2025,CUST-00826,97.36
7/1/2025,CUST-00826,97.36
8/1/2025,CUST-00826,97.36
9/1/2025,CUST-00826,97.36
10/1/2025,CUST-00826,97.36
11/1/2025,CUST-00826,97.36
12/1/2025,CUST-00826,98.82
7/1/2025,CUST-00827,95.34
8/1/2025,CUST-00827,95.34
9/1/2025,CUST-00827,95.34
10/1/2025,CUST-00827,95.34
11/1/2025,CUST-00827,95.34
12/1/2025,CUST-00827,96.77
3/1/2022,CUST-00828,77.98
4/1/2022,CUST-00828,77.98
5/1/2022,CUST-00828,77.98
6/1/2022,CUST-00828,77.98
7/1/2022,CUST-00828,77.98
8/1/2022,CUST-00828,77.98
9/1/2022,CUST-00828,77.98
10/1/2022,CUST-00828,77.98
11/1/2022,CUST-00828,77.98
12/1/2022,CUST-00828,79.15
1/1/2023,CUST-00828,77.98
2/1/2023,CUST-00828,77.98
3/1/2023,CUST-00828,77.98
4/1/2023,CUST-00828,77.98
5/1/2023,CUST-00828,77.98
6/1/2023,CUST-00828,77.98
7/1/2023,CUST-00828,77.98
8/1/2023,CUST-00828,77.98
9/1/2023,CUST-00828,77.98
10/1/2023,CUST-00828,77.98
11/1/2023,CUST-00828,77.98
12/1/2023,CUST-00828,79.15
1/1/2024,CUST-00828,77.98
2/1/2024,CUST-00828,77.98
3/1/2024,CUST-00828,77.98
4/1/2024,CUST-00828,77.98
5/1/2024,CUST-00828,77.98
6/1/2024,CUST-00828,77.98
7/1/2024,CUST-00828,77.98
8/1/2024,CUST-00828,77.98
9/1/2024,CUST-00828,77.98
10/1/2024,CUST-00828,77.98
11/1/2024,CUST-00828,77.98
12/1/2024,CUST-00828,79.15
1/1/2025,CUST-00828,77.98
2/1/2025,CUST-00828,77.98
3/1/2025,CUST-00828,77.98
4/1/2025,CUST-00828,77.98
5/1/2025,CUST-00828,77.98
6/1/2025,CUST-00828,77.98
7/1/2025,CUST-00828,77.98
8/1/2025,CUST-00828,77.98
9/1/2025,CUST-00828,77.98
10/1/2025,CUST-00828,77.98
11/1/2025,CUST-00828,77.98
12/1/2025,CUST-00828,79.15
11/1/2023,CUST-00829,63.27
12/1/2023,CUST-00829,64.22
1/1/2024,CUST-00829,63.27
2/1/2024,CUST-00829,63.27
3/1/2024,CUST-00829,63.27
4/1/2024,CUST-00829,63.27
5/1/2024,CUST-00829,63.27
6/1/2024,CUST-00829,63.27
7/1/2024,CUST-00829,63.27
8/1/2024,CUST-00829,63.27
9/1/2024,CUST-00829,63.27
10/1/2024,CUST-00829,63.27
11/1/2024,CUST-00829,63.27
12/1/2024,CUST-00829,64.22
1/1/2025,CUST-00829,63.27
2/1/2025,CUST-00829,63.27
3/1/2025,CUST-00829,63.27
4/1/2025,CUST-00829,63.27
5/1/2025,CUST-00829,63.27
6/1/2025,CUST-00829,63.27
7/1/2025,CUST-00829,63.27
8/1/2025,CUST-00829,63.27
9/1/2025,CUST-00829,63.27
10/1/2025,CUST-00829,63.27
11/1/2025,CUST-00829,63.27
12/1/2025,CUST-00829,64.22
1/1/2023,CUST-00830,45.01
2/1/2023,CUST-00830,45.01
3/1/2023,CUST-00830,45.01
4/1/2023,CUST-00830,45.01
5/1/2023,CUST-00830,45.01
6/1/2023,CUST-00830,45.01
7/1/2023,CUST-00830,45.01
8/1/2023,CUST-00830,45.01
9/1/2023,CUST-00830,45.01
10/1/2023,CUST-00830,45.01
11/1/2023,CUST-00830,45.01
12/1/2023,CUST-00830,45.69
1/1/2024,CUST-00830,45.01
2/1/2024,CUST-00830,45.01
3/1/2024,CUST-00830,45.01
4/1/2024,CUST-00830,45.01
5/1/2024,CUST-00830,45.01
6/1/2024,CUST-00830,45.01
7/1/2024,CUST-00830,45.01
8/1/2024,CUST-00830,45.01
9/1/2024,CUST-00830,45.01
10/1/2024,CUST-00830,45.01
11/1/2024,CUST-00830,45.01
12/1/2024,CUST-00830,45.69
1/1/2025,CUST-00830,45.01
2/1/2025,CUST-00830,45.01
3/1/2025,CUST-00830,45.01
4/1/2025,CUST-00830,45.01
5/1/2025,CUST-00830,45.01
6/1/2025,CUST-00830,45.01
7/1/2025,CUST-00830,45.01
8/1/2025,CUST-00830,45.01
9/1/2025,CUST-00830,45.01
10/1/2025,CUST-00830,45.01
11/1/2025,CUST-00830,45.01
12/1/2025,CUST-00830,45.69
3/1/2022,CUST-00831,87.59
4/1/2022,CUST-00831,87.59
5/1/2022,CUST-00831,87.59
6/1/2022,CUST-00831,87.59
7/1/2022,CUST-00831,87.59
8/1/2022,CUST-00831,87.59
9/1/2022,CUST-00831,87.59
10/1/2022,CUST-00831,87.59
11/1/2022,CUST-00831,87.59
12/1/2022,CUST-00831,88.9
1/1/2023,CUST-00831,87.59
2/1/2023,CUST-00831,87.59
3/1/2023,CUST-00831,87.59
4/1/2023,CUST-00831,87.59
5/1/2023,CUST-00831,87.59
6/1/2023,CUST-00831,87.59
7/1/2023,CUST-00831,87.59
8/1/2023,CUST-00831,87.59
9/1/2023,CUST-00831,87.59
10/1/2023,CUST-00831,87.59
11/1/2023,CUST-00831,87.59
12/1/2023,CUST-00831,88.9
1/1/2024,CUST-00831,87.59
2/1/2024,CUST-00831,87.59
3/1/2024,CUST-00831,87.59
4/1/2024,CUST-00831,87.59
5/1/2024,CUST-00831,87.59
6/1/2024,CUST-00831,87.59
7/1/2024,CUST-00831,87.59
8/1/2024,CUST-00831,87.59
9/1/2024,CUST-00831,87.59
10/1/2024,CUST-00831,87.59
11/1/2024,CUST-00831,87.59
12/1/2024,CUST-00831,88.9
1/1/2025,CUST-00831,87.59
2/1/2025,CUST-00831,87.59
3/1/2025,CUST-00831,87.59
4/1/2025,CUST-00831,87.59
5/1/2025,CUST-00831,87.59
6/1/2025,CUST-00831,87.59
7/1/2025,CUST-00831,87.59
8/1/2025,CUST-00831,87.59
9/1/2025,CUST-00831,87.59
10/1/2025,CUST-00831,87.59
11/1/2025,CUST-00831,87.59
12/1/2025,CUST-00831,88.9
6/1/2022,CUST-00832,119.41
7/1/2022,CUST-00832,119.41
8/1/2022,CUST-00832,119.41
9/1/2022,CUST-00832,119.41
10/1/2022,CUST-00832,119.41
11/1/2022,CUST-00832,119.41
12/1/2022,CUST-00832,121.2
1/1/2023,CUST-00832,119.41
2/1/2023,CUST-00832,119.41
3/1/2023,CUST-00832,119.41
4/1/2023,CUST-00832,119.41
5/1/2023,CUST-00832,119.41
6/1/2023,CUST-00832,119.41
7/1/2023,CUST-00832,119.41
8/1/2023,CUST-00832,119.41
9/1/2023,CUST-00832,119.41
10/1/2023,CUST-00832,119.41
11/1/2023,CUST-00832,119.41
12/1/2023,CUST-00832,121.2
1/1/2024,CUST-00832,119.41
2/1/2024,CUST-00832,119.41
3/1/2024,CUST-00832,119.41
4/1/2024,CUST-00832,119.41
5/1/2024,CUST-00832,119.41
6/1/2024,CUST-00832,119.41
7/1/2024,CUST-00832,119.41
8/1/2024,CUST-00832,119.41
9/1/2024,CUST-00832,119.41
10/1/2024,CUST-00832,119.41
11/1/2024,CUST-00832,119.41
12/1/2024,CUST-00832,121.2
1/1/2025,CUST-00832,119.41
2/1/2025,CUST-00832,119.41
3/1/2025,CUST-00832,119.41
4/1/2025,CUST-00832,119.41
5/1/2025,CUST-00832,119.41
6/1/2025,CUST-00832,119.41
7/1/2025,CUST-00832,119.41
8/1/2025,CUST-00832,119.41
9/1/2025,CUST-00832,119.41
10/1/2025,CUST-00832,119.41
11/1/2025,CUST-00832,119.41
12/1/2025,CUST-00832,121.2
7/1/2023,CUST-00833,83.03
8/1/2023,CUST-00833,83.03
9/1/2023,CUST-00833,83.03
10/1/2023,CUST-00833,83.03
11/1/2023,CUST-00833,83.03
12/1/2023,CUST-00833,84.28
1/1/2024,CUST-00833,83.03
2/1/2024,CUST-00833,83.03
3/1/2024,CUST-00833,83.03
4/1/2024,CUST-00833,83.03
5/1/2024,CUST-00833,83.03
6/1/2024,CUST-00833,83.03
7/1/2024,CUST-00833,83.03
8/1/2024,CUST-00833,83.03
9/1/2024,CUST-00833,83.03
10/1/2024,CUST-00833,83.03
11/1/2024,CUST-00833,83.03
12/1/2024,CUST-00833,84.28
1/1/2025,CUST-00833,83.03
2/1/2025,CUST-00833,83.03
3/1/2025,CUST-00833,83.03
4/1/2025,CUST-00833,83.03
5/1/2025,CUST-00833,83.03
6/1/2025,CUST-00833,83.03
7/1/2025,CUST-00833,83.03
8/1/2025,CUST-00833,83.03
9/1/2025,CUST-00833,83.03
10/1/2025,CUST-00833,83.03
11/1/2025,CUST-00833,83.03
12/1/2025,CUST-00833,84.28
2/1/2022,CUST-00834,55.9
3/1/2022,CUST-00834,55.9
4/1/2022,CUST-00834,55.9
5/1/2022,CUST-00834,55.9
6/1/2022,CUST-00834,55.9
7/1/2022,CUST-00834,55.9
8/1/2022,CUST-00834,55.9
9/1/2022,CUST-00834,55.9
10/1/2022,CUST-00834,55.9
11/1/2022,CUST-00834,55.9
12/1/2022,CUST-00834,56.74
1/1/2023,CUST-00834,55.9
2/1/2023,CUST-00834,55.9
3/1/2023,CUST-00834,55.9
4/1/2023,CUST-00834,55.9
5/1/2023,CUST-00834,55.9
6/1/2023,CUST-00834,55.9
7/1/2023,CUST-00834,55.9
8/1/2023,CUST-00834,55.9
9/1/2023,CUST-00834,55.9
10/1/2023,CUST-00834,55.9
11/1/2023,CUST-00834,55.9
12/1/2023,CUST-00834,56.74
1/1/2024,CUST-00834,55.9
2/1/2024,CUST-00834,55.9
3/1/2024,CUST-00834,55.9
4/1/2024,CUST-00834,55.9
5/1/2024,CUST-00834,55.9
6/1/2024,CUST-00834,55.9
7/1/2024,CUST-00834,55.9
8/1/2024,CUST-00834,55.9
9/1/2024,CUST-00834,55.9
10/1/2024,CUST-00834,55.9
11/1/2024,CUST-00834,55.9
12/1/2024,CUST-00834,56.74
1/1/2025,CUST-00834,55.9
2/1/2025,CUST-00834,55.9
3/1/2025,CUST-00834,55.9
4/1/2025,CUST-00834,55.9
5/1/2025,CUST-00834,55.9
6/1/2025,CUST-00834,55.9
7/1/2025,CUST-00834,55.9
8/1/2025,CUST-00834,55.9
9/1/2025,CUST-00834,55.9
10/1/2025,CUST-00834,55.9
11/1/2025,CUST-00834,55.9
12/1/2025,CUST-00834,56.74
4/1/2022,CUST-00835,77.91
5/1/2022,CUST-00835,77.91
6/1/2022,CUST-00835,77.91
7/1/2022,CUST-00835,77.91
8/1/2022,CUST-00835,77.91
9/1/2022,CUST-00835,77.91
10/1/2022,CUST-00835,77.91
11/1/2022,CUST-00835,77.91
12/1/2022,CUST-00835,79.08
1/1/2023,CUST-00835,77.91
2/1/2023,CUST-00835,77.91
3/1/2023,CUST-00835,77.91
4/1/2023,CUST-00835,77.91
5/1/2023,CUST-00835,77.91
6/1/2023,CUST-00835,77.91
7/1/2023,CUST-00835,77.91
8/1/2023,CUST-00835,77.91
9/1/2023,CUST-00835,77.91
10/1/2023,CUST-00835,77.91
11/1/2023,CUST-00835,77.91
12/1/2023,CUST-00835,79.08
1/1/2024,CUST-00835,77.91
2/1/2024,CUST-00835,77.91
3/1/2024,CUST-00835,77.91
4/1/2024,CUST-00835,77.91
5/1/2024,CUST-00835,77.91
6/1/2024,CUST-00835,77.91
7/1/2024,CUST-00835,77.91
8/1/2024,CUST-00835,77.91
9/1/2024,CUST-00835,77.91
12/1/2024,CUST-00836,45.9
1/1/2025,CUST-00836,45.22
2/1/2025,CUST-00836,45.22
3/1/2025,CUST-00836,45.22
4/1/2025,CUST-00836,45.22
5/1/2025,CUST-00836,45.22
6/1/2025,CUST-00836,45.22
7/1/2025,CUST-00836,45.22
8/1/2025,CUST-00836,45.22
9/1/2025,CUST-00836,45.22
10/1/2025,CUST-00836,45.22
11/1/2025,CUST-00836,45.22
12/1/2025,CUST-00836,45.9
9/1/2022,CUST-00837,52.15
10/1/2022,CUST-00837,52.15
11/1/2022,CUST-00837,52.15
12/1/2022,CUST-00837,52.93
1/1/2023,CUST-00837,52.15
2/1/2023,CUST-00837,52.15
3/1/2023,CUST-00837,52.15
4/1/2023,CUST-00837,52.15
5/1/2023,CUST-00837,52.15
6/1/2023,CUST-00837,52.15
7/1/2023,CUST-00837,52.15
8/1/2023,CUST-00837,52.15
9/1/2023,CUST-00837,52.15
10/1/2023,CUST-00837,52.15
11/1/2023,CUST-00837,52.15
12/1/2023,CUST-00837,52.93
1/1/2024,CUST-00837,52.15
2/1/2024,CUST-00837,52.15
3/1/2024,CUST-00837,52.15
4/1/2024,CUST-00837,52.15
5/1/2024,CUST-00837,52.15
6/1/2024,CUST-00837,52.15
7/1/2024,CUST-00837,52.15
8/1/2024,CUST-00837,52.15
9/1/2024,CUST-00837,52.15
10/1/2024,CUST-00837,52.15
11/1/2024,CUST-00837,52.15
12/1/2024,CUST-00837,52.93
1/1/2025,CUST-00837,52.15
2/1/2025,CUST-00837,52.15
3/1/2025,CUST-00837,52.15
4/1/2025,CUST-00837,52.15
5/1/2025,CUST-00837,52.15
6/1/2025,CUST-00837,52.15
7/1/2025,CUST-00837,52.15
8/1/2025,CUST-00837,52.15
9/1/2025,CUST-00837,52.15
10/1/2025,CUST-00837,52.15
11/1/2025,CUST-00837,52.15
12/1/2025,CUST-00837,52.93
8/1/2025,CUST-00838,65.79
9/1/2025,CUST-00838,65.79
10/1/2025,CUST-00838,65.79
11/1/2025,CUST-00838,65.79
12/1/2025,CUST-00838,66.78
11/1/2024,CUST-00839,84.97
12/1/2024,CUST-00839,86.24
1/1/2025,CUST-00839,84.97
2/1/2025,CUST-00839,84.97
3/1/2025,CUST-00839,84.97
4/1/2025,CUST-00839,84.97
5/1/2025,CUST-00839,84.97
6/1/2025,CUST-00839,84.97
7/1/2025,CUST-00839,84.97
8/1/2025,CUST-00839,84.97
9/1/2025,CUST-00839,84.97
10/1/2025,CUST-00839,84.97
11/1/2025,CUST-00839,84.97
12/1/2025,CUST-00839,86.24
9/1/2024,CUST-00840,44.99
10/1/2024,CUST-00840,44.99
11/1/2024,CUST-00840,44.99
12/1/2024,CUST-00840,45.66
1/1/2025,CUST-00840,44.99
2/1/2025,CUST-00840,44.99
3/1/2025,CUST-00840,44.99
4/1/2025,CUST-00840,44.99
5/1/2025,CUST-00840,44.99
6/1/2025,CUST-00840,44.99
7/1/2025,CUST-00840,44.99
8/1/2025,CUST-00840,44.99
9/1/2025,CUST-00840,44.99
10/1/2025,CUST-00840,44.99
11/1/2025,CUST-00840,44.99
12/1/2025,CUST-00840,45.66
8/1/2025,CUST-00841,85.85
9/1/2025,CUST-00841,85.85
10/1/2025,CUST-00841,85.85
11/1/2025,CUST-00841,85.85
12/1/2025,CUST-00841,87.14
3/1/2024,CUST-00842,87.87
4/1/2024,CUST-00842,87.87
5/1/2024,CUST-00842,87.87
6/1/2024,CUST-00842,87.87
7/1/2024,CUST-00842,87.87
4/1/2025,CUST-00843,45.93
5/1/2025,CUST-00843,45.93
6/1/2025,CUST-00843,45.93
7/1/2025,CUST-00843,45.93
8/1/2025,CUST-00843,45.93
9/1/2025,CUST-00843,45.93
10/1/2025,CUST-00843,45.93
11/1/2025,CUST-00843,45.93
12/1/2025,CUST-00843,46.62
6/1/2022,CUST-00844,80.43
7/1/2022,CUST-00844,80.43
8/1/2022,CUST-00844,80.43
9/1/2022,CUST-00844,80.43
10/1/2022,CUST-00844,80.43
11/1/2022,CUST-00844,80.43
12/1/2022,CUST-00844,81.64
1/1/2023,CUST-00844,80.43
2/1/2023,CUST-00844,80.43
3/1/2023,CUST-00844,80.43
4/1/2023,CUST-00844,80.43
5/1/2023,CUST-00844,80.43
6/1/2023,CUST-00844,80.43
7/1/2023,CUST-00844,80.43
8/1/2023,CUST-00844,80.43
9/1/2023,CUST-00844,80.43
10/1/2023,CUST-00844,80.43
11/1/2023,CUST-00844,80.43
12/1/2023,CUST-00844,81.64
1/1/2024,CUST-00844,80.43
2/1/2024,CUST-00844,80.43
3/1/2024,CUST-00844,80.43
4/1/2024,CUST-00844,80.43
5/1/2024,CUST-00844,80.43
6/1/2024,CUST-00844,80.43
7/1/2024,CUST-00844,80.43
8/1/2024,CUST-00844,80.43
9/1/2024,CUST-00844,80.43
10/1/2024,CUST-00844,80.43
11/1/2024,CUST-00844,80.43
12/1/2024,CUST-00844,81.64
1/1/2025,CUST-00844,80.43
2/1/2025,CUST-00844,80.43
3/1/2025,CUST-00844,80.43
4/1/2025,CUST-00844,80.43
5/1/2025,CUST-00844,80.43
6/1/2025,CUST-00844,80.43
7/1/2025,CUST-00844,80.43
8/1/2025,CUST-00844,80.43
9/1/2025,CUST-00844,80.43
10/1/2025,CUST-00844,80.43
11/1/2025,CUST-00844,80.43
12/1/2025,CUST-00844,81.64
12/1/2023,CUST-00845,100
1/1/2024,CUST-00845,98.52
2/1/2024,CUST-00845,98.52
3/1/2024,CUST-00845,98.52
4/1/2024,CUST-00845,98.52
5/1/2024,CUST-00845,98.52
6/1/2024,CUST-00845,98.52
7/1/2024,CUST-00845,98.52
8/1/2024,CUST-00845,98.52
9/1/2024,CUST-00845,98.52
10/1/2024,CUST-00845,98.52
11/1/2024,CUST-00845,98.52
12/1/2024,CUST-00845,100
1/1/2025,CUST-00845,98.52
2/1/2025,CUST-00845,98.52
3/1/2025,CUST-00845,98.52
4/1/2025,CUST-00845,98.52
5/1/2025,CUST-00845,98.52
6/1/2025,CUST-00845,98.52
7/1/2025,CUST-00845,98.52
8/1/2025,CUST-00845,98.52
9/1/2025,CUST-00845,98.52
10/1/2025,CUST-00845,98.52
11/1/2025,CUST-00845,98.52
12/1/2025,CUST-00845,100
8/1/2023,CUST-00846,62.82
9/1/2023,CUST-00846,62.82
10/1/2023,CUST-00846,62.82
11/1/2023,CUST-00846,62.82
12/1/2023,CUST-00846,63.76
1/1/2024,CUST-00846,62.82
2/1/2024,CUST-00846,62.82
3/1/2024,CUST-00846,62.82
4/1/2024,CUST-00846,62.82
5/1/2024,CUST-00846,62.82
6/1/2024,CUST-00846,62.82
7/1/2024,CUST-00846,62.82
8/1/2024,CUST-00846,62.82
9/1/2024,CUST-00846,62.82
10/1/2024,CUST-00846,62.82
11/1/2024,CUST-00846,62.82
12/1/2024,CUST-00846,63.76
1/1/2025,CUST-00846,62.82
2/1/2025,CUST-00846,62.82
3/1/2025,CUST-00846,62.82
4/1/2025,CUST-00846,62.82
5/1/2025,CUST-00846,62.82
6/1/2025,CUST-00846,62.82
7/1/2025,CUST-00846,62.82
8/1/2025,CUST-00846,62.82
9/1/2025,CUST-00846,62.82
10/1/2025,CUST-00846,62.82
11/1/2025,CUST-00846,62.82
12/1/2025,CUST-00846,63.76
9/1/2022,CUST-00847,71.04
10/1/2022,CUST-00847,71.04
11/1/2022,CUST-00847,71.04
12/1/2022,CUST-00847,72.11
1/1/2023,CUST-00847,71.04
2/1/2023,CUST-00847,71.04
3/1/2023,CUST-00847,71.04
4/1/2023,CUST-00847,71.04
5/1/2023,CUST-00847,71.04
6/1/2023,CUST-00847,71.04
7/1/2023,CUST-00847,71.04
8/1/2023,CUST-00847,71.04
9/1/2023,CUST-00847,71.04
10/1/2023,CUST-00847,71.04
11/1/2023,CUST-00847,71.04
12/1/2023,CUST-00847,72.11
1/1/2024,CUST-00847,71.04
2/1/2024,CUST-00847,71.04
3/1/2024,CUST-00847,71.04
4/1/2024,CUST-00847,71.04
5/1/2024,CUST-00847,71.04
6/1/2024,CUST-00847,71.04
7/1/2024,CUST-00847,71.04
8/1/2024,CUST-00847,71.04
9/1/2024,CUST-00847,71.04
10/1/2024,CUST-00847,71.04
11/1/2024,CUST-00847,71.04
12/1/2024,CUST-00847,72.11
1/1/2025,CUST-00847,71.04
2/1/2025,CUST-00847,71.04
3/1/2025,CUST-00847,71.04
4/1/2025,CUST-00847,71.04
5/1/2025,CUST-00847,71.04
6/1/2025,CUST-00847,71.04
7/1/2025,CUST-00847,71.04
8/1/2025,CUST-00847,71.04
9/1/2025,CUST-00847,71.04
10/1/2025,CUST-00847,71.04
11/1/2025,CUST-00847,71.04
12/1/2025,CUST-00847,72.11
8/1/2022,CUST-00848,46.23
9/1/2022,CUST-00848,46.23
10/1/2022,CUST-00848,46.23
11/1/2022,CUST-00848,46.23
12/1/2022,CUST-00848,46.92
1/1/2023,CUST-00848,46.23
2/1/2023,CUST-00848,46.23
3/1/2023,CUST-00848,46.23
4/1/2023,CUST-00848,46.23
5/1/2023,CUST-00848,46.23
6/1/2023,CUST-00848,46.23
7/1/2023,CUST-00848,46.23
8/1/2023,CUST-00848,46.23
9/1/2023,CUST-00848,46.23
10/1/2023,CUST-00848,46.23
11/1/2023,CUST-00848,46.23
12/1/2024,CUST-00849,54.95
1/1/2025,CUST-00849,54.14
2/1/2025,CUST-00849,54.14
3/1/2025,CUST-00849,54.14
4/1/2025,CUST-00849,54.14
5/1/2025,CUST-00849,54.14
6/1/2025,CUST-00849,54.14
7/1/2025,CUST-00849,54.14
8/1/2025,CUST-00849,54.14
9/1/2025,CUST-00849,54.14
10/1/2025,CUST-00849,54.14
11/1/2025,CUST-00849,54.14
12/1/2025,CUST-00849,54.95
10/1/2022,CUST-00850,57.93
11/1/2022,CUST-00850,57.93
12/1/2022,CUST-00850,58.8
1/1/2023,CUST-00850,57.93
2/1/2023,CUST-00850,57.93
3/1/2023,CUST-00850,57.93
4/1/2023,CUST-00850,57.93
5/1/2023,CUST-00850,57.93
6/1/2023,CUST-00850,57.93
7/1/2023,CUST-00850,57.93
8/1/2023,CUST-00850,57.93
9/1/2023,CUST-00850,57.93
10/1/2023,CUST-00850,57.93
11/1/2023,CUST-00850,57.93
12/1/2023,CUST-00850,58.8
1/1/2024,CUST-00850,57.93
2/1/2024,CUST-00850,57.93
3/1/2024,CUST-00850,57.93
4/1/2024,CUST-00850,57.93
5/1/2024,CUST-00850,57.93
6/1/2024,CUST-00850,57.93
7/1/2024,CUST-00850,57.93
8/1/2024,CUST-00850,57.93
9/1/2024,CUST-00850,57.93
10/1/2024,CUST-00850,57.93
11/1/2024,CUST-00850,57.93
12/1/2024,CUST-00850,58.8
1/1/2025,CUST-00850,57.93
2/1/2025,CUST-00850,57.93
3/1/2025,CUST-00850,57.93
4/1/2025,CUST-00850,57.93
5/1/2025,CUST-00850,57.93
6/1/2025,CUST-00850,57.93
7/1/2025,CUST-00850,57.93
8/1/2025,CUST-00850,57.93
9/1/2025,CUST-00850,57.93
10/1/2025,CUST-00850,57.93
11/1/2025,CUST-00850,57.93
12/1/2025,CUST-00850,58.8
9/1/2025,CUST-00851,127.87
10/1/2025,CUST-00851,127.87
11/1/2025,CUST-00851,127.87
12/1/2025,CUST-00851,129.79
5/1/2022,CUST-00852,88.34
6/1/2022,CUST-00852,88.34
7/1/2022,CUST-00852,88.34
8/1/2022,CUST-00852,88.34
9/1/2022,CUST-00852,88.34
10/1/2022,CUST-00852,88.34
11/1/2022,CUST-00852,88.34
12/1/2022,CUST-00852,89.67
1/1/2023,CUST-00852,88.34
2/1/2023,CUST-00852,88.34
3/1/2023,CUST-00852,88.34
4/1/2023,CUST-00852,88.34
5/1/2023,CUST-00852,88.34
6/1/2023,CUST-00852,88.34
7/1/2023,CUST-00852,88.34
8/1/2023,CUST-00852,88.34
9/1/2023,CUST-00852,88.34
10/1/2023,CUST-00852,88.34
11/1/2023,CUST-00852,88.34
12/1/2023,CUST-00852,89.67
1/1/2024,CUST-00852,88.34
2/1/2024,CUST-00852,88.34
3/1/2024,CUST-00852,88.34
4/1/2024,CUST-00852,88.34
5/1/2024,CUST-00852,88.34
6/1/2024,CUST-00852,88.34
7/1/2024,CUST-00852,88.34
8/1/2024,CUST-00852,88.34
9/1/2024,CUST-00852,88.34
10/1/2024,CUST-00852,88.34
11/1/2024,CUST-00852,88.34
12/1/2024,CUST-00852,89.67
1/1/2025,CUST-00852,88.34
2/1/2025,CUST-00852,88.34
3/1/2025,CUST-00852,88.34
4/1/2025,CUST-00852,88.34
5/1/2025,CUST-00852,88.34
6/1/2025,CUST-00852,88.34
7/1/2025,CUST-00852,88.34
8/1/2025,CUST-00852,88.34
9/1/2025,CUST-00852,88.34
10/1/2025,CUST-00852,88.34
11/1/2025,CUST-00852,88.34
12/1/2025,CUST-00852,89.67
5/1/2023,CUST-00853,77.57
6/1/2023,CUST-00853,77.57
7/1/2023,CUST-00853,77.57
8/1/2023,CUST-00853,77.57
9/1/2023,CUST-00853,77.57
10/1/2023,CUST-00853,77.57
11/1/2023,CUST-00853,77.57
12/1/2023,CUST-00853,78.73
1/1/2024,CUST-00853,77.57
2/1/2024,CUST-00853,77.57
3/1/2024,CUST-00853,77.57
4/1/2024,CUST-00853,77.57
5/1/2024,CUST-00853,77.57
6/1/2024,CUST-00853,77.57
7/1/2024,CUST-00853,77.57
8/1/2024,CUST-00853,77.57
9/1/2024,CUST-00853,77.57
10/1/2024,CUST-00853,77.57
11/1/2024,CUST-00853,77.57
12/1/2024,CUST-00853,78.73
1/1/2025,CUST-00853,77.57
2/1/2025,CUST-00853,77.57
3/1/2025,CUST-00853,77.57
4/1/2025,CUST-00853,77.57
5/1/2025,CUST-00853,77.57
6/1/2025,CUST-00853,77.57
7/1/2025,CUST-00853,77.57
8/1/2025,CUST-00853,77.57
9/1/2025,CUST-00853,77.57
10/1/2025,CUST-00853,77.57
11/1/2025,CUST-00853,77.57
12/1/2025,CUST-00853,78.73
12/1/2023,CUST-00854,50.4
1/1/2024,CUST-00854,49.66
2/1/2024,CUST-00854,49.66
3/1/2024,CUST-00854,49.66
4/1/2024,CUST-00854,49.66
5/1/2024,CUST-00854,49.66
6/1/2024,CUST-00854,49.66
7/1/2024,CUST-00854,49.66
8/1/2024,CUST-00854,49.66
9/1/2024,CUST-00854,49.66
10/1/2024,CUST-00854,49.66
11/1/2024,CUST-00854,49.66
12/1/2024,CUST-00854,50.4
1/1/2025,CUST-00854,49.66
12/1/2024,CUST-00855,51.92
1/1/2025,CUST-00855,51.15
2/1/2025,CUST-00855,51.15
3/1/2025,CUST-00855,51.15
4/1/2025,CUST-00855,51.15
5/1/2025,CUST-00855,51.15
6/1/2025,CUST-00855,51.15
7/1/2025,CUST-00855,51.15
8/1/2025,CUST-00855,51.15
9/1/2025,CUST-00855,51.15
10/1/2025,CUST-00855,51.15
11/1/2025,CUST-00855,51.15
12/1/2025,CUST-00855,51.92
11/1/2023,CUST-00856,82.66
12/1/2023,CUST-00856,83.9
1/1/2024,CUST-00856,82.66
2/1/2024,CUST-00856,82.66
3/1/2024,CUST-00856,82.66
4/1/2024,CUST-00856,82.66
5/1/2024,CUST-00856,82.66
6/1/2024,CUST-00856,82.66
7/1/2024,CUST-00856,82.66
8/1/2024,CUST-00856,82.66
9/1/2024,CUST-00856,82.66
10/1/2024,CUST-00856,82.66
11/1/2024,CUST-00856,82.66
12/1/2024,CUST-00856,83.9
1/1/2025,CUST-00856,82.66
2/1/2025,CUST-00856,82.66
3/1/2025,CUST-00856,82.66
4/1/2025,CUST-00856,82.66
5/1/2025,CUST-00856,82.66
6/1/2025,CUST-00856,82.66
7/1/2025,CUST-00856,82.66
8/1/2025,CUST-00856,82.66
9/1/2025,CUST-00856,82.66
10/1/2025,CUST-00856,82.66
11/1/2025,CUST-00856,82.66
12/1/2025,CUST-00856,83.9
11/1/2023,CUST-00857,78.56
12/1/2023,CUST-00857,79.74
1/1/2024,CUST-00857,78.56
2/1/2024,CUST-00857,78.56
3/1/2024,CUST-00857,78.56
4/1/2024,CUST-00857,78.56
5/1/2024,CUST-00857,78.56
6/1/2024,CUST-00857,78.56
7/1/2024,CUST-00857,78.56
8/1/2024,CUST-00857,78.56
9/1/2024,CUST-00857,78.56
10/1/2024,CUST-00857,78.56
11/1/2024,CUST-00857,78.56
12/1/2024,CUST-00857,79.74
1/1/2025,CUST-00857,78.56
2/1/2025,CUST-00857,78.56
3/1/2025,CUST-00857,78.56
4/1/2025,CUST-00857,78.56
5/1/2025,CUST-00857,78.56
6/1/2025,CUST-00857,78.56
7/1/2025,CUST-00857,78.56
8/1/2025,CUST-00857,78.56
9/1/2025,CUST-00857,78.56
10/1/2025,CUST-00857,78.56
11/1/2025,CUST-00857,78.56
12/1/2025,CUST-00857,79.74
8/1/2024,CUST-00858,121.19
9/1/2024,CUST-00858,121.19
10/1/2024,CUST-00858,121.19
11/1/2024,CUST-00858,121.19
12/1/2024,CUST-00858,123.01
1/1/2025,CUST-00858,121.19
2/1/2025,CUST-00858,121.19
3/1/2025,CUST-00858,121.19
4/1/2025,CUST-00858,121.19
5/1/2025,CUST-00858,121.19
6/1/2025,CUST-00858,121.19
7/1/2025,CUST-00858,121.19
8/1/2025,CUST-00858,121.19
9/1/2025,CUST-00858,121.19
10/1/2025,CUST-00858,121.19
11/1/2025,CUST-00858,121.19
12/1/2025,CUST-00858,123.01
2/1/2022,CUST-00859,37
3/1/2022,CUST-00859,37
4/1/2022,CUST-00859,37
5/1/2022,CUST-00859,37
6/1/2022,CUST-00859,37
7/1/2022,CUST-00859,37
8/1/2022,CUST-00859,37
9/1/2022,CUST-00859,37
10/1/2022,CUST-00859,37
11/1/2022,CUST-00859,37
12/1/2022,CUST-00859,37.56
1/1/2023,CUST-00859,37
2/1/2023,CUST-00859,37
3/1/2023,CUST-00859,37
4/1/2023,CUST-00859,37
5/1/2023,CUST-00859,37
6/1/2023,CUST-00859,37
7/1/2023,CUST-00859,37
8/1/2023,CUST-00859,37
9/1/2023,CUST-00859,37
10/1/2023,CUST-00859,37
11/1/2023,CUST-00859,37
12/1/2023,CUST-00859,37.56
1/1/2024,CUST-00859,37
2/1/2024,CUST-00859,37
3/1/2024,CUST-00859,37
4/1/2024,CUST-00859,37
5/1/2024,CUST-00859,37
6/1/2024,CUST-00859,37
7/1/2024,CUST-00859,37
8/1/2024,CUST-00859,37
9/1/2024,CUST-00859,37
10/1/2024,CUST-00859,37
11/1/2024,CUST-00859,37
12/1/2024,CUST-00859,37.56
1/1/2025,CUST-00859,37
2/1/2025,CUST-00859,37
3/1/2025,CUST-00859,37
4/1/2025,CUST-00859,37
5/1/2025,CUST-00859,37
6/1/2025,CUST-00859,37
7/1/2025,CUST-00859,37
8/1/2025,CUST-00859,37
9/1/2025,CUST-00859,37
10/1/2025,CUST-00859,37
11/1/2025,CUST-00859,37
12/1/2025,CUST-00859,37.56
5/1/2022,CUST-00860,93.13
6/1/2022,CUST-00860,93.13
7/1/2022,CUST-00860,93.13
8/1/2022,CUST-00860,93.13
9/1/2022,CUST-00860,93.13
10/1/2022,CUST-00860,93.13
11/1/2022,CUST-00860,93.13
12/1/2022,CUST-00860,94.53
1/1/2023,CUST-00860,93.13
2/1/2023,CUST-00860,93.13
3/1/2023,CUST-00860,93.13
4/1/2023,CUST-00860,93.13
5/1/2023,CUST-00860,93.13
6/1/2023,CUST-00860,93.13
7/1/2023,CUST-00860,93.13
8/1/2023,CUST-00860,93.13
9/1/2023,CUST-00860,93.13
10/1/2023,CUST-00860,93.13
11/1/2023,CUST-00860,93.13
12/1/2023,CUST-00860,94.53
1/1/2024,CUST-00860,93.13
2/1/2024,CUST-00860,93.13
3/1/2024,CUST-00860,93.13
4/1/2024,CUST-00860,93.13
5/1/2024,CUST-00860,93.13
6/1/2024,CUST-00860,93.13
7/1/2024,CUST-00860,93.13
8/1/2024,CUST-00860,93.13
9/1/2024,CUST-00860,93.13
10/1/2024,CUST-00860,93.13
11/1/2024,CUST-00860,93.13
12/1/2024,CUST-00860,94.53
1/1/2025,CUST-00860,93.13
2/1/2025,CUST-00860,93.13
3/1/2025,CUST-00860,93.13
4/1/2025,CUST-00860,93.13
5/1/2025,CUST-00860,93.13
6/1/2025,CUST-00860,93.13
7/1/2025,CUST-00860,93.13
8/1/2025,CUST-00860,93.13
9/1/2025,CUST-00860,93.13
10/1/2025,CUST-00860,93.13
11/1/2025,CUST-00860,93.13
12/1/2025,CUST-00860,94.53
4/1/2023,CUST-00861,104.86
5/1/2023,CUST-00861,104.86
6/1/2023,CUST-00861,104.86
7/1/2023,CUST-00861,104.86
8/1/2023,CUST-00861,104.86
9/1/2023,CUST-00861,104.86
10/1/2023,CUST-00861,104.86
11/1/2023,CUST-00861,104.86
12/1/2023,CUST-00861,106.43
1/1/2024,CUST-00861,104.86
2/1/2024,CUST-00861,104.86
3/1/2024,CUST-00861,104.86
4/1/2024,CUST-00861,104.86
5/1/2024,CUST-00861,104.86
6/1/2024,CUST-00861,104.86
7/1/2024,CUST-00861,104.86
8/1/2024,CUST-00861,104.86
9/1/2024,CUST-00861,104.86
10/1/2024,CUST-00861,104.86
11/1/2024,CUST-00861,104.86
12/1/2024,CUST-00861,106.43
1/1/2025,CUST-00861,104.86
2/1/2025,CUST-00861,104.86
3/1/2025,CUST-00861,104.86
4/1/2025,CUST-00861,104.86
5/1/2025,CUST-00861,104.86
6/1/2025,CUST-00861,104.86
7/1/2025,CUST-00861,104.86
8/1/2025,CUST-00861,104.86
9/1/2025,CUST-00861,104.86
10/1/2025,CUST-00861,104.86
11/1/2025,CUST-00861,104.86
12/1/2025,CUST-00861,106.43
1/1/2025,CUST-00862,76.5
2/1/2025,CUST-00862,76.5
3/1/2025,CUST-00862,76.5
4/1/2025,CUST-00862,76.5
5/1/2025,CUST-00862,76.5
6/1/2025,CUST-00862,76.5
7/1/2025,CUST-00862,76.5
8/1/2025,CUST-00862,76.5
9/1/2025,CUST-00862,76.5
10/1/2025,CUST-00862,76.5
11/1/2025,CUST-00862,76.5
12/1/2025,CUST-00862,77.65
6/1/2024,CUST-00863,77
7/1/2024,CUST-00863,77
8/1/2024,CUST-00863,77
9/1/2024,CUST-00863,77
10/1/2024,CUST-00863,77
11/1/2024,CUST-00863,77
12/1/2024,CUST-00863,78.15
1/1/2025,CUST-00863,77
2/1/2025,CUST-00863,77
3/1/2025,CUST-00863,77
4/1/2025,CUST-00863,77
5/1/2025,CUST-00863,77
6/1/2025,CUST-00863,77
7/1/2025,CUST-00863,77
8/1/2025,CUST-00863,77
9/1/2025,CUST-00863,77
10/1/2025,CUST-00863,77
11/1/2025,CUST-00863,77
12/1/2025,CUST-00863,78.15
4/1/2023,CUST-00864,126.12
5/1/2023,CUST-00864,126.12
6/1/2023,CUST-00864,126.12
6/1/2022,CUST-00865,76.19
7/1/2022,CUST-00865,76.19
8/1/2022,CUST-00865,76.19
9/1/2022,CUST-00865,76.19
10/1/2022,CUST-00865,76.19
11/1/2022,CUST-00865,76.19
12/1/2022,CUST-00865,77.33
1/1/2023,CUST-00865,76.19
2/1/2023,CUST-00865,76.19
3/1/2023,CUST-00865,76.19
4/1/2023,CUST-00865,76.19
5/1/2023,CUST-00865,76.19
6/1/2023,CUST-00865,76.19
7/1/2023,CUST-00865,76.19
8/1/2023,CUST-00865,76.19
9/1/2023,CUST-00865,76.19
10/1/2023,CUST-00865,76.19
11/1/2023,CUST-00865,76.19
12/1/2023,CUST-00865,77.33
1/1/2024,CUST-00865,76.19
2/1/2024,CUST-00865,76.19
3/1/2024,CUST-00865,76.19
4/1/2024,CUST-00865,76.19
5/1/2024,CUST-00865,76.19
6/1/2024,CUST-00865,76.19
7/1/2024,CUST-00865,76.19
8/1/2024,CUST-00865,76.19
9/1/2024,CUST-00865,76.19
10/1/2024,CUST-00865,76.19
1/1/2023,CUST-00866,49.96
2/1/2023,CUST-00866,49.96
3/1/2023,CUST-00866,49.96
4/1/2023,CUST-00866,49.96
5/1/2023,CUST-00866,49.96
6/1/2023,CUST-00866,49.96
7/1/2023,CUST-00866,49.96
8/1/2023,CUST-00866,49.96
9/1/2023,CUST-00866,49.96
10/1/2023,CUST-00866,49.96
11/1/2023,CUST-00866,49.96
12/1/2023,CUST-00866,50.71
1/1/2024,CUST-00866,49.96
2/1/2024,CUST-00866,49.96
3/1/2024,CUST-00866,49.96
4/1/2024,CUST-00866,49.96
5/1/2024,CUST-00866,49.96
6/1/2024,CUST-00866,49.96
7/1/2024,CUST-00866,49.96
8/1/2024,CUST-00866,49.96
9/1/2024,CUST-00866,49.96
10/1/2024,CUST-00866,49.96
11/1/2024,CUST-00866,49.96
12/1/2024,CUST-00866,50.71
1/1/2025,CUST-00866,49.96
2/1/2025,CUST-00866,49.96
3/1/2025,CUST-00866,49.96
4/1/2025,CUST-00866,49.96
5/1/2025,CUST-00866,49.96
6/1/2025,CUST-00866,49.96
7/1/2025,CUST-00866,49.96
8/1/2025,CUST-00866,49.96
9/1/2025,CUST-00866,49.96
10/1/2025,CUST-00866,49.96
11/1/2025,CUST-00866,49.96
12/1/2025,CUST-00866,50.71
5/1/2023,CUST-00867,52.82
6/1/2023,CUST-00867,52.82
7/1/2023,CUST-00867,52.82
8/1/2023,CUST-00867,52.82
9/1/2023,CUST-00867,52.82
10/1/2023,CUST-00867,52.82
11/1/2023,CUST-00867,52.82
12/1/2023,CUST-00867,53.61
1/1/2024,CUST-00867,52.82
2/1/2024,CUST-00867,52.82
3/1/2024,CUST-00867,52.82
4/1/2024,CUST-00867,52.82
5/1/2024,CUST-00867,52.82
6/1/2024,CUST-00867,52.82
7/1/2024,CUST-00867,52.82
8/1/2024,CUST-00867,52.82
9/1/2024,CUST-00867,52.82
10/1/2024,CUST-00867,52.82
11/1/2024,CUST-00867,52.82
12/1/2024,CUST-00867,53.61
1/1/2025,CUST-00867,52.82
2/1/2025,CUST-00867,52.82
3/1/2025,CUST-00867,52.82
4/1/2025,CUST-00867,52.82
5/1/2025,CUST-00867,52.82
6/1/2025,CUST-00867,52.82
7/1/2025,CUST-00867,52.82
8/1/2025,CUST-00867,52.82
9/1/2025,CUST-00867,52.82
10/1/2025,CUST-00867,52.82
11/1/2025,CUST-00867,52.82
12/1/2025,CUST-00867,53.61
9/1/2023,CUST-00868,39.54
10/1/2023,CUST-00868,39.54
11/1/2023,CUST-00868,39.54
12/1/2023,CUST-00868,40.13
1/1/2024,CUST-00868,39.54
2/1/2024,CUST-00868,39.54
3/1/2024,CUST-00868,39.54
4/1/2024,CUST-00868,39.54
5/1/2024,CUST-00868,39.54
6/1/2024,CUST-00868,39.54
7/1/2024,CUST-00868,39.54
8/1/2024,CUST-00868,39.54
9/1/2024,CUST-00868,39.54
10/1/2024,CUST-00868,39.54
11/1/2024,CUST-00868,39.54
12/1/2024,CUST-00868,40.13
1/1/2025,CUST-00868,39.54
2/1/2025,CUST-00868,39.54
3/1/2025,CUST-00868,39.54
4/1/2025,CUST-00868,39.54
5/1/2025,CUST-00868,39.54
6/1/2025,CUST-00868,39.54
7/1/2025,CUST-00868,39.54
8/1/2025,CUST-00868,39.54
9/1/2025,CUST-00868,39.54
10/1/2025,CUST-00868,39.54
11/1/2025,CUST-00868,39.54
12/1/2025,CUST-00868,40.13
4/1/2024,CUST-00869,51.74
5/1/2024,CUST-00869,51.74
6/1/2024,CUST-00869,51.74
7/1/2024,CUST-00869,51.74
8/1/2024,CUST-00869,51.74
9/1/2024,CUST-00869,51.74
10/1/2024,CUST-00869,51.74
11/1/2024,CUST-00869,51.74
12/1/2024,CUST-00869,52.52
1/1/2025,CUST-00869,51.74
2/1/2025,CUST-00869,51.74
3/1/2025,CUST-00869,51.74
4/1/2025,CUST-00869,51.74
5/1/2025,CUST-00869,51.74
6/1/2025,CUST-00869,51.74
7/1/2025,CUST-00869,51.74
8/1/2025,CUST-00869,51.74
9/1/2025,CUST-00869,51.74
10/1/2025,CUST-00869,51.74
11/1/2025,CUST-00869,51.74
12/1/2025,CUST-00869,52.52
2/1/2022,CUST-00870,88.59
3/1/2022,CUST-00870,88.59
4/1/2022,CUST-00870,88.59
5/1/2022,CUST-00870,88.59
6/1/2022,CUST-00870,88.59
7/1/2022,CUST-00870,88.59
8/1/2022,CUST-00870,88.59
9/1/2022,CUST-00870,88.59
10/1/2022,CUST-00870,88.59
11/1/2022,CUST-00870,88.59
12/1/2022,CUST-00870,89.92
1/1/2023,CUST-00870,88.59
2/1/2023,CUST-00870,88.59
3/1/2023,CUST-00870,88.59
4/1/2023,CUST-00870,88.59
5/1/2023,CUST-00870,88.59
6/1/2023,CUST-00870,88.59
7/1/2023,CUST-00870,88.59
8/1/2023,CUST-00870,88.59
9/1/2023,CUST-00870,88.59
10/1/2023,CUST-00870,88.59
11/1/2023,CUST-00870,88.59
12/1/2023,CUST-00870,89.92
1/1/2024,CUST-00870,88.59
2/1/2024,CUST-00870,88.59
3/1/2024,CUST-00870,88.59
4/1/2024,CUST-00870,88.59
5/1/2024,CUST-00870,88.59
6/1/2024,CUST-00870,88.59
7/1/2024,CUST-00870,88.59
8/1/2024,CUST-00870,88.59
9/1/2024,CUST-00870,88.59
10/1/2024,CUST-00870,88.59
11/1/2024,CUST-00870,88.59
12/1/2024,CUST-00870,89.92
1/1/2025,CUST-00870,88.59
2/1/2025,CUST-00870,88.59
3/1/2025,CUST-00870,88.59
4/1/2025,CUST-00870,88.59
5/1/2025,CUST-00870,88.59
6/1/2025,CUST-00870,88.59
7/1/2025,CUST-00870,88.59
8/1/2025,CUST-00870,88.59
9/1/2025,CUST-00870,88.59
10/1/2025,CUST-00870,88.59
11/1/2025,CUST-00870,88.59
12/1/2025,CUST-00870,89.92
10/1/2024,CUST-00871,51.03
11/1/2024,CUST-00871,51.03
12/1/2024,CUST-00871,51.8
1/1/2025,CUST-00871,51.03
2/1/2025,CUST-00871,51.03
3/1/2025,CUST-00871,51.03
4/1/2025,CUST-00871,51.03
5/1/2025,CUST-00871,51.03
6/1/2025,CUST-00871,51.03
7/1/2025,CUST-00871,51.03
8/1/2025,CUST-00871,51.03
9/1/2025,CUST-00871,51.03
10/1/2025,CUST-00871,51.03
11/1/2025,CUST-00871,51.03
12/1/2025,CUST-00871,51.8
6/1/2022,CUST-00872,51.19
7/1/2022,CUST-00872,51.19
8/1/2022,CUST-00872,51.19
9/1/2022,CUST-00872,51.19
10/1/2022,CUST-00872,51.19
11/1/2022,CUST-00872,51.19
12/1/2022,CUST-00872,51.96
1/1/2023,CUST-00872,51.19
2/1/2023,CUST-00872,51.19
3/1/2023,CUST-00872,51.19
4/1/2023,CUST-00872,51.19
5/1/2023,CUST-00872,51.19
6/1/2023,CUST-00872,51.19
7/1/2023,CUST-00872,51.19
8/1/2023,CUST-00872,51.19
9/1/2023,CUST-00872,51.19
10/1/2023,CUST-00872,51.19
11/1/2023,CUST-00872,51.19
12/1/2023,CUST-00872,51.96
1/1/2024,CUST-00872,51.19
2/1/2024,CUST-00872,51.19
3/1/2024,CUST-00872,51.19
4/1/2024,CUST-00872,51.19
5/1/2024,CUST-00872,51.19
6/1/2024,CUST-00872,51.19
7/1/2024,CUST-00872,51.19
8/1/2024,CUST-00872,51.19
9/1/2024,CUST-00872,51.19
10/1/2024,CUST-00872,51.19
11/1/2024,CUST-00872,51.19
12/1/2024,CUST-00872,51.96
1/1/2025,CUST-00872,51.19
2/1/2025,CUST-00872,51.19
3/1/2025,CUST-00872,51.19
4/1/2025,CUST-00872,51.19
5/1/2025,CUST-00872,51.19
6/1/2025,CUST-00872,51.19
7/1/2025,CUST-00872,51.19
8/1/2025,CUST-00872,51.19
9/1/2025,CUST-00872,51.19
10/1/2025,CUST-00872,51.19
11/1/2025,CUST-00872,51.19
12/1/2025,CUST-00872,51.96
1/1/2025,CUST-00873,60.81
2/1/2025,CUST-00873,60.81
3/1/2025,CUST-00873,60.81
4/1/2025,CUST-00873,60.81
5/1/2025,CUST-00873,60.81
6/1/2025,CUST-00873,60.81
7/1/2025,CUST-00873,60.81
8/1/2025,CUST-00873,60.81
9/1/2025,CUST-00873,60.81
10/1/2025,CUST-00873,60.81
11/1/2025,CUST-00873,60.81
12/1/2025,CUST-00873,61.72
11/1/2022,CUST-00874,112.18
12/1/2022,CUST-00874,113.86
1/1/2023,CUST-00874,112.18
2/1/2023,CUST-00874,112.18
3/1/2023,CUST-00874,112.18
4/1/2023,CUST-00874,112.18
5/1/2023,CUST-00874,112.18
6/1/2023,CUST-00874,112.18
7/1/2023,CUST-00874,112.18
8/1/2023,CUST-00874,112.18
9/1/2023,CUST-00874,112.18
10/1/2023,CUST-00874,112.18
11/1/2023,CUST-00874,112.18
12/1/2023,CUST-00874,113.86
1/1/2024,CUST-00874,112.18
2/1/2024,CUST-00874,112.18
3/1/2024,CUST-00874,112.18
4/1/2024,CUST-00874,112.18
5/1/2024,CUST-00874,112.18
6/1/2024,CUST-00874,112.18
7/1/2024,CUST-00874,112.18
8/1/2024,CUST-00874,112.18
9/1/2024,CUST-00874,112.18
10/1/2024,CUST-00874,112.18
11/1/2024,CUST-00874,112.18
12/1/2024,CUST-00874,113.86
1/1/2025,CUST-00874,112.18
2/1/2025,CUST-00874,112.18
3/1/2025,CUST-00874,112.18
4/1/2025,CUST-00874,112.18
5/1/2025,CUST-00874,112.18
6/1/2025,CUST-00874,112.18
7/1/2025,CUST-00874,112.18
8/1/2025,CUST-00874,112.18
9/1/2025,CUST-00874,112.18
10/1/2025,CUST-00874,112.18
11/1/2025,CUST-00874,112.18
12/1/2025,CUST-00874,113.86
7/1/2025,CUST-00875,53.46
8/1/2025,CUST-00875,53.46
9/1/2025,CUST-00875,53.46
10/1/2025,CUST-00875,53.46
11/1/2025,CUST-00875,53.46
12/1/2025,CUST-00875,54.26
4/1/2023,CUST-00876,59.49
5/1/2023,CUST-00876,59.49
6/1/2023,CUST-00876,59.49
7/1/2023,CUST-00876,59.49
8/1/2023,CUST-00876,59.49
9/1/2023,CUST-00876,59.49
10/1/2023,CUST-00876,59.49
11/1/2023,CUST-00876,59.49
12/1/2023,CUST-00876,60.38
1/1/2024,CUST-00876,59.49
2/1/2024,CUST-00876,59.49
3/1/2024,CUST-00876,59.49
4/1/2024,CUST-00876,59.49
5/1/2024,CUST-00876,59.49
6/1/2024,CUST-00876,59.49
7/1/2024,CUST-00876,59.49
8/1/2024,CUST-00876,59.49
9/1/2024,CUST-00876,59.49
10/1/2024,CUST-00876,59.49
11/1/2024,CUST-00876,59.49
12/1/2024,CUST-00876,60.38
1/1/2025,CUST-00876,59.49
2/1/2025,CUST-00876,59.49
3/1/2025,CUST-00876,59.49
4/1/2025,CUST-00876,59.49
5/1/2025,CUST-00876,59.49
6/1/2025,CUST-00876,59.49
7/1/2025,CUST-00876,59.49
8/1/2025,CUST-00876,59.49
9/1/2025,CUST-00876,59.49
10/1/2025,CUST-00876,59.49
11/1/2025,CUST-00876,59.49
12/1/2025,CUST-00876,60.38
12/1/2022,CUST-00877,60.64
1/1/2023,CUST-00877,59.74
2/1/2023,CUST-00877,59.74
3/1/2023,CUST-00877,59.74
4/1/2023,CUST-00877,59.74
5/1/2023,CUST-00877,59.74
6/1/2023,CUST-00877,59.74
7/1/2023,CUST-00877,59.74
8/1/2023,CUST-00877,59.74
9/1/2023,CUST-00877,59.74
10/1/2023,CUST-00877,59.74
1/1/2024,CUST-00878,57.85
2/1/2024,CUST-00878,57.85
3/1/2024,CUST-00878,57.85
4/1/2024,CUST-00878,57.85
8/1/2025,CUST-00879,50.01
9/1/2025,CUST-00879,50.01
10/1/2025,CUST-00879,50.01
4/1/2023,CUST-00880,43.02
5/1/2023,CUST-00880,43.02
6/1/2023,CUST-00880,43.02
7/1/2023,CUST-00880,43.02
8/1/2023,CUST-00880,43.02
9/1/2023,CUST-00880,43.02
10/1/2023,CUST-00880,43.02
11/1/2023,CUST-00880,43.02
12/1/2023,CUST-00880,43.67
1/1/2024,CUST-00880,43.02
2/1/2024,CUST-00880,43.02
3/1/2024,CUST-00880,43.02
4/1/2024,CUST-00880,43.02
5/1/2024,CUST-00880,43.02
6/1/2024,CUST-00880,43.02
7/1/2024,CUST-00880,43.02
8/1/2024,CUST-00880,43.02
9/1/2024,CUST-00880,43.02
10/1/2024,CUST-00880,43.02
11/1/2024,CUST-00880,43.02
12/1/2024,CUST-00880,43.67
1/1/2025,CUST-00880,43.02
2/1/2025,CUST-00880,43.02
3/1/2025,CUST-00880,43.02
4/1/2025,CUST-00880,43.02
5/1/2025,CUST-00880,43.02
6/1/2025,CUST-00880,43.02
7/1/2025,CUST-00880,43.02
8/1/2025,CUST-00880,43.02
9/1/2025,CUST-00880,43.02
10/1/2025,CUST-00880,43.02
11/1/2025,CUST-00880,43.02
12/1/2025,CUST-00880,43.67
3/1/2025,CUST-00881,75.95
4/1/2025,CUST-00881,75.95
5/1/2025,CUST-00881,75.95
6/1/2025,CUST-00881,75.95
7/1/2025,CUST-00881,75.95
8/1/2025,CUST-00881,75.95
9/1/2025,CUST-00881,75.95
10/1/2025,CUST-00881,75.95
11/1/2025,CUST-00881,75.95
12/1/2025,CUST-00881,77.09
7/1/2022,CUST-00882,86.33
8/1/2022,CUST-00882,86.33
9/1/2022,CUST-00882,86.33
10/1/2022,CUST-00882,86.33
11/1/2022,CUST-00882,86.33
12/1/2022,CUST-00882,87.62
1/1/2023,CUST-00882,86.33
2/1/2023,CUST-00882,86.33
3/1/2023,CUST-00882,86.33
4/1/2023,CUST-00882,86.33
5/1/2023,CUST-00882,86.33
6/1/2023,CUST-00882,86.33
7/1/2023,CUST-00882,86.33
8/1/2023,CUST-00882,86.33
9/1/2023,CUST-00882,86.33
10/1/2023,CUST-00882,86.33
11/1/2023,CUST-00882,86.33
12/1/2023,CUST-00882,87.62
1/1/2024,CUST-00882,86.33
2/1/2024,CUST-00882,86.33
3/1/2024,CUST-00882,86.33
4/1/2024,CUST-00882,86.33
5/1/2024,CUST-00882,86.33
6/1/2024,CUST-00882,86.33
7/1/2024,CUST-00882,86.33
8/1/2024,CUST-00882,86.33
9/1/2024,CUST-00882,86.33
10/1/2024,CUST-00882,86.33
11/1/2024,CUST-00882,86.33
12/1/2024,CUST-00882,87.62
1/1/2025,CUST-00882,86.33
2/1/2025,CUST-00882,86.33
3/1/2025,CUST-00882,86.33
4/1/2025,CUST-00882,86.33
5/1/2025,CUST-00882,86.33
6/1/2025,CUST-00882,86.33
7/1/2025,CUST-00882,86.33
8/1/2025,CUST-00882,86.33
9/1/2025,CUST-00882,86.33
10/1/2025,CUST-00882,86.33
11/1/2025,CUST-00882,86.33
12/1/2025,CUST-00882,87.62
2/1/2024,CUST-00883,106.37
3/1/2024,CUST-00883,106.37
4/1/2024,CUST-00883,106.37
5/1/2024,CUST-00883,106.37
6/1/2024,CUST-00883,106.37
7/1/2024,CUST-00883,106.37
8/1/2024,CUST-00883,106.37
9/1/2024,CUST-00883,106.37
10/1/2024,CUST-00883,106.37
11/1/2024,CUST-00883,106.37
12/1/2024,CUST-00883,107.97
1/1/2025,CUST-00883,106.37
2/1/2025,CUST-00883,106.37
3/1/2025,CUST-00883,106.37
4/1/2025,CUST-00883,106.37
5/1/2025,CUST-00883,106.37
6/1/2025,CUST-00883,106.37
7/1/2025,CUST-00883,106.37
8/1/2025,CUST-00883,106.37
9/1/2025,CUST-00883,106.37
9/1/2024,CUST-00884,78.26
10/1/2024,CUST-00884,78.26
11/1/2024,CUST-00884,78.26
12/1/2024,CUST-00884,79.43
1/1/2025,CUST-00884,78.26
2/1/2025,CUST-00884,78.26
3/1/2025,CUST-00884,78.26
4/1/2025,CUST-00884,78.26
5/1/2025,CUST-00884,78.26
6/1/2025,CUST-00884,78.26
7/1/2025,CUST-00884,78.26
8/1/2025,CUST-00884,78.26
9/1/2025,CUST-00884,78.26
10/1/2025,CUST-00884,78.26
11/1/2025,CUST-00884,78.26
12/1/2025,CUST-00884,79.43
5/1/2025,CUST-00885,79.56
6/1/2025,CUST-00885,79.56
7/1/2025,CUST-00885,79.56
8/1/2025,CUST-00885,79.56
9/1/2025,CUST-00885,79.56
10/1/2025,CUST-00885,79.56
11/1/2025,CUST-00885,79.56
12/1/2025,CUST-00885,80.75
6/1/2023,CUST-00886,76.81
7/1/2023,CUST-00886,76.81
8/1/2023,CUST-00886,76.81
9/1/2023,CUST-00886,76.81
10/1/2023,CUST-00886,76.81
11/1/2023,CUST-00886,76.81
12/1/2023,CUST-00886,77.96
1/1/2024,CUST-00886,76.81
2/1/2024,CUST-00886,76.81
3/1/2024,CUST-00886,76.81
4/1/2024,CUST-00886,76.81
5/1/2024,CUST-00886,76.81
6/1/2024,CUST-00886,76.81
7/1/2024,CUST-00886,76.81
8/1/2024,CUST-00886,76.81
9/1/2024,CUST-00886,76.81
10/1/2024,CUST-00886,76.81
11/1/2024,CUST-00886,76.81
12/1/2024,CUST-00886,77.96
1/1/2025,CUST-00886,76.81
2/1/2025,CUST-00886,76.81
3/1/2025,CUST-00886,76.81
4/1/2025,CUST-00886,76.81
5/1/2025,CUST-00886,76.81
6/1/2025,CUST-00886,76.81
7/1/2025,CUST-00886,76.81
8/1/2025,CUST-00886,76.81
9/1/2025,CUST-00886,76.81
10/1/2025,CUST-00886,76.81
11/1/2025,CUST-00886,76.81
12/1/2025,CUST-00886,77.96
1/1/2023,CUST-00887,38.86
2/1/2023,CUST-00887,38.86
3/1/2023,CUST-00887,38.86
4/1/2023,CUST-00887,38.86
5/1/2023,CUST-00887,38.86
6/1/2023,CUST-00887,38.86
7/1/2023,CUST-00887,38.86
8/1/2023,CUST-00887,38.86
9/1/2023,CUST-00887,38.86
10/1/2023,CUST-00887,38.86
11/1/2023,CUST-00887,38.86
12/1/2023,CUST-00887,39.44
1/1/2024,CUST-00887,38.86
2/1/2024,CUST-00887,38.86
3/1/2024,CUST-00887,38.86
4/1/2024,CUST-00887,38.86
5/1/2024,CUST-00887,38.86
6/1/2024,CUST-00887,38.86
7/1/2024,CUST-00887,38.86
8/1/2024,CUST-00887,38.86
9/1/2024,CUST-00887,38.86
10/1/2024,CUST-00887,38.86
11/1/2024,CUST-00887,38.86
12/1/2024,CUST-00887,39.44
1/1/2025,CUST-00887,38.86
2/1/2025,CUST-00887,38.86
3/1/2025,CUST-00887,38.86
4/1/2025,CUST-00887,38.86
5/1/2025,CUST-00887,38.86
6/1/2025,CUST-00887,38.86
7/1/2025,CUST-00887,38.86
8/1/2025,CUST-00887,38.86
9/1/2025,CUST-00887,38.86
10/1/2025,CUST-00887,38.86
11/1/2025,CUST-00887,38.86
12/1/2025,CUST-00887,39.44
6/1/2022,CUST-00888,104.52
7/1/2022,CUST-00888,104.52
8/1/2022,CUST-00888,104.52
9/1/2022,CUST-00888,104.52
10/1/2022,CUST-00888,104.52
11/1/2022,CUST-00888,104.52
12/1/2022,CUST-00888,106.09
1/1/2023,CUST-00888,104.52
2/1/2023,CUST-00888,104.52
3/1/2023,CUST-00888,104.52
4/1/2023,CUST-00888,104.52
5/1/2023,CUST-00888,104.52
6/1/2023,CUST-00888,104.52
7/1/2023,CUST-00888,104.52
8/1/2023,CUST-00888,104.52
9/1/2023,CUST-00888,104.52
10/1/2023,CUST-00888,104.52
11/1/2023,CUST-00888,104.52
12/1/2023,CUST-00888,106.09
1/1/2024,CUST-00888,104.52
2/1/2024,CUST-00888,104.52
3/1/2024,CUST-00888,104.52
4/1/2024,CUST-00888,104.52
5/1/2024,CUST-00888,104.52
6/1/2024,CUST-00888,104.52
7/1/2024,CUST-00888,104.52
8/1/2024,CUST-00888,104.52
9/1/2024,CUST-00888,104.52
10/1/2024,CUST-00888,104.52
11/1/2024,CUST-00888,104.52
12/1/2024,CUST-00888,106.09
1/1/2025,CUST-00888,104.52
2/1/2025,CUST-00888,104.52
3/1/2025,CUST-00888,104.52
4/1/2025,CUST-00888,104.52
5/1/2025,CUST-00888,104.52
6/1/2025,CUST-00888,104.52
7/1/2025,CUST-00888,104.52
8/1/2025,CUST-00888,104.52
9/1/2025,CUST-00888,104.52
10/1/2025,CUST-00888,104.52
11/1/2025,CUST-00888,104.52
12/1/2025,CUST-00888,106.09
2/1/2025,CUST-00889,55.62
3/1/2025,CUST-00889,55.62
4/1/2025,CUST-00889,55.62
5/1/2025,CUST-00889,55.62
6/1/2025,CUST-00889,55.62
7/1/2025,CUST-00889,55.62
8/1/2025,CUST-00889,55.62
9/1/2025,CUST-00889,55.62
10/1/2025,CUST-00889,55.62
11/1/2025,CUST-00889,55.62
5/1/2022,CUST-00890,111.2
6/1/2022,CUST-00890,111.2
7/1/2022,CUST-00890,111.2
8/1/2022,CUST-00890,111.2
9/1/2022,CUST-00890,111.2
10/1/2022,CUST-00890,111.2
11/1/2022,CUST-00890,111.2
12/1/2022,CUST-00890,112.87
1/1/2023,CUST-00890,111.2
2/1/2023,CUST-00890,111.2
3/1/2023,CUST-00890,111.2
4/1/2023,CUST-00890,111.2
5/1/2023,CUST-00890,111.2
6/1/2023,CUST-00890,111.2
7/1/2023,CUST-00890,111.2
8/1/2023,CUST-00890,111.2
9/1/2023,CUST-00890,111.2
10/1/2023,CUST-00890,111.2
11/1/2023,CUST-00890,111.2
12/1/2023,CUST-00890,112.87
1/1/2024,CUST-00890,111.2
2/1/2024,CUST-00890,111.2
3/1/2024,CUST-00890,111.2
4/1/2024,CUST-00890,111.2
5/1/2024,CUST-00890,111.2
6/1/2024,CUST-00890,111.2
7/1/2024,CUST-00890,111.2
8/1/2024,CUST-00890,111.2
9/1/2024,CUST-00890,111.2
10/1/2024,CUST-00890,111.2
11/1/2024,CUST-00890,111.2
12/1/2024,CUST-00890,112.87
1/1/2025,CUST-00890,111.2
2/1/2025,CUST-00890,111.2
3/1/2025,CUST-00890,111.2
4/1/2025,CUST-00890,111.2
5/1/2025,CUST-00890,111.2
6/1/2025,CUST-00890,111.2
7/1/2025,CUST-00890,111.2
8/1/2025,CUST-00890,111.2
9/1/2025,CUST-00890,111.2
10/1/2025,CUST-00890,111.2
11/1/2025,CUST-00890,111.2
12/1/2025,CUST-00890,112.87
10/1/2022,CUST-00891,37.5
11/1/2022,CUST-00891,37.5
12/1/2022,CUST-00891,38.06
10/1/2023,CUST-00892,56.4
11/1/2023,CUST-00892,56.4
12/1/2023,CUST-00892,57.25
1/1/2024,CUST-00892,56.4
2/1/2024,CUST-00892,56.4
3/1/2024,CUST-00892,56.4
4/1/2024,CUST-00892,56.4
5/1/2023,CUST-00893,98.22
6/1/2023,CUST-00893,98.22
7/1/2023,CUST-00893,98.22
8/1/2023,CUST-00893,98.22
9/1/2023,CUST-00893,98.22
10/1/2023,CUST-00893,98.22
11/1/2023,CUST-00893,98.22
12/1/2023,CUST-00893,99.69
1/1/2024,CUST-00893,98.22
2/1/2024,CUST-00893,98.22
6/1/2025,CUST-00894,45.35
7/1/2025,CUST-00894,45.35
8/1/2025,CUST-00894,45.35
9/1/2025,CUST-00894,45.35
10/1/2025,CUST-00894,45.35
11/1/2025,CUST-00894,45.35
12/1/2025,CUST-00894,46.03
12/1/2024,CUST-00895,40.02
1/1/2025,CUST-00895,39.43
2/1/2025,CUST-00895,39.43
3/1/2025,CUST-00895,39.43
4/1/2025,CUST-00895,39.43
5/1/2025,CUST-00895,39.43
6/1/2025,CUST-00895,39.43
7/1/2025,CUST-00895,39.43
8/1/2025,CUST-00895,39.43
9/1/2025,CUST-00895,39.43
10/1/2025,CUST-00895,39.43
11/1/2025,CUST-00895,39.43
12/1/2025,CUST-00895,40.02
12/1/2024,CUST-00896,40.48
1/1/2025,CUST-00896,39.88
2/1/2025,CUST-00896,39.88
3/1/2025,CUST-00896,39.88
4/1/2025,CUST-00896,39.88
5/1/2025,CUST-00896,39.88
6/1/2025,CUST-00896,39.88
7/1/2025,CUST-00896,39.88
8/1/2025,CUST-00896,39.88
9/1/2025,CUST-00896,39.88
10/1/2025,CUST-00896,39.88
11/1/2025,CUST-00896,39.88
12/1/2025,CUST-00896,40.48
7/1/2023,CUST-00897,101.03
8/1/2023,CUST-00897,101.03
9/1/2023,CUST-00897,101.03
10/1/2023,CUST-00897,101.03
11/1/2023,CUST-00897,101.03
12/1/2023,CUST-00897,102.55
1/1/2024,CUST-00897,101.03
2/1/2024,CUST-00897,101.03
3/1/2024,CUST-00897,101.03
4/1/2024,CUST-00897,101.03
5/1/2024,CUST-00897,101.03
6/1/2024,CUST-00897,101.03
7/1/2024,CUST-00897,101.03
8/1/2024,CUST-00897,101.03
9/1/2024,CUST-00897,101.03
10/1/2024,CUST-00897,101.03
11/1/2024,CUST-00897,101.03
12/1/2024,CUST-00897,102.55
1/1/2025,CUST-00897,101.03
2/1/2025,CUST-00897,101.03
3/1/2025,CUST-00897,101.03
4/1/2025,CUST-00897,101.03
5/1/2025,CUST-00897,101.03
6/1/2025,CUST-00897,101.03
7/1/2025,CUST-00897,101.03
8/1/2025,CUST-00897,101.03
9/1/2025,CUST-00897,101.03
10/1/2025,CUST-00897,101.03
11/1/2025,CUST-00897,101.03
12/1/2025,CUST-00897,102.55
5/1/2022,CUST-00898,66.27
6/1/2022,CUST-00898,66.27
7/1/2022,CUST-00898,66.27
7/1/2024,CUST-00899,95.4
8/1/2024,CUST-00899,95.4
9/1/2024,CUST-00899,95.4
10/1/2024,CUST-00899,95.4
11/1/2024,CUST-00899,95.4
12/1/2024,CUST-00899,96.83
1/1/2025,CUST-00899,95.4
2/1/2025,CUST-00899,95.4
3/1/2025,CUST-00899,95.4
4/1/2025,CUST-00899,95.4
5/1/2024,CUST-00900,56.47
6/1/2024,CUST-00900,56.47
7/1/2024,CUST-00900,56.47
8/1/2024,CUST-00900,56.47
9/1/2024,CUST-00900,56.47
10/1/2024,CUST-00900,56.47
11/1/2024,CUST-00900,56.47
12/1/2024,CUST-00900,57.32
1/1/2025,CUST-00900,56.47
2/1/2025,CUST-00900,56.47
3/1/2025,CUST-00900,56.47
4/1/2025,CUST-00900,56.47
5/1/2025,CUST-00900,56.47
6/1/2025,CUST-00900,56.47
7/1/2025,CUST-00900,56.47
8/1/2025,CUST-00900,56.47
9/1/2025,CUST-00900,56.47
10/1/2025,CUST-00900,56.47
11/1/2025,CUST-00900,56.47
12/1/2025,CUST-00900,57.32
9/1/2024,CUST-00901,67.07
10/1/2024,CUST-00901,67.07
11/1/2024,CUST-00901,67.07
12/1/2024,CUST-00901,68.08
1/1/2025,CUST-00901,67.07
2/1/2025,CUST-00901,67.07
3/1/2025,CUST-00901,67.07
4/1/2025,CUST-00901,67.07
5/1/2025,CUST-00901,67.07
6/1/2025,CUST-00901,67.07
7/1/2025,CUST-00901,67.07
8/1/2025,CUST-00901,67.07
9/1/2025,CUST-00901,67.07
10/1/2025,CUST-00901,67.07
11/1/2025,CUST-00901,67.07
12/1/2025,CUST-00901,68.08
9/1/2024,CUST-00902,131.37
10/1/2024,CUST-00902,131.37
11/1/2024,CUST-00902,131.37
12/1/2024,CUST-00902,133.34
1/1/2025,CUST-00902,131.37
2/1/2025,CUST-00902,131.37
3/1/2025,CUST-00902,131.37
3/1/2022,CUST-00903,39.3
4/1/2022,CUST-00903,39.3
5/1/2022,CUST-00903,39.3
6/1/2022,CUST-00903,39.3
7/1/2022,CUST-00903,39.3
8/1/2022,CUST-00903,39.3
9/1/2022,CUST-00903,39.3
10/1/2022,CUST-00903,39.3
11/1/2022,CUST-00903,39.3
12/1/2022,CUST-00903,39.89
1/1/2023,CUST-00903,39.3
2/1/2023,CUST-00903,39.3
3/1/2023,CUST-00903,39.3
4/1/2023,CUST-00903,39.3
5/1/2023,CUST-00903,39.3
6/1/2023,CUST-00903,39.3
7/1/2023,CUST-00903,39.3
8/1/2023,CUST-00903,39.3
9/1/2023,CUST-00903,39.3
10/1/2023,CUST-00903,39.3
11/1/2023,CUST-00903,39.3
12/1/2023,CUST-00903,39.89
1/1/2024,CUST-00903,39.3
2/1/2024,CUST-00903,39.3
3/1/2024,CUST-00903,39.3
4/1/2024,CUST-00903,39.3
5/1/2024,CUST-00903,39.3
6/1/2024,CUST-00903,39.3
7/1/2024,CUST-00903,39.3
8/1/2024,CUST-00903,39.3
9/1/2024,CUST-00903,39.3
10/1/2024,CUST-00903,39.3
11/1/2024,CUST-00903,39.3
12/1/2024,CUST-00903,39.89
1/1/2025,CUST-00903,39.3
2/1/2025,CUST-00903,39.3
3/1/2025,CUST-00903,39.3
4/1/2025,CUST-00903,39.3
5/1/2025,CUST-00903,39.3
6/1/2025,CUST-00903,39.3
7/1/2025,CUST-00903,39.3
8/1/2025,CUST-00903,39.3
9/1/2025,CUST-00903,39.3
10/1/2025,CUST-00903,39.3
11/1/2025,CUST-00903,39.3
12/1/2025,CUST-00903,39.89
7/1/2024,CUST-00904,124.54
8/1/2024,CUST-00904,124.54
9/1/2024,CUST-00904,124.54
10/1/2024,CUST-00904,124.54
11/1/2024,CUST-00904,124.54
12/1/2024,CUST-00904,126.41
1/1/2025,CUST-00904,124.54
2/1/2025,CUST-00904,124.54
3/1/2025,CUST-00904,124.54
4/1/2025,CUST-00904,124.54
5/1/2025,CUST-00904,124.54
6/1/2025,CUST-00904,124.54
7/1/2025,CUST-00904,124.54
8/1/2025,CUST-00904,124.54
9/1/2025,CUST-00904,124.54
10/1/2025,CUST-00904,124.54
11/1/2025,CUST-00904,124.54
12/1/2025,CUST-00904,126.41
3/1/2024,CUST-00905,103.08
4/1/2024,CUST-00905,103.08
5/1/2024,CUST-00905,103.08
6/1/2024,CUST-00905,103.08
7/1/2024,CUST-00905,103.08
8/1/2024,CUST-00905,103.08
9/1/2024,CUST-00905,103.08
10/1/2024,CUST-00905,103.08
11/1/2024,CUST-00905,103.08
12/1/2024,CUST-00905,104.63
1/1/2025,CUST-00905,103.08
2/1/2025,CUST-00905,103.08
3/1/2025,CUST-00905,103.08
4/1/2025,CUST-00905,103.08
5/1/2025,CUST-00905,103.08
6/1/2025,CUST-00905,103.08
7/1/2025,CUST-00905,103.08
8/1/2025,CUST-00905,103.08
9/1/2025,CUST-00905,103.08
10/1/2025,CUST-00905,103.08
11/1/2025,CUST-00905,103.08
12/1/2025,CUST-00905,104.63
5/1/2023,CUST-00906,82.02
6/1/2023,CUST-00906,82.02
7/1/2023,CUST-00906,82.02
8/1/2023,CUST-00906,82.02
9/1/2023,CUST-00906,82.02
10/1/2023,CUST-00906,82.02
11/1/2023,CUST-00906,82.02
12/1/2023,CUST-00906,83.25
1/1/2024,CUST-00906,82.02
2/1/2024,CUST-00906,82.02
3/1/2024,CUST-00906,82.02
4/1/2024,CUST-00906,82.02
5/1/2024,CUST-00906,82.02
6/1/2024,CUST-00906,82.02
7/1/2024,CUST-00906,82.02
8/1/2024,CUST-00906,82.02
9/1/2024,CUST-00906,82.02
10/1/2024,CUST-00906,82.02
11/1/2024,CUST-00906,82.02
12/1/2024,CUST-00906,83.25
1/1/2025,CUST-00906,82.02
2/1/2025,CUST-00906,82.02
3/1/2025,CUST-00906,82.02
4/1/2025,CUST-00906,82.02
5/1/2025,CUST-00906,82.02
6/1/2025,CUST-00906,82.02
7/1/2025,CUST-00906,82.02
8/1/2025,CUST-00906,82.02
9/1/2025,CUST-00906,82.02
10/1/2025,CUST-00906,82.02
11/1/2025,CUST-00906,82.02
4/1/2025,CUST-00907,87.13
5/1/2025,CUST-00907,87.13
6/1/2025,CUST-00907,87.13
7/1/2025,CUST-00907,87.13
8/1/2025,CUST-00907,87.13
9/1/2025,CUST-00907,87.13
10/1/2025,CUST-00907,87.13
11/1/2025,CUST-00907,87.13
12/1/2025,CUST-00907,88.44
4/1/2024,CUST-00908,64.96
5/1/2024,CUST-00908,64.96
6/1/2024,CUST-00908,64.96
7/1/2024,CUST-00908,64.96
8/1/2024,CUST-00908,64.96
9/1/2024,CUST-00908,64.96
10/1/2024,CUST-00908,64.96
11/1/2024,CUST-00908,64.96
12/1/2024,CUST-00908,65.93
1/1/2025,CUST-00908,64.96
2/1/2025,CUST-00908,64.96
3/1/2025,CUST-00908,64.96
4/1/2025,CUST-00908,64.96
5/1/2025,CUST-00908,64.96
6/1/2025,CUST-00908,64.96
7/1/2025,CUST-00908,64.96
8/1/2025,CUST-00908,64.96
9/1/2025,CUST-00908,64.96
10/1/2025,CUST-00908,64.96
11/1/2025,CUST-00908,64.96
12/1/2025,CUST-00908,65.93
1/1/2025,CUST-00909,53.39
2/1/2025,CUST-00909,53.39
3/1/2025,CUST-00909,53.39
4/1/2025,CUST-00909,53.39
5/1/2025,CUST-00909,53.39
6/1/2025,CUST-00909,53.39
7/1/2025,CUST-00909,53.39
8/1/2025,CUST-00909,53.39
9/1/2025,CUST-00909,53.39
10/1/2025,CUST-00909,53.39
11/1/2025,CUST-00909,53.39
12/1/2025,CUST-00909,54.19
6/1/2025,CUST-00910,63.06
7/1/2025,CUST-00910,63.06
8/1/2025,CUST-00910,63.06
9/1/2025,CUST-00910,63.06
10/1/2025,CUST-00910,63.06
11/1/2025,CUST-00910,63.06
12/1/2025,CUST-00910,64.01
4/1/2025,CUST-00911,45.81
5/1/2025,CUST-00911,45.81
6/1/2025,CUST-00911,45.81
7/1/2025,CUST-00911,45.81
8/1/2025,CUST-00911,45.81
9/1/2025,CUST-00911,45.81
10/1/2025,CUST-00911,45.81
11/1/2025,CUST-00911,45.81
12/1/2025,CUST-00911,46.5
3/1/2025,CUST-00912,67.23
4/1/2025,CUST-00912,67.23
5/1/2025,CUST-00912,67.23
6/1/2025,CUST-00912,67.23
7/1/2025,CUST-00912,67.23
8/1/2025,CUST-00912,67.23
9/1/2025,CUST-00912,67.23
10/1/2025,CUST-00912,67.23
11/1/2025,CUST-00912,67.23
12/1/2025,CUST-00912,68.24
6/1/2022,CUST-00913,99.72
7/1/2022,CUST-00913,99.72
8/1/2022,CUST-00913,99.72
9/1/2022,CUST-00913,99.72
10/1/2022,CUST-00913,99.72
11/1/2022,CUST-00913,99.72
12/1/2022,CUST-00913,101.22
1/1/2023,CUST-00913,99.72
2/1/2023,CUST-00913,99.72
3/1/2023,CUST-00913,99.72
4/1/2023,CUST-00913,99.72
5/1/2023,CUST-00913,99.72
6/1/2023,CUST-00913,99.72
7/1/2023,CUST-00913,99.72
8/1/2023,CUST-00913,99.72
9/1/2023,CUST-00913,99.72
10/1/2023,CUST-00913,99.72
11/1/2023,CUST-00913,99.72
12/1/2023,CUST-00913,101.22
1/1/2024,CUST-00913,99.72
2/1/2024,CUST-00913,99.72
3/1/2024,CUST-00913,99.72
4/1/2024,CUST-00913,99.72
5/1/2024,CUST-00913,99.72
6/1/2024,CUST-00913,99.72
7/1/2024,CUST-00913,99.72
8/1/2024,CUST-00913,99.72
9/1/2024,CUST-00913,99.72
10/1/2024,CUST-00913,99.72
11/1/2024,CUST-00913,99.72
12/1/2024,CUST-00913,101.22
1/1/2025,CUST-00913,99.72
2/1/2025,CUST-00913,99.72
3/1/2025,CUST-00913,99.72
4/1/2025,CUST-00913,99.72
5/1/2025,CUST-00913,99.72
6/1/2025,CUST-00913,99.72
7/1/2025,CUST-00913,99.72
8/1/2025,CUST-00913,99.72
9/1/2025,CUST-00913,99.72
10/1/2025,CUST-00913,99.72
11/1/2025,CUST-00913,99.72
12/1/2025,CUST-00913,101.22
4/1/2023,CUST-00914,105.81
5/1/2023,CUST-00914,105.81
6/1/2023,CUST-00914,105.81
7/1/2023,CUST-00914,105.81
8/1/2023,CUST-00914,105.81
9/1/2023,CUST-00914,105.81
10/1/2023,CUST-00914,105.81
11/1/2023,CUST-00914,105.81
12/1/2023,CUST-00914,107.4
1/1/2024,CUST-00914,105.81
2/1/2024,CUST-00914,105.81
3/1/2024,CUST-00914,105.81
4/1/2024,CUST-00914,105.81
5/1/2024,CUST-00914,105.81
6/1/2024,CUST-00914,105.81
7/1/2024,CUST-00914,105.81
8/1/2024,CUST-00914,105.81
9/1/2024,CUST-00914,105.81
10/1/2024,CUST-00914,105.81
11/1/2024,CUST-00914,105.81
12/1/2024,CUST-00914,107.4
1/1/2025,CUST-00914,105.81
2/1/2025,CUST-00914,105.81
3/1/2025,CUST-00914,105.81
4/1/2025,CUST-00914,105.81
5/1/2025,CUST-00914,105.81
6/1/2025,CUST-00914,105.81
7/1/2025,CUST-00914,105.81
8/1/2025,CUST-00914,105.81
9/1/2025,CUST-00914,105.81
10/1/2025,CUST-00914,105.81
11/1/2025,CUST-00914,105.81
12/1/2025,CUST-00914,107.4
9/1/2025,CUST-00915,40.61
10/1/2025,CUST-00915,40.61
11/1/2025,CUST-00915,40.61
12/1/2025,CUST-00915,41.22
8/1/2023,CUST-00916,106.26
9/1/2023,CUST-00916,106.26
10/1/2023,CUST-00916,106.26
11/1/2023,CUST-00916,106.26
12/1/2023,CUST-00916,107.85
1/1/2024,CUST-00916,106.26
2/1/2024,CUST-00916,106.26
3/1/2024,CUST-00916,106.26
4/1/2024,CUST-00916,106.26
5/1/2024,CUST-00916,106.26
6/1/2024,CUST-00916,106.26
7/1/2024,CUST-00916,106.26
8/1/2024,CUST-00916,106.26
9/1/2024,CUST-00916,106.26
10/1/2024,CUST-00916,106.26
11/1/2024,CUST-00916,106.26
12/1/2024,CUST-00916,107.85
1/1/2025,CUST-00916,106.26
2/1/2025,CUST-00916,106.26
3/1/2025,CUST-00916,106.26
4/1/2025,CUST-00916,106.26
5/1/2025,CUST-00916,106.26
6/1/2025,CUST-00916,106.26
7/1/2025,CUST-00916,106.26
8/1/2025,CUST-00916,106.26
9/1/2025,CUST-00916,106.26
10/1/2025,CUST-00916,106.26
11/1/2025,CUST-00916,106.26
12/1/2025,CUST-00916,107.85
9/1/2023,CUST-00917,85.54
10/1/2023,CUST-00917,85.54
11/1/2023,CUST-00917,85.54
12/1/2023,CUST-00917,86.82
1/1/2024,CUST-00917,85.54
2/1/2024,CUST-00917,85.54
3/1/2024,CUST-00917,85.54
4/1/2024,CUST-00917,85.54
5/1/2024,CUST-00917,85.54
6/1/2024,CUST-00917,85.54
7/1/2024,CUST-00917,85.54
8/1/2024,CUST-00917,85.54
9/1/2024,CUST-00917,85.54
10/1/2024,CUST-00917,85.54
11/1/2024,CUST-00917,85.54
12/1/2024,CUST-00917,86.82
1/1/2025,CUST-00917,85.54
2/1/2025,CUST-00917,85.54
3/1/2025,CUST-00917,85.54
4/1/2025,CUST-00917,85.54
5/1/2025,CUST-00917,85.54
6/1/2025,CUST-00917,85.54
7/1/2025,CUST-00917,85.54
8/1/2025,CUST-00917,85.54
9/1/2025,CUST-00917,85.54
10/1/2025,CUST-00917,85.54
11/1/2025,CUST-00917,85.54
12/1/2025,CUST-00917,86.82
5/1/2025,CUST-00918,112.97
6/1/2025,CUST-00918,112.97
7/1/2025,CUST-00918,112.97
8/1/2025,CUST-00918,112.97
9/1/2025,CUST-00918,112.97
10/1/2025,CUST-00918,112.97
11/1/2025,CUST-00918,112.97
1/1/2024,CUST-00919,52.19
2/1/2024,CUST-00919,52.19
3/1/2024,CUST-00919,52.19
4/1/2024,CUST-00919,52.19
5/1/2024,CUST-00919,52.19
6/1/2024,CUST-00919,52.19
7/1/2024,CUST-00919,52.19
8/1/2024,CUST-00919,52.19
9/1/2024,CUST-00919,52.19
10/1/2024,CUST-00919,52.19
11/1/2024,CUST-00919,52.19
12/1/2024,CUST-00919,52.97
1/1/2025,CUST-00919,52.19
2/1/2025,CUST-00919,52.19
3/1/2025,CUST-00919,52.19
4/1/2025,CUST-00919,52.19
5/1/2025,CUST-00919,52.19
6/1/2025,CUST-00919,52.19
7/1/2025,CUST-00919,52.19
8/1/2025,CUST-00919,52.19
9/1/2025,CUST-00919,52.19
10/1/2025,CUST-00919,52.19
11/1/2025,CUST-00919,52.19
12/1/2025,CUST-00919,52.97
4/1/2023,CUST-00920,50.66
5/1/2023,CUST-00920,50.66
6/1/2023,CUST-00920,50.66
7/1/2023,CUST-00920,50.66
8/1/2023,CUST-00920,50.66
9/1/2023,CUST-00920,50.66
10/1/2023,CUST-00920,50.66
11/1/2023,CUST-00920,50.66
12/1/2023,CUST-00920,51.42
1/1/2024,CUST-00920,50.66
2/1/2024,CUST-00920,50.66
3/1/2024,CUST-00920,50.66
4/1/2024,CUST-00920,50.66
5/1/2024,CUST-00920,50.66
6/1/2024,CUST-00920,50.66
7/1/2024,CUST-00920,50.66
8/1/2024,CUST-00920,50.66
9/1/2024,CUST-00920,50.66
10/1/2024,CUST-00920,50.66
11/1/2024,CUST-00920,50.66
12/1/2024,CUST-00920,51.42
1/1/2025,CUST-00920,50.66
2/1/2025,CUST-00920,50.66
3/1/2025,CUST-00920,50.66
4/1/2025,CUST-00920,50.66
5/1/2025,CUST-00920,50.66
6/1/2025,CUST-00920,50.66
7/1/2025,CUST-00920,50.66
8/1/2025,CUST-00920,50.66
9/1/2025,CUST-00920,50.66
10/1/2025,CUST-00920,50.66
11/1/2025,CUST-00920,50.66
12/1/2025,CUST-00920,51.42
7/1/2024,CUST-00921,64.75
8/1/2024,CUST-00921,64.75
9/1/2024,CUST-00921,64.75
10/1/2024,CUST-00921,64.75
11/1/2024,CUST-00921,64.75
12/1/2024,CUST-00921,65.72
1/1/2025,CUST-00921,64.75
2/1/2025,CUST-00921,64.75
3/1/2025,CUST-00921,64.75
4/1/2025,CUST-00921,64.75
5/1/2025,CUST-00921,64.75
6/1/2025,CUST-00921,64.75
7/1/2025,CUST-00921,64.75
8/1/2025,CUST-00921,64.75
9/1/2025,CUST-00921,64.75
10/1/2025,CUST-00921,64.75
11/1/2025,CUST-00921,64.75
12/1/2025,CUST-00921,65.72
12/1/2024,CUST-00922,55.36
1/1/2025,CUST-00922,54.54
2/1/2025,CUST-00922,54.54
3/1/2025,CUST-00922,54.54
4/1/2025,CUST-00922,54.54
5/1/2025,CUST-00922,54.54
6/1/2025,CUST-00922,54.54
7/1/2025,CUST-00922,54.54
8/1/2025,CUST-00922,54.54
9/1/2025,CUST-00922,54.54
10/1/2025,CUST-00922,54.54
11/1/2025,CUST-00922,54.54
12/1/2025,CUST-00922,55.36
5/1/2024,CUST-00923,83.03
6/1/2024,CUST-00923,83.03
7/1/2024,CUST-00923,83.03
8/1/2024,CUST-00923,83.03
9/1/2024,CUST-00923,83.03
10/1/2024,CUST-00923,83.03
11/1/2024,CUST-00923,83.03
12/1/2024,CUST-00923,84.28
1/1/2025,CUST-00923,83.03
2/1/2025,CUST-00923,83.03
3/1/2025,CUST-00923,83.03
4/1/2025,CUST-00923,83.03
5/1/2025,CUST-00923,83.03
6/1/2025,CUST-00923,83.03
7/1/2025,CUST-00923,83.03
8/1/2025,CUST-00923,83.03
9/1/2025,CUST-00923,83.03
10/1/2025,CUST-00923,83.03
11/1/2025,CUST-00923,83.03
12/1/2025,CUST-00923,84.28
1/1/2022,CUST-00924,75.84
2/1/2022,CUST-00924,75.84
3/1/2022,CUST-00924,75.84
4/1/2022,CUST-00924,75.84
5/1/2022,CUST-00924,75.84
6/1/2022,CUST-00924,75.84
7/1/2022,CUST-00924,75.84
8/1/2022,CUST-00924,75.84
9/1/2022,CUST-00924,75.84
10/1/2022,CUST-00924,75.84
11/1/2022,CUST-00924,75.84
12/1/2022,CUST-00924,76.98
1/1/2023,CUST-00924,75.84
2/1/2023,CUST-00924,75.84
3/1/2023,CUST-00924,75.84
4/1/2023,CUST-00924,75.84
5/1/2023,CUST-00924,75.84
6/1/2023,CUST-00924,75.84
7/1/2023,CUST-00924,75.84
8/1/2023,CUST-00924,75.84
9/1/2023,CUST-00924,75.84
10/1/2023,CUST-00924,75.84
11/1/2023,CUST-00924,75.84
12/1/2023,CUST-00924,76.98
1/1/2024,CUST-00924,75.84
2/1/2024,CUST-00924,75.84
3/1/2024,CUST-00924,75.84
4/1/2024,CUST-00924,75.84
5/1/2024,CUST-00924,75.84
6/1/2024,CUST-00924,75.84
7/1/2024,CUST-00924,75.84
8/1/2024,CUST-00924,75.84
9/1/2024,CUST-00924,75.84
10/1/2024,CUST-00924,75.84
11/1/2024,CUST-00924,75.84
12/1/2024,CUST-00924,76.98
1/1/2025,CUST-00924,75.84
2/1/2025,CUST-00924,75.84
3/1/2025,CUST-00924,75.84
4/1/2025,CUST-00924,75.84
5/1/2025,CUST-00924,75.84
6/1/2025,CUST-00924,75.84
7/1/2025,CUST-00924,75.84
8/1/2025,CUST-00924,75.84
9/1/2025,CUST-00924,75.84
10/1/2025,CUST-00924,75.84
11/1/2025,CUST-00924,75.84
12/1/2025,CUST-00924,76.98
8/1/2025,CUST-00925,112.23
9/1/2025,CUST-00925,112.23
10/1/2025,CUST-00925,112.23
11/1/2025,CUST-00925,112.23
12/1/2025,CUST-00925,113.91
12/1/2022,CUST-00926,55.72
1/1/2023,CUST-00926,54.9
2/1/2023,CUST-00926,54.9
3/1/2023,CUST-00926,54.9
4/1/2023,CUST-00926,54.9
5/1/2023,CUST-00926,54.9
6/1/2023,CUST-00926,54.9
7/1/2023,CUST-00926,54.9
8/1/2023,CUST-00926,54.9
9/1/2023,CUST-00926,54.9
10/1/2023,CUST-00926,54.9
11/1/2023,CUST-00926,54.9
12/1/2023,CUST-00926,55.72
1/1/2024,CUST-00926,54.9
2/1/2024,CUST-00926,54.9
3/1/2024,CUST-00926,54.9
4/1/2024,CUST-00926,54.9
5/1/2024,CUST-00926,54.9
6/1/2024,CUST-00926,54.9
7/1/2024,CUST-00926,54.9
8/1/2024,CUST-00926,54.9
9/1/2024,CUST-00926,54.9
10/1/2024,CUST-00926,54.9
11/1/2024,CUST-00926,54.9
12/1/2024,CUST-00926,55.72
1/1/2025,CUST-00926,54.9
2/1/2025,CUST-00926,54.9
3/1/2025,CUST-00926,54.9
4/1/2025,CUST-00926,54.9
5/1/2025,CUST-00926,54.9
6/1/2025,CUST-00926,54.9
7/1/2025,CUST-00926,54.9
8/1/2025,CUST-00926,54.9
9/1/2025,CUST-00926,54.9
10/1/2025,CUST-00926,54.9
11/1/2025,CUST-00926,54.9
12/1/2025,CUST-00926,55.72
2/1/2024,CUST-00927,69.75
3/1/2024,CUST-00927,69.75
4/1/2024,CUST-00927,69.75
5/1/2024,CUST-00927,69.75
6/1/2024,CUST-00927,69.75
7/1/2024,CUST-00927,69.75
8/1/2024,CUST-00927,69.75
9/1/2024,CUST-00927,69.75
10/1/2024,CUST-00927,69.75
11/1/2024,CUST-00927,69.75
12/1/2024,CUST-00927,70.8
1/1/2025,CUST-00927,69.75
2/1/2025,CUST-00927,69.75
3/1/2025,CUST-00927,69.75
4/1/2025,CUST-00927,69.75
5/1/2025,CUST-00927,69.75
6/1/2025,CUST-00927,69.75
7/1/2025,CUST-00927,69.75
8/1/2025,CUST-00927,69.75
9/1/2025,CUST-00927,69.75
10/1/2025,CUST-00927,69.75
11/1/2025,CUST-00927,69.75
12/1/2025,CUST-00927,70.8
3/1/2024,CUST-00928,39.3
4/1/2024,CUST-00928,39.3
5/1/2024,CUST-00928,39.3
6/1/2024,CUST-00928,39.3
7/1/2024,CUST-00928,39.3
8/1/2024,CUST-00928,39.3
9/1/2024,CUST-00928,39.3
10/1/2024,CUST-00928,39.3
11/1/2024,CUST-00928,39.3
12/1/2024,CUST-00928,39.89
1/1/2025,CUST-00928,39.3
2/1/2025,CUST-00928,39.3
3/1/2025,CUST-00928,39.3
4/1/2025,CUST-00928,39.3
5/1/2025,CUST-00928,39.3
6/1/2025,CUST-00928,39.3
7/1/2025,CUST-00928,39.3
8/1/2025,CUST-00928,39.3
9/1/2025,CUST-00928,39.3
10/1/2025,CUST-00928,39.3
11/1/2025,CUST-00928,39.3
12/1/2025,CUST-00928,39.89
11/1/2024,CUST-00929,77.14
12/1/2024,CUST-00929,78.3
1/1/2025,CUST-00929,77.14
11/1/2024,CUST-00930,49.1
12/1/2024,CUST-00930,49.84
1/1/2025,CUST-00930,49.1
2/1/2025,CUST-00930,49.1
3/1/2025,CUST-00930,49.1
4/1/2025,CUST-00930,49.1
5/1/2025,CUST-00930,49.1
6/1/2025,CUST-00930,49.1
7/1/2025,CUST-00930,49.1
8/1/2025,CUST-00930,49.1
9/1/2025,CUST-00930,49.1
10/1/2025,CUST-00930,49.1
11/1/2025,CUST-00930,49.1
12/1/2025,CUST-00930,49.84
12/1/2023,CUST-00931,51.24
1/1/2024,CUST-00931,50.48
2/1/2024,CUST-00931,50.48
3/1/2024,CUST-00931,50.48
4/1/2024,CUST-00931,50.48
5/1/2024,CUST-00931,50.48
6/1/2024,CUST-00931,50.48
7/1/2024,CUST-00931,50.48
8/1/2024,CUST-00931,50.48
9/1/2024,CUST-00931,50.48
10/1/2024,CUST-00931,50.48
11/1/2024,CUST-00931,50.48
12/1/2024,CUST-00931,51.24
1/1/2025,CUST-00931,50.48
2/1/2025,CUST-00931,50.48
3/1/2025,CUST-00931,50.48
4/1/2025,CUST-00931,50.48
5/1/2025,CUST-00931,50.48
6/1/2025,CUST-00931,50.48
7/1/2025,CUST-00931,50.48
8/1/2025,CUST-00931,50.48
9/1/2025,CUST-00931,50.48
10/1/2025,CUST-00931,50.48
11/1/2025,CUST-00931,50.48
12/1/2025,CUST-00931,51.24
3/1/2022,CUST-00932,95.36
4/1/2022,CUST-00932,95.36
5/1/2022,CUST-00932,95.36
6/1/2022,CUST-00932,95.36
7/1/2022,CUST-00932,95.36
8/1/2022,CUST-00932,95.36
9/1/2022,CUST-00932,95.36
10/1/2022,CUST-00932,95.36
11/1/2022,CUST-00932,95.36
12/1/2022,CUST-00932,96.79
1/1/2023,CUST-00932,95.36
2/1/2023,CUST-00932,95.36
3/1/2023,CUST-00932,95.36
4/1/2023,CUST-00932,95.36
5/1/2023,CUST-00932,95.36
6/1/2023,CUST-00932,95.36
7/1/2023,CUST-00932,95.36
8/1/2023,CUST-00932,95.36
9/1/2023,CUST-00932,95.36
10/1/2023,CUST-00932,95.36
11/1/2023,CUST-00932,95.36
12/1/2023,CUST-00932,96.79
1/1/2024,CUST-00932,95.36
2/1/2024,CUST-00932,95.36
3/1/2024,CUST-00932,95.36
4/1/2024,CUST-00932,95.36
5/1/2024,CUST-00932,95.36
6/1/2024,CUST-00932,95.36
7/1/2024,CUST-00932,95.36
8/1/2024,CUST-00932,95.36
9/1/2024,CUST-00932,95.36
10/1/2024,CUST-00932,95.36
11/1/2024,CUST-00932,95.36
12/1/2024,CUST-00932,96.79
1/1/2025,CUST-00932,95.36
2/1/2025,CUST-00932,95.36
3/1/2025,CUST-00932,95.36
4/1/2025,CUST-00932,95.36
5/1/2025,CUST-00932,95.36
6/1/2025,CUST-00932,95.36
7/1/2025,CUST-00932,95.36
8/1/2025,CUST-00932,95.36
9/1/2025,CUST-00932,95.36
10/1/2025,CUST-00932,95.36
11/1/2025,CUST-00932,95.36
12/1/2025,CUST-00932,96.79
11/1/2022,CUST-00933,72.48
12/1/2022,CUST-00933,73.57
1/1/2023,CUST-00933,72.48
2/1/2023,CUST-00933,72.48
3/1/2023,CUST-00933,72.48
4/1/2023,CUST-00933,72.48
5/1/2023,CUST-00933,72.48
6/1/2023,CUST-00933,72.48
7/1/2023,CUST-00933,72.48
8/1/2023,CUST-00933,72.48
9/1/2023,CUST-00933,72.48
10/1/2023,CUST-00933,72.48
11/1/2023,CUST-00933,72.48
12/1/2023,CUST-00933,73.57
1/1/2024,CUST-00933,72.48
2/1/2024,CUST-00933,72.48
3/1/2024,CUST-00933,72.48
4/1/2024,CUST-00933,72.48
5/1/2024,CUST-00933,72.48
6/1/2024,CUST-00933,72.48
7/1/2024,CUST-00933,72.48
8/1/2024,CUST-00933,72.48
9/1/2024,CUST-00933,72.48
10/1/2024,CUST-00933,72.48
11/1/2024,CUST-00933,72.48
12/1/2024,CUST-00933,73.57
1/1/2025,CUST-00933,72.48
2/1/2025,CUST-00933,72.48
3/1/2025,CUST-00933,72.48
4/1/2025,CUST-00933,72.48
5/1/2025,CUST-00933,72.48
6/1/2025,CUST-00933,72.48
7/1/2025,CUST-00933,72.48
8/1/2025,CUST-00933,72.48
9/1/2025,CUST-00933,72.48
10/1/2025,CUST-00933,72.48
11/1/2025,CUST-00933,72.48
12/1/2025,CUST-00933,73.57
2/1/2024,CUST-00934,41.8
3/1/2024,CUST-00934,41.8
4/1/2024,CUST-00934,41.8
5/1/2024,CUST-00934,41.8
6/1/2024,CUST-00934,41.8
7/1/2024,CUST-00934,41.8
8/1/2024,CUST-00934,41.8
9/1/2024,CUST-00934,41.8
10/1/2024,CUST-00934,41.8
11/1/2024,CUST-00934,41.8
12/1/2024,CUST-00934,42.43
1/1/2025,CUST-00934,41.8
2/1/2025,CUST-00934,41.8
3/1/2025,CUST-00934,41.8
4/1/2025,CUST-00934,41.8
5/1/2025,CUST-00934,41.8
6/1/2025,CUST-00934,41.8
7/1/2025,CUST-00934,41.8
8/1/2025,CUST-00934,41.8
9/1/2025,CUST-00934,41.8
10/1/2025,CUST-00934,41.8
11/1/2025,CUST-00934,41.8
12/1/2025,CUST-00934,42.43
12/1/2022,CUST-00935,68.78
1/1/2023,CUST-00935,67.76
2/1/2023,CUST-00935,67.76
3/1/2023,CUST-00935,67.76
4/1/2023,CUST-00935,67.76
5/1/2023,CUST-00935,67.76
6/1/2023,CUST-00935,67.76
7/1/2023,CUST-00935,67.76
8/1/2023,CUST-00935,67.76
9/1/2023,CUST-00935,67.76
10/1/2023,CUST-00935,67.76
11/1/2023,CUST-00935,67.76
12/1/2023,CUST-00935,68.78
1/1/2024,CUST-00935,67.76
2/1/2024,CUST-00935,67.76
3/1/2024,CUST-00935,67.76
4/1/2024,CUST-00935,67.76
5/1/2024,CUST-00935,67.76
6/1/2024,CUST-00935,67.76
7/1/2024,CUST-00935,67.76
8/1/2024,CUST-00935,67.76
9/1/2024,CUST-00935,67.76
10/1/2024,CUST-00935,67.76
11/1/2024,CUST-00935,67.76
12/1/2024,CUST-00935,68.78
1/1/2025,CUST-00935,67.76
2/1/2025,CUST-00935,67.76
3/1/2025,CUST-00935,67.76
4/1/2025,CUST-00935,67.76
5/1/2025,CUST-00935,67.76
6/1/2025,CUST-00935,67.76
7/1/2025,CUST-00935,67.76
8/1/2025,CUST-00935,67.76
9/1/2025,CUST-00935,67.76
10/1/2025,CUST-00935,67.76
11/1/2025,CUST-00935,67.76
12/1/2025,CUST-00935,68.78
4/1/2023,CUST-00936,77.92
5/1/2023,CUST-00936,77.92
6/1/2023,CUST-00936,77.92
7/1/2023,CUST-00936,77.92
8/1/2023,CUST-00936,77.92
9/1/2023,CUST-00936,77.92
10/1/2023,CUST-00936,77.92
11/1/2023,CUST-00936,77.92
12/1/2023,CUST-00936,79.09
1/1/2024,CUST-00936,77.92
2/1/2024,CUST-00936,77.92
3/1/2024,CUST-00936,77.92
4/1/2024,CUST-00936,77.92
5/1/2024,CUST-00936,77.92
6/1/2024,CUST-00936,77.92
7/1/2024,CUST-00936,77.92
8/1/2024,CUST-00936,77.92
9/1/2024,CUST-00936,77.92
10/1/2024,CUST-00936,77.92
11/1/2024,CUST-00936,77.92
12/1/2024,CUST-00936,79.09
1/1/2025,CUST-00936,77.92
2/1/2025,CUST-00936,77.92
3/1/2025,CUST-00936,77.92
4/1/2025,CUST-00936,77.92
5/1/2025,CUST-00936,77.92
6/1/2025,CUST-00936,77.92
7/1/2025,CUST-00936,77.92
8/1/2025,CUST-00936,77.92
9/1/2025,CUST-00936,77.92
10/1/2025,CUST-00936,77.92
11/1/2025,CUST-00936,77.92
12/1/2025,CUST-00936,79.09
6/1/2025,CUST-00937,72.92
7/1/2025,CUST-00937,72.92
8/1/2025,CUST-00937,72.92
5/1/2022,CUST-00938,85.12
6/1/2022,CUST-00938,85.12
7/1/2022,CUST-00938,85.12
8/1/2022,CUST-00938,85.12
9/1/2022,CUST-00938,85.12
10/1/2022,CUST-00938,85.12
11/1/2022,CUST-00938,85.12
12/1/2022,CUST-00938,86.4
1/1/2023,CUST-00938,85.12
2/1/2023,CUST-00938,85.12
3/1/2023,CUST-00938,85.12
4/1/2023,CUST-00938,85.12
5/1/2023,CUST-00938,85.12
6/1/2023,CUST-00938,85.12
7/1/2023,CUST-00938,85.12
8/1/2023,CUST-00938,85.12
9/1/2023,CUST-00938,85.12
10/1/2023,CUST-00938,85.12
11/1/2023,CUST-00938,85.12
12/1/2023,CUST-00938,86.4
1/1/2024,CUST-00938,85.12
2/1/2024,CUST-00938,85.12
3/1/2024,CUST-00938,85.12
4/1/2024,CUST-00938,85.12
5/1/2024,CUST-00938,85.12
6/1/2024,CUST-00938,85.12
7/1/2024,CUST-00938,85.12
8/1/2024,CUST-00938,85.12
9/1/2024,CUST-00938,85.12
10/1/2024,CUST-00938,85.12
11/1/2024,CUST-00938,85.12
12/1/2024,CUST-00938,86.4
1/1/2025,CUST-00938,85.12
2/1/2025,CUST-00938,85.12
3/1/2025,CUST-00938,85.12
4/1/2025,CUST-00938,85.12
5/1/2025,CUST-00938,85.12
6/1/2025,CUST-00938,85.12
7/1/2025,CUST-00938,85.12
8/1/2025,CUST-00938,85.12
9/1/2025,CUST-00938,85.12
10/1/2025,CUST-00938,85.12
11/1/2025,CUST-00938,85.12
12/1/2025,CUST-00938,86.4
9/1/2024,CUST-00939,72.73
10/1/2024,CUST-00939,72.73
11/1/2024,CUST-00939,72.73
12/1/2024,CUST-00939,73.82
1/1/2025,CUST-00939,72.73
2/1/2025,CUST-00939,72.73
3/1/2025,CUST-00939,72.73
2/1/2025,CUST-00940,90.71
3/1/2025,CUST-00940,90.71
4/1/2025,CUST-00940,90.71
5/1/2025,CUST-00940,90.71
6/1/2025,CUST-00940,90.71
7/1/2025,CUST-00940,90.71
8/1/2025,CUST-00940,90.71
9/1/2025,CUST-00940,90.71
10/1/2025,CUST-00940,90.71
11/1/2025,CUST-00940,90.71
12/1/2025,CUST-00940,92.07
11/1/2023,CUST-00941,100.33
12/1/2023,CUST-00941,101.83
1/1/2024,CUST-00941,100.33
2/1/2024,CUST-00941,100.33
3/1/2024,CUST-00941,100.33
4/1/2024,CUST-00941,100.33
5/1/2024,CUST-00941,100.33
6/1/2024,CUST-00941,100.33
7/1/2024,CUST-00941,100.33
8/1/2024,CUST-00941,100.33
9/1/2024,CUST-00941,100.33
10/1/2024,CUST-00941,100.33
11/1/2024,CUST-00941,100.33
12/1/2024,CUST-00941,101.83
1/1/2025,CUST-00941,100.33
2/1/2025,CUST-00941,100.33
3/1/2025,CUST-00941,100.33
4/1/2025,CUST-00941,100.33
5/1/2025,CUST-00941,100.33
6/1/2025,CUST-00941,100.33
7/1/2025,CUST-00941,100.33
8/1/2025,CUST-00941,100.33
9/1/2025,CUST-00941,100.33
10/1/2025,CUST-00941,100.33
11/1/2025,CUST-00941,100.33
12/1/2025,CUST-00941,101.83
10/1/2022,CUST-00942,113.44
11/1/2022,CUST-00942,113.44
12/1/2022,CUST-00942,115.14
1/1/2023,CUST-00942,113.44
2/1/2023,CUST-00942,113.44
3/1/2023,CUST-00942,113.44
4/1/2023,CUST-00942,113.44
5/1/2023,CUST-00942,113.44
6/1/2023,CUST-00942,113.44
7/1/2023,CUST-00942,113.44
8/1/2023,CUST-00942,113.44
9/1/2023,CUST-00942,113.44
10/1/2023,CUST-00942,113.44
11/1/2023,CUST-00942,113.44
12/1/2023,CUST-00942,115.14
1/1/2024,CUST-00942,113.44
2/1/2024,CUST-00942,113.44
3/1/2024,CUST-00942,113.44
4/1/2024,CUST-00942,113.44
5/1/2024,CUST-00942,113.44
6/1/2024,CUST-00942,113.44
7/1/2024,CUST-00942,113.44
8/1/2024,CUST-00942,113.44
9/1/2024,CUST-00942,113.44
10/1/2024,CUST-00942,113.44
11/1/2024,CUST-00942,113.44
12/1/2024,CUST-00942,115.14
1/1/2025,CUST-00942,113.44
2/1/2025,CUST-00942,113.44
3/1/2025,CUST-00942,113.44
4/1/2025,CUST-00942,113.44
5/1/2025,CUST-00942,113.44
6/1/2025,CUST-00942,113.44
7/1/2025,CUST-00942,113.44
8/1/2025,CUST-00942,113.44
9/1/2025,CUST-00942,113.44
10/1/2025,CUST-00942,113.44
11/1/2025,CUST-00942,113.44
12/1/2025,CUST-00942,115.14
5/1/2023,CUST-00943,83.45
6/1/2023,CUST-00943,83.45
7/1/2023,CUST-00943,83.45
8/1/2023,CUST-00943,83.45
9/1/2023,CUST-00943,83.45
10/1/2023,CUST-00943,83.45
11/1/2023,CUST-00943,83.45
12/1/2023,CUST-00943,84.7
1/1/2024,CUST-00943,83.45
2/1/2024,CUST-00943,83.45
3/1/2024,CUST-00943,83.45
4/1/2024,CUST-00943,83.45
5/1/2024,CUST-00943,83.45
6/1/2024,CUST-00943,83.45
7/1/2024,CUST-00943,83.45
8/1/2024,CUST-00943,83.45
9/1/2024,CUST-00943,83.45
10/1/2024,CUST-00943,83.45
11/1/2024,CUST-00943,83.45
12/1/2024,CUST-00943,84.7
1/1/2025,CUST-00943,83.45
2/1/2025,CUST-00943,83.45
3/1/2025,CUST-00943,83.45
4/1/2025,CUST-00943,83.45
5/1/2025,CUST-00943,83.45
6/1/2025,CUST-00943,83.45
7/1/2025,CUST-00943,83.45
8/1/2025,CUST-00943,83.45
9/1/2025,CUST-00943,83.45
10/1/2025,CUST-00943,83.45
11/1/2025,CUST-00943,83.45
12/1/2025,CUST-00943,84.7
1/1/2022,CUST-00944,42.86
2/1/2022,CUST-00944,42.86
3/1/2022,CUST-00944,42.86
4/1/2022,CUST-00944,42.86
5/1/2022,CUST-00944,42.86
6/1/2022,CUST-00944,42.86
7/1/2022,CUST-00944,42.86
8/1/2022,CUST-00944,42.86
9/1/2022,CUST-00944,42.86
10/1/2022,CUST-00944,42.86
11/1/2022,CUST-00944,42.86
12/1/2022,CUST-00944,43.5
1/1/2023,CUST-00944,42.86
2/1/2023,CUST-00944,42.86
3/1/2023,CUST-00944,42.86
4/1/2023,CUST-00944,42.86
5/1/2023,CUST-00944,42.86
6/1/2023,CUST-00944,42.86
7/1/2023,CUST-00944,42.86
8/1/2023,CUST-00944,42.86
9/1/2023,CUST-00944,42.86
10/1/2023,CUST-00944,42.86
11/1/2023,CUST-00944,42.86
12/1/2023,CUST-00944,43.5
1/1/2024,CUST-00944,42.86
2/1/2024,CUST-00944,42.86
3/1/2024,CUST-00944,42.86
4/1/2024,CUST-00944,42.86
5/1/2024,CUST-00944,42.86
6/1/2024,CUST-00944,42.86
7/1/2024,CUST-00944,42.86
8/1/2024,CUST-00944,42.86
9/1/2024,CUST-00944,42.86
10/1/2024,CUST-00944,42.86
11/1/2024,CUST-00944,42.86
12/1/2024,CUST-00944,43.5
1/1/2025,CUST-00944,42.86
2/1/2025,CUST-00944,42.86
3/1/2025,CUST-00944,42.86
4/1/2025,CUST-00944,42.86
5/1/2025,CUST-00944,42.86
6/1/2025,CUST-00944,42.86
7/1/2025,CUST-00944,42.86
8/1/2025,CUST-00944,42.86
9/1/2025,CUST-00944,42.86
10/1/2025,CUST-00944,42.86
11/1/2025,CUST-00944,42.86
12/1/2025,CUST-00944,43.5
5/1/2023,CUST-00945,64.42
6/1/2023,CUST-00945,64.42
7/1/2023,CUST-00945,64.42
8/1/2023,CUST-00945,64.42
9/1/2023,CUST-00945,64.42
10/1/2023,CUST-00945,64.42
11/1/2023,CUST-00945,64.42
12/1/2023,CUST-00945,65.39
1/1/2024,CUST-00945,64.42
2/1/2024,CUST-00945,64.42
3/1/2024,CUST-00945,64.42
4/1/2024,CUST-00945,64.42
5/1/2024,CUST-00945,64.42
6/1/2024,CUST-00945,64.42
7/1/2024,CUST-00945,64.42
8/1/2024,CUST-00945,64.42
9/1/2024,CUST-00945,64.42
10/1/2024,CUST-00945,64.42
11/1/2024,CUST-00945,64.42
12/1/2024,CUST-00945,65.39
1/1/2025,CUST-00945,64.42
2/1/2025,CUST-00945,64.42
3/1/2025,CUST-00945,64.42
4/1/2025,CUST-00945,64.42
5/1/2025,CUST-00945,64.42
6/1/2025,CUST-00945,64.42
7/1/2025,CUST-00945,64.42
8/1/2025,CUST-00945,64.42
9/1/2025,CUST-00945,64.42
10/1/2025,CUST-00945,64.42
11/1/2025,CUST-00945,64.42
12/1/2025,CUST-00945,65.39
8/1/2025,CUST-00946,87.34
9/1/2025,CUST-00946,87.34
10/1/2025,CUST-00946,87.34
11/1/2025,CUST-00946,87.34
12/1/2025,CUST-00946,88.65
9/1/2022,CUST-00947,62.02
10/1/2022,CUST-00947,62.02
11/1/2022,CUST-00947,62.02
12/1/2022,CUST-00947,62.95
1/1/2023,CUST-00947,62.02
2/1/2023,CUST-00947,62.02
3/1/2023,CUST-00947,62.02
4/1/2023,CUST-00947,62.02
5/1/2023,CUST-00947,62.02
6/1/2023,CUST-00947,62.02
7/1/2023,CUST-00947,62.02
8/1/2023,CUST-00947,62.02
9/1/2023,CUST-00947,62.02
10/1/2023,CUST-00947,62.02
11/1/2023,CUST-00947,62.02
12/1/2023,CUST-00947,62.95
1/1/2024,CUST-00947,62.02
2/1/2024,CUST-00947,62.02
3/1/2024,CUST-00947,62.02
4/1/2024,CUST-00947,62.02
5/1/2024,CUST-00947,62.02
6/1/2024,CUST-00947,62.02
7/1/2024,CUST-00947,62.02
8/1/2024,CUST-00947,62.02
9/1/2024,CUST-00947,62.02
10/1/2024,CUST-00947,62.02
11/1/2024,CUST-00947,62.02
12/1/2024,CUST-00947,62.95
1/1/2025,CUST-00947,62.02
2/1/2025,CUST-00947,62.02
3/1/2025,CUST-00947,62.02
4/1/2025,CUST-00947,62.02
5/1/2025,CUST-00947,62.02
6/1/2025,CUST-00947,62.02
7/1/2025,CUST-00947,62.02
8/1/2025,CUST-00947,62.02
9/1/2025,CUST-00947,62.02
10/1/2025,CUST-00947,62.02
11/1/2025,CUST-00947,62.02
12/1/2025,CUST-00947,62.95
3/1/2023,CUST-00948,81.28
4/1/2023,CUST-00948,81.28
5/1/2023,CUST-00948,81.28
6/1/2023,CUST-00948,81.28
7/1/2023,CUST-00948,81.28
8/1/2023,CUST-00948,81.28
9/1/2023,CUST-00948,81.28
10/1/2023,CUST-00948,81.28
11/1/2023,CUST-00948,81.28
12/1/2023,CUST-00948,82.5
1/1/2024,CUST-00948,81.28
2/1/2024,CUST-00948,81.28
3/1/2024,CUST-00948,81.28
4/1/2024,CUST-00948,81.28
5/1/2024,CUST-00948,81.28
6/1/2024,CUST-00948,81.28
7/1/2024,CUST-00948,81.28
8/1/2024,CUST-00948,81.28
9/1/2024,CUST-00948,81.28
10/1/2024,CUST-00948,81.28
11/1/2024,CUST-00948,81.28
12/1/2024,CUST-00948,82.5
1/1/2025,CUST-00948,81.28
2/1/2025,CUST-00948,81.28
3/1/2025,CUST-00948,81.28
4/1/2025,CUST-00948,81.28
5/1/2025,CUST-00948,81.28
6/1/2025,CUST-00948,81.28
7/1/2025,CUST-00948,81.28
8/1/2025,CUST-00948,81.28
9/1/2025,CUST-00948,81.28
10/1/2025,CUST-00948,81.28
11/1/2025,CUST-00948,81.28
12/1/2025,CUST-00948,82.5
9/1/2025,CUST-00949,89.61
10/1/2025,CUST-00949,89.61
11/1/2025,CUST-00949,89.61
12/1/2025,CUST-00949,90.95
6/1/2022,CUST-00950,56.79
7/1/2022,CUST-00950,56.79
8/1/2022,CUST-00950,56.79
9/1/2022,CUST-00950,56.79
10/1/2022,CUST-00950,56.79
11/1/2022,CUST-00950,56.79
12/1/2022,CUST-00950,57.64
1/1/2023,CUST-00950,56.79
2/1/2023,CUST-00950,56.79
3/1/2023,CUST-00950,56.79
4/1/2023,CUST-00950,56.79
5/1/2023,CUST-00950,56.79
6/1/2023,CUST-00950,56.79
7/1/2023,CUST-00950,56.79
8/1/2023,CUST-00950,56.79
9/1/2023,CUST-00950,56.79
10/1/2023,CUST-00950,56.79
11/1/2023,CUST-00950,56.79
12/1/2023,CUST-00950,57.64
1/1/2024,CUST-00950,56.79
2/1/2024,CUST-00950,56.79
3/1/2024,CUST-00950,56.79
4/1/2024,CUST-00950,56.79
5/1/2024,CUST-00950,56.79
6/1/2024,CUST-00950,56.79
7/1/2024,CUST-00950,56.79
8/1/2024,CUST-00950,56.79
9/1/2024,CUST-00950,56.79
10/1/2024,CUST-00950,56.79
11/1/2024,CUST-00950,56.79
12/1/2024,CUST-00950,57.64
1/1/2025,CUST-00950,56.79
2/1/2025,CUST-00950,56.79
3/1/2025,CUST-00950,56.79
4/1/2025,CUST-00950,56.79
5/1/2025,CUST-00950,56.79
6/1/2025,CUST-00950,56.79
7/1/2025,CUST-00950,56.79
8/1/2025,CUST-00950,56.79
9/1/2025,CUST-00950,56.79
10/1/2025,CUST-00950,56.79
11/1/2025,CUST-00950,56.79
12/1/2025,CUST-00950,57.64
8/1/2024,CUST-00951,104.2
9/1/2024,CUST-00951,104.2
10/1/2024,CUST-00951,104.2
11/1/2024,CUST-00951,104.2
12/1/2024,CUST-00951,105.76
1/1/2025,CUST-00951,104.2
2/1/2025,CUST-00951,104.2
3/1/2025,CUST-00951,104.2
4/1/2025,CUST-00951,104.2
5/1/2025,CUST-00951,104.2
6/1/2025,CUST-00951,104.2
7/1/2025,CUST-00951,104.2
8/1/2025,CUST-00951,104.2
9/1/2025,CUST-00951,104.2
10/1/2025,CUST-00951,104.2
11/1/2025,CUST-00951,104.2
12/1/2025,CUST-00951,105.76
6/1/2024,CUST-00952,78.62
7/1/2024,CUST-00952,78.62
8/1/2024,CUST-00952,78.62
9/1/2024,CUST-00952,78.62
10/1/2024,CUST-00952,78.62
11/1/2024,CUST-00952,78.62
12/1/2024,CUST-00952,79.8
1/1/2025,CUST-00952,78.62
2/1/2025,CUST-00952,78.62
3/1/2025,CUST-00952,78.62
4/1/2025,CUST-00952,78.62
5/1/2025,CUST-00952,78.62
6/1/2025,CUST-00952,78.62
7/1/2025,CUST-00952,78.62
8/1/2025,CUST-00952,78.62
9/1/2025,CUST-00952,78.62
10/1/2025,CUST-00952,78.62
11/1/2025,CUST-00952,78.62
12/1/2025,CUST-00952,79.8
10/1/2022,CUST-00953,81.29
11/1/2022,CUST-00953,81.29
12/1/2022,CUST-00953,82.51
1/1/2023,CUST-00953,81.29
2/1/2023,CUST-00953,81.29
3/1/2023,CUST-00953,81.29
4/1/2023,CUST-00953,81.29
5/1/2023,CUST-00953,81.29
6/1/2023,CUST-00953,81.29
7/1/2023,CUST-00953,81.29
8/1/2023,CUST-00953,81.29
9/1/2023,CUST-00953,81.29
10/1/2023,CUST-00953,81.29
11/1/2023,CUST-00953,81.29
12/1/2023,CUST-00953,82.51
1/1/2024,CUST-00953,81.29
2/1/2024,CUST-00953,81.29
3/1/2024,CUST-00953,81.29
4/1/2024,CUST-00953,81.29
5/1/2024,CUST-00953,81.29
6/1/2024,CUST-00953,81.29
7/1/2024,CUST-00953,81.29
8/1/2024,CUST-00953,81.29
9/1/2024,CUST-00953,81.29
10/1/2024,CUST-00953,81.29
11/1/2024,CUST-00953,81.29
12/1/2024,CUST-00953,82.51
1/1/2025,CUST-00953,81.29
2/1/2025,CUST-00953,81.29
3/1/2025,CUST-00953,81.29
4/1/2025,CUST-00953,81.29
5/1/2025,CUST-00953,81.29
6/1/2025,CUST-00953,81.29
7/1/2025,CUST-00953,81.29
8/1/2025,CUST-00953,81.29
9/1/2025,CUST-00953,81.29
10/1/2025,CUST-00953,81.29
11/1/2025,CUST-00953,81.29
12/1/2025,CUST-00953,82.51
3/1/2023,CUST-00954,121.29
4/1/2023,CUST-00954,121.29
5/1/2023,CUST-00954,121.29
6/1/2023,CUST-00954,121.29
7/1/2023,CUST-00954,121.29
8/1/2023,CUST-00954,121.29
9/1/2023,CUST-00954,121.29
10/1/2023,CUST-00954,121.29
11/1/2023,CUST-00954,121.29
12/1/2023,CUST-00954,123.11
1/1/2024,CUST-00954,121.29
2/1/2024,CUST-00954,121.29
3/1/2024,CUST-00954,121.29
4/1/2024,CUST-00954,121.29
5/1/2024,CUST-00954,121.29
6/1/2024,CUST-00954,121.29
7/1/2024,CUST-00954,121.29
8/1/2024,CUST-00954,121.29
9/1/2024,CUST-00954,121.29
10/1/2024,CUST-00954,121.29
11/1/2024,CUST-00954,121.29
12/1/2024,CUST-00954,123.11
1/1/2025,CUST-00954,121.29
2/1/2025,CUST-00954,121.29
3/1/2025,CUST-00954,121.29
4/1/2025,CUST-00954,121.29
5/1/2025,CUST-00954,121.29
6/1/2025,CUST-00954,121.29
7/1/2025,CUST-00954,121.29
8/1/2025,CUST-00954,121.29
9/1/2025,CUST-00954,121.29
10/1/2025,CUST-00954,121.29
11/1/2025,CUST-00954,121.29
12/1/2025,CUST-00954,123.11
4/1/2023,CUST-00955,67.72
5/1/2023,CUST-00955,67.72
6/1/2023,CUST-00955,67.72
7/1/2023,CUST-00955,67.72
8/1/2023,CUST-00955,67.72
9/1/2023,CUST-00955,67.72
10/1/2023,CUST-00955,67.72
11/1/2023,CUST-00955,67.72
12/1/2023,CUST-00955,68.74
1/1/2024,CUST-00955,67.72
2/1/2024,CUST-00955,67.72
3/1/2024,CUST-00955,67.72
4/1/2024,CUST-00955,67.72
5/1/2024,CUST-00955,67.72
6/1/2024,CUST-00955,67.72
7/1/2024,CUST-00955,67.72
8/1/2024,CUST-00955,67.72
9/1/2024,CUST-00955,67.72
10/1/2024,CUST-00955,67.72
11/1/2024,CUST-00955,67.72
12/1/2024,CUST-00955,68.74
1/1/2025,CUST-00955,67.72
2/1/2025,CUST-00955,67.72
3/1/2025,CUST-00955,67.72
4/1/2025,CUST-00955,67.72
5/1/2025,CUST-00955,67.72
6/1/2025,CUST-00955,67.72
7/1/2025,CUST-00955,67.72
8/1/2025,CUST-00955,67.72
9/1/2025,CUST-00955,67.72
10/1/2025,CUST-00955,67.72
11/1/2025,CUST-00955,67.72
12/1/2025,CUST-00955,68.74
7/1/2024,CUST-00956,104.84
8/1/2024,CUST-00956,104.84
9/1/2024,CUST-00956,104.84
10/1/2024,CUST-00956,104.84
11/1/2024,CUST-00956,104.84
12/1/2024,CUST-00956,106.41
1/1/2025,CUST-00956,104.84
2/1/2025,CUST-00956,104.84
3/1/2025,CUST-00956,104.84
4/1/2025,CUST-00956,104.84
5/1/2025,CUST-00956,104.84
6/1/2025,CUST-00956,104.84
7/1/2025,CUST-00956,104.84
8/1/2025,CUST-00956,104.84
9/1/2025,CUST-00956,104.84
10/1/2025,CUST-00956,104.84
11/1/2025,CUST-00956,104.84
12/1/2025,CUST-00956,106.41
3/1/2023,CUST-00957,100.32
4/1/2023,CUST-00957,100.32
5/1/2023,CUST-00957,100.32
6/1/2023,CUST-00957,100.32
7/1/2023,CUST-00957,100.32
8/1/2023,CUST-00957,100.32
9/1/2023,CUST-00957,100.32
10/1/2023,CUST-00957,100.32
11/1/2023,CUST-00957,100.32
12/1/2023,CUST-00957,101.82
1/1/2024,CUST-00957,100.32
2/1/2024,CUST-00957,100.32
3/1/2024,CUST-00957,100.32
4/1/2024,CUST-00957,100.32
5/1/2024,CUST-00957,100.32
6/1/2024,CUST-00957,100.32
7/1/2024,CUST-00957,100.32
8/1/2024,CUST-00957,100.32
9/1/2024,CUST-00957,100.32
10/1/2024,CUST-00957,100.32
11/1/2024,CUST-00957,100.32
12/1/2024,CUST-00957,101.82
1/1/2025,CUST-00957,100.32
2/1/2025,CUST-00957,100.32
3/1/2025,CUST-00957,100.32
4/1/2025,CUST-00957,100.32
5/1/2025,CUST-00957,100.32
6/1/2025,CUST-00957,100.32
7/1/2025,CUST-00957,100.32
8/1/2025,CUST-00957,100.32
9/1/2025,CUST-00957,100.32
10/1/2025,CUST-00957,100.32
11/1/2025,CUST-00957,100.32
12/1/2025,CUST-00957,101.82
3/1/2024,CUST-00958,78.67
4/1/2024,CUST-00958,78.67
5/1/2024,CUST-00958,78.67
2/1/2024,CUST-00959,68.33
3/1/2024,CUST-00959,68.33
4/1/2024,CUST-00959,68.33
5/1/2024,CUST-00959,68.33
6/1/2024,CUST-00959,68.33
7/1/2024,CUST-00959,68.33
8/1/2024,CUST-00959,68.33
9/1/2024,CUST-00959,68.33
10/1/2024,CUST-00959,68.33
11/1/2024,CUST-00959,68.33
12/1/2024,CUST-00959,69.35
1/1/2025,CUST-00959,68.33
2/1/2025,CUST-00959,68.33
3/1/2025,CUST-00959,68.33
4/1/2025,CUST-00959,68.33
5/1/2025,CUST-00959,68.33
6/1/2025,CUST-00959,68.33
7/1/2025,CUST-00959,68.33
8/1/2025,CUST-00959,68.33
9/1/2025,CUST-00959,68.33
10/1/2025,CUST-00959,68.33
11/1/2025,CUST-00959,68.33
12/1/2025,CUST-00959,69.35
12/1/2023,CUST-00960,65.31
1/1/2024,CUST-00960,64.34
2/1/2024,CUST-00960,64.34
3/1/2024,CUST-00960,64.34
4/1/2024,CUST-00960,64.34
5/1/2024,CUST-00960,64.34
6/1/2024,CUST-00960,64.34
7/1/2024,CUST-00960,64.34
8/1/2024,CUST-00960,64.34
9/1/2024,CUST-00960,64.34
10/1/2024,CUST-00960,64.34
11/1/2024,CUST-00960,64.34
12/1/2024,CUST-00960,65.31
1/1/2025,CUST-00960,64.34
2/1/2025,CUST-00960,64.34
3/1/2025,CUST-00960,64.34
4/1/2025,CUST-00960,64.34
5/1/2025,CUST-00960,64.34
6/1/2025,CUST-00960,64.34
7/1/2025,CUST-00960,64.34
8/1/2025,CUST-00960,64.34
9/1/2025,CUST-00960,64.34
10/1/2025,CUST-00960,64.34
11/1/2025,CUST-00960,64.34
12/1/2025,CUST-00960,65.31
5/1/2024,CUST-00961,110.75
6/1/2024,CUST-00961,110.75
7/1/2024,CUST-00961,110.75
8/1/2024,CUST-00961,110.75
9/1/2024,CUST-00961,110.75
10/1/2024,CUST-00961,110.75
11/1/2024,CUST-00961,110.75
12/1/2024,CUST-00961,112.41
1/1/2025,CUST-00961,110.75
2/1/2025,CUST-00961,110.75
3/1/2025,CUST-00961,110.75
4/1/2025,CUST-00961,110.75
5/1/2025,CUST-00961,110.75
6/1/2025,CUST-00961,110.75
7/1/2025,CUST-00961,110.75
8/1/2025,CUST-00961,110.75
9/1/2025,CUST-00961,110.75
10/1/2025,CUST-00961,110.75
11/1/2025,CUST-00961,110.75
12/1/2025,CUST-00961,112.41
8/1/2022,CUST-00962,37.75
9/1/2022,CUST-00962,37.75
10/1/2022,CUST-00962,37.75
11/1/2022,CUST-00962,37.75
12/1/2022,CUST-00962,38.32
1/1/2023,CUST-00962,37.75
2/1/2023,CUST-00962,37.75
3/1/2023,CUST-00962,37.75
4/1/2023,CUST-00962,37.75
5/1/2023,CUST-00962,37.75
6/1/2023,CUST-00962,37.75
7/1/2023,CUST-00962,37.75
8/1/2023,CUST-00962,37.75
9/1/2023,CUST-00962,37.75
10/1/2023,CUST-00962,37.75
11/1/2023,CUST-00962,37.75
12/1/2023,CUST-00962,38.32
1/1/2024,CUST-00962,37.75
2/1/2024,CUST-00962,37.75
3/1/2024,CUST-00962,37.75
4/1/2024,CUST-00962,37.75
5/1/2024,CUST-00962,37.75
6/1/2024,CUST-00962,37.75
7/1/2024,CUST-00962,37.75
8/1/2024,CUST-00962,37.75
9/1/2024,CUST-00962,37.75
10/1/2024,CUST-00962,37.75
11/1/2024,CUST-00962,37.75
12/1/2024,CUST-00962,38.32
1/1/2025,CUST-00962,37.75
2/1/2025,CUST-00962,37.75
3/1/2025,CUST-00962,37.75
4/1/2025,CUST-00962,37.75
5/1/2025,CUST-00962,37.75
6/1/2025,CUST-00962,37.75
7/1/2025,CUST-00962,37.75
8/1/2025,CUST-00962,37.75
9/1/2025,CUST-00962,37.75
10/1/2025,CUST-00962,37.75
11/1/2025,CUST-00962,37.75
12/1/2025,CUST-00962,38.32
3/1/2024,CUST-00963,95.52
4/1/2024,CUST-00963,95.52
5/1/2024,CUST-00963,95.52
6/1/2024,CUST-00963,95.52
7/1/2024,CUST-00963,95.52
8/1/2024,CUST-00963,95.52
9/1/2024,CUST-00963,95.52
10/1/2024,CUST-00963,95.52
11/1/2024,CUST-00963,95.52
12/1/2024,CUST-00963,96.95
1/1/2025,CUST-00963,95.52
2/1/2025,CUST-00963,95.52
3/1/2025,CUST-00963,95.52
4/1/2025,CUST-00963,95.52
5/1/2025,CUST-00963,95.52
6/1/2025,CUST-00963,95.52
7/1/2025,CUST-00963,95.52
8/1/2025,CUST-00963,95.52
9/1/2025,CUST-00963,95.52
10/1/2025,CUST-00963,95.52
11/1/2025,CUST-00963,95.52
12/1/2025,CUST-00963,96.95
2/1/2025,CUST-00964,78.32
3/1/2025,CUST-00964,78.32
4/1/2025,CUST-00964,78.32
5/1/2025,CUST-00964,78.32
6/1/2025,CUST-00964,78.32
7/1/2025,CUST-00964,78.32
8/1/2025,CUST-00964,78.32
9/1/2025,CUST-00964,78.32
10/1/2025,CUST-00964,78.32
11/1/2025,CUST-00964,78.32
12/1/2025,CUST-00964,79.49
10/1/2024,CUST-00965,48.16
11/1/2024,CUST-00965,48.16
12/1/2024,CUST-00965,48.88
1/1/2025,CUST-00965,48.16
2/1/2025,CUST-00965,48.16
3/1/2025,CUST-00965,48.16
4/1/2025,CUST-00965,48.16
5/1/2025,CUST-00965,48.16
2/1/2022,CUST-00966,116.88
3/1/2022,CUST-00966,116.88
4/1/2022,CUST-00966,116.88
5/1/2022,CUST-00966,116.88
6/1/2022,CUST-00966,116.88
7/1/2022,CUST-00966,116.88
8/1/2022,CUST-00966,116.88
9/1/2022,CUST-00966,116.88
10/1/2022,CUST-00966,116.88
11/1/2022,CUST-00966,116.88
12/1/2022,CUST-00966,118.63
1/1/2023,CUST-00966,116.88
2/1/2023,CUST-00966,116.88
3/1/2023,CUST-00966,116.88
4/1/2023,CUST-00966,116.88
5/1/2023,CUST-00966,116.88
6/1/2023,CUST-00966,116.88
7/1/2023,CUST-00966,116.88
8/1/2023,CUST-00966,116.88
9/1/2023,CUST-00966,116.88
10/1/2023,CUST-00966,116.88
11/1/2023,CUST-00966,116.88
12/1/2023,CUST-00966,118.63
1/1/2024,CUST-00966,116.88
2/1/2024,CUST-00966,116.88
3/1/2024,CUST-00966,116.88
7/1/2022,CUST-00967,119.7
8/1/2022,CUST-00967,119.7
9/1/2022,CUST-00967,119.7
10/1/2022,CUST-00967,119.7
11/1/2022,CUST-00967,119.7
12/1/2022,CUST-00967,121.5
1/1/2023,CUST-00967,119.7
2/1/2023,CUST-00967,119.7
3/1/2023,CUST-00967,119.7
4/1/2023,CUST-00967,119.7
5/1/2023,CUST-00967,119.7
6/1/2023,CUST-00967,119.7
7/1/2023,CUST-00967,119.7
8/1/2023,CUST-00967,119.7
9/1/2023,CUST-00967,119.7
10/1/2023,CUST-00967,119.7
11/1/2023,CUST-00967,119.7
12/1/2023,CUST-00967,121.5
1/1/2024,CUST-00967,119.7
2/1/2024,CUST-00967,119.7
3/1/2024,CUST-00967,119.7
4/1/2024,CUST-00967,119.7
5/1/2024,CUST-00967,119.7
6/1/2024,CUST-00967,119.7
7/1/2024,CUST-00967,119.7
8/1/2024,CUST-00967,119.7
9/1/2024,CUST-00967,119.7
10/1/2024,CUST-00967,119.7
11/1/2024,CUST-00967,119.7
12/1/2024,CUST-00967,121.5
1/1/2025,CUST-00967,119.7
2/1/2025,CUST-00967,119.7
3/1/2025,CUST-00967,119.7
4/1/2025,CUST-00967,119.7
5/1/2025,CUST-00967,119.7
6/1/2025,CUST-00967,119.7
7/1/2025,CUST-00967,119.7
8/1/2025,CUST-00967,119.7
9/1/2025,CUST-00967,119.7
10/1/2025,CUST-00967,119.7
11/1/2025,CUST-00967,119.7
12/1/2025,CUST-00967,121.5
11/1/2024,CUST-00968,77.4
12/1/2024,CUST-00968,78.56
1/1/2025,CUST-00968,77.4
2/1/2025,CUST-00968,77.4
3/1/2025,CUST-00968,77.4
4/1/2025,CUST-00968,77.4
5/1/2025,CUST-00968,77.4
6/1/2025,CUST-00968,77.4
7/1/2025,CUST-00968,77.4
8/1/2025,CUST-00968,77.4
9/1/2025,CUST-00968,77.4
10/1/2025,CUST-00968,77.4
5/1/2025,CUST-00969,60.96
6/1/2025,CUST-00969,60.96
7/1/2025,CUST-00969,60.96
8/1/2025,CUST-00969,60.96
6/1/2023,CUST-00970,59.44
7/1/2023,CUST-00970,59.44
8/1/2023,CUST-00970,59.44
9/1/2023,CUST-00970,59.44
10/1/2023,CUST-00970,59.44
11/1/2023,CUST-00970,59.44
12/1/2023,CUST-00970,60.33
1/1/2024,CUST-00970,59.44
2/1/2024,CUST-00970,59.44
3/1/2024,CUST-00970,59.44
4/1/2024,CUST-00970,59.44
5/1/2024,CUST-00970,59.44
6/1/2024,CUST-00970,59.44
7/1/2024,CUST-00970,59.44
8/1/2024,CUST-00970,59.44
9/1/2024,CUST-00970,59.44
10/1/2024,CUST-00970,59.44
11/1/2024,CUST-00970,59.44
12/1/2024,CUST-00970,60.33
1/1/2025,CUST-00970,59.44
2/1/2025,CUST-00970,59.44
3/1/2025,CUST-00970,59.44
4/1/2025,CUST-00970,59.44
5/1/2025,CUST-00970,59.44
6/1/2025,CUST-00970,59.44
7/1/2025,CUST-00970,59.44
8/1/2025,CUST-00970,59.44
9/1/2025,CUST-00970,59.44
10/1/2025,CUST-00970,59.44
11/1/2025,CUST-00970,59.44
12/1/2025,CUST-00970,60.33
3/1/2023,CUST-00971,47.88
4/1/2023,CUST-00971,47.88
5/1/2023,CUST-00971,47.88
6/1/2023,CUST-00971,47.88
7/1/2023,CUST-00971,47.88
8/1/2023,CUST-00971,47.88
9/1/2023,CUST-00971,47.88
10/1/2023,CUST-00971,47.88
11/1/2023,CUST-00971,47.88
12/1/2023,CUST-00971,48.6
1/1/2024,CUST-00971,47.88
2/1/2024,CUST-00971,47.88
3/1/2024,CUST-00971,47.88
4/1/2024,CUST-00971,47.88
5/1/2024,CUST-00971,47.88
6/1/2024,CUST-00971,47.88
7/1/2024,CUST-00971,47.88
8/1/2024,CUST-00971,47.88
9/1/2024,CUST-00971,47.88
10/1/2024,CUST-00971,47.88
11/1/2024,CUST-00971,47.88
12/1/2024,CUST-00971,48.6
1/1/2025,CUST-00971,47.88
8/1/2025,CUST-00972,58.46
9/1/2025,CUST-00972,58.46
10/1/2025,CUST-00972,58.46
11/1/2025,CUST-00972,58.46
12/1/2025,CUST-00972,59.34
6/1/2025,CUST-00973,57.41
7/1/2025,CUST-00973,57.41
8/1/2025,CUST-00973,57.41
9/1/2025,CUST-00973,57.41
10/1/2025,CUST-00973,57.41
11/1/2025,CUST-00973,57.41
12/1/2025,CUST-00973,58.27
11/1/2022,CUST-00974,57.41
12/1/2022,CUST-00974,58.27
1/1/2023,CUST-00974,57.41
2/1/2023,CUST-00974,57.41
3/1/2023,CUST-00974,57.41
4/1/2023,CUST-00974,57.41
5/1/2023,CUST-00974,57.41
6/1/2023,CUST-00974,57.41
7/1/2023,CUST-00974,57.41
8/1/2023,CUST-00974,57.41
9/1/2023,CUST-00974,57.41
10/1/2023,CUST-00974,57.41
11/1/2023,CUST-00974,57.41
12/1/2023,CUST-00974,58.27
1/1/2024,CUST-00974,57.41
2/1/2024,CUST-00974,57.41
3/1/2024,CUST-00974,57.41
4/1/2024,CUST-00974,57.41
5/1/2024,CUST-00974,57.41
6/1/2024,CUST-00974,57.41
7/1/2024,CUST-00974,57.41
8/1/2024,CUST-00974,57.41
9/1/2024,CUST-00974,57.41
10/1/2024,CUST-00974,57.41
11/1/2024,CUST-00974,57.41
12/1/2024,CUST-00974,58.27
1/1/2025,CUST-00974,57.41
2/1/2025,CUST-00974,57.41
3/1/2025,CUST-00974,57.41
4/1/2025,CUST-00974,57.41
5/1/2025,CUST-00974,57.41
6/1/2025,CUST-00974,57.41
7/1/2025,CUST-00974,57.41
8/1/2025,CUST-00974,57.41
9/1/2025,CUST-00974,57.41
10/1/2025,CUST-00974,57.41
11/1/2025,CUST-00974,57.41
12/1/2025,CUST-00974,58.27
12/1/2022,CUST-00975,43.86
1/1/2023,CUST-00975,43.21
2/1/2023,CUST-00975,43.21
3/1/2023,CUST-00975,43.21
4/1/2023,CUST-00975,43.21
5/1/2023,CUST-00975,43.21
6/1/2023,CUST-00975,43.21
7/1/2023,CUST-00975,43.21
8/1/2023,CUST-00975,43.21
9/1/2023,CUST-00975,43.21
10/1/2023,CUST-00975,43.21
11/1/2023,CUST-00975,43.21
12/1/2023,CUST-00975,43.86
1/1/2024,CUST-00975,43.21
2/1/2024,CUST-00975,43.21
3/1/2024,CUST-00975,43.21
4/1/2024,CUST-00975,43.21
5/1/2024,CUST-00975,43.21
6/1/2024,CUST-00975,43.21
7/1/2024,CUST-00975,43.21
8/1/2024,CUST-00975,43.21
9/1/2024,CUST-00975,43.21
10/1/2024,CUST-00975,43.21
11/1/2024,CUST-00975,43.21
12/1/2024,CUST-00975,43.86
1/1/2025,CUST-00975,43.21
2/1/2025,CUST-00975,43.21
3/1/2025,CUST-00975,43.21
4/1/2025,CUST-00975,43.21
5/1/2025,CUST-00975,43.21
6/1/2025,CUST-00975,43.21
7/1/2025,CUST-00975,43.21
8/1/2025,CUST-00975,43.21
9/1/2025,CUST-00975,43.21
10/1/2025,CUST-00975,43.21
11/1/2025,CUST-00975,43.21
12/1/2025,CUST-00975,43.86
5/1/2025,CUST-00976,72.07
6/1/2025,CUST-00976,72.07
7/1/2025,CUST-00976,72.07
8/1/2024,CUST-00977,117.73
9/1/2024,CUST-00977,117.73
10/1/2024,CUST-00977,117.73
11/1/2024,CUST-00977,117.73
12/1/2024,CUST-00977,119.5
1/1/2025,CUST-00977,117.73
2/1/2025,CUST-00977,117.73
3/1/2025,CUST-00977,117.73
4/1/2025,CUST-00977,117.73
5/1/2025,CUST-00977,117.73
6/1/2025,CUST-00977,117.73
7/1/2025,CUST-00977,117.73
8/1/2025,CUST-00977,117.73
9/1/2025,CUST-00977,117.73
10/1/2025,CUST-00977,117.73
11/1/2025,CUST-00977,117.73
12/1/2025,CUST-00977,119.5
7/1/2024,CUST-00978,116.94
8/1/2024,CUST-00978,116.94
9/1/2024,CUST-00978,116.94
10/1/2024,CUST-00978,116.94
11/1/2024,CUST-00978,116.94
12/1/2024,CUST-00978,118.69
1/1/2025,CUST-00978,116.94
2/1/2025,CUST-00978,116.94
3/1/2025,CUST-00978,116.94
4/1/2025,CUST-00978,116.94
5/1/2025,CUST-00978,116.94
6/1/2025,CUST-00978,116.94
7/1/2025,CUST-00978,116.94
8/1/2025,CUST-00978,116.94
9/1/2025,CUST-00978,116.94
10/1/2025,CUST-00978,116.94
11/1/2025,CUST-00978,116.94
12/1/2025,CUST-00978,118.69
9/1/2024,CUST-00979,70.89
10/1/2024,CUST-00979,70.89
11/1/2024,CUST-00979,70.89
12/1/2024,CUST-00979,71.95
1/1/2025,CUST-00979,70.89
2/1/2025,CUST-00979,70.89
3/1/2025,CUST-00979,70.89
4/1/2025,CUST-00979,70.89
5/1/2025,CUST-00979,70.89
6/1/2025,CUST-00979,70.89
7/1/2025,CUST-00979,70.89
8/1/2025,CUST-00979,70.89
9/1/2025,CUST-00979,70.89
10/1/2025,CUST-00979,70.89
11/1/2025,CUST-00979,70.89
12/1/2025,CUST-00979,71.95
6/1/2024,CUST-00980,58.21
7/1/2024,CUST-00980,58.21
8/1/2024,CUST-00980,58.21
9/1/2024,CUST-00980,58.21
10/1/2024,CUST-00980,58.21
11/1/2024,CUST-00980,58.21
12/1/2024,CUST-00980,59.08
1/1/2025,CUST-00980,58.21
2/1/2025,CUST-00980,58.21
3/1/2025,CUST-00980,58.21
4/1/2025,CUST-00980,58.21
5/1/2025,CUST-00980,58.21
6/1/2025,CUST-00980,58.21
7/1/2025,CUST-00980,58.21
8/1/2025,CUST-00980,58.21
9/1/2025,CUST-00980,58.21
10/1/2025,CUST-00980,58.21
11/1/2025,CUST-00980,58.21
12/1/2025,CUST-00980,59.08
2/1/2022,CUST-00981,74
3/1/2022,CUST-00981,74
4/1/2022,CUST-00981,74
5/1/2022,CUST-00981,74
6/1/2022,CUST-00981,74
7/1/2022,CUST-00981,74
8/1/2022,CUST-00981,74
9/1/2022,CUST-00981,74
10/1/2022,CUST-00981,74
11/1/2022,CUST-00981,74
12/1/2022,CUST-00981,75.11
1/1/2023,CUST-00981,74
2/1/2023,CUST-00981,74
3/1/2023,CUST-00981,74
4/1/2023,CUST-00981,74
5/1/2023,CUST-00981,74
6/1/2023,CUST-00981,74
7/1/2023,CUST-00981,74
8/1/2023,CUST-00981,74
9/1/2023,CUST-00981,74
10/1/2023,CUST-00981,74
11/1/2023,CUST-00981,74
12/1/2023,CUST-00981,75.11
1/1/2024,CUST-00981,74
2/1/2024,CUST-00981,74
3/1/2024,CUST-00981,74
4/1/2024,CUST-00981,74
5/1/2024,CUST-00981,74
6/1/2024,CUST-00981,74
7/1/2024,CUST-00981,74
8/1/2024,CUST-00981,74
9/1/2024,CUST-00981,74
10/1/2024,CUST-00981,74
11/1/2024,CUST-00981,74
12/1/2024,CUST-00981,75.11
1/1/2025,CUST-00981,74
2/1/2025,CUST-00981,74
3/1/2025,CUST-00981,74
4/1/2025,CUST-00981,74
5/1/2025,CUST-00981,74
6/1/2025,CUST-00981,74
7/1/2025,CUST-00981,74
8/1/2025,CUST-00981,74
9/1/2025,CUST-00981,74
10/1/2025,CUST-00981,74
11/1/2025,CUST-00981,74
12/1/2025,CUST-00981,75.11
3/1/2023,CUST-00982,78.87
4/1/2023,CUST-00982,78.87
5/1/2023,CUST-00982,78.87
6/1/2023,CUST-00982,78.87
7/1/2023,CUST-00982,78.87
8/1/2023,CUST-00982,78.87
9/1/2023,CUST-00982,78.87
10/1/2023,CUST-00982,78.87
11/1/2023,CUST-00982,78.87
12/1/2023,CUST-00982,80.05
1/1/2024,CUST-00982,78.87
2/1/2024,CUST-00982,78.87
3/1/2024,CUST-00982,78.87
4/1/2024,CUST-00982,78.87
5/1/2024,CUST-00982,78.87
6/1/2024,CUST-00982,78.87
7/1/2024,CUST-00982,78.87
8/1/2024,CUST-00982,78.87
9/1/2024,CUST-00982,78.87
10/1/2024,CUST-00982,78.87
11/1/2024,CUST-00982,78.87
12/1/2024,CUST-00982,80.05
1/1/2025,CUST-00982,78.87
2/1/2025,CUST-00982,78.87
3/1/2025,CUST-00982,78.87
4/1/2025,CUST-00982,78.87
5/1/2025,CUST-00982,78.87
6/1/2025,CUST-00982,78.87
7/1/2025,CUST-00982,78.87
8/1/2025,CUST-00982,78.87
9/1/2025,CUST-00982,78.87
10/1/2025,CUST-00982,78.87
11/1/2025,CUST-00982,78.87
12/1/2025,CUST-00982,80.05
7/1/2024,CUST-00983,57.03
8/1/2024,CUST-00983,57.03
9/1/2024,CUST-00983,57.03
10/1/2024,CUST-00983,57.03
11/1/2024,CUST-00983,57.03
12/1/2024,CUST-00983,57.89
1/1/2025,CUST-00983,57.03
2/1/2025,CUST-00983,57.03
3/1/2025,CUST-00983,57.03
4/1/2025,CUST-00983,57.03
5/1/2025,CUST-00983,57.03
6/1/2025,CUST-00983,57.03
7/1/2025,CUST-00983,57.03
8/1/2025,CUST-00983,57.03
9/1/2025,CUST-00983,57.03
10/1/2025,CUST-00983,57.03
11/1/2025,CUST-00983,57.03
12/1/2025,CUST-00983,57.89
12/1/2022,CUST-00984,66.92
1/1/2023,CUST-00984,65.93
2/1/2023,CUST-00984,65.93
3/1/2023,CUST-00984,65.93
4/1/2023,CUST-00984,65.93
5/1/2023,CUST-00984,65.93
6/1/2023,CUST-00984,65.93
7/1/2023,CUST-00984,65.93
8/1/2023,CUST-00984,65.93
9/1/2023,CUST-00984,65.93
10/1/2023,CUST-00984,65.93
11/1/2023,CUST-00984,65.93
12/1/2023,CUST-00984,66.92
1/1/2024,CUST-00984,65.93
2/1/2024,CUST-00984,65.93
3/1/2024,CUST-00984,65.93
4/1/2024,CUST-00984,65.93
5/1/2024,CUST-00984,65.93
6/1/2024,CUST-00984,65.93
7/1/2024,CUST-00984,65.93
8/1/2024,CUST-00984,65.93
9/1/2024,CUST-00984,65.93
10/1/2024,CUST-00984,65.93
11/1/2024,CUST-00984,65.93
12/1/2024,CUST-00984,66.92
1/1/2025,CUST-00984,65.93
2/1/2025,CUST-00984,65.93
3/1/2025,CUST-00984,65.93
4/1/2025,CUST-00984,65.93
5/1/2025,CUST-00984,65.93
6/1/2025,CUST-00984,65.93
7/1/2025,CUST-00984,65.93
8/1/2025,CUST-00984,65.93
9/1/2025,CUST-00984,65.93
10/1/2025,CUST-00984,65.93
11/1/2025,CUST-00984,65.93
12/1/2025,CUST-00984,66.92
1/1/2023,CUST-00985,36.99
2/1/2023,CUST-00985,36.99
3/1/2023,CUST-00985,36.99
4/1/2023,CUST-00985,36.99
5/1/2023,CUST-00985,36.99
6/1/2023,CUST-00985,36.99
7/1/2023,CUST-00985,36.99
8/1/2023,CUST-00985,36.99
9/1/2023,CUST-00985,36.99
10/1/2023,CUST-00985,36.99
11/1/2023,CUST-00985,36.99
12/1/2023,CUST-00985,37.54
1/1/2024,CUST-00985,36.99
2/1/2024,CUST-00985,36.99
3/1/2024,CUST-00985,36.99
4/1/2024,CUST-00985,36.99
5/1/2024,CUST-00985,36.99
6/1/2024,CUST-00985,36.99
7/1/2024,CUST-00985,36.99
8/1/2024,CUST-00985,36.99
9/1/2024,CUST-00985,36.99
10/1/2024,CUST-00985,36.99
11/1/2024,CUST-00985,36.99
12/1/2024,CUST-00985,37.54
1/1/2025,CUST-00985,36.99
2/1/2025,CUST-00985,36.99
3/1/2025,CUST-00985,36.99
4/1/2025,CUST-00985,36.99
5/1/2025,CUST-00985,36.99
6/1/2025,CUST-00985,36.99
7/1/2025,CUST-00985,36.99
8/1/2025,CUST-00985,36.99
9/1/2025,CUST-00985,36.99
10/1/2025,CUST-00985,36.99
11/1/2025,CUST-00985,36.99
12/1/2025,CUST-00985,37.54
6/1/2024,CUST-00986,101.45
7/1/2024,CUST-00986,101.45
8/1/2024,CUST-00986,101.45
9/1/2024,CUST-00986,101.45
10/1/2024,CUST-00986,101.45
11/1/2024,CUST-00986,101.45
12/1/2024,CUST-00986,102.97
1/1/2025,CUST-00986,101.45
2/1/2025,CUST-00986,101.45
3/1/2025,CUST-00986,101.45
4/1/2025,CUST-00986,101.45
5/1/2025,CUST-00986,101.45
6/1/2025,CUST-00986,101.45
7/1/2025,CUST-00986,101.45
8/1/2025,CUST-00986,101.45
9/1/2025,CUST-00986,101.45
10/1/2025,CUST-00986,101.45
11/1/2025,CUST-00986,101.45
12/1/2025,CUST-00986,102.97
5/1/2024,CUST-00987,112.85
6/1/2024,CUST-00987,112.85
7/1/2024,CUST-00987,112.85
8/1/2024,CUST-00987,112.85
9/1/2024,CUST-00987,112.85
10/1/2024,CUST-00987,112.85
11/1/2024,CUST-00987,112.85
12/1/2024,CUST-00987,114.54
1/1/2025,CUST-00987,112.85
2/1/2025,CUST-00987,112.85
3/1/2025,CUST-00987,112.85
4/1/2025,CUST-00987,112.85
5/1/2025,CUST-00987,112.85
6/1/2025,CUST-00987,112.85
7/1/2025,CUST-00987,112.85
8/1/2025,CUST-00987,112.85
9/1/2025,CUST-00987,112.85
10/1/2025,CUST-00987,112.85
11/1/2025,CUST-00987,112.85
12/1/2025,CUST-00987,114.54
2/1/2022,CUST-00988,88.01
3/1/2022,CUST-00988,88.01
4/1/2022,CUST-00988,88.01
5/1/2022,CUST-00988,88.01
6/1/2022,CUST-00988,88.01
7/1/2022,CUST-00988,88.01
8/1/2022,CUST-00988,88.01
9/1/2022,CUST-00988,88.01
10/1/2022,CUST-00988,88.01
11/1/2022,CUST-00988,88.01
12/1/2022,CUST-00988,89.33
1/1/2023,CUST-00988,88.01
2/1/2023,CUST-00988,88.01
3/1/2023,CUST-00988,88.01
1/1/2022,CUST-00989,63.37
2/1/2022,CUST-00989,63.37
3/1/2022,CUST-00989,63.37
4/1/2022,CUST-00989,63.37
5/1/2022,CUST-00989,63.37
6/1/2022,CUST-00989,63.37
7/1/2022,CUST-00989,63.37
8/1/2022,CUST-00989,63.37
9/1/2022,CUST-00989,63.37
10/1/2022,CUST-00989,63.37
11/1/2022,CUST-00989,63.37
12/1/2022,CUST-00989,64.32
1/1/2023,CUST-00989,63.37
2/1/2023,CUST-00989,63.37
3/1/2023,CUST-00989,63.37
4/1/2023,CUST-00989,63.37
5/1/2023,CUST-00989,63.37
6/1/2023,CUST-00989,63.37
7/1/2023,CUST-00989,63.37
8/1/2023,CUST-00989,63.37
9/1/2023,CUST-00989,63.37
10/1/2023,CUST-00989,63.37
11/1/2023,CUST-00989,63.37
12/1/2023,CUST-00989,64.32
1/1/2024,CUST-00989,63.37
2/1/2024,CUST-00989,63.37
3/1/2024,CUST-00989,63.37
4/1/2024,CUST-00989,63.37
5/1/2024,CUST-00989,63.37
6/1/2024,CUST-00989,63.37
7/1/2024,CUST-00989,63.37
8/1/2024,CUST-00989,63.37
9/1/2024,CUST-00989,63.37
10/1/2024,CUST-00989,63.37
11/1/2024,CUST-00989,63.37
12/1/2024,CUST-00989,64.32
1/1/2025,CUST-00989,63.37
2/1/2025,CUST-00989,63.37
3/1/2025,CUST-00989,63.37
4/1/2025,CUST-00989,63.37
5/1/2025,CUST-00989,63.37
6/1/2025,CUST-00989,63.37
7/1/2025,CUST-00989,63.37
8/1/2025,CUST-00989,63.37
9/1/2025,CUST-00989,63.37
10/1/2025,CUST-00989,63.37
11/1/2025,CUST-00989,63.37
12/1/2025,CUST-00989,64.32
9/1/2022,CUST-00990,56.38
10/1/2022,CUST-00990,56.38
11/1/2022,CUST-00990,56.38
12/1/2022,CUST-00990,57.23
1/1/2023,CUST-00990,56.38
2/1/2023,CUST-00990,56.38
3/1/2023,CUST-00990,56.38
4/1/2023,CUST-00990,56.38
5/1/2023,CUST-00990,56.38
6/1/2023,CUST-00990,56.38
7/1/2023,CUST-00990,56.38
8/1/2023,CUST-00990,56.38
9/1/2023,CUST-00990,56.38
10/1/2023,CUST-00990,56.38
11/1/2023,CUST-00990,56.38
12/1/2023,CUST-00990,57.23
1/1/2024,CUST-00990,56.38
2/1/2024,CUST-00990,56.38
3/1/2024,CUST-00990,56.38
4/1/2024,CUST-00990,56.38
5/1/2024,CUST-00990,56.38
6/1/2024,CUST-00990,56.38
7/1/2024,CUST-00990,56.38
8/1/2024,CUST-00990,56.38
9/1/2024,CUST-00990,56.38
10/1/2024,CUST-00990,56.38
11/1/2024,CUST-00990,56.38
12/1/2024,CUST-00990,57.23
1/1/2025,CUST-00990,56.38
2/1/2025,CUST-00990,56.38
3/1/2025,CUST-00990,56.38
4/1/2025,CUST-00990,56.38
5/1/2025,CUST-00990,56.38
6/1/2025,CUST-00990,56.38
7/1/2025,CUST-00990,56.38
8/1/2025,CUST-00990,56.38
9/1/2025,CUST-00990,56.38
10/1/2025,CUST-00990,56.38
11/1/2025,CUST-00990,56.38
12/1/2025,CUST-00990,57.23
3/1/2025,CUST-00991,59.77
4/1/2025,CUST-00991,59.77
5/1/2025,CUST-00991,59.77
6/1/2025,CUST-00991,59.77
7/1/2025,CUST-00991,59.77
8/1/2025,CUST-00991,59.77
9/1/2025,CUST-00991,59.77
8/1/2024,CUST-00992,58.8
9/1/2024,CUST-00992,58.8
10/1/2024,CUST-00992,58.8
11/1/2024,CUST-00992,58.8
12/1/2024,CUST-00992,59.68
1/1/2025,CUST-00992,58.8
2/1/2025,CUST-00992,58.8
3/1/2025,CUST-00992,58.8
4/1/2025,CUST-00992,58.8
5/1/2025,CUST-00992,58.8
3/1/2023,CUST-00993,53.41
4/1/2023,CUST-00993,53.41
5/1/2023,CUST-00993,53.41
6/1/2023,CUST-00993,53.41
7/1/2023,CUST-00993,53.41
8/1/2023,CUST-00993,53.41
9/1/2023,CUST-00993,53.41
10/1/2023,CUST-00993,53.41
11/1/2023,CUST-00993,53.41
12/1/2023,CUST-00993,54.21
1/1/2024,CUST-00993,53.41
2/1/2024,CUST-00993,53.41
3/1/2024,CUST-00993,53.41
4/1/2024,CUST-00993,53.41
5/1/2024,CUST-00993,53.41
6/1/2024,CUST-00993,53.41
7/1/2024,CUST-00993,53.41
8/1/2024,CUST-00993,53.41
9/1/2024,CUST-00993,53.41
10/1/2024,CUST-00993,53.41
11/1/2024,CUST-00993,53.41
12/1/2024,CUST-00993,54.21
1/1/2025,CUST-00993,53.41
2/1/2025,CUST-00993,53.41
3/1/2025,CUST-00993,53.41
4/1/2025,CUST-00993,53.41
5/1/2025,CUST-00993,53.41
6/1/2025,CUST-00993,53.41
7/1/2025,CUST-00993,53.41
8/1/2025,CUST-00993,53.41
9/1/2025,CUST-00993,53.41
10/1/2025,CUST-00993,53.41
11/1/2025,CUST-00993,53.41
12/1/2025,CUST-00993,54.21
7/1/2025,CUST-00994,95.17
8/1/2025,CUST-00994,95.17
9/1/2025,CUST-00994,95.17
10/1/2025,CUST-00994,95.17
11/1/2025,CUST-00994,95.17
12/1/2025,CUST-00994,96.6
9/1/2025,CUST-00995,75.63
10/1/2025,CUST-00995,75.63
11/1/2025,CUST-00995,75.63
9/1/2024,CUST-00996,67.89
10/1/2024,CUST-00996,67.89
11/1/2024,CUST-00996,67.89
12/1/2024,CUST-00996,68.91
1/1/2025,CUST-00996,67.89
2/1/2025,CUST-00996,67.89
3/1/2025,CUST-00996,67.89
4/1/2025,CUST-00996,67.89
5/1/2025,CUST-00996,67.89
6/1/2025,CUST-00996,67.89
7/1/2025,CUST-00996,67.89
8/1/2025,CUST-00996,67.89
9/1/2025,CUST-00996,67.89
10/1/2025,CUST-00996,67.89
11/1/2025,CUST-00996,67.89
12/1/2025,CUST-00996,68.91
3/1/2023,CUST-00997,125.67
4/1/2023,CUST-00997,125.67
5/1/2023,CUST-00997,125.67
6/1/2023,CUST-00997,125.67
7/1/2023,CUST-00997,125.67
10/1/2024,CUST-00998,76.08
11/1/2024,CUST-00998,76.08
12/1/2024,CUST-00998,77.22
1/1/2025,CUST-00998,76.08
2/1/2025,CUST-00998,76.08
3/1/2025,CUST-00998,76.08
4/1/2025,CUST-00998,76.08
5/1/2025,CUST-00998,76.08
6/1/2025,CUST-00998,76.08
7/1/2025,CUST-00998,76.08
8/1/2025,CUST-00998,76.08
9/1/2025,CUST-00998,76.08
10/1/2025,CUST-00998,76.08
11/1/2025,CUST-00998,76.08
12/1/2025,CUST-00998,77.22
3/1/2024,CUST-00999,56.64
4/1/2024,CUST-00999,56.64
5/1/2024,CUST-00999,56.64
6/1/2024,CUST-00999,56.64
7/1/2024,CUST-00999,56.64
8/1/2024,CUST-00999,56.64
9/1/2024,CUST-00999,56.64
10/1/2024,CUST-00999,56.64
11/1/2024,CUST-00999,56.64
12/1/2024,CUST-00999,57.49
1/1/2025,CUST-00999,56.64
2/1/2025,CUST-00999,56.64
3/1/2025,CUST-00999,56.64
4/1/2025,CUST-00999,56.64
5/1/2025,CUST-00999,56.64
6/1/2025,CUST-00999,56.64
7/1/2025,CUST-00999,56.64
8/1/2025,CUST-00999,56.64
9/1/2025,CUST-00999,56.64
10/1/2025,CUST-00999,56.64
11/1/2025,CUST-00999,56.64
12/1/2025,CUST-00999,57.49
9/1/2022,CUST-01000,61.35
10/1/2022,CUST-01000,61.35
11/1/2022,CUST-01000,61.35
12/1/2022,CUST-01000,62.27
1/1/2023,CUST-01000,61.35
2/1/2023,CUST-01000,61.35
3/1/2023,CUST-01000,61.35
4/1/2023,CUST-01000,61.35
5/1/2023,CUST-01000,61.35
6/1/2023,CUST-01000,61.35
7/1/2023,CUST-01000,61.35
8/1/2023,CUST-01000,61.35
9/1/2023,CUST-01000,61.35
10/1/2023,CUST-01000,61.35
11/1/2023,CUST-01000,61.35
12/1/2023,CUST-01000,62.27
1/1/2024,CUST-01000,61.35
2/1/2024,CUST-01000,61.35
3/1/2024,CUST-01000,61.35
4/1/2024,CUST-01000,61.35
5/1/2024,CUST-01000,61.35
6/1/2024,CUST-01000,61.35
7/1/2024,CUST-01000,61.35
8/1/2024,CUST-01000,61.35
9/1/2024,CUST-01000,61.35
10/1/2024,CUST-01000,61.35
11/1/2024,CUST-01000,61.35
12/1/2024,CUST-01000,62.27
1/1/2025,CUST-01000,61.35
2/1/2025,CUST-01000,61.35
3/1/2025,CUST-01000,61.35
4/1/2025,CUST-01000,61.35
5/1/2025,CUST-01000,61.35
6/1/2025,CUST-01000,61.35
7/1/2025,CUST-01000,61.35
8/1/2025,CUST-01000,61.35
9/1/2025,CUST-01000,61.35
10/1/2025,CUST-01000,61.35
11/1/2025,CUST-01000,61.35
12/1/2025,CUST-01000,62.27
6/1/2022,CUST-01001,94.98
7/1/2022,CUST-01001,94.98
8/1/2022,CUST-01001,94.98
9/1/2022,CUST-01001,94.98
10/1/2022,CUST-01001,94.98
11/1/2022,CUST-01001,94.98
12/1/2022,CUST-01001,96.4
1/1/2023,CUST-01001,94.98
2/1/2023,CUST-01001,94.98
3/1/2023,CUST-01001,94.98
4/1/2023,CUST-01001,94.98
5/1/2023,CUST-01001,94.98
6/1/2023,CUST-01001,94.98
7/1/2023,CUST-01001,94.98
8/1/2023,CUST-01001,94.98
9/1/2023,CUST-01001,94.98
10/1/2023,CUST-01001,94.98
11/1/2023,CUST-01001,94.98
12/1/2023,CUST-01001,96.4
1/1/2024,CUST-01001,94.98
2/1/2024,CUST-01001,94.98
3/1/2024,CUST-01001,94.98
4/1/2024,CUST-01001,94.98
5/1/2024,CUST-01001,94.98
6/1/2024,CUST-01001,94.98
7/1/2024,CUST-01001,94.98
8/1/2024,CUST-01001,94.98
9/1/2024,CUST-01001,94.98
10/1/2024,CUST-01001,94.98
11/1/2024,CUST-01001,94.98
12/1/2024,CUST-01001,96.4
1/1/2025,CUST-01001,94.98
2/1/2025,CUST-01001,94.98
3/1/2025,CUST-01001,94.98
4/1/2025,CUST-01001,94.98
5/1/2025,CUST-01001,94.98
6/1/2025,CUST-01001,94.98
7/1/2025,CUST-01001,94.98
8/1/2025,CUST-01001,94.98
9/1/2025,CUST-01001,94.98
10/1/2025,CUST-01001,94.98
11/1/2025,CUST-01001,94.98
12/1/2025,CUST-01001,96.4
12/1/2024,CUST-01002,50.13
1/1/2025,CUST-01002,49.39
2/1/2025,CUST-01002,49.39
3/1/2025,CUST-01002,49.39
4/1/2025,CUST-01002,49.39
5/1/2025,CUST-01002,49.39
6/1/2025,CUST-01002,49.39
6/1/2024,CUST-01003,38.25
7/1/2024,CUST-01003,38.25
8/1/2024,CUST-01003,38.25
9/1/2024,CUST-01003,38.25
10/1/2024,CUST-01003,38.25
11/1/2024,CUST-01003,38.25
12/1/2024,CUST-01003,38.82
1/1/2025,CUST-01003,38.25
2/1/2025,CUST-01003,38.25
3/1/2025,CUST-01004,81.63
4/1/2025,CUST-01004,81.63
5/1/2025,CUST-01004,81.63
6/1/2025,CUST-01004,81.63
7/1/2025,CUST-01004,81.63
8/1/2025,CUST-01004,81.63
9/1/2025,CUST-01004,81.63
10/1/2025,CUST-01004,81.63
11/1/2025,CUST-01004,81.63
12/1/2025,CUST-01004,82.85
11/1/2022,CUST-01005,110.86
12/1/2022,CUST-01005,112.52
1/1/2023,CUST-01005,110.86
2/1/2023,CUST-01005,110.86
3/1/2023,CUST-01005,110.86
4/1/2023,CUST-01005,110.86
5/1/2023,CUST-01005,110.86
6/1/2023,CUST-01005,110.86
7/1/2023,CUST-01005,110.86
8/1/2023,CUST-01005,110.86
9/1/2023,CUST-01005,110.86
10/1/2023,CUST-01005,110.86
11/1/2023,CUST-01005,110.86
12/1/2023,CUST-01005,112.52
1/1/2024,CUST-01005,110.86
2/1/2024,CUST-01005,110.86
3/1/2024,CUST-01005,110.86
4/1/2024,CUST-01005,110.86
5/1/2024,CUST-01005,110.86
6/1/2024,CUST-01005,110.86
7/1/2024,CUST-01005,110.86
8/1/2024,CUST-01005,110.86
9/1/2024,CUST-01005,110.86
10/1/2024,CUST-01005,110.86
11/1/2024,CUST-01005,110.86
12/1/2024,CUST-01005,112.52
1/1/2025,CUST-01005,110.86
2/1/2025,CUST-01005,110.86
3/1/2025,CUST-01005,110.86
4/1/2025,CUST-01005,110.86
5/1/2025,CUST-01005,110.86
6/1/2025,CUST-01005,110.86
7/1/2025,CUST-01005,110.86
8/1/2025,CUST-01005,110.86
9/1/2025,CUST-01005,110.86
10/1/2025,CUST-01005,110.86
11/1/2025,CUST-01005,110.86
12/1/2025,CUST-01005,112.52
9/1/2025,CUST-01006,81.52
10/1/2025,CUST-01006,81.52
11/1/2025,CUST-01006,81.52
12/1/2025,CUST-01006,82.74
2/1/2022,CUST-01007,80.19
3/1/2022,CUST-01007,80.19
4/1/2022,CUST-01007,80.19
5/1/2022,CUST-01007,80.19
6/1/2022,CUST-01007,80.19
7/1/2022,CUST-01007,80.19
8/1/2022,CUST-01007,80.19
9/1/2022,CUST-01007,80.19
10/1/2022,CUST-01007,80.19
11/1/2022,CUST-01007,80.19
12/1/2022,CUST-01007,81.39
1/1/2023,CUST-01007,80.19
2/1/2023,CUST-01007,80.19
3/1/2023,CUST-01007,80.19
4/1/2023,CUST-01007,80.19
5/1/2023,CUST-01007,80.19
6/1/2023,CUST-01007,80.19
7/1/2023,CUST-01007,80.19
8/1/2023,CUST-01007,80.19
9/1/2023,CUST-01007,80.19
10/1/2023,CUST-01007,80.19
11/1/2023,CUST-01007,80.19
12/1/2023,CUST-01007,81.39
1/1/2024,CUST-01007,80.19
2/1/2024,CUST-01007,80.19
3/1/2024,CUST-01007,80.19
4/1/2024,CUST-01007,80.19
5/1/2024,CUST-01007,80.19
6/1/2024,CUST-01007,80.19
7/1/2024,CUST-01007,80.19
8/1/2024,CUST-01007,80.19
9/1/2024,CUST-01007,80.19
10/1/2024,CUST-01007,80.19
11/1/2024,CUST-01007,80.19
12/1/2024,CUST-01007,81.39
1/1/2025,CUST-01007,80.19
2/1/2025,CUST-01007,80.19
3/1/2025,CUST-01007,80.19
4/1/2025,CUST-01007,80.19
5/1/2025,CUST-01007,80.19
6/1/2025,CUST-01007,80.19
7/1/2025,CUST-01007,80.19
8/1/2025,CUST-01007,80.19
9/1/2025,CUST-01007,80.19
10/1/2025,CUST-01007,80.19
11/1/2025,CUST-01007,80.19
12/1/2025,CUST-01007,81.39
1/1/2025,CUST-01008,114.61
2/1/2025,CUST-01008,114.61
3/1/2025,CUST-01008,114.61
5/1/2023,CUST-01009,66.48
6/1/2023,CUST-01009,66.48
7/1/2023,CUST-01009,66.48
8/1/2023,CUST-01009,66.48
9/1/2023,CUST-01009,66.48
10/1/2023,CUST-01009,66.48
11/1/2023,CUST-01009,66.48
12/1/2023,CUST-01009,67.48
1/1/2024,CUST-01009,66.48
2/1/2024,CUST-01009,66.48
3/1/2024,CUST-01009,66.48
4/1/2024,CUST-01009,66.48
5/1/2024,CUST-01009,66.48
6/1/2024,CUST-01009,66.48
7/1/2024,CUST-01009,66.48
8/1/2024,CUST-01009,66.48
9/1/2024,CUST-01009,66.48
10/1/2024,CUST-01009,66.48
11/1/2024,CUST-01009,66.48
12/1/2024,CUST-01009,67.48
1/1/2025,CUST-01009,66.48
2/1/2025,CUST-01009,66.48
3/1/2025,CUST-01009,66.48
4/1/2025,CUST-01009,66.48
5/1/2025,CUST-01009,66.48
6/1/2025,CUST-01009,66.48
7/1/2025,CUST-01009,66.48
8/1/2025,CUST-01009,66.48
9/1/2025,CUST-01009,66.48
10/1/2025,CUST-01009,66.48
11/1/2025,CUST-01009,66.48
12/1/2025,CUST-01009,67.48
2/1/2022,CUST-01010,74.42
3/1/2022,CUST-01010,74.42
4/1/2022,CUST-01010,74.42
5/1/2022,CUST-01010,74.42
6/1/2022,CUST-01010,74.42
7/1/2022,CUST-01010,74.42
8/1/2022,CUST-01010,74.42
9/1/2022,CUST-01010,74.42
10/1/2022,CUST-01010,74.42
11/1/2022,CUST-01010,74.42
12/1/2022,CUST-01010,75.54
1/1/2023,CUST-01010,74.42
2/1/2023,CUST-01010,74.42
3/1/2023,CUST-01010,74.42
4/1/2023,CUST-01010,74.42
5/1/2023,CUST-01010,74.42
6/1/2023,CUST-01010,74.42
7/1/2023,CUST-01010,74.42
8/1/2023,CUST-01010,74.42
9/1/2023,CUST-01010,74.42
10/1/2023,CUST-01010,74.42
11/1/2023,CUST-01010,74.42
12/1/2023,CUST-01010,75.54
1/1/2024,CUST-01010,74.42
2/1/2024,CUST-01010,74.42
3/1/2024,CUST-01010,74.42
3/1/2025,CUST-01011,69.22
4/1/2025,CUST-01011,69.22
5/1/2025,CUST-01011,69.22
6/1/2025,CUST-01011,69.22
7/1/2025,CUST-01011,69.22
8/1/2025,CUST-01011,69.22
9/1/2025,CUST-01011,69.22
10/1/2025,CUST-01011,69.22
11/1/2025,CUST-01011,69.22
12/1/2025,CUST-01011,70.26
12/1/2023,CUST-01012,42.72
1/1/2024,CUST-01012,42.09
2/1/2024,CUST-01012,42.09
3/1/2024,CUST-01012,42.09
4/1/2024,CUST-01012,42.09
5/1/2024,CUST-01012,42.09
6/1/2024,CUST-01012,42.09
7/1/2024,CUST-01012,42.09
8/1/2024,CUST-01012,42.09
9/1/2024,CUST-01012,42.09
10/1/2024,CUST-01012,42.09
11/1/2024,CUST-01012,42.09
12/1/2024,CUST-01012,42.72
1/1/2025,CUST-01012,42.09
2/1/2025,CUST-01012,42.09
3/1/2025,CUST-01012,42.09
4/1/2025,CUST-01012,42.09
5/1/2025,CUST-01012,42.09
6/1/2025,CUST-01012,42.09
7/1/2025,CUST-01012,42.09
8/1/2025,CUST-01012,42.09
9/1/2025,CUST-01012,42.09
10/1/2025,CUST-01012,42.09
11/1/2025,CUST-01012,42.09
12/1/2025,CUST-01012,42.72
1/1/2024,CUST-01013,77.16
2/1/2024,CUST-01013,77.16
3/1/2024,CUST-01013,77.16
4/1/2024,CUST-01013,77.16
5/1/2024,CUST-01013,77.16
6/1/2024,CUST-01013,77.16
7/1/2024,CUST-01013,77.16
8/1/2024,CUST-01013,77.16
9/1/2024,CUST-01013,77.16
10/1/2024,CUST-01013,77.16
11/1/2024,CUST-01013,77.16
12/1/2024,CUST-01013,78.32
1/1/2025,CUST-01013,77.16
2/1/2025,CUST-01013,77.16
3/1/2025,CUST-01013,77.16
4/1/2025,CUST-01013,77.16
5/1/2025,CUST-01013,77.16
6/1/2025,CUST-01013,77.16
7/1/2025,CUST-01013,77.16
8/1/2025,CUST-01013,77.16
9/1/2025,CUST-01013,77.16
10/1/2025,CUST-01013,77.16
11/1/2025,CUST-01013,77.16
12/1/2025,CUST-01013,78.32
10/1/2022,CUST-01014,114.4
11/1/2022,CUST-01014,114.4
12/1/2022,CUST-01014,116.12
1/1/2023,CUST-01014,114.4
2/1/2023,CUST-01014,114.4
3/1/2023,CUST-01014,114.4
4/1/2023,CUST-01014,114.4
5/1/2023,CUST-01014,114.4
6/1/2023,CUST-01014,114.4
7/1/2023,CUST-01014,114.4
8/1/2023,CUST-01014,114.4
9/1/2023,CUST-01014,114.4
10/1/2023,CUST-01014,114.4
11/1/2023,CUST-01014,114.4
12/1/2023,CUST-01014,116.12
1/1/2024,CUST-01014,114.4
2/1/2024,CUST-01014,114.4
3/1/2024,CUST-01014,114.4
4/1/2024,CUST-01014,114.4
5/1/2024,CUST-01014,114.4
6/1/2024,CUST-01014,114.4
7/1/2024,CUST-01014,114.4
8/1/2024,CUST-01014,114.4
9/1/2024,CUST-01014,114.4
10/1/2024,CUST-01014,114.4
11/1/2024,CUST-01014,114.4
12/1/2024,CUST-01014,116.12
1/1/2025,CUST-01014,114.4
2/1/2025,CUST-01014,114.4
3/1/2025,CUST-01014,114.4
4/1/2025,CUST-01014,114.4
5/1/2025,CUST-01014,114.4
6/1/2025,CUST-01014,114.4
7/1/2025,CUST-01014,114.4
8/1/2025,CUST-01014,114.4
9/1/2025,CUST-01014,114.4
10/1/2025,CUST-01014,114.4
11/1/2025,CUST-01014,114.4
12/1/2025,CUST-01014,116.12
11/1/2023,CUST-01015,65.68
12/1/2023,CUST-01015,66.67
1/1/2024,CUST-01015,65.68
2/1/2024,CUST-01015,65.68
3/1/2024,CUST-01015,65.68
4/1/2024,CUST-01015,65.68
5/1/2024,CUST-01015,65.68
6/1/2024,CUST-01015,65.68
7/1/2024,CUST-01015,65.68
8/1/2024,CUST-01015,65.68
9/1/2024,CUST-01015,65.68
10/1/2024,CUST-01015,65.68
11/1/2024,CUST-01015,65.68
12/1/2024,CUST-01015,66.67
1/1/2025,CUST-01015,65.68
2/1/2025,CUST-01015,65.68
3/1/2025,CUST-01015,65.68
4/1/2025,CUST-01015,65.68
5/1/2025,CUST-01015,65.68
6/1/2025,CUST-01015,65.68
7/1/2025,CUST-01015,65.68
8/1/2025,CUST-01015,65.68
9/1/2025,CUST-01015,65.68
10/1/2025,CUST-01015,65.68
11/1/2025,CUST-01015,65.68
12/1/2025,CUST-01015,66.67
9/1/2022,CUST-01016,99.63
10/1/2022,CUST-01016,99.63
11/1/2022,CUST-01016,99.63
12/1/2022,CUST-01016,101.12
1/1/2023,CUST-01016,99.63
2/1/2023,CUST-01016,99.63
3/1/2023,CUST-01016,99.63
4/1/2023,CUST-01016,99.63
5/1/2023,CUST-01016,99.63
6/1/2023,CUST-01016,99.63
7/1/2023,CUST-01016,99.63
8/1/2023,CUST-01016,99.63
9/1/2023,CUST-01016,99.63
10/1/2023,CUST-01016,99.63
11/1/2023,CUST-01016,99.63
12/1/2023,CUST-01016,101.12
1/1/2024,CUST-01016,99.63
2/1/2024,CUST-01016,99.63
3/1/2024,CUST-01016,99.63
4/1/2024,CUST-01016,99.63
5/1/2024,CUST-01016,99.63
6/1/2024,CUST-01016,99.63
7/1/2024,CUST-01016,99.63
8/1/2024,CUST-01016,99.63
9/1/2024,CUST-01016,99.63
10/1/2024,CUST-01016,99.63
11/1/2024,CUST-01016,99.63
12/1/2024,CUST-01016,101.12
1/1/2025,CUST-01016,99.63
2/1/2025,CUST-01016,99.63
3/1/2025,CUST-01016,99.63
4/1/2025,CUST-01016,99.63
5/1/2025,CUST-01016,99.63
6/1/2025,CUST-01016,99.63
7/1/2025,CUST-01016,99.63
8/1/2025,CUST-01016,99.63
9/1/2025,CUST-01016,99.63
10/1/2025,CUST-01016,99.63
11/1/2025,CUST-01016,99.63
12/1/2025,CUST-01016,101.12
3/1/2022,CUST-01017,63.82
4/1/2022,CUST-01017,63.82
5/1/2022,CUST-01017,63.82
6/1/2022,CUST-01017,63.82
7/1/2022,CUST-01017,63.82
8/1/2022,CUST-01017,63.82
9/1/2022,CUST-01017,63.82
10/1/2022,CUST-01017,63.82
11/1/2022,CUST-01017,63.82
12/1/2022,CUST-01017,64.78
1/1/2023,CUST-01017,63.82
2/1/2023,CUST-01017,63.82
3/1/2023,CUST-01017,63.82
4/1/2023,CUST-01017,63.82
5/1/2023,CUST-01017,63.82
6/1/2023,CUST-01017,63.82
7/1/2023,CUST-01017,63.82
8/1/2023,CUST-01017,63.82
9/1/2023,CUST-01017,63.82
10/1/2023,CUST-01017,63.82
11/1/2023,CUST-01017,63.82
12/1/2023,CUST-01017,64.78
1/1/2024,CUST-01017,63.82
2/1/2024,CUST-01017,63.82
3/1/2024,CUST-01017,63.82
4/1/2024,CUST-01017,63.82
5/1/2024,CUST-01017,63.82
6/1/2024,CUST-01017,63.82
7/1/2024,CUST-01017,63.82
8/1/2024,CUST-01017,63.82
9/1/2024,CUST-01017,63.82
10/1/2024,CUST-01017,63.82
11/1/2024,CUST-01017,63.82
12/1/2024,CUST-01017,64.78
1/1/2025,CUST-01017,63.82
2/1/2025,CUST-01017,63.82
3/1/2025,CUST-01017,63.82
4/1/2025,CUST-01017,63.82
5/1/2025,CUST-01017,63.82
6/1/2025,CUST-01017,63.82
7/1/2025,CUST-01017,63.82
8/1/2025,CUST-01017,63.82
9/1/2025,CUST-01017,63.82
10/1/2025,CUST-01017,63.82
11/1/2025,CUST-01017,63.82
12/1/2025,CUST-01017,64.78
5/1/2025,CUST-01018,42.55
6/1/2025,CUST-01018,42.55
7/1/2025,CUST-01018,42.55
1/1/2024,CUST-01019,46.95
2/1/2024,CUST-01019,46.95
3/1/2024,CUST-01019,46.95
4/1/2024,CUST-01019,46.95
5/1/2024,CUST-01019,46.95
6/1/2024,CUST-01019,46.95
7/1/2024,CUST-01019,46.95
7/1/2023,CUST-01020,48.32
8/1/2023,CUST-01020,48.32
9/1/2023,CUST-01020,48.32
10/1/2023,CUST-01020,48.32
11/1/2023,CUST-01020,48.32
12/1/2023,CUST-01020,49.04
1/1/2024,CUST-01020,48.32
2/1/2024,CUST-01020,48.32
3/1/2024,CUST-01020,48.32
4/1/2024,CUST-01020,48.32
5/1/2024,CUST-01020,48.32
6/1/2024,CUST-01020,48.32
7/1/2024,CUST-01020,48.32
8/1/2024,CUST-01020,48.32
9/1/2024,CUST-01020,48.32
10/1/2024,CUST-01020,48.32
11/1/2024,CUST-01020,48.32
12/1/2024,CUST-01020,49.04
1/1/2025,CUST-01020,48.32
2/1/2025,CUST-01020,48.32
3/1/2025,CUST-01020,48.32
4/1/2025,CUST-01020,48.32
3/1/2022,CUST-01021,82.27
4/1/2022,CUST-01021,82.27
5/1/2022,CUST-01021,82.27
6/1/2022,CUST-01021,82.27
7/1/2022,CUST-01021,82.27
6/1/2025,CUST-01022,82.55
7/1/2025,CUST-01022,82.55
8/1/2025,CUST-01022,82.55
9/1/2025,CUST-01022,82.55
12/1/2022,CUST-01023,117.45
1/1/2023,CUST-01023,115.71
2/1/2023,CUST-01023,115.71
3/1/2023,CUST-01023,115.71
4/1/2023,CUST-01024,39.48
5/1/2023,CUST-01024,39.48
6/1/2023,CUST-01024,39.48
7/1/2023,CUST-01024,39.48
8/1/2023,CUST-01024,39.48
9/1/2023,CUST-01024,39.48
10/1/2023,CUST-01024,39.48
11/1/2023,CUST-01024,39.48
12/1/2023,CUST-01024,40.07
1/1/2024,CUST-01024,39.48
2/1/2024,CUST-01024,39.48
3/1/2024,CUST-01024,39.48
4/1/2024,CUST-01024,39.48
5/1/2024,CUST-01024,39.48
6/1/2024,CUST-01024,39.48
7/1/2024,CUST-01024,39.48
8/1/2024,CUST-01024,39.48
9/1/2024,CUST-01024,39.48
10/1/2024,CUST-01024,39.48
11/1/2024,CUST-01024,39.48
12/1/2024,CUST-01024,40.07
1/1/2025,CUST-01024,39.48
6/1/2022,CUST-01025,49.06
7/1/2022,CUST-01025,49.06
8/1/2022,CUST-01025,49.06
9/1/2022,CUST-01025,49.06
10/1/2022,CUST-01025,49.06
11/1/2022,CUST-01025,49.06
12/1/2022,CUST-01025,49.8
1/1/2023,CUST-01025,49.06
2/1/2023,CUST-01025,49.06
3/1/2023,CUST-01025,49.06
4/1/2023,CUST-01025,49.06
5/1/2023,CUST-01025,49.06
6/1/2023,CUST-01025,49.06
7/1/2023,CUST-01025,49.06
8/1/2023,CUST-01025,49.06
9/1/2023,CUST-01025,49.06
10/1/2023,CUST-01025,49.06
11/1/2023,CUST-01025,49.06
12/1/2023,CUST-01025,49.8
1/1/2024,CUST-01025,49.06
2/1/2024,CUST-01025,49.06
3/1/2024,CUST-01025,49.06
4/1/2024,CUST-01025,49.06
5/1/2024,CUST-01025,49.06
6/1/2024,CUST-01025,49.06
7/1/2024,CUST-01025,49.06
8/1/2024,CUST-01025,49.06
9/1/2024,CUST-01025,49.06
10/1/2024,CUST-01025,49.06
11/1/2024,CUST-01025,49.06
12/1/2024,CUST-01025,49.8
1/1/2025,CUST-01025,49.06
2/1/2025,CUST-01025,49.06
3/1/2025,CUST-01025,49.06
4/1/2025,CUST-01025,49.06
5/1/2025,CUST-01025,49.06
6/1/2025,CUST-01025,49.06
7/1/2025,CUST-01025,49.06
8/1/2025,CUST-01025,49.06
9/1/2025,CUST-01025,49.06
10/1/2025,CUST-01025,49.06
11/1/2025,CUST-01025,49.06
12/1/2025,CUST-01025,49.8
3/1/2024,CUST-01026,89.22
4/1/2024,CUST-01026,89.22
5/1/2024,CUST-01026,89.22
6/1/2024,CUST-01026,89.22
7/1/2024,CUST-01026,89.22
8/1/2024,CUST-01026,89.22
9/1/2024,CUST-01026,89.22
7/1/2025,CUST-01027,66.52
8/1/2025,CUST-01027,66.52
9/1/2025,CUST-01027,66.52
10/1/2025,CUST-01027,66.52
11/1/2025,CUST-01027,66.52
12/1/2025,CUST-01027,67.52
8/1/2024,CUST-01028,69.94
9/1/2024,CUST-01028,69.94
10/1/2024,CUST-01028,69.94
11/1/2024,CUST-01028,69.94
12/1/2024,CUST-01028,70.99
1/1/2025,CUST-01028,69.94
2/1/2025,CUST-01028,69.94
3/1/2025,CUST-01028,69.94
4/1/2025,CUST-01028,69.94
5/1/2025,CUST-01028,69.94
6/1/2025,CUST-01028,69.94
7/1/2025,CUST-01028,69.94
8/1/2025,CUST-01028,69.94
9/1/2025,CUST-01028,69.94
10/1/2025,CUST-01028,69.94
11/1/2025,CUST-01028,69.94
12/1/2025,CUST-01028,70.99
12/1/2023,CUST-01029,52.7
1/1/2024,CUST-01029,51.92
2/1/2024,CUST-01029,51.92
3/1/2024,CUST-01029,51.92
4/1/2024,CUST-01029,51.92
5/1/2024,CUST-01029,51.92
6/1/2024,CUST-01029,51.92
7/1/2024,CUST-01029,51.92
8/1/2024,CUST-01029,51.92
9/1/2024,CUST-01029,51.92
10/1/2024,CUST-01029,51.92
11/1/2024,CUST-01029,51.92
12/1/2024,CUST-01029,52.7
1/1/2025,CUST-01029,51.92
2/1/2025,CUST-01029,51.92
3/1/2025,CUST-01029,51.92
4/1/2025,CUST-01029,51.92
5/1/2025,CUST-01029,51.92
6/1/2025,CUST-01029,51.92
7/1/2025,CUST-01029,51.92
8/1/2025,CUST-01029,51.92
9/1/2025,CUST-01029,51.92
10/1/2025,CUST-01029,51.92
11/1/2025,CUST-01029,51.92
12/1/2025,CUST-01029,52.7
8/1/2023,CUST-01030,63.71
9/1/2023,CUST-01030,63.71
10/1/2023,CUST-01030,63.71
11/1/2023,CUST-01030,63.71
12/1/2023,CUST-01030,64.67
1/1/2024,CUST-01030,63.71
2/1/2024,CUST-01030,63.71
3/1/2024,CUST-01030,63.71
4/1/2024,CUST-01030,63.71
5/1/2024,CUST-01030,63.71
6/1/2024,CUST-01030,63.71
7/1/2024,CUST-01030,63.71
8/1/2024,CUST-01030,63.71
9/1/2024,CUST-01030,63.71
10/1/2024,CUST-01030,63.71
11/1/2024,CUST-01030,63.71
12/1/2024,CUST-01030,64.67
1/1/2025,CUST-01030,63.71
2/1/2025,CUST-01030,63.71
3/1/2025,CUST-01030,63.71
4/1/2025,CUST-01030,63.71
5/1/2025,CUST-01030,63.71
6/1/2025,CUST-01030,63.71
7/1/2025,CUST-01030,63.71
8/1/2025,CUST-01030,63.71
9/1/2025,CUST-01030,63.71
10/1/2025,CUST-01030,63.71
11/1/2025,CUST-01030,63.71
12/1/2025,CUST-01030,64.67
8/1/2025,CUST-01031,76.24
9/1/2025,CUST-01031,76.24
10/1/2025,CUST-01031,76.24
11/1/2025,CUST-01031,76.24
12/1/2025,CUST-01031,77.38
8/1/2024,CUST-01032,48.56
9/1/2024,CUST-01032,48.56
10/1/2024,CUST-01032,48.56
11/1/2024,CUST-01032,48.56
12/1/2024,CUST-01032,49.29
1/1/2025,CUST-01032,48.56
2/1/2025,CUST-01032,48.56
3/1/2025,CUST-01032,48.56
4/1/2025,CUST-01032,48.56
5/1/2025,CUST-01032,48.56
6/1/2025,CUST-01032,48.56
7/1/2025,CUST-01032,48.56
8/1/2025,CUST-01032,48.56
9/1/2025,CUST-01032,48.56
10/1/2025,CUST-01032,48.56
11/1/2025,CUST-01032,48.56
12/1/2025,CUST-01032,49.29
4/1/2025,CUST-01033,89.09
5/1/2025,CUST-01033,89.09
6/1/2025,CUST-01033,89.09
7/1/2025,CUST-01033,89.09
8/1/2025,CUST-01033,89.09
9/1/2025,CUST-01033,89.09
1/1/2025,CUST-01034,113.01
2/1/2025,CUST-01034,113.01
3/1/2025,CUST-01034,113.01
4/1/2025,CUST-01034,113.01
5/1/2025,CUST-01034,113.01
6/1/2025,CUST-01034,113.01
7/1/2025,CUST-01034,113.01
8/1/2025,CUST-01034,113.01
9/1/2025,CUST-01034,113.01
10/1/2025,CUST-01034,113.01
11/1/2025,CUST-01034,113.01
12/1/2025,CUST-01034,114.71
2/1/2022,CUST-01035,43.55
3/1/2022,CUST-01035,43.55
4/1/2022,CUST-01035,43.55
5/1/2022,CUST-01035,43.55
6/1/2022,CUST-01035,43.55
7/1/2022,CUST-01035,43.55
8/1/2022,CUST-01035,43.55
9/1/2022,CUST-01035,43.55
10/1/2022,CUST-01035,43.55
11/1/2022,CUST-01035,43.55
12/1/2022,CUST-01035,44.2
1/1/2023,CUST-01035,43.55
2/1/2023,CUST-01035,43.55
3/1/2023,CUST-01035,43.55
4/1/2023,CUST-01035,43.55
5/1/2023,CUST-01035,43.55
6/1/2023,CUST-01035,43.55
7/1/2023,CUST-01035,43.55
8/1/2023,CUST-01035,43.55
9/1/2023,CUST-01035,43.55
10/1/2023,CUST-01035,43.55
11/1/2023,CUST-01035,43.55
12/1/2023,CUST-01035,44.2
1/1/2024,CUST-01035,43.55
2/1/2024,CUST-01035,43.55
3/1/2024,CUST-01035,43.55
4/1/2024,CUST-01035,43.55
5/1/2024,CUST-01035,43.55
6/1/2024,CUST-01035,43.55
7/1/2024,CUST-01035,43.55
8/1/2024,CUST-01035,43.55
9/1/2024,CUST-01035,43.55
10/1/2024,CUST-01035,43.55
11/1/2024,CUST-01035,43.55
12/1/2024,CUST-01035,44.2
1/1/2025,CUST-01035,43.55
2/1/2025,CUST-01035,43.55
3/1/2025,CUST-01035,43.55
4/1/2025,CUST-01035,43.55
5/1/2025,CUST-01035,43.55
6/1/2025,CUST-01035,43.55
7/1/2025,CUST-01035,43.55
8/1/2025,CUST-01035,43.55
9/1/2025,CUST-01035,43.55
10/1/2025,CUST-01035,43.55
11/1/2025,CUST-01035,43.55
12/1/2025,CUST-01035,44.2
3/1/2024,CUST-01036,95.28
4/1/2024,CUST-01036,95.28
5/1/2024,CUST-01036,95.28
6/1/2024,CUST-01036,95.28
7/1/2024,CUST-01036,95.28
8/1/2024,CUST-01036,95.28
9/1/2024,CUST-01036,95.28
10/1/2024,CUST-01036,95.28
11/1/2024,CUST-01036,95.28
12/1/2024,CUST-01036,96.71
1/1/2025,CUST-01036,95.28
2/1/2025,CUST-01036,95.28
3/1/2025,CUST-01036,95.28
4/1/2025,CUST-01036,95.28
5/1/2025,CUST-01036,95.28
6/1/2025,CUST-01036,95.28
7/1/2025,CUST-01036,95.28
8/1/2025,CUST-01036,95.28
9/1/2025,CUST-01036,95.28
10/1/2025,CUST-01036,95.28
11/1/2025,CUST-01036,95.28
12/1/2025,CUST-01036,96.71
5/1/2024,CUST-01037,93.58
6/1/2024,CUST-01037,93.58
7/1/2024,CUST-01037,93.58
8/1/2024,CUST-01037,93.58
9/1/2024,CUST-01037,93.58
10/1/2024,CUST-01037,93.58
11/1/2024,CUST-01037,93.58
12/1/2024,CUST-01037,94.98
1/1/2025,CUST-01037,93.58
2/1/2025,CUST-01037,93.58
3/1/2025,CUST-01037,93.58
4/1/2025,CUST-01037,93.58
5/1/2025,CUST-01037,93.58
6/1/2025,CUST-01037,93.58
7/1/2025,CUST-01037,93.58
8/1/2025,CUST-01037,93.58
9/1/2025,CUST-01037,93.58
10/1/2025,CUST-01037,93.58
11/1/2025,CUST-01037,93.58
12/1/2025,CUST-01037,94.98
4/1/2023,CUST-01038,71.54
5/1/2023,CUST-01038,71.54
6/1/2023,CUST-01038,71.54
7/1/2023,CUST-01038,71.54
8/1/2023,CUST-01038,71.54
9/1/2023,CUST-01038,71.54
10/1/2023,CUST-01038,71.54
11/1/2023,CUST-01038,71.54
12/1/2023,CUST-01038,72.61
1/1/2024,CUST-01038,71.54
2/1/2024,CUST-01038,71.54
3/1/2024,CUST-01038,71.54
4/1/2024,CUST-01038,71.54
5/1/2024,CUST-01038,71.54
6/1/2024,CUST-01038,71.54
7/1/2024,CUST-01038,71.54
8/1/2024,CUST-01038,71.54
9/1/2024,CUST-01038,71.54
10/1/2024,CUST-01038,71.54
11/1/2024,CUST-01038,71.54
12/1/2024,CUST-01038,72.61
1/1/2025,CUST-01038,71.54
2/1/2025,CUST-01038,71.54
3/1/2025,CUST-01038,71.54
4/1/2025,CUST-01038,71.54
5/1/2025,CUST-01038,71.54
6/1/2025,CUST-01038,71.54
7/1/2025,CUST-01038,71.54
8/1/2025,CUST-01038,71.54
9/1/2025,CUST-01038,71.54
10/1/2025,CUST-01038,71.54
11/1/2025,CUST-01038,71.54
12/1/2025,CUST-01038,72.61
11/1/2022,CUST-01039,108.97
12/1/2022,CUST-01039,110.6
1/1/2023,CUST-01039,108.97
2/1/2023,CUST-01039,108.97
3/1/2023,CUST-01039,108.97
4/1/2023,CUST-01039,108.97
5/1/2023,CUST-01039,108.97
6/1/2023,CUST-01039,108.97
7/1/2023,CUST-01039,108.97
8/1/2023,CUST-01039,108.97
9/1/2023,CUST-01039,108.97
10/1/2023,CUST-01039,108.97
11/1/2023,CUST-01039,108.97
12/1/2023,CUST-01039,110.6
1/1/2024,CUST-01039,108.97
2/1/2024,CUST-01039,108.97
3/1/2024,CUST-01039,108.97
4/1/2024,CUST-01039,108.97
5/1/2024,CUST-01039,108.97
6/1/2024,CUST-01039,108.97
7/1/2024,CUST-01039,108.97
8/1/2024,CUST-01039,108.97
9/1/2024,CUST-01039,108.97
10/1/2024,CUST-01039,108.97
11/1/2024,CUST-01039,108.97
12/1/2024,CUST-01039,110.6
1/1/2025,CUST-01039,108.97
2/1/2025,CUST-01039,108.97
3/1/2025,CUST-01039,108.97
4/1/2025,CUST-01039,108.97
5/1/2025,CUST-01039,108.97
6/1/2025,CUST-01039,108.97
7/1/2025,CUST-01039,108.97
8/1/2025,CUST-01039,108.97
9/1/2025,CUST-01039,108.97
10/1/2025,CUST-01039,108.97
11/1/2025,CUST-01039,108.97
12/1/2025,CUST-01039,110.6
8/1/2022,CUST-01040,45.93
9/1/2022,CUST-01040,45.93
10/1/2022,CUST-01040,45.93
11/1/2022,CUST-01040,45.93
12/1/2022,CUST-01040,46.62
1/1/2023,CUST-01040,45.93
2/1/2023,CUST-01040,45.93
3/1/2023,CUST-01040,45.93
4/1/2023,CUST-01040,45.93
5/1/2023,CUST-01040,45.93
6/1/2023,CUST-01040,45.93
7/1/2023,CUST-01040,45.93
8/1/2023,CUST-01040,45.93
9/1/2023,CUST-01040,45.93
10/1/2023,CUST-01040,45.93
11/1/2023,CUST-01040,45.93
12/1/2023,CUST-01040,46.62
1/1/2024,CUST-01040,45.93
2/1/2024,CUST-01040,45.93
3/1/2024,CUST-01040,45.93
4/1/2024,CUST-01040,45.93
5/1/2024,CUST-01040,45.93
6/1/2024,CUST-01040,45.93
7/1/2024,CUST-01040,45.93
8/1/2024,CUST-01040,45.93
9/1/2024,CUST-01040,45.93
10/1/2024,CUST-01040,45.93
11/1/2024,CUST-01040,45.93
12/1/2024,CUST-01040,46.62
1/1/2025,CUST-01040,45.93
2/1/2025,CUST-01040,45.93
3/1/2025,CUST-01040,45.93
4/1/2025,CUST-01040,45.93
5/1/2025,CUST-01040,45.93
6/1/2025,CUST-01040,45.93
7/1/2025,CUST-01040,45.93
8/1/2025,CUST-01040,45.93
9/1/2025,CUST-01040,45.93
10/1/2025,CUST-01040,45.93
11/1/2025,CUST-01040,45.93
12/1/2025,CUST-01040,46.62
8/1/2023,CUST-01041,95.44
9/1/2023,CUST-01041,95.44
10/1/2023,CUST-01041,95.44
11/1/2023,CUST-01041,95.44
12/1/2023,CUST-01041,96.87
1/1/2024,CUST-01041,95.44
2/1/2024,CUST-01041,95.44
3/1/2024,CUST-01041,95.44
4/1/2024,CUST-01041,95.44
5/1/2024,CUST-01041,95.44
6/1/2024,CUST-01041,95.44
7/1/2024,CUST-01041,95.44
8/1/2024,CUST-01041,95.44
9/1/2024,CUST-01041,95.44
10/1/2024,CUST-01041,95.44
11/1/2024,CUST-01041,95.44
12/1/2024,CUST-01041,96.87
1/1/2025,CUST-01041,95.44
2/1/2025,CUST-01041,95.44
3/1/2025,CUST-01041,95.44
4/1/2025,CUST-01041,95.44
5/1/2025,CUST-01041,95.44
6/1/2025,CUST-01041,95.44
7/1/2025,CUST-01041,95.44
8/1/2025,CUST-01041,95.44
9/1/2025,CUST-01041,95.44
10/1/2025,CUST-01041,95.44
11/1/2025,CUST-01041,95.44
12/1/2025,CUST-01041,96.87
12/1/2022,CUST-01042,79.34
1/1/2023,CUST-01042,78.17
2/1/2023,CUST-01042,78.17
3/1/2023,CUST-01042,78.17
4/1/2023,CUST-01042,78.17
5/1/2023,CUST-01042,78.17
6/1/2023,CUST-01042,78.17
7/1/2023,CUST-01042,78.17
8/1/2023,CUST-01042,78.17
9/1/2023,CUST-01042,78.17
10/1/2023,CUST-01042,78.17
11/1/2023,CUST-01042,78.17
12/1/2023,CUST-01042,79.34
1/1/2024,CUST-01042,78.17
2/1/2024,CUST-01042,78.17
3/1/2024,CUST-01042,78.17
4/1/2024,CUST-01042,78.17
5/1/2024,CUST-01042,78.17
6/1/2024,CUST-01042,78.17
7/1/2024,CUST-01042,78.17
8/1/2024,CUST-01042,78.17
9/1/2024,CUST-01042,78.17
10/1/2024,CUST-01042,78.17
11/1/2024,CUST-01042,78.17
12/1/2024,CUST-01042,79.34
1/1/2025,CUST-01042,78.17
2/1/2025,CUST-01042,78.17
3/1/2025,CUST-01042,78.17
4/1/2025,CUST-01042,78.17
5/1/2025,CUST-01042,78.17
6/1/2025,CUST-01042,78.17
7/1/2025,CUST-01042,78.17
8/1/2025,CUST-01042,78.17
9/1/2025,CUST-01042,78.17
10/1/2025,CUST-01042,78.17
11/1/2025,CUST-01042,78.17
12/1/2025,CUST-01042,79.34
12/1/2023,CUST-01043,89.19
1/1/2024,CUST-01043,87.87
2/1/2024,CUST-01043,87.87
3/1/2024,CUST-01043,87.87
4/1/2024,CUST-01043,87.87
5/1/2024,CUST-01043,87.87
6/1/2024,CUST-01043,87.87
7/1/2024,CUST-01043,87.87
8/1/2024,CUST-01043,87.87
9/1/2024,CUST-01043,87.87
10/1/2024,CUST-01043,87.87
11/1/2024,CUST-01043,87.87
12/1/2024,CUST-01043,89.19
1/1/2025,CUST-01043,87.87
2/1/2025,CUST-01043,87.87
3/1/2025,CUST-01043,87.87
4/1/2025,CUST-01043,87.87
5/1/2025,CUST-01043,87.87
6/1/2025,CUST-01043,87.87
7/1/2025,CUST-01043,87.87
8/1/2025,CUST-01043,87.87
9/1/2025,CUST-01043,87.87
10/1/2025,CUST-01043,87.87
11/1/2025,CUST-01043,87.87
12/1/2025,CUST-01043,89.19
6/1/2024,CUST-01044,47.18
7/1/2024,CUST-01044,47.18
8/1/2024,CUST-01044,47.18
9/1/2024,CUST-01044,47.18
10/1/2024,CUST-01044,47.18
11/1/2024,CUST-01044,47.18
12/1/2024,CUST-01044,47.89
1/1/2025,CUST-01044,47.18
2/1/2025,CUST-01044,47.18
3/1/2025,CUST-01044,47.18
4/1/2025,CUST-01044,47.18
5/1/2025,CUST-01044,47.18
6/1/2025,CUST-01044,47.18
7/1/2025,CUST-01044,47.18
8/1/2025,CUST-01044,47.18
9/1/2025,CUST-01044,47.18
10/1/2025,CUST-01044,47.18
11/1/2025,CUST-01044,47.18
12/1/2025,CUST-01044,47.89
10/1/2023,CUST-01045,105.61
11/1/2023,CUST-01045,105.61
12/1/2023,CUST-01045,107.19
1/1/2024,CUST-01045,105.61
2/1/2024,CUST-01045,105.61
3/1/2024,CUST-01045,105.61
4/1/2024,CUST-01045,105.61
5/1/2024,CUST-01045,105.61
6/1/2024,CUST-01045,105.61
7/1/2024,CUST-01045,105.61
8/1/2024,CUST-01045,105.61
9/1/2024,CUST-01045,105.61
10/1/2024,CUST-01045,105.61
11/1/2024,CUST-01045,105.61
12/1/2024,CUST-01045,107.19
1/1/2025,CUST-01045,105.61
2/1/2025,CUST-01045,105.61
3/1/2025,CUST-01045,105.61
4/1/2025,CUST-01045,105.61
5/1/2025,CUST-01045,105.61
6/1/2025,CUST-01045,105.61
7/1/2025,CUST-01045,105.61
8/1/2025,CUST-01045,105.61
9/1/2025,CUST-01045,105.61
10/1/2025,CUST-01045,105.61
11/1/2025,CUST-01045,105.61
12/1/2025,CUST-01045,107.19
9/1/2024,CUST-01046,82.07
10/1/2024,CUST-01046,82.07
11/1/2024,CUST-01046,82.07
12/1/2024,CUST-01046,83.3
1/1/2025,CUST-01046,82.07
2/1/2025,CUST-01046,82.07
3/1/2025,CUST-01046,82.07
4/1/2025,CUST-01046,82.07
5/1/2025,CUST-01046,82.07
6/1/2025,CUST-01046,82.07
7/1/2025,CUST-01046,82.07
8/1/2025,CUST-01046,82.07
9/1/2025,CUST-01046,82.07
10/1/2025,CUST-01046,82.07
11/1/2025,CUST-01046,82.07
12/1/2025,CUST-01046,83.3
7/1/2023,CUST-01047,78.6
8/1/2023,CUST-01047,78.6
9/1/2023,CUST-01047,78.6
10/1/2023,CUST-01047,78.6
11/1/2023,CUST-01047,78.6
12/1/2023,CUST-01047,79.78
1/1/2024,CUST-01047,78.6
2/1/2024,CUST-01047,78.6
3/1/2024,CUST-01047,78.6
4/1/2024,CUST-01047,78.6
5/1/2024,CUST-01047,78.6
6/1/2024,CUST-01047,78.6
7/1/2024,CUST-01047,78.6
8/1/2024,CUST-01047,78.6
9/1/2024,CUST-01047,78.6
10/1/2024,CUST-01047,78.6
11/1/2024,CUST-01047,78.6
12/1/2024,CUST-01047,79.78
1/1/2025,CUST-01047,78.6
2/1/2025,CUST-01047,78.6
3/1/2025,CUST-01047,78.6
4/1/2025,CUST-01047,78.6
5/1/2025,CUST-01047,78.6
6/1/2025,CUST-01047,78.6
7/1/2025,CUST-01047,78.6
8/1/2025,CUST-01047,78.6
9/1/2025,CUST-01047,78.6
10/1/2025,CUST-01047,78.6
11/1/2025,CUST-01047,78.6
12/1/2025,CUST-01047,79.78
3/1/2024,CUST-01048,56.15
4/1/2024,CUST-01048,56.15
5/1/2024,CUST-01048,56.15
10/1/2023,CUST-01049,63.38
11/1/2023,CUST-01049,63.38
12/1/2023,CUST-01049,64.33
1/1/2024,CUST-01049,63.38
2/1/2024,CUST-01049,63.38
3/1/2024,CUST-01049,63.38
4/1/2024,CUST-01049,63.38
5/1/2024,CUST-01049,63.38
6/1/2024,CUST-01049,63.38
7/1/2024,CUST-01049,63.38
8/1/2024,CUST-01049,63.38
9/1/2024,CUST-01049,63.38
10/1/2024,CUST-01049,63.38
11/1/2024,CUST-01049,63.38
12/1/2024,CUST-01049,64.33
1/1/2025,CUST-01049,63.38
2/1/2025,CUST-01049,63.38
3/1/2025,CUST-01049,63.38
4/1/2025,CUST-01049,63.38
5/1/2025,CUST-01049,63.38
6/1/2025,CUST-01049,63.38
7/1/2025,CUST-01049,63.38
8/1/2025,CUST-01049,63.38
9/1/2025,CUST-01049,63.38
10/1/2025,CUST-01049,63.38
11/1/2025,CUST-01049,63.38
12/1/2025,CUST-01049,64.33
5/1/2025,CUST-01050,102.03
6/1/2025,CUST-01050,102.03
7/1/2025,CUST-01050,102.03
8/1/2025,CUST-01050,102.03
9/1/2025,CUST-01050,102.03
10/1/2025,CUST-01050,102.03
11/1/2025,CUST-01050,102.03
12/1/2025,CUST-01050,103.56
9/1/2024,CUST-01051,63.29
10/1/2024,CUST-01051,63.29
11/1/2024,CUST-01051,63.29
12/1/2024,CUST-01051,64.24
1/1/2025,CUST-01051,63.29
2/1/2025,CUST-01051,63.29
3/1/2025,CUST-01051,63.29
4/1/2025,CUST-01051,63.29
5/1/2025,CUST-01051,63.29
6/1/2025,CUST-01051,63.29
7/1/2025,CUST-01051,63.29
8/1/2025,CUST-01051,63.29
9/1/2025,CUST-01051,63.29
10/1/2025,CUST-01051,63.29
11/1/2025,CUST-01051,63.29
12/1/2025,CUST-01051,64.24
11/1/2024,CUST-01052,101.3
12/1/2024,CUST-01052,102.82
1/1/2025,CUST-01052,101.3
2/1/2025,CUST-01052,101.3
3/1/2025,CUST-01052,101.3
5/1/2024,CUST-01053,80.35
6/1/2024,CUST-01053,80.35
7/1/2024,CUST-01053,80.35
8/1/2024,CUST-01053,80.35
9/1/2024,CUST-01053,80.35
10/1/2024,CUST-01053,80.35
11/1/2024,CUST-01053,80.35
12/1/2024,CUST-01053,81.56
1/1/2025,CUST-01053,80.35
2/1/2025,CUST-01053,80.35
3/1/2025,CUST-01053,80.35
4/1/2025,CUST-01053,80.35
5/1/2025,CUST-01053,80.35
6/1/2025,CUST-01053,80.35
7/1/2025,CUST-01053,80.35
8/1/2025,CUST-01053,80.35
9/1/2025,CUST-01053,80.35
10/1/2025,CUST-01053,80.35
11/1/2025,CUST-01053,80.35
12/1/2025,CUST-01053,81.56
12/1/2022,CUST-01054,41.8
1/1/2023,CUST-01054,41.18
2/1/2023,CUST-01054,41.18
3/1/2023,CUST-01054,41.18
4/1/2023,CUST-01054,41.18
5/1/2023,CUST-01054,41.18
6/1/2023,CUST-01054,41.18
7/1/2023,CUST-01054,41.18
8/1/2023,CUST-01054,41.18
9/1/2023,CUST-01054,41.18
10/1/2023,CUST-01054,41.18
11/1/2023,CUST-01054,41.18
12/1/2023,CUST-01054,41.8
1/1/2024,CUST-01054,41.18
2/1/2024,CUST-01054,41.18
3/1/2024,CUST-01054,41.18
4/1/2024,CUST-01054,41.18
5/1/2024,CUST-01054,41.18
6/1/2024,CUST-01054,41.18
7/1/2024,CUST-01054,41.18
8/1/2024,CUST-01054,41.18
9/1/2024,CUST-01054,41.18
10/1/2024,CUST-01054,41.18
11/1/2024,CUST-01054,41.18
12/1/2024,CUST-01054,41.8
1/1/2025,CUST-01054,41.18
2/1/2025,CUST-01054,41.18
3/1/2025,CUST-01054,41.18
4/1/2025,CUST-01054,41.18
5/1/2025,CUST-01054,41.18
6/1/2025,CUST-01054,41.18
7/1/2025,CUST-01054,41.18
8/1/2025,CUST-01054,41.18
9/1/2025,CUST-01054,41.18
10/1/2025,CUST-01054,41.18
11/1/2025,CUST-01054,41.18
12/1/2025,CUST-01054,41.8
5/1/2025,CUST-01055,51.62
6/1/2025,CUST-01055,51.62
7/1/2025,CUST-01055,51.62
8/1/2025,CUST-01055,51.62
9/1/2025,CUST-01055,51.62
10/1/2025,CUST-01055,51.62
11/1/2025,CUST-01055,51.62
12/1/2025,CUST-01055,52.39
1/1/2024,CUST-01056,71.66
2/1/2024,CUST-01056,71.66
3/1/2024,CUST-01056,71.66
4/1/2024,CUST-01056,71.66
5/1/2024,CUST-01056,71.66
6/1/2024,CUST-01056,71.66
7/1/2024,CUST-01056,71.66
8/1/2024,CUST-01056,71.66
9/1/2024,CUST-01056,71.66
10/1/2024,CUST-01056,71.66
11/1/2024,CUST-01056,71.66
12/1/2024,CUST-01056,72.73
1/1/2025,CUST-01056,71.66
2/1/2025,CUST-01056,71.66
3/1/2025,CUST-01056,71.66
4/1/2025,CUST-01056,71.66
5/1/2025,CUST-01056,71.66
6/1/2025,CUST-01056,71.66
7/1/2025,CUST-01056,71.66
8/1/2025,CUST-01056,71.66
9/1/2025,CUST-01056,71.66
10/1/2025,CUST-01056,71.66
11/1/2025,CUST-01056,71.66
12/1/2025,CUST-01056,72.73
12/1/2022,CUST-01057,98.59
1/1/2023,CUST-01057,97.13
2/1/2023,CUST-01057,97.13
3/1/2023,CUST-01057,97.13
4/1/2023,CUST-01057,97.13
5/1/2023,CUST-01057,97.13
6/1/2023,CUST-01057,97.13
7/1/2023,CUST-01057,97.13
8/1/2023,CUST-01057,97.13
9/1/2023,CUST-01057,97.13
10/1/2023,CUST-01057,97.13
11/1/2023,CUST-01057,97.13
12/1/2023,CUST-01057,98.59
1/1/2024,CUST-01057,97.13
2/1/2024,CUST-01057,97.13
3/1/2024,CUST-01057,97.13
4/1/2024,CUST-01057,97.13
5/1/2024,CUST-01057,97.13
6/1/2024,CUST-01057,97.13
7/1/2024,CUST-01057,97.13
8/1/2024,CUST-01057,97.13
9/1/2024,CUST-01057,97.13
10/1/2024,CUST-01057,97.13
11/1/2024,CUST-01057,97.13
12/1/2024,CUST-01057,98.59
1/1/2025,CUST-01057,97.13
2/1/2025,CUST-01057,97.13
3/1/2025,CUST-01057,97.13
4/1/2025,CUST-01057,97.13
5/1/2025,CUST-01057,97.13
6/1/2025,CUST-01057,97.13
7/1/2025,CUST-01057,97.13
8/1/2025,CUST-01057,97.13
9/1/2025,CUST-01057,97.13
10/1/2025,CUST-01057,97.13
11/1/2025,CUST-01057,97.13
12/1/2025,CUST-01057,98.59
1/1/2022,CUST-01058,128.98
2/1/2022,CUST-01058,128.98
3/1/2022,CUST-01058,128.98
4/1/2022,CUST-01058,128.98
5/1/2022,CUST-01058,128.98
6/1/2022,CUST-01058,128.98
7/1/2022,CUST-01058,128.98
8/1/2022,CUST-01058,128.98
9/1/2022,CUST-01058,128.98
10/1/2022,CUST-01058,128.98
11/1/2022,CUST-01058,128.98
12/1/2022,CUST-01058,130.91
1/1/2023,CUST-01058,128.98
2/1/2023,CUST-01058,128.98
3/1/2023,CUST-01058,128.98
4/1/2023,CUST-01058,128.98
5/1/2023,CUST-01058,128.98
6/1/2023,CUST-01058,128.98
7/1/2023,CUST-01058,128.98
8/1/2023,CUST-01058,128.98
9/1/2023,CUST-01058,128.98
10/1/2023,CUST-01058,128.98
11/1/2023,CUST-01058,128.98
12/1/2023,CUST-01058,130.91
1/1/2024,CUST-01058,128.98
2/1/2024,CUST-01058,128.98
3/1/2024,CUST-01058,128.98
4/1/2024,CUST-01058,128.98
5/1/2024,CUST-01058,128.98
6/1/2024,CUST-01058,128.98
7/1/2024,CUST-01058,128.98
8/1/2024,CUST-01058,128.98
9/1/2024,CUST-01058,128.98
10/1/2024,CUST-01058,128.98
11/1/2024,CUST-01058,128.98
12/1/2024,CUST-01058,130.91
1/1/2025,CUST-01058,128.98
2/1/2025,CUST-01058,128.98
3/1/2025,CUST-01058,128.98
4/1/2025,CUST-01058,128.98
5/1/2025,CUST-01058,128.98
6/1/2025,CUST-01058,128.98
7/1/2025,CUST-01058,128.98
8/1/2025,CUST-01058,128.98
9/1/2025,CUST-01058,128.98
10/1/2025,CUST-01058,128.98
11/1/2025,CUST-01058,128.98
12/1/2025,CUST-01058,130.91
6/1/2025,CUST-01059,52.86
7/1/2025,CUST-01059,52.86
8/1/2025,CUST-01059,52.86
9/1/2025,CUST-01059,52.86
10/1/2025,CUST-01059,52.86
11/1/2025,CUST-01059,52.86
12/1/2025,CUST-01059,53.65
7/1/2025,CUST-01060,78.43
8/1/2025,CUST-01060,78.43
9/1/2025,CUST-01060,78.43
10/1/2025,CUST-01060,78.43
11/1/2025,CUST-01060,78.43
12/1/2025,CUST-01060,79.61
1/1/2024,CUST-01061,90.91
2/1/2024,CUST-01061,90.91
3/1/2024,CUST-01061,90.91
4/1/2024,CUST-01061,90.91
5/1/2024,CUST-01061,90.91
6/1/2024,CUST-01061,90.91
7/1/2024,CUST-01061,90.91
8/1/2024,CUST-01061,90.91
9/1/2024,CUST-01061,90.91
10/1/2024,CUST-01061,90.91
11/1/2024,CUST-01061,90.91
12/1/2024,CUST-01061,92.27
1/1/2025,CUST-01061,90.91
2/1/2025,CUST-01061,90.91
3/1/2025,CUST-01061,90.91
4/1/2025,CUST-01061,90.91
5/1/2025,CUST-01061,90.91
6/1/2025,CUST-01061,90.91
7/1/2025,CUST-01061,90.91
8/1/2025,CUST-01061,90.91
9/1/2025,CUST-01061,90.91
10/1/2025,CUST-01061,90.91
11/1/2025,CUST-01061,90.91
12/1/2025,CUST-01061,92.27
5/1/2022,CUST-01062,87.05
6/1/2022,CUST-01062,87.05
7/1/2022,CUST-01062,87.05
8/1/2022,CUST-01062,87.05
9/1/2022,CUST-01062,87.05
10/1/2022,CUST-01062,87.05
11/1/2022,CUST-01062,87.05
12/1/2022,CUST-01062,88.36
1/1/2023,CUST-01062,87.05
2/1/2023,CUST-01062,87.05
3/1/2023,CUST-01062,87.05
4/1/2023,CUST-01062,87.05
5/1/2023,CUST-01062,87.05
6/1/2023,CUST-01062,87.05
7/1/2023,CUST-01062,87.05
8/1/2023,CUST-01062,87.05
9/1/2023,CUST-01062,87.05
10/1/2023,CUST-01062,87.05
11/1/2023,CUST-01062,87.05
12/1/2023,CUST-01062,88.36
1/1/2024,CUST-01062,87.05
2/1/2024,CUST-01062,87.05
3/1/2024,CUST-01062,87.05
4/1/2024,CUST-01062,87.05
5/1/2024,CUST-01062,87.05
6/1/2024,CUST-01062,87.05
7/1/2024,CUST-01062,87.05
8/1/2024,CUST-01062,87.05
9/1/2024,CUST-01062,87.05
10/1/2024,CUST-01062,87.05
11/1/2024,CUST-01062,87.05
12/1/2024,CUST-01062,88.36
1/1/2025,CUST-01062,87.05
2/1/2025,CUST-01062,87.05
3/1/2025,CUST-01062,87.05
4/1/2025,CUST-01062,87.05
5/1/2025,CUST-01062,87.05
6/1/2025,CUST-01062,87.05
7/1/2025,CUST-01062,87.05
8/1/2025,CUST-01062,87.05
9/1/2025,CUST-01062,87.05
10/1/2025,CUST-01062,87.05
11/1/2025,CUST-01062,87.05
12/1/2025,CUST-01062,88.36
8/1/2023,CUST-01063,54.65
9/1/2023,CUST-01063,54.65
10/1/2023,CUST-01063,54.65
11/1/2023,CUST-01063,54.65
8/1/2024,CUST-01064,48.46
9/1/2024,CUST-01064,48.46
10/1/2024,CUST-01064,48.46
11/1/2024,CUST-01064,48.46
12/1/2024,CUST-01064,49.19
1/1/2025,CUST-01064,48.46
2/1/2025,CUST-01064,48.46
3/1/2025,CUST-01064,48.46
4/1/2025,CUST-01064,48.46
5/1/2025,CUST-01064,48.46
6/1/2025,CUST-01064,48.46
7/1/2025,CUST-01064,48.46
8/1/2025,CUST-01064,48.46
9/1/2025,CUST-01064,48.46
10/1/2025,CUST-01064,48.46
11/1/2025,CUST-01064,48.46
12/1/2025,CUST-01064,49.19
3/1/2025,CUST-01065,77.53
4/1/2025,CUST-01065,77.53
5/1/2025,CUST-01065,77.53
7/1/2025,CUST-01066,108.03
8/1/2025,CUST-01066,108.03
9/1/2025,CUST-01066,108.03
10/1/2025,CUST-01066,108.03
11/1/2025,CUST-01066,108.03
12/1/2025,CUST-01066,109.65
1/1/2023,CUST-01067,84.79
2/1/2023,CUST-01067,84.79
3/1/2023,CUST-01067,84.79
4/1/2023,CUST-01067,84.79
5/1/2023,CUST-01067,84.79
6/1/2023,CUST-01067,84.79
7/1/2023,CUST-01067,84.79
8/1/2023,CUST-01067,84.79
9/1/2023,CUST-01067,84.79
11/1/2024,CUST-01068,61.04
12/1/2024,CUST-01068,61.96
1/1/2025,CUST-01068,61.04
2/1/2025,CUST-01068,61.04
3/1/2025,CUST-01068,61.04
4/1/2025,CUST-01068,61.04
5/1/2025,CUST-01068,61.04
6/1/2025,CUST-01068,61.04
7/1/2025,CUST-01068,61.04
8/1/2025,CUST-01068,61.04
9/1/2025,CUST-01068,61.04
10/1/2025,CUST-01068,61.04
11/1/2025,CUST-01068,61.04
12/1/2025,CUST-01068,61.96
6/1/2022,CUST-01069,87.47
7/1/2022,CUST-01069,87.47
8/1/2022,CUST-01069,87.47
9/1/2022,CUST-01069,87.47
10/1/2022,CUST-01069,87.47
11/1/2022,CUST-01069,87.47
12/1/2022,CUST-01069,88.78
1/1/2023,CUST-01069,87.47
2/1/2023,CUST-01069,87.47
3/1/2023,CUST-01069,87.47
4/1/2023,CUST-01069,87.47
5/1/2023,CUST-01069,87.47
6/1/2023,CUST-01069,87.47
7/1/2023,CUST-01069,87.47
8/1/2023,CUST-01069,87.47
9/1/2023,CUST-01069,87.47
10/1/2023,CUST-01069,87.47
11/1/2023,CUST-01069,87.47
12/1/2023,CUST-01069,88.78
1/1/2024,CUST-01069,87.47
2/1/2024,CUST-01069,87.47
3/1/2024,CUST-01069,87.47
4/1/2024,CUST-01069,87.47
5/1/2024,CUST-01069,87.47
6/1/2024,CUST-01069,87.47
7/1/2024,CUST-01069,87.47
8/1/2024,CUST-01069,87.47
9/1/2024,CUST-01069,87.47
10/1/2024,CUST-01069,87.47
11/1/2024,CUST-01069,87.47
12/1/2024,CUST-01069,88.78
1/1/2025,CUST-01069,87.47
2/1/2025,CUST-01069,87.47
3/1/2025,CUST-01069,87.47
4/1/2025,CUST-01069,87.47
5/1/2025,CUST-01069,87.47
6/1/2025,CUST-01069,87.47
7/1/2025,CUST-01069,87.47
8/1/2025,CUST-01069,87.47
9/1/2025,CUST-01069,87.47
10/1/2025,CUST-01069,87.47
11/1/2025,CUST-01069,87.47
12/1/2025,CUST-01069,88.78
9/1/2024,CUST-01070,115.95
10/1/2024,CUST-01070,115.95
11/1/2024,CUST-01070,115.95
12/1/2024,CUST-01070,117.69
1/1/2025,CUST-01070,115.95
2/1/2025,CUST-01070,115.95
7/1/2025,CUST-01071,60.67
8/1/2025,CUST-01071,60.67
9/1/2025,CUST-01071,60.67
10/1/2025,CUST-01071,60.67
11/1/2025,CUST-01071,60.67
12/1/2025,CUST-01071,61.58
4/1/2025,CUST-01072,49.03
5/1/2025,CUST-01072,49.03
6/1/2025,CUST-01072,49.03
7/1/2025,CUST-01072,49.03
6/1/2024,CUST-01073,97.25
7/1/2024,CUST-01073,97.25
8/1/2024,CUST-01073,97.25
9/1/2024,CUST-01073,97.25
10/1/2024,CUST-01073,97.25
11/1/2024,CUST-01073,97.25
12/1/2024,CUST-01073,98.71
1/1/2025,CUST-01073,97.25
2/1/2025,CUST-01073,97.25
3/1/2025,CUST-01073,97.25
4/1/2025,CUST-01073,97.25
5/1/2025,CUST-01073,97.25
6/1/2025,CUST-01073,97.25
7/1/2025,CUST-01073,97.25
8/1/2025,CUST-01073,97.25
9/1/2025,CUST-01073,97.25
10/1/2025,CUST-01073,97.25
11/1/2025,CUST-01073,97.25
12/1/2025,CUST-01073,98.71
2/1/2025,CUST-01074,36.62
3/1/2025,CUST-01074,36.62
4/1/2025,CUST-01074,36.62
5/1/2025,CUST-01074,36.62
11/1/2022,CUST-01075,43.42
12/1/2022,CUST-01075,44.07
1/1/2023,CUST-01075,43.42
2/1/2023,CUST-01075,43.42
3/1/2023,CUST-01075,43.42
4/1/2023,CUST-01075,43.42
5/1/2023,CUST-01075,43.42
6/1/2023,CUST-01075,43.42
7/1/2023,CUST-01075,43.42
8/1/2023,CUST-01075,43.42
9/1/2023,CUST-01075,43.42
10/1/2023,CUST-01075,43.42
11/1/2023,CUST-01075,43.42
12/1/2023,CUST-01075,44.07
1/1/2024,CUST-01075,43.42
2/1/2024,CUST-01075,43.42
3/1/2024,CUST-01075,43.42
4/1/2024,CUST-01075,43.42
5/1/2024,CUST-01075,43.42
6/1/2024,CUST-01075,43.42
7/1/2024,CUST-01075,43.42
8/1/2024,CUST-01075,43.42
9/1/2024,CUST-01075,43.42
10/1/2024,CUST-01075,43.42
11/1/2024,CUST-01075,43.42
12/1/2024,CUST-01075,44.07
1/1/2025,CUST-01075,43.42
2/1/2025,CUST-01075,43.42
3/1/2025,CUST-01075,43.42
4/1/2025,CUST-01075,43.42
5/1/2025,CUST-01075,43.42
6/1/2025,CUST-01075,43.42
7/1/2025,CUST-01075,43.42
8/1/2025,CUST-01075,43.42
9/1/2025,CUST-01075,43.42
10/1/2025,CUST-01075,43.42
11/1/2025,CUST-01075,43.42
12/1/2025,CUST-01075,44.07
8/1/2024,CUST-01076,59.12
9/1/2024,CUST-01076,59.12
10/1/2024,CUST-01076,59.12
11/1/2024,CUST-01076,59.12
12/1/2024,CUST-01076,60.01
1/1/2025,CUST-01076,59.12
2/1/2025,CUST-01076,59.12
3/1/2025,CUST-01076,59.12
4/1/2025,CUST-01076,59.12
5/1/2025,CUST-01076,59.12
6/1/2025,CUST-01076,59.12
7/1/2025,CUST-01076,59.12
8/1/2025,CUST-01076,59.12
9/1/2025,CUST-01076,59.12
10/1/2025,CUST-01076,59.12
11/1/2025,CUST-01076,59.12
12/1/2025,CUST-01076,60.01
2/1/2023,CUST-01077,50.65
3/1/2023,CUST-01077,50.65
4/1/2023,CUST-01077,50.65
5/1/2023,CUST-01077,50.65
6/1/2023,CUST-01077,50.65
7/1/2023,CUST-01077,50.65
8/1/2023,CUST-01077,50.65
9/1/2023,CUST-01077,50.65
10/1/2023,CUST-01077,50.65
11/1/2023,CUST-01077,50.65
12/1/2023,CUST-01077,51.41
1/1/2024,CUST-01077,50.65
8/1/2024,CUST-01078,109.74
9/1/2024,CUST-01078,109.74
10/1/2024,CUST-01078,109.74
11/1/2024,CUST-01078,109.74
12/1/2024,CUST-01078,111.39
1/1/2025,CUST-01078,109.74
2/1/2025,CUST-01078,109.74
3/1/2025,CUST-01078,109.74
4/1/2025,CUST-01078,109.74
5/1/2025,CUST-01078,109.74
6/1/2025,CUST-01078,109.74
7/1/2025,CUST-01078,109.74
8/1/2025,CUST-01078,109.74
9/1/2025,CUST-01078,109.74
10/1/2025,CUST-01078,109.74
11/1/2025,CUST-01078,109.74
12/1/2025,CUST-01078,111.39
7/1/2023,CUST-01079,48.53
8/1/2023,CUST-01079,48.53
9/1/2023,CUST-01079,48.53
10/1/2023,CUST-01079,48.53
11/1/2023,CUST-01079,48.53
12/1/2023,CUST-01079,49.26
1/1/2024,CUST-01079,48.53
2/1/2024,CUST-01079,48.53
3/1/2024,CUST-01079,48.53
4/1/2024,CUST-01079,48.53
5/1/2024,CUST-01079,48.53
6/1/2024,CUST-01079,48.53
7/1/2024,CUST-01079,48.53
8/1/2024,CUST-01079,48.53
9/1/2024,CUST-01079,48.53
10/1/2024,CUST-01079,48.53
11/1/2024,CUST-01079,48.53
12/1/2024,CUST-01079,49.26
1/1/2025,CUST-01079,48.53
2/1/2025,CUST-01079,48.53
3/1/2025,CUST-01079,48.53
4/1/2025,CUST-01079,48.53
5/1/2025,CUST-01079,48.53
6/1/2025,CUST-01079,48.53
7/1/2025,CUST-01079,48.53
8/1/2025,CUST-01079,48.53
9/1/2025,CUST-01079,48.53
10/1/2025,CUST-01079,48.53
11/1/2025,CUST-01079,48.53
12/1/2025,CUST-01079,49.26
10/1/2024,CUST-01080,126.58
11/1/2024,CUST-01080,126.58
12/1/2024,CUST-01080,128.48
1/1/2025,CUST-01080,126.58
2/1/2025,CUST-01080,126.58
3/1/2025,CUST-01080,126.58
4/1/2025,CUST-01080,126.58
5/1/2025,CUST-01080,126.58
6/1/2025,CUST-01080,126.58
7/1/2025,CUST-01080,126.58
8/1/2025,CUST-01080,126.58
9/1/2025,CUST-01080,126.58
10/1/2025,CUST-01080,126.58
11/1/2025,CUST-01080,126.58
12/1/2025,CUST-01080,128.48
5/1/2023,CUST-01081,101.52
6/1/2023,CUST-01081,101.52
7/1/2023,CUST-01081,101.52
8/1/2023,CUST-01081,101.52
9/1/2023,CUST-01081,101.52
10/1/2023,CUST-01081,101.52
11/1/2023,CUST-01081,101.52
12/1/2023,CUST-01081,103.04
1/1/2024,CUST-01081,101.52
2/1/2024,CUST-01081,101.52
3/1/2024,CUST-01081,101.52
4/1/2024,CUST-01081,101.52
5/1/2024,CUST-01081,101.52
6/1/2024,CUST-01081,101.52
7/1/2024,CUST-01081,101.52
8/1/2024,CUST-01081,101.52
9/1/2024,CUST-01081,101.52
10/1/2024,CUST-01081,101.52
11/1/2024,CUST-01081,101.52
12/1/2024,CUST-01081,103.04
4/1/2025,CUST-01082,124.62
5/1/2025,CUST-01082,124.62
6/1/2025,CUST-01082,124.62
7/1/2025,CUST-01082,124.62
8/1/2025,CUST-01082,124.62
7/1/2023,CUST-01083,67.31
8/1/2023,CUST-01083,67.31
9/1/2023,CUST-01083,67.31
10/1/2023,CUST-01083,67.31
11/1/2023,CUST-01083,67.31
12/1/2023,CUST-01083,68.32
1/1/2024,CUST-01083,67.31
2/1/2024,CUST-01083,67.31
3/1/2024,CUST-01083,67.31
4/1/2024,CUST-01083,67.31
5/1/2024,CUST-01083,67.31
6/1/2024,CUST-01083,67.31
7/1/2024,CUST-01083,67.31
8/1/2024,CUST-01083,67.31
9/1/2024,CUST-01083,67.31
10/1/2024,CUST-01083,67.31
11/1/2024,CUST-01083,67.31
12/1/2024,CUST-01083,68.32
1/1/2025,CUST-01083,67.31
2/1/2025,CUST-01083,67.31
3/1/2025,CUST-01083,67.31
4/1/2025,CUST-01083,67.31
5/1/2025,CUST-01083,67.31
6/1/2025,CUST-01083,67.31
7/1/2025,CUST-01083,67.31
8/1/2025,CUST-01083,67.31
9/1/2025,CUST-01083,67.31
10/1/2025,CUST-01083,67.31
11/1/2025,CUST-01083,67.31
12/1/2025,CUST-01083,68.32
9/1/2024,CUST-01084,72.42
10/1/2024,CUST-01084,72.42
11/1/2024,CUST-01084,72.42
12/1/2024,CUST-01084,73.51
1/1/2025,CUST-01084,72.42
2/1/2025,CUST-01084,72.42
3/1/2025,CUST-01084,72.42
4/1/2025,CUST-01084,72.42
5/1/2025,CUST-01084,72.42
6/1/2025,CUST-01084,72.42
7/1/2025,CUST-01084,72.42
8/1/2025,CUST-01084,72.42
9/1/2025,CUST-01084,72.42
10/1/2025,CUST-01084,72.42
11/1/2025,CUST-01084,72.42
12/1/2025,CUST-01084,73.51
1/1/2025,CUST-01085,71.56
2/1/2025,CUST-01085,71.56
3/1/2025,CUST-01085,71.56
4/1/2025,CUST-01085,71.56
5/1/2025,CUST-01085,71.56
6/1/2025,CUST-01085,71.56
7/1/2025,CUST-01085,71.56
8/1/2025,CUST-01085,71.56
9/1/2025,CUST-01085,71.56
10/1/2025,CUST-01085,71.56
11/1/2025,CUST-01085,71.56
12/1/2025,CUST-01085,72.63
5/1/2025,CUST-01086,111.1
6/1/2025,CUST-01086,111.1
7/1/2025,CUST-01086,111.1
8/1/2025,CUST-01086,111.1
12/1/2024,CUST-01087,52.22
1/1/2025,CUST-01087,51.45
2/1/2025,CUST-01087,51.45
3/1/2025,CUST-01087,51.45
4/1/2025,CUST-01087,51.45
5/1/2025,CUST-01087,51.45
6/1/2025,CUST-01087,51.45
7/1/2025,CUST-01087,51.45
8/1/2025,CUST-01087,51.45
9/1/2025,CUST-01087,51.45
10/1/2025,CUST-01087,51.45
11/1/2025,CUST-01087,51.45
12/1/2025,CUST-01087,52.22
10/1/2023,CUST-01088,76.78
11/1/2023,CUST-01088,76.78
12/1/2023,CUST-01088,77.93
1/1/2024,CUST-01088,76.78
2/1/2024,CUST-01088,76.78
3/1/2024,CUST-01088,76.78
4/1/2024,CUST-01088,76.78
5/1/2024,CUST-01088,76.78
6/1/2024,CUST-01088,76.78
7/1/2024,CUST-01088,76.78
8/1/2024,CUST-01088,76.78
9/1/2024,CUST-01088,76.78
10/1/2024,CUST-01088,76.78
11/1/2024,CUST-01088,76.78
12/1/2024,CUST-01088,77.93
1/1/2025,CUST-01088,76.78
2/1/2025,CUST-01088,76.78
3/1/2025,CUST-01088,76.78
4/1/2025,CUST-01088,76.78
5/1/2025,CUST-01088,76.78
6/1/2025,CUST-01088,76.78
7/1/2025,CUST-01088,76.78
8/1/2025,CUST-01088,76.78
9/1/2025,CUST-01088,76.78
10/1/2025,CUST-01088,76.78
11/1/2025,CUST-01088,76.78
12/1/2025,CUST-01088,77.93
7/1/2025,CUST-01089,99.72
8/1/2025,CUST-01089,99.72
9/1/2025,CUST-01089,99.72
10/1/2025,CUST-01089,99.72
11/1/2024,CUST-01090,61.72
12/1/2024,CUST-01090,62.65
1/1/2025,CUST-01090,61.72
2/1/2025,CUST-01090,61.72
3/1/2025,CUST-01090,61.72
4/1/2025,CUST-01090,61.72
5/1/2025,CUST-01090,61.72
3/1/2022,CUST-01091,52.18
4/1/2022,CUST-01091,52.18
5/1/2022,CUST-01091,52.18
6/1/2022,CUST-01091,52.18
7/1/2022,CUST-01091,52.18
1/1/2025,CUST-01092,91.12
2/1/2025,CUST-01092,91.12
3/1/2025,CUST-01092,91.12
4/1/2025,CUST-01092,91.12
5/1/2025,CUST-01092,91.12
6/1/2025,CUST-01092,91.12
7/1/2025,CUST-01092,91.12
8/1/2025,CUST-01092,91.12
9/1/2025,CUST-01092,91.12
10/1/2025,CUST-01092,91.12
11/1/2025,CUST-01092,91.12
12/1/2025,CUST-01092,92.49
6/1/2024,CUST-01093,66.4
7/1/2024,CUST-01093,66.4
8/1/2024,CUST-01093,66.4
9/1/2024,CUST-01093,66.4
10/1/2024,CUST-01093,66.4
11/1/2024,CUST-01093,66.4
12/1/2024,CUST-01093,67.4
1/1/2025,CUST-01093,66.4
2/1/2025,CUST-01093,66.4
3/1/2025,CUST-01093,66.4
4/1/2025,CUST-01093,66.4
5/1/2025,CUST-01093,66.4
6/1/2025,CUST-01093,66.4
7/1/2025,CUST-01093,66.4
8/1/2025,CUST-01093,66.4
9/1/2025,CUST-01093,66.4
10/1/2025,CUST-01093,66.4
11/1/2025,CUST-01093,66.4
12/1/2025,CUST-01093,67.4
11/1/2024,CUST-01094,121.27
12/1/2024,CUST-01094,123.09
1/1/2025,CUST-01094,121.27
2/1/2025,CUST-01094,121.27
3/1/2025,CUST-01094,121.27
4/1/2025,CUST-01094,121.27
10/1/2024,CUST-01095,82.41
11/1/2024,CUST-01095,82.41
12/1/2024,CUST-01095,83.65
1/1/2025,CUST-01095,82.41
2/1/2025,CUST-01095,82.41
3/1/2025,CUST-01095,82.41
4/1/2025,CUST-01095,82.41
5/1/2025,CUST-01095,82.41
6/1/2025,CUST-01095,82.41
7/1/2025,CUST-01095,82.41
8/1/2025,CUST-01095,82.41
9/1/2025,CUST-01095,82.41
10/1/2025,CUST-01095,82.41
11/1/2025,CUST-01095,82.41
12/1/2025,CUST-01095,83.65
9/1/2024,CUST-01096,51.74
10/1/2024,CUST-01096,51.74
11/1/2024,CUST-01096,51.74
12/1/2024,CUST-01096,52.52
1/1/2025,CUST-01096,51.74
2/1/2025,CUST-01096,51.74
3/1/2025,CUST-01096,51.74
4/1/2025,CUST-01096,51.74
5/1/2025,CUST-01096,51.74
6/1/2025,CUST-01096,51.74
7/1/2025,CUST-01096,51.74
8/1/2025,CUST-01096,51.74
9/1/2025,CUST-01096,51.74
10/1/2025,CUST-01096,51.74
11/1/2025,CUST-01096,51.74
12/1/2025,CUST-01096,52.52
12/1/2022,CUST-01097,45.89
1/1/2023,CUST-01097,45.21
2/1/2023,CUST-01097,45.21
3/1/2023,CUST-01097,45.21
4/1/2023,CUST-01097,45.21
5/1/2023,CUST-01097,45.21
6/1/2023,CUST-01097,45.21
7/1/2023,CUST-01097,45.21
8/1/2023,CUST-01097,45.21
9/1/2023,CUST-01097,45.21
10/1/2023,CUST-01097,45.21
11/1/2023,CUST-01097,45.21
12/1/2023,CUST-01097,45.89
1/1/2024,CUST-01097,45.21
2/1/2024,CUST-01097,45.21
3/1/2024,CUST-01097,45.21
4/1/2024,CUST-01097,45.21
5/1/2024,CUST-01097,45.21
6/1/2024,CUST-01097,45.21
7/1/2024,CUST-01097,45.21
8/1/2024,CUST-01097,45.21
9/1/2024,CUST-01097,45.21
10/1/2024,CUST-01097,45.21
11/1/2024,CUST-01097,45.21
12/1/2024,CUST-01097,45.89
1/1/2025,CUST-01097,45.21
2/1/2025,CUST-01097,45.21
3/1/2025,CUST-01097,45.21
4/1/2025,CUST-01097,45.21
5/1/2025,CUST-01097,45.21
6/1/2025,CUST-01097,45.21
7/1/2025,CUST-01097,45.21
8/1/2025,CUST-01097,45.21
9/1/2025,CUST-01097,45.21
10/1/2025,CUST-01097,45.21
11/1/2025,CUST-01097,45.21
12/1/2025,CUST-01097,45.89
4/1/2023,CUST-01098,79.46
5/1/2023,CUST-01098,79.46
6/1/2023,CUST-01098,79.46
7/1/2023,CUST-01098,79.46
8/1/2023,CUST-01098,79.46
9/1/2023,CUST-01098,79.46
10/1/2023,CUST-01098,79.46
11/1/2023,CUST-01098,79.46
12/1/2023,CUST-01098,80.65
1/1/2024,CUST-01098,79.46
2/1/2024,CUST-01098,79.46
3/1/2024,CUST-01098,79.46
4/1/2024,CUST-01098,79.46
5/1/2024,CUST-01098,79.46
6/1/2024,CUST-01098,79.46
7/1/2024,CUST-01098,79.46
8/1/2024,CUST-01098,79.46
9/1/2024,CUST-01098,79.46
10/1/2024,CUST-01098,79.46
11/1/2024,CUST-01098,79.46
12/1/2024,CUST-01098,80.65
1/1/2025,CUST-01098,79.46
2/1/2025,CUST-01098,79.46
3/1/2025,CUST-01098,79.46
4/1/2025,CUST-01098,79.46
5/1/2025,CUST-01098,79.46
6/1/2025,CUST-01098,79.46
7/1/2025,CUST-01098,79.46
8/1/2025,CUST-01098,79.46
9/1/2025,CUST-01098,79.46
10/1/2025,CUST-01098,79.46
11/1/2025,CUST-01098,79.46
12/1/2025,CUST-01098,80.65
7/1/2025,CUST-01099,79.49
8/1/2025,CUST-01099,79.49
9/1/2025,CUST-01099,79.49
10/1/2025,CUST-01099,79.49
11/1/2025,CUST-01099,79.49
12/1/2025,CUST-01099,80.68
5/1/2022,CUST-01100,81.52
6/1/2022,CUST-01100,81.52
7/1/2022,CUST-01100,81.52
8/1/2022,CUST-01100,81.52
9/1/2022,CUST-01100,81.52
10/1/2022,CUST-01100,81.52
11/1/2022,CUST-01100,81.52
12/1/2022,CUST-01100,82.74
1/1/2023,CUST-01100,81.52
2/1/2023,CUST-01100,81.52
3/1/2023,CUST-01100,81.52
4/1/2023,CUST-01100,81.52
5/1/2023,CUST-01100,81.52
6/1/2023,CUST-01100,81.52
7/1/2023,CUST-01100,81.52
8/1/2023,CUST-01100,81.52
9/1/2023,CUST-01100,81.52
10/1/2023,CUST-01100,81.52
11/1/2023,CUST-01100,81.52
12/1/2023,CUST-01100,82.74
1/1/2024,CUST-01100,81.52
2/1/2024,CUST-01100,81.52
3/1/2024,CUST-01100,81.52
4/1/2024,CUST-01100,81.52
5/1/2024,CUST-01100,81.52
6/1/2024,CUST-01100,81.52
7/1/2024,CUST-01100,81.52
8/1/2024,CUST-01100,81.52
9/1/2024,CUST-01100,81.52
10/1/2024,CUST-01100,81.52
11/1/2024,CUST-01100,81.52
12/1/2024,CUST-01100,82.74
1/1/2025,CUST-01100,81.52
2/1/2025,CUST-01100,81.52
3/1/2025,CUST-01100,81.52
4/1/2025,CUST-01100,81.52
5/1/2025,CUST-01100,81.52
6/1/2025,CUST-01100,81.52
7/1/2025,CUST-01100,81.52
8/1/2025,CUST-01100,81.52
9/1/2025,CUST-01100,81.52
10/1/2025,CUST-01100,81.52
11/1/2025,CUST-01100,81.52
12/1/2025,CUST-01100,82.74
4/1/2022,CUST-01101,80.84
5/1/2022,CUST-01101,80.84
6/1/2022,CUST-01101,80.84
7/1/2022,CUST-01101,80.84
8/1/2022,CUST-01101,80.84
9/1/2022,CUST-01101,80.84
10/1/2022,CUST-01101,80.84
11/1/2022,CUST-01101,80.84
12/1/2022,CUST-01101,82.05
1/1/2023,CUST-01101,80.84
2/1/2023,CUST-01101,80.84
3/1/2023,CUST-01101,80.84
4/1/2023,CUST-01101,80.84
5/1/2023,CUST-01101,80.84
6/1/2023,CUST-01101,80.84
7/1/2023,CUST-01101,80.84
8/1/2023,CUST-01101,80.84
9/1/2023,CUST-01101,80.84
10/1/2023,CUST-01101,80.84
11/1/2023,CUST-01101,80.84
12/1/2023,CUST-01101,82.05
1/1/2024,CUST-01101,80.84
2/1/2024,CUST-01101,80.84
3/1/2024,CUST-01101,80.84
4/1/2024,CUST-01101,80.84
5/1/2024,CUST-01101,80.84
6/1/2024,CUST-01101,80.84
7/1/2024,CUST-01101,80.84
8/1/2024,CUST-01101,80.84
9/1/2024,CUST-01101,80.84
10/1/2024,CUST-01101,80.84
11/1/2024,CUST-01101,80.84
12/1/2024,CUST-01101,82.05
1/1/2025,CUST-01101,80.84
2/1/2025,CUST-01101,80.84
3/1/2025,CUST-01101,80.84
4/1/2025,CUST-01101,80.84
5/1/2025,CUST-01101,80.84
6/1/2025,CUST-01101,80.84
7/1/2025,CUST-01101,80.84
8/1/2025,CUST-01101,80.84
9/1/2025,CUST-01101,80.84
10/1/2025,CUST-01101,80.84
11/1/2025,CUST-01101,80.84
12/1/2025,CUST-01101,82.05
2/1/2025,CUST-01102,87.35
3/1/2025,CUST-01102,87.35
4/1/2025,CUST-01102,87.35
5/1/2025,CUST-01102,87.35
6/1/2025,CUST-01102,87.35
7/1/2025,CUST-01102,87.35
8/1/2025,CUST-01102,87.35
9/1/2025,CUST-01102,87.35
10/1/2025,CUST-01102,87.35
11/1/2025,CUST-01102,87.35
12/1/2025,CUST-01102,88.66
12/1/2023,CUST-01103,92.33
1/1/2024,CUST-01103,90.97
2/1/2024,CUST-01103,90.97
3/1/2024,CUST-01103,90.97
4/1/2024,CUST-01103,90.97
5/1/2024,CUST-01103,90.97
6/1/2024,CUST-01103,90.97
7/1/2024,CUST-01103,90.97
8/1/2024,CUST-01103,90.97
9/1/2024,CUST-01103,90.97
10/1/2024,CUST-01103,90.97
11/1/2024,CUST-01103,90.97
12/1/2024,CUST-01103,92.33
1/1/2025,CUST-01103,90.97
2/1/2025,CUST-01103,90.97
3/1/2025,CUST-01103,90.97
4/1/2025,CUST-01103,90.97
5/1/2025,CUST-01103,90.97
6/1/2025,CUST-01103,90.97
7/1/2025,CUST-01103,90.97
8/1/2025,CUST-01103,90.97
9/1/2025,CUST-01103,90.97
10/1/2025,CUST-01103,90.97
11/1/2025,CUST-01103,90.97
12/1/2025,CUST-01103,92.33
10/1/2022,CUST-01104,115.88
11/1/2022,CUST-01104,115.88
12/1/2022,CUST-01104,117.62
1/1/2023,CUST-01104,115.88
2/1/2023,CUST-01104,115.88
3/1/2023,CUST-01104,115.88
4/1/2023,CUST-01104,115.88
5/1/2023,CUST-01104,115.88
6/1/2023,CUST-01104,115.88
7/1/2023,CUST-01104,115.88
8/1/2023,CUST-01104,115.88
9/1/2023,CUST-01104,115.88
10/1/2023,CUST-01104,115.88
11/1/2023,CUST-01104,115.88
12/1/2023,CUST-01104,117.62
1/1/2024,CUST-01104,115.88
2/1/2024,CUST-01104,115.88
3/1/2024,CUST-01104,115.88
4/1/2024,CUST-01104,115.88
5/1/2024,CUST-01104,115.88
6/1/2024,CUST-01104,115.88
7/1/2024,CUST-01104,115.88
8/1/2024,CUST-01104,115.88
9/1/2024,CUST-01104,115.88
10/1/2024,CUST-01104,115.88
11/1/2024,CUST-01104,115.88
12/1/2024,CUST-01104,117.62
1/1/2025,CUST-01104,115.88
2/1/2025,CUST-01104,115.88
3/1/2025,CUST-01104,115.88
4/1/2025,CUST-01104,115.88
5/1/2025,CUST-01104,115.88
6/1/2025,CUST-01104,115.88
7/1/2025,CUST-01104,115.88
8/1/2025,CUST-01104,115.88
9/1/2025,CUST-01104,115.88
10/1/2025,CUST-01104,115.88
11/1/2025,CUST-01104,115.88
12/1/2025,CUST-01104,117.62
6/1/2023,CUST-01105,129.24
7/1/2023,CUST-01105,129.24
8/1/2023,CUST-01105,129.24
9/1/2023,CUST-01105,129.24
10/1/2023,CUST-01105,129.24
11/1/2023,CUST-01105,129.24
12/1/2023,CUST-01105,131.18
1/1/2024,CUST-01105,129.24
2/1/2024,CUST-01105,129.24
3/1/2024,CUST-01105,129.24
4/1/2024,CUST-01105,129.24
5/1/2024,CUST-01105,129.24
6/1/2024,CUST-01105,129.24
7/1/2024,CUST-01105,129.24
8/1/2024,CUST-01105,129.24
9/1/2024,CUST-01105,129.24
10/1/2024,CUST-01105,129.24
11/1/2024,CUST-01105,129.24
12/1/2024,CUST-01105,131.18
1/1/2025,CUST-01105,129.24
2/1/2025,CUST-01105,129.24
3/1/2025,CUST-01105,129.24
4/1/2025,CUST-01105,129.24
5/1/2025,CUST-01105,129.24
6/1/2025,CUST-01105,129.24
4/1/2024,CUST-01106,110.43
5/1/2024,CUST-01106,110.43
6/1/2024,CUST-01106,110.43
7/1/2024,CUST-01106,110.43
8/1/2024,CUST-01106,110.43
9/1/2024,CUST-01106,110.43
10/1/2024,CUST-01106,110.43
11/1/2024,CUST-01106,110.43
12/1/2024,CUST-01106,112.09
1/1/2025,CUST-01106,110.43
2/1/2025,CUST-01106,110.43
3/1/2025,CUST-01106,110.43
4/1/2025,CUST-01106,110.43
5/1/2025,CUST-01106,110.43
6/1/2025,CUST-01106,110.43
7/1/2025,CUST-01106,110.43
8/1/2025,CUST-01106,110.43
9/1/2025,CUST-01106,110.43
10/1/2025,CUST-01106,110.43
11/1/2025,CUST-01106,110.43
12/1/2025,CUST-01106,112.09
6/1/2024,CUST-01107,55.52
7/1/2024,CUST-01107,55.52
8/1/2024,CUST-01107,55.52
9/1/2024,CUST-01107,55.52
10/1/2024,CUST-01107,55.52
11/1/2024,CUST-01107,55.52
12/1/2024,CUST-01107,56.35
1/1/2025,CUST-01107,55.52
2/1/2025,CUST-01107,55.52
3/1/2025,CUST-01107,55.52
4/1/2025,CUST-01107,55.52
5/1/2025,CUST-01107,55.52
6/1/2025,CUST-01107,55.52
7/1/2025,CUST-01107,55.52
8/1/2025,CUST-01107,55.52
9/1/2025,CUST-01107,55.52
10/1/2025,CUST-01107,55.52
11/1/2025,CUST-01107,55.52
12/1/2025,CUST-01107,56.35
2/1/2022,CUST-01108,40.73
3/1/2022,CUST-01108,40.73
4/1/2022,CUST-01108,40.73
5/1/2022,CUST-01108,40.73
6/1/2022,CUST-01108,40.73
7/1/2022,CUST-01108,40.73
8/1/2022,CUST-01108,40.73
9/1/2022,CUST-01108,40.73
10/1/2022,CUST-01108,40.73
11/1/2022,CUST-01108,40.73
12/1/2022,CUST-01108,41.34
1/1/2023,CUST-01108,40.73
2/1/2023,CUST-01108,40.73
3/1/2023,CUST-01108,40.73
4/1/2023,CUST-01108,40.73
5/1/2023,CUST-01108,40.73
6/1/2023,CUST-01108,40.73
7/1/2023,CUST-01108,40.73
8/1/2023,CUST-01108,40.73
9/1/2023,CUST-01108,40.73
10/1/2023,CUST-01108,40.73
11/1/2023,CUST-01108,40.73
12/1/2023,CUST-01108,41.34
1/1/2024,CUST-01108,40.73
2/1/2024,CUST-01108,40.73
3/1/2024,CUST-01108,40.73
4/1/2024,CUST-01108,40.73
5/1/2024,CUST-01108,40.73
6/1/2024,CUST-01108,40.73
7/1/2024,CUST-01108,40.73
8/1/2024,CUST-01108,40.73
9/1/2024,CUST-01108,40.73
10/1/2024,CUST-01108,40.73
11/1/2024,CUST-01108,40.73
12/1/2024,CUST-01108,41.34
1/1/2025,CUST-01108,40.73
2/1/2025,CUST-01108,40.73
3/1/2025,CUST-01108,40.73
4/1/2025,CUST-01108,40.73
5/1/2025,CUST-01108,40.73
6/1/2025,CUST-01108,40.73
7/1/2025,CUST-01108,40.73
8/1/2025,CUST-01108,40.73
9/1/2025,CUST-01108,40.73
10/1/2025,CUST-01108,40.73
11/1/2025,CUST-01108,40.73
12/1/2025,CUST-01108,41.34
7/1/2024,CUST-01109,63.49
8/1/2024,CUST-01109,63.49
9/1/2024,CUST-01109,63.49
10/1/2024,CUST-01109,63.49
11/1/2024,CUST-01109,63.49
12/1/2024,CUST-01109,64.44
1/1/2025,CUST-01109,63.49
2/1/2025,CUST-01109,63.49
3/1/2025,CUST-01109,63.49
4/1/2025,CUST-01109,63.49
5/1/2025,CUST-01109,63.49
6/1/2025,CUST-01109,63.49
7/1/2025,CUST-01109,63.49
8/1/2025,CUST-01109,63.49
9/1/2025,CUST-01109,63.49
10/1/2025,CUST-01109,63.49
11/1/2025,CUST-01109,63.49
12/1/2025,CUST-01109,64.44
6/1/2022,CUST-01110,40.82
7/1/2022,CUST-01110,40.82
8/1/2022,CUST-01110,40.82
9/1/2022,CUST-01110,40.82
10/1/2022,CUST-01110,40.82
11/1/2022,CUST-01110,40.82
12/1/2022,CUST-01110,41.43
1/1/2023,CUST-01110,40.82
2/1/2023,CUST-01110,40.82
3/1/2023,CUST-01110,40.82
4/1/2023,CUST-01110,40.82
5/1/2023,CUST-01110,40.82
6/1/2023,CUST-01110,40.82
7/1/2023,CUST-01110,40.82
8/1/2023,CUST-01110,40.82
9/1/2023,CUST-01110,40.82
10/1/2023,CUST-01110,40.82
11/1/2023,CUST-01110,40.82
12/1/2023,CUST-01110,41.43
1/1/2024,CUST-01110,40.82
2/1/2024,CUST-01110,40.82
3/1/2024,CUST-01110,40.82
4/1/2024,CUST-01110,40.82
5/1/2024,CUST-01110,40.82
6/1/2024,CUST-01110,40.82
7/1/2024,CUST-01110,40.82
8/1/2024,CUST-01110,40.82
9/1/2024,CUST-01110,40.82
10/1/2024,CUST-01110,40.82
11/1/2024,CUST-01110,40.82
12/1/2024,CUST-01110,41.43
1/1/2025,CUST-01110,40.82
2/1/2025,CUST-01110,40.82
3/1/2025,CUST-01110,40.82
4/1/2025,CUST-01110,40.82
5/1/2025,CUST-01110,40.82
6/1/2025,CUST-01110,40.82
7/1/2025,CUST-01110,40.82
8/1/2025,CUST-01110,40.82
9/1/2025,CUST-01110,40.82
10/1/2025,CUST-01110,40.82
11/1/2025,CUST-01110,40.82
12/1/2025,CUST-01110,41.43
3/1/2023,CUST-01111,106.1
4/1/2023,CUST-01111,106.1
5/1/2023,CUST-01111,106.1
6/1/2023,CUST-01111,106.1
7/1/2023,CUST-01111,106.1
8/1/2023,CUST-01111,106.1
9/1/2023,CUST-01111,106.1
10/1/2023,CUST-01111,106.1
11/1/2023,CUST-01111,106.1
12/1/2023,CUST-01111,107.69
1/1/2024,CUST-01111,106.1
2/1/2024,CUST-01111,106.1
3/1/2024,CUST-01111,106.1
4/1/2024,CUST-01111,106.1
5/1/2024,CUST-01111,106.1
6/1/2024,CUST-01111,106.1
7/1/2024,CUST-01111,106.1
8/1/2024,CUST-01111,106.1
9/1/2024,CUST-01111,106.1
10/1/2024,CUST-01111,106.1
11/1/2024,CUST-01111,106.1
12/1/2024,CUST-01111,107.69
1/1/2025,CUST-01111,106.1
2/1/2025,CUST-01111,106.1
3/1/2025,CUST-01111,106.1
4/1/2025,CUST-01111,106.1
5/1/2025,CUST-01111,106.1
6/1/2025,CUST-01111,106.1
7/1/2025,CUST-01111,106.1
8/1/2025,CUST-01111,106.1
9/1/2025,CUST-01111,106.1
10/1/2025,CUST-01111,106.1
11/1/2025,CUST-01111,106.1
12/1/2025,CUST-01111,107.69
9/1/2022,CUST-01112,37.77
10/1/2022,CUST-01112,37.77
11/1/2022,CUST-01112,37.77
12/1/2022,CUST-01112,38.34
1/1/2023,CUST-01112,37.77
2/1/2023,CUST-01112,37.77
3/1/2023,CUST-01112,37.77
4/1/2023,CUST-01112,37.77
5/1/2023,CUST-01112,37.77
6/1/2023,CUST-01112,37.77
7/1/2023,CUST-01112,37.77
8/1/2023,CUST-01112,37.77
9/1/2023,CUST-01112,37.77
10/1/2023,CUST-01112,37.77
11/1/2023,CUST-01112,37.77
12/1/2023,CUST-01112,38.34
1/1/2024,CUST-01112,37.77
9/1/2024,CUST-01113,47.95
10/1/2024,CUST-01113,47.95
11/1/2024,CUST-01113,47.95
12/1/2024,CUST-01113,48.67
1/1/2025,CUST-01113,47.95
2/1/2025,CUST-01113,47.95
3/1/2025,CUST-01113,47.95
4/1/2025,CUST-01113,47.95
5/1/2025,CUST-01113,47.95
6/1/2025,CUST-01113,47.95
7/1/2025,CUST-01113,47.95
8/1/2025,CUST-01113,47.95
9/1/2025,CUST-01113,47.95
10/1/2025,CUST-01113,47.95
11/1/2025,CUST-01113,47.95
12/1/2025,CUST-01113,48.67
8/1/2022,CUST-01114,69.15
9/1/2022,CUST-01114,69.15
10/1/2022,CUST-01114,69.15
11/1/2022,CUST-01114,69.15
12/1/2022,CUST-01114,70.19
1/1/2023,CUST-01114,69.15
2/1/2023,CUST-01114,69.15
3/1/2023,CUST-01114,69.15
4/1/2023,CUST-01114,69.15
5/1/2023,CUST-01114,69.15
6/1/2023,CUST-01114,69.15
7/1/2023,CUST-01114,69.15
8/1/2023,CUST-01114,69.15
9/1/2023,CUST-01114,69.15
10/1/2023,CUST-01114,69.15
11/1/2023,CUST-01114,69.15
12/1/2023,CUST-01114,70.19
1/1/2024,CUST-01114,69.15
2/1/2024,CUST-01114,69.15
3/1/2024,CUST-01114,69.15
4/1/2024,CUST-01114,69.15
5/1/2024,CUST-01114,69.15
6/1/2024,CUST-01114,69.15
7/1/2024,CUST-01114,69.15
8/1/2024,CUST-01114,69.15
9/1/2024,CUST-01114,69.15
10/1/2024,CUST-01114,69.15
11/1/2024,CUST-01114,69.15
12/1/2024,CUST-01114,70.19
1/1/2025,CUST-01114,69.15
2/1/2025,CUST-01114,69.15
3/1/2025,CUST-01114,69.15
4/1/2025,CUST-01114,69.15
5/1/2025,CUST-01114,69.15
6/1/2025,CUST-01114,69.15
7/1/2025,CUST-01114,69.15
8/1/2025,CUST-01114,69.15
9/1/2025,CUST-01114,69.15
10/1/2025,CUST-01114,69.15
11/1/2025,CUST-01114,69.15
12/1/2025,CUST-01114,70.19
1/1/2023,CUST-01115,67.08
2/1/2023,CUST-01115,67.08
3/1/2023,CUST-01115,67.08
4/1/2023,CUST-01115,67.08
5/1/2023,CUST-01115,67.08
6/1/2023,CUST-01115,67.08
7/1/2023,CUST-01115,67.08
8/1/2023,CUST-01115,67.08
9/1/2023,CUST-01115,67.08
10/1/2023,CUST-01115,67.08
11/1/2023,CUST-01115,67.08
12/1/2023,CUST-01115,68.09
1/1/2024,CUST-01115,67.08
2/1/2024,CUST-01115,67.08
3/1/2024,CUST-01115,67.08
4/1/2024,CUST-01115,67.08
5/1/2024,CUST-01115,67.08
6/1/2024,CUST-01115,67.08
7/1/2024,CUST-01115,67.08
8/1/2024,CUST-01115,67.08
9/1/2024,CUST-01115,67.08
10/1/2024,CUST-01115,67.08
11/1/2024,CUST-01115,67.08
12/1/2024,CUST-01115,68.09
1/1/2025,CUST-01115,67.08
2/1/2025,CUST-01115,67.08
3/1/2025,CUST-01115,67.08
4/1/2025,CUST-01115,67.08
5/1/2025,CUST-01115,67.08
6/1/2025,CUST-01115,67.08
7/1/2025,CUST-01115,67.08
8/1/2025,CUST-01115,67.08
9/1/2025,CUST-01115,67.08
10/1/2025,CUST-01115,67.08
11/1/2025,CUST-01115,67.08
12/1/2025,CUST-01115,68.09
7/1/2023,CUST-01116,39.42
8/1/2023,CUST-01116,39.42
9/1/2023,CUST-01116,39.42
10/1/2023,CUST-01116,39.42
11/1/2023,CUST-01116,39.42
12/1/2023,CUST-01116,40.01
1/1/2024,CUST-01116,39.42
2/1/2024,CUST-01116,39.42
3/1/2024,CUST-01116,39.42
4/1/2024,CUST-01116,39.42
5/1/2024,CUST-01116,39.42
6/1/2024,CUST-01116,39.42
7/1/2024,CUST-01116,39.42
8/1/2024,CUST-01116,39.42
9/1/2024,CUST-01116,39.42
10/1/2024,CUST-01116,39.42
11/1/2024,CUST-01116,39.42
12/1/2024,CUST-01116,40.01
1/1/2025,CUST-01116,39.42
2/1/2025,CUST-01116,39.42
3/1/2025,CUST-01116,39.42
4/1/2025,CUST-01116,39.42
5/1/2025,CUST-01116,39.42
6/1/2025,CUST-01116,39.42
7/1/2025,CUST-01116,39.42
8/1/2025,CUST-01116,39.42
9/1/2025,CUST-01116,39.42
10/1/2025,CUST-01116,39.42
8/1/2024,CUST-01117,77.26
9/1/2024,CUST-01117,77.26
10/1/2024,CUST-01117,77.26
11/1/2024,CUST-01117,77.26
12/1/2024,CUST-01117,78.42
3/1/2022,CUST-01118,59.27
4/1/2022,CUST-01118,59.27
5/1/2022,CUST-01118,59.27
6/1/2022,CUST-01118,59.27
7/1/2022,CUST-01118,59.27
8/1/2022,CUST-01118,59.27
9/1/2022,CUST-01118,59.27
10/1/2022,CUST-01118,59.27
11/1/2022,CUST-01118,59.27
12/1/2022,CUST-01118,60.16
1/1/2023,CUST-01118,59.27
2/1/2023,CUST-01118,59.27
3/1/2023,CUST-01118,59.27
4/1/2023,CUST-01118,59.27
5/1/2023,CUST-01118,59.27
6/1/2023,CUST-01118,59.27
7/1/2023,CUST-01118,59.27
8/1/2023,CUST-01118,59.27
9/1/2023,CUST-01118,59.27
10/1/2023,CUST-01118,59.27
11/1/2023,CUST-01118,59.27
12/1/2023,CUST-01118,60.16
1/1/2024,CUST-01118,59.27
2/1/2024,CUST-01118,59.27
3/1/2024,CUST-01118,59.27
4/1/2024,CUST-01118,59.27
5/1/2024,CUST-01118,59.27
6/1/2024,CUST-01118,59.27
7/1/2024,CUST-01118,59.27
8/1/2024,CUST-01118,59.27
9/1/2024,CUST-01118,59.27
10/1/2024,CUST-01118,59.27
11/1/2024,CUST-01118,59.27
12/1/2024,CUST-01118,60.16
1/1/2025,CUST-01118,59.27
2/1/2025,CUST-01118,59.27
3/1/2025,CUST-01118,59.27
4/1/2025,CUST-01118,59.27
5/1/2025,CUST-01118,59.27
6/1/2025,CUST-01118,59.27
7/1/2025,CUST-01118,59.27
8/1/2025,CUST-01118,59.27
9/1/2025,CUST-01118,59.27
10/1/2025,CUST-01118,59.27
11/1/2025,CUST-01118,59.27
12/1/2025,CUST-01118,60.16
12/1/2024,CUST-01119,59.51
1/1/2025,CUST-01119,58.63
2/1/2025,CUST-01119,58.63
3/1/2025,CUST-01119,58.63
4/1/2025,CUST-01119,58.63
5/1/2025,CUST-01119,58.63
6/1/2025,CUST-01119,58.63
7/1/2025,CUST-01119,58.63
8/1/2025,CUST-01119,58.63
9/1/2025,CUST-01119,58.63
10/1/2025,CUST-01119,58.63
11/1/2025,CUST-01119,58.63
2/1/2025,CUST-01120,75.46
3/1/2025,CUST-01120,75.46
4/1/2025,CUST-01120,75.46
5/1/2025,CUST-01120,75.46
6/1/2025,CUST-01120,75.46
7/1/2025,CUST-01120,75.46
8/1/2025,CUST-01120,75.46
9/1/2025,CUST-01120,75.46
10/1/2025,CUST-01120,75.46
11/1/2025,CUST-01120,75.46
12/1/2025,CUST-01120,76.59
4/1/2024,CUST-01121,49.11
5/1/2024,CUST-01121,49.11
6/1/2024,CUST-01121,49.11
7/1/2024,CUST-01121,49.11
7/1/2025,CUST-01122,113.96
8/1/2025,CUST-01122,113.96
9/1/2025,CUST-01122,113.96
10/1/2025,CUST-01122,113.96
11/1/2025,CUST-01122,113.96
12/1/2025,CUST-01122,115.67
6/1/2023,CUST-01123,59.46
7/1/2023,CUST-01123,59.46
8/1/2023,CUST-01123,59.46
9/1/2023,CUST-01123,59.46
10/1/2023,CUST-01123,59.46
11/1/2023,CUST-01123,59.46
12/1/2023,CUST-01123,60.35
1/1/2024,CUST-01123,59.46
2/1/2024,CUST-01123,59.46
3/1/2024,CUST-01123,59.46
4/1/2024,CUST-01123,59.46
5/1/2024,CUST-01123,59.46
4/1/2023,CUST-01124,126.01
5/1/2023,CUST-01124,126.01
6/1/2023,CUST-01124,126.01
7/1/2023,CUST-01124,126.01
8/1/2023,CUST-01124,126.01
9/1/2023,CUST-01124,126.01
10/1/2023,CUST-01124,126.01
11/1/2023,CUST-01124,126.01
12/1/2023,CUST-01124,127.9
1/1/2024,CUST-01124,126.01
2/1/2024,CUST-01124,126.01
3/1/2024,CUST-01124,126.01
4/1/2024,CUST-01124,126.01
5/1/2024,CUST-01124,126.01
6/1/2024,CUST-01124,126.01
7/1/2024,CUST-01124,126.01
8/1/2024,CUST-01124,126.01
9/1/2024,CUST-01124,126.01
10/1/2024,CUST-01124,126.01
11/1/2024,CUST-01124,126.01
12/1/2024,CUST-01124,127.9
1/1/2025,CUST-01124,126.01
2/1/2025,CUST-01124,126.01
3/1/2025,CUST-01124,126.01
4/1/2025,CUST-01124,126.01
5/1/2025,CUST-01124,126.01
6/1/2025,CUST-01124,126.01
7/1/2025,CUST-01124,126.01
8/1/2025,CUST-01124,126.01
9/1/2025,CUST-01124,126.01
10/1/2025,CUST-01124,126.01
11/1/2025,CUST-01124,126.01
12/1/2025,CUST-01124,127.9
5/1/2024,CUST-01125,77.41
6/1/2024,CUST-01125,77.41
7/1/2024,CUST-01125,77.41
8/1/2024,CUST-01125,77.41
9/1/2024,CUST-01125,77.41
10/1/2024,CUST-01125,77.41
11/1/2024,CUST-01125,77.41
12/1/2024,CUST-01125,78.57
1/1/2025,CUST-01125,77.41
2/1/2025,CUST-01125,77.41
3/1/2025,CUST-01125,77.41
4/1/2025,CUST-01125,77.41
5/1/2025,CUST-01125,77.41
6/1/2025,CUST-01125,77.41
7/1/2025,CUST-01125,77.41
8/1/2025,CUST-01125,77.41
9/1/2025,CUST-01125,77.41
10/1/2025,CUST-01125,77.41
11/1/2025,CUST-01125,77.41
12/1/2025,CUST-01125,78.57
5/1/2023,CUST-01126,53.91
6/1/2023,CUST-01126,53.91
7/1/2023,CUST-01126,53.91
8/1/2023,CUST-01126,53.91
9/1/2023,CUST-01126,53.91
10/1/2023,CUST-01126,53.91
11/1/2023,CUST-01126,53.91
12/1/2023,CUST-01126,54.72
1/1/2024,CUST-01126,53.91
2/1/2024,CUST-01126,53.91
3/1/2024,CUST-01126,53.91
4/1/2024,CUST-01126,53.91
5/1/2024,CUST-01126,53.91
6/1/2024,CUST-01126,53.91
7/1/2024,CUST-01126,53.91
8/1/2024,CUST-01126,53.91
9/1/2024,CUST-01126,53.91
10/1/2024,CUST-01126,53.91
8/1/2025,CUST-01127,97.23
9/1/2025,CUST-01127,97.23
10/1/2025,CUST-01127,97.23
11/1/2025,CUST-01127,97.23
12/1/2025,CUST-01127,98.69
3/1/2023,CUST-01128,120.47
4/1/2023,CUST-01128,120.47
5/1/2023,CUST-01128,120.47
6/1/2023,CUST-01128,120.47
7/1/2023,CUST-01128,120.47
8/1/2023,CUST-01128,120.47
9/1/2023,CUST-01128,120.47
10/1/2023,CUST-01128,120.47
11/1/2023,CUST-01128,120.47
12/1/2023,CUST-01128,122.28
1/1/2024,CUST-01128,120.47
2/1/2024,CUST-01128,120.47
3/1/2024,CUST-01128,120.47
4/1/2024,CUST-01128,120.47
5/1/2024,CUST-01128,120.47
6/1/2024,CUST-01128,120.47
7/1/2024,CUST-01128,120.47
8/1/2024,CUST-01128,120.47
9/1/2024,CUST-01128,120.47
10/1/2024,CUST-01128,120.47
11/1/2024,CUST-01128,120.47
12/1/2024,CUST-01128,122.28
1/1/2025,CUST-01128,120.47
2/1/2025,CUST-01128,120.47
3/1/2025,CUST-01128,120.47
4/1/2025,CUST-01128,120.47
5/1/2025,CUST-01128,120.47
6/1/2025,CUST-01128,120.47
7/1/2025,CUST-01128,120.47
8/1/2025,CUST-01128,120.47
9/1/2025,CUST-01128,120.47
10/1/2025,CUST-01128,120.47
11/1/2025,CUST-01128,120.47
12/1/2025,CUST-01128,122.28
8/1/2022,CUST-01129,78.41
9/1/2022,CUST-01129,78.41
10/1/2022,CUST-01129,78.41
11/1/2022,CUST-01129,78.41
12/1/2022,CUST-01129,79.59
1/1/2023,CUST-01129,78.41
2/1/2023,CUST-01129,78.41
3/1/2023,CUST-01129,78.41
4/1/2023,CUST-01129,78.41
5/1/2023,CUST-01129,78.41
6/1/2023,CUST-01129,78.41
7/1/2023,CUST-01129,78.41
8/1/2023,CUST-01129,78.41
9/1/2023,CUST-01129,78.41
10/1/2023,CUST-01129,78.41
11/1/2023,CUST-01129,78.41
12/1/2023,CUST-01129,79.59
1/1/2024,CUST-01129,78.41
2/1/2024,CUST-01129,78.41
3/1/2024,CUST-01129,78.41
3/1/2025,CUST-01130,83.78
4/1/2025,CUST-01130,83.78
5/1/2025,CUST-01130,83.78
6/1/2025,CUST-01130,83.78
7/1/2025,CUST-01130,83.78
8/1/2025,CUST-01130,83.78
9/1/2025,CUST-01130,83.78
10/1/2025,CUST-01130,83.78
11/1/2025,CUST-01130,83.78
12/1/2025,CUST-01130,85.04
10/1/2022,CUST-01131,51.77
11/1/2022,CUST-01131,51.77
12/1/2022,CUST-01131,52.55
1/1/2023,CUST-01131,51.77
2/1/2023,CUST-01131,51.77
3/1/2023,CUST-01131,51.77
4/1/2023,CUST-01131,51.77
5/1/2023,CUST-01131,51.77
6/1/2023,CUST-01131,51.77
7/1/2023,CUST-01131,51.77
8/1/2023,CUST-01131,51.77
9/1/2023,CUST-01131,51.77
10/1/2023,CUST-01131,51.77
11/1/2023,CUST-01131,51.77
12/1/2023,CUST-01131,52.55
1/1/2024,CUST-01131,51.77
2/1/2024,CUST-01131,51.77
3/1/2024,CUST-01131,51.77
4/1/2024,CUST-01131,51.77
5/1/2024,CUST-01131,51.77
6/1/2024,CUST-01131,51.77
7/1/2024,CUST-01131,51.77
8/1/2024,CUST-01131,51.77
9/1/2024,CUST-01131,51.77
10/1/2024,CUST-01131,51.77
11/1/2024,CUST-01131,51.77
12/1/2024,CUST-01131,52.55
1/1/2025,CUST-01131,51.77
2/1/2025,CUST-01131,51.77
3/1/2025,CUST-01131,51.77
4/1/2025,CUST-01131,51.77
5/1/2025,CUST-01131,51.77
6/1/2025,CUST-01131,51.77
7/1/2025,CUST-01131,51.77
8/1/2025,CUST-01131,51.77
9/1/2025,CUST-01131,51.77
10/1/2025,CUST-01131,51.77
11/1/2025,CUST-01131,51.77
12/1/2025,CUST-01131,52.55
7/1/2024,CUST-01132,72.77
8/1/2024,CUST-01132,72.77
9/1/2024,CUST-01132,72.77
10/1/2024,CUST-01132,72.77
11/1/2024,CUST-01132,72.77
12/1/2024,CUST-01132,73.86
1/1/2025,CUST-01132,72.77
3/1/2025,CUST-01133,91
4/1/2025,CUST-01133,91
5/1/2025,CUST-01133,91
6/1/2025,CUST-01133,91
7/1/2025,CUST-01133,91
8/1/2025,CUST-01133,91
9/1/2025,CUST-01133,91
10/1/2025,CUST-01133,91
11/1/2025,CUST-01133,91
12/1/2025,CUST-01133,92.37
2/1/2022,CUST-01134,96.92
3/1/2022,CUST-01134,96.92
4/1/2022,CUST-01134,96.92
5/1/2022,CUST-01134,96.92
6/1/2022,CUST-01134,96.92
7/1/2022,CUST-01134,96.92
8/1/2022,CUST-01134,96.92
9/1/2022,CUST-01134,96.92
10/1/2022,CUST-01134,96.92
11/1/2022,CUST-01134,96.92
12/1/2022,CUST-01134,98.37
1/1/2023,CUST-01134,96.92
2/1/2023,CUST-01134,96.92
3/1/2023,CUST-01134,96.92
4/1/2023,CUST-01134,96.92
5/1/2023,CUST-01134,96.92
6/1/2023,CUST-01134,96.92
7/1/2023,CUST-01134,96.92
8/1/2023,CUST-01134,96.92
9/1/2023,CUST-01134,96.92
10/1/2023,CUST-01134,96.92
11/1/2023,CUST-01134,96.92
12/1/2023,CUST-01134,98.37
1/1/2024,CUST-01134,96.92
2/1/2024,CUST-01134,96.92
3/1/2024,CUST-01134,96.92
4/1/2024,CUST-01134,96.92
5/1/2024,CUST-01134,96.92
6/1/2024,CUST-01134,96.92
7/1/2024,CUST-01134,96.92
8/1/2024,CUST-01134,96.92
9/1/2024,CUST-01134,96.92
10/1/2024,CUST-01134,96.92
11/1/2024,CUST-01134,96.92
12/1/2024,CUST-01134,98.37
1/1/2025,CUST-01134,96.92
2/1/2025,CUST-01134,96.92
3/1/2025,CUST-01134,96.92
4/1/2025,CUST-01134,96.92
5/1/2025,CUST-01134,96.92
6/1/2025,CUST-01134,96.92
7/1/2025,CUST-01134,96.92
8/1/2025,CUST-01134,96.92
9/1/2025,CUST-01134,96.92
10/1/2025,CUST-01134,96.92
11/1/2025,CUST-01134,96.92
12/1/2025,CUST-01134,98.37
9/1/2024,CUST-01135,75.13
10/1/2024,CUST-01135,75.13
11/1/2024,CUST-01135,75.13
12/1/2024,CUST-01135,76.26
1/1/2025,CUST-01135,75.13
2/1/2025,CUST-01135,75.13
3/1/2025,CUST-01135,75.13
4/1/2025,CUST-01135,75.13
5/1/2025,CUST-01135,75.13
6/1/2025,CUST-01135,75.13
7/1/2025,CUST-01135,75.13
8/1/2025,CUST-01135,75.13
9/1/2025,CUST-01135,75.13
10/1/2025,CUST-01135,75.13
11/1/2025,CUST-01135,75.13
12/1/2025,CUST-01135,76.26
7/1/2025,CUST-01136,77.75
8/1/2025,CUST-01136,77.75
9/1/2025,CUST-01136,77.75
7/1/2025,CUST-01137,96.44
8/1/2025,CUST-01137,96.44
9/1/2025,CUST-01137,96.44
10/1/2025,CUST-01137,96.44
11/1/2025,CUST-01137,96.44
12/1/2025,CUST-01137,97.89
5/1/2025,CUST-01138,87.61
6/1/2025,CUST-01138,87.61
7/1/2025,CUST-01138,87.61
9/1/2022,CUST-01139,57.46
10/1/2022,CUST-01139,57.46
11/1/2022,CUST-01139,57.46
12/1/2022,CUST-01139,58.32
1/1/2023,CUST-01139,57.46
2/1/2023,CUST-01139,57.46
3/1/2023,CUST-01139,57.46
4/1/2023,CUST-01139,57.46
5/1/2023,CUST-01139,57.46
6/1/2023,CUST-01139,57.46
7/1/2023,CUST-01139,57.46
8/1/2023,CUST-01139,57.46
9/1/2023,CUST-01139,57.46
10/1/2023,CUST-01139,57.46
11/1/2023,CUST-01139,57.46
12/1/2023,CUST-01139,58.32
1/1/2024,CUST-01139,57.46
2/1/2024,CUST-01139,57.46
3/1/2024,CUST-01139,57.46
4/1/2024,CUST-01139,57.46
5/1/2024,CUST-01139,57.46
6/1/2024,CUST-01139,57.46
7/1/2024,CUST-01139,57.46
8/1/2024,CUST-01139,57.46
9/1/2024,CUST-01139,57.46
10/1/2024,CUST-01139,57.46
11/1/2024,CUST-01139,57.46
12/1/2024,CUST-01139,58.32
1/1/2025,CUST-01139,57.46
2/1/2025,CUST-01139,57.46
3/1/2025,CUST-01139,57.46
4/1/2025,CUST-01139,57.46
5/1/2025,CUST-01139,57.46
6/1/2025,CUST-01139,57.46
7/1/2025,CUST-01139,57.46
8/1/2025,CUST-01139,57.46
9/1/2025,CUST-01139,57.46
10/1/2025,CUST-01139,57.46
11/1/2025,CUST-01139,57.46
12/1/2025,CUST-01139,58.32
2/1/2025,CUST-01140,40.61
3/1/2025,CUST-01140,40.61
4/1/2025,CUST-01140,40.61
4/1/2025,CUST-01141,45.03
5/1/2025,CUST-01141,45.03
6/1/2025,CUST-01141,45.03
7/1/2025,CUST-01141,45.03
8/1/2025,CUST-01141,45.03
9/1/2025,CUST-01141,45.03
10/1/2025,CUST-01141,45.03
11/1/2025,CUST-01141,45.03
12/1/2025,CUST-01141,45.71
6/1/2025,CUST-01142,134.26
7/1/2025,CUST-01142,134.26
8/1/2025,CUST-01142,134.26
9/1/2025,CUST-01142,134.26
10/1/2025,CUST-01142,134.26
11/1/2025,CUST-01142,134.26
12/1/2025,CUST-01142,136.27
4/1/2025,CUST-01143,54.91
5/1/2025,CUST-01143,54.91
6/1/2025,CUST-01143,54.91
7/1/2025,CUST-01143,54.91
8/1/2025,CUST-01143,54.91
9/1/2025,CUST-01143,54.91
10/1/2025,CUST-01143,54.91
11/1/2025,CUST-01143,54.91
12/1/2025,CUST-01143,55.73
8/1/2024,CUST-01144,88.74
9/1/2024,CUST-01144,88.74
10/1/2024,CUST-01144,88.74
11/1/2024,CUST-01144,88.74
12/1/2024,CUST-01144,90.07
1/1/2025,CUST-01144,88.74
2/1/2025,CUST-01144,88.74
3/1/2025,CUST-01144,88.74
4/1/2025,CUST-01144,88.74
5/1/2025,CUST-01144,88.74
6/1/2025,CUST-01144,88.74
7/1/2025,CUST-01144,88.74
8/1/2025,CUST-01144,88.74
3/1/2025,CUST-01145,121.81
4/1/2025,CUST-01145,121.81
5/1/2025,CUST-01145,121.81
6/1/2025,CUST-01145,121.81
7/1/2025,CUST-01145,121.81
8/1/2025,CUST-01145,121.81
9/1/2025,CUST-01145,121.81
10/1/2025,CUST-01145,121.81
11/1/2025,CUST-01145,121.81
12/1/2025,CUST-01145,123.64
7/1/2023,CUST-01146,55.09
8/1/2023,CUST-01146,55.09
9/1/2023,CUST-01146,55.09
10/1/2023,CUST-01146,55.09
11/1/2023,CUST-01146,55.09
12/1/2023,CUST-01146,55.92
1/1/2024,CUST-01146,55.09
2/1/2024,CUST-01146,55.09
3/1/2024,CUST-01146,55.09
4/1/2024,CUST-01146,55.09
5/1/2024,CUST-01146,55.09
6/1/2024,CUST-01146,55.09
7/1/2024,CUST-01146,55.09
8/1/2024,CUST-01146,55.09
9/1/2024,CUST-01146,55.09
10/1/2024,CUST-01146,55.09
11/1/2024,CUST-01146,55.09
12/1/2024,CUST-01146,55.92
1/1/2025,CUST-01146,55.09
2/1/2025,CUST-01146,55.09
3/1/2025,CUST-01146,55.09
4/1/2025,CUST-01146,55.09
5/1/2025,CUST-01146,55.09
8/1/2023,CUST-01147,78.03
9/1/2023,CUST-01147,78.03
10/1/2023,CUST-01147,78.03
11/1/2023,CUST-01147,78.03
12/1/2023,CUST-01147,79.2
1/1/2024,CUST-01147,78.03
2/1/2024,CUST-01147,78.03
3/1/2024,CUST-01147,78.03
4/1/2024,CUST-01147,78.03
5/1/2024,CUST-01147,78.03
6/1/2024,CUST-01147,78.03
7/1/2024,CUST-01147,78.03
8/1/2024,CUST-01147,78.03
9/1/2024,CUST-01147,78.03
3/1/2025,CUST-01148,38.04
4/1/2025,CUST-01148,38.04
5/1/2025,CUST-01148,38.04
6/1/2025,CUST-01148,38.04
7/1/2025,CUST-01148,38.04
8/1/2025,CUST-01148,38.04
2/1/2023,CUST-01149,80.72
3/1/2023,CUST-01149,80.72
4/1/2023,CUST-01149,80.72
5/1/2023,CUST-01149,80.72
6/1/2023,CUST-01149,80.72
7/1/2023,CUST-01149,80.72
8/1/2023,CUST-01149,80.72
9/1/2023,CUST-01149,80.72
10/1/2023,CUST-01149,80.72
11/1/2023,CUST-01149,80.72
12/1/2023,CUST-01149,81.93
1/1/2024,CUST-01149,80.72
2/1/2024,CUST-01149,80.72
3/1/2024,CUST-01149,80.72
4/1/2024,CUST-01149,80.72
5/1/2024,CUST-01149,80.72
6/1/2024,CUST-01149,80.72
7/1/2024,CUST-01149,80.72
8/1/2024,CUST-01149,80.72
9/1/2024,CUST-01149,80.72
10/1/2024,CUST-01149,80.72
11/1/2024,CUST-01149,80.72
12/1/2024,CUST-01149,81.93
1/1/2025,CUST-01149,80.72
2/1/2025,CUST-01149,80.72
3/1/2025,CUST-01149,80.72
4/1/2025,CUST-01149,80.72
5/1/2025,CUST-01149,80.72
6/1/2025,CUST-01149,80.72
7/1/2025,CUST-01149,80.72
8/1/2025,CUST-01149,80.72
9/1/2025,CUST-01149,80.72
10/1/2025,CUST-01149,80.72
11/1/2025,CUST-01149,80.72
12/1/2025,CUST-01149,81.93
11/1/2022,CUST-01150,111.55
12/1/2022,CUST-01150,113.22
1/1/2023,CUST-01150,111.55
2/1/2023,CUST-01150,111.55
3/1/2023,CUST-01150,111.55
4/1/2023,CUST-01150,111.55
5/1/2023,CUST-01150,111.55
6/1/2022,CUST-01151,55.66
7/1/2022,CUST-01151,55.66
8/1/2022,CUST-01151,55.66
9/1/2022,CUST-01151,55.66
10/1/2022,CUST-01151,55.66
11/1/2022,CUST-01151,55.66
12/1/2022,CUST-01151,56.49
1/1/2023,CUST-01151,55.66
2/1/2023,CUST-01151,55.66
3/1/2023,CUST-01151,55.66
4/1/2023,CUST-01151,55.66
5/1/2023,CUST-01151,55.66
6/1/2023,CUST-01151,55.66
7/1/2023,CUST-01151,55.66
8/1/2023,CUST-01151,55.66
9/1/2023,CUST-01151,55.66
10/1/2023,CUST-01151,55.66
11/1/2023,CUST-01151,55.66
12/1/2023,CUST-01151,56.49
1/1/2024,CUST-01151,55.66
2/1/2024,CUST-01151,55.66
3/1/2024,CUST-01151,55.66
4/1/2024,CUST-01151,55.66
5/1/2024,CUST-01151,55.66
6/1/2024,CUST-01151,55.66
7/1/2024,CUST-01151,55.66
8/1/2024,CUST-01151,55.66
9/1/2024,CUST-01151,55.66
10/1/2024,CUST-01151,55.66
11/1/2024,CUST-01151,55.66
12/1/2024,CUST-01151,56.49
1/1/2025,CUST-01151,55.66
2/1/2025,CUST-01151,55.66
3/1/2025,CUST-01151,55.66
4/1/2025,CUST-01151,55.66
5/1/2025,CUST-01151,55.66
6/1/2025,CUST-01151,55.66
7/1/2025,CUST-01151,55.66
8/1/2025,CUST-01151,55.66
9/1/2025,CUST-01151,55.66
10/1/2025,CUST-01151,55.66
11/1/2025,CUST-01151,55.66
12/1/2025,CUST-01151,56.49
5/1/2023,CUST-01152,64.93
6/1/2023,CUST-01152,64.93
7/1/2023,CUST-01152,64.93
8/1/2023,CUST-01152,64.93
9/1/2023,CUST-01152,64.93
10/1/2023,CUST-01152,64.93
11/1/2023,CUST-01152,64.93
12/1/2023,CUST-01152,65.9
1/1/2024,CUST-01152,64.93
2/1/2024,CUST-01152,64.93
3/1/2024,CUST-01152,64.93
4/1/2024,CUST-01152,64.93
5/1/2024,CUST-01152,64.93
6/1/2024,CUST-01152,64.93
7/1/2024,CUST-01152,64.93
8/1/2024,CUST-01152,64.93
9/1/2024,CUST-01152,64.93
10/1/2024,CUST-01152,64.93
11/1/2024,CUST-01152,64.93
12/1/2024,CUST-01152,65.9
1/1/2025,CUST-01152,64.93
2/1/2025,CUST-01152,64.93
3/1/2025,CUST-01152,64.93
4/1/2025,CUST-01152,64.93
5/1/2025,CUST-01152,64.93
6/1/2025,CUST-01152,64.93
7/1/2025,CUST-01152,64.93
8/1/2025,CUST-01152,64.93
9/1/2025,CUST-01152,64.93
10/1/2025,CUST-01152,64.93
11/1/2025,CUST-01152,64.93
12/1/2025,CUST-01152,65.9
5/1/2024,CUST-01153,76.46
6/1/2024,CUST-01153,76.46
7/1/2024,CUST-01153,76.46
8/1/2024,CUST-01153,76.46
9/1/2024,CUST-01153,76.46
10/1/2024,CUST-01153,76.46
11/1/2024,CUST-01153,76.46
12/1/2024,CUST-01153,77.61
1/1/2025,CUST-01153,76.46
2/1/2025,CUST-01153,76.46
3/1/2025,CUST-01153,76.46
4/1/2025,CUST-01153,76.46
5/1/2025,CUST-01153,76.46
6/1/2025,CUST-01153,76.46
7/1/2025,CUST-01153,76.46
8/1/2025,CUST-01153,76.46
9/1/2025,CUST-01153,76.46
10/1/2025,CUST-01153,76.46
11/1/2025,CUST-01153,76.46
12/1/2025,CUST-01153,77.61
10/1/2024,CUST-01154,70.49
11/1/2024,CUST-01154,70.49
12/1/2024,CUST-01154,71.55
1/1/2025,CUST-01154,70.49
2/1/2025,CUST-01154,70.49
3/1/2025,CUST-01154,70.49
4/1/2025,CUST-01154,70.49
5/1/2025,CUST-01154,70.49
6/1/2025,CUST-01154,70.49
7/1/2025,CUST-01154,70.49
8/1/2025,CUST-01154,70.49
9/1/2025,CUST-01154,70.49
10/1/2025,CUST-01154,70.49
11/1/2025,CUST-01154,70.49
12/1/2025,CUST-01154,71.55
5/1/2022,CUST-01155,87.31
6/1/2022,CUST-01155,87.31
7/1/2022,CUST-01155,87.31
8/1/2022,CUST-01155,87.31
9/1/2022,CUST-01155,87.31
10/1/2022,CUST-01155,87.31
11/1/2022,CUST-01155,87.31
12/1/2022,CUST-01155,88.62
1/1/2023,CUST-01155,87.31
2/1/2023,CUST-01155,87.31
3/1/2023,CUST-01155,87.31
4/1/2023,CUST-01155,87.31
5/1/2023,CUST-01155,87.31
6/1/2023,CUST-01155,87.31
7/1/2023,CUST-01155,87.31
8/1/2023,CUST-01155,87.31
9/1/2023,CUST-01155,87.31
10/1/2023,CUST-01155,87.31
11/1/2023,CUST-01155,87.31
12/1/2023,CUST-01155,88.62
1/1/2024,CUST-01155,87.31
2/1/2024,CUST-01155,87.31
3/1/2024,CUST-01155,87.31
4/1/2024,CUST-01155,87.31
5/1/2024,CUST-01155,87.31
6/1/2024,CUST-01155,87.31
7/1/2024,CUST-01155,87.31
8/1/2024,CUST-01155,87.31
9/1/2024,CUST-01155,87.31
10/1/2024,CUST-01155,87.31
11/1/2024,CUST-01155,87.31
12/1/2024,CUST-01155,88.62
1/1/2025,CUST-01155,87.31
2/1/2025,CUST-01155,87.31
3/1/2025,CUST-01155,87.31
4/1/2025,CUST-01155,87.31
5/1/2025,CUST-01155,87.31
6/1/2025,CUST-01155,87.31
7/1/2025,CUST-01155,87.31
10/1/2024,CUST-01156,97.45
11/1/2024,CUST-01156,97.45
12/1/2024,CUST-01156,98.91
1/1/2025,CUST-01156,97.45
2/1/2025,CUST-01156,97.45
3/1/2025,CUST-01156,97.45
4/1/2025,CUST-01156,97.45
5/1/2025,CUST-01156,97.45
6/1/2025,CUST-01156,97.45
7/1/2025,CUST-01156,97.45
8/1/2025,CUST-01156,97.45
9/1/2025,CUST-01156,97.45
10/1/2025,CUST-01156,97.45
11/1/2025,CUST-01156,97.45
12/1/2025,CUST-01156,98.91
7/1/2024,CUST-01157,75.21
8/1/2024,CUST-01157,75.21
9/1/2024,CUST-01157,75.21
10/1/2024,CUST-01157,75.21
11/1/2024,CUST-01157,75.21
12/1/2024,CUST-01157,76.34
1/1/2025,CUST-01157,75.21
2/1/2025,CUST-01157,75.21
3/1/2025,CUST-01157,75.21
4/1/2025,CUST-01157,75.21
5/1/2025,CUST-01157,75.21
6/1/2025,CUST-01157,75.21
7/1/2025,CUST-01157,75.21
8/1/2025,CUST-01157,75.21
9/1/2025,CUST-01157,75.21
10/1/2025,CUST-01157,75.21
11/1/2025,CUST-01157,75.21
12/1/2025,CUST-01157,76.34
2/1/2024,CUST-01158,121.76
3/1/2024,CUST-01158,121.76
4/1/2024,CUST-01158,121.76
12/1/2023,CUST-01159,66.36
1/1/2024,CUST-01159,65.38
2/1/2024,CUST-01159,65.38
3/1/2024,CUST-01159,65.38
4/1/2024,CUST-01159,65.38
5/1/2024,CUST-01159,65.38
6/1/2024,CUST-01159,65.38
7/1/2024,CUST-01159,65.38
8/1/2024,CUST-01159,65.38
9/1/2024,CUST-01159,65.38
10/1/2024,CUST-01159,65.38
11/1/2024,CUST-01159,65.38
12/1/2024,CUST-01159,66.36
1/1/2025,CUST-01159,65.38
2/1/2025,CUST-01159,65.38
3/1/2025,CUST-01159,65.38
4/1/2025,CUST-01159,65.38
5/1/2025,CUST-01159,65.38
6/1/2025,CUST-01159,65.38
7/1/2025,CUST-01159,65.38
8/1/2025,CUST-01159,65.38
9/1/2025,CUST-01159,65.38
10/1/2025,CUST-01159,65.38
11/1/2025,CUST-01159,65.38
12/1/2025,CUST-01159,66.36
1/1/2025,CUST-01160,71.83
2/1/2025,CUST-01160,71.83
3/1/2025,CUST-01160,71.83
4/1/2025,CUST-01160,71.83
5/1/2025,CUST-01160,71.83
6/1/2025,CUST-01160,71.83
7/1/2025,CUST-01160,71.83
8/1/2025,CUST-01160,71.83
9/1/2025,CUST-01160,71.83
10/1/2025,CUST-01160,71.83
11/1/2025,CUST-01160,71.83
12/1/2025,CUST-01160,72.91
9/1/2025,CUST-01161,67.63
10/1/2025,CUST-01161,67.63
11/1/2025,CUST-01161,67.63
12/1/2025,CUST-01161,68.64
1/1/2023,CUST-01162,129.3
2/1/2023,CUST-01162,129.3
3/1/2023,CUST-01162,129.3
4/1/2023,CUST-01162,129.3
5/1/2023,CUST-01162,129.3
10/1/2023,CUST-01163,64.68
11/1/2023,CUST-01163,64.68
12/1/2023,CUST-01163,65.65
1/1/2024,CUST-01163,64.68
2/1/2024,CUST-01163,64.68
3/1/2024,CUST-01163,64.68
4/1/2024,CUST-01163,64.68
5/1/2024,CUST-01163,64.68
6/1/2024,CUST-01163,64.68
7/1/2024,CUST-01163,64.68
8/1/2024,CUST-01163,64.68
9/1/2024,CUST-01163,64.68
10/1/2024,CUST-01163,64.68
11/1/2024,CUST-01163,64.68
12/1/2024,CUST-01163,65.65
1/1/2025,CUST-01163,64.68
2/1/2025,CUST-01163,64.68
3/1/2025,CUST-01163,64.68
4/1/2025,CUST-01163,64.68
5/1/2025,CUST-01163,64.68
6/1/2025,CUST-01163,64.68
7/1/2025,CUST-01163,64.68
8/1/2025,CUST-01163,64.68
9/1/2025,CUST-01163,64.68
10/1/2025,CUST-01163,64.68
11/1/2025,CUST-01163,64.68
12/1/2025,CUST-01163,65.65
11/1/2024,CUST-01164,69.24
12/1/2024,CUST-01164,70.28
1/1/2025,CUST-01164,69.24
2/1/2025,CUST-01164,69.24
3/1/2025,CUST-01164,69.24
4/1/2025,CUST-01164,69.24
5/1/2025,CUST-01164,69.24
6/1/2025,CUST-01164,69.24
7/1/2025,CUST-01164,69.24
8/1/2025,CUST-01164,69.24
9/1/2025,CUST-01164,69.24
10/1/2025,CUST-01164,69.24
11/1/2025,CUST-01164,69.24
12/1/2025,CUST-01164,70.28
5/1/2022,CUST-01165,48.79
6/1/2022,CUST-01165,48.79
7/1/2022,CUST-01165,48.79
8/1/2022,CUST-01165,48.79
9/1/2022,CUST-01165,48.79
10/1/2022,CUST-01165,48.79
11/1/2022,CUST-01165,48.79
12/1/2022,CUST-01165,49.52
1/1/2023,CUST-01165,48.79
2/1/2023,CUST-01165,48.79
3/1/2023,CUST-01165,48.79
4/1/2023,CUST-01165,48.79
5/1/2023,CUST-01165,48.79
6/1/2023,CUST-01165,48.79
7/1/2023,CUST-01165,48.79
8/1/2023,CUST-01165,48.79
9/1/2023,CUST-01165,48.79
10/1/2023,CUST-01165,48.79
11/1/2023,CUST-01165,48.79
12/1/2023,CUST-01165,49.52
1/1/2024,CUST-01165,48.79
2/1/2024,CUST-01165,48.79
3/1/2024,CUST-01165,48.79
4/1/2024,CUST-01165,48.79
5/1/2024,CUST-01165,48.79
6/1/2024,CUST-01165,48.79
7/1/2024,CUST-01165,48.79
8/1/2024,CUST-01165,48.79
9/1/2024,CUST-01165,48.79
10/1/2024,CUST-01165,48.79
11/1/2024,CUST-01165,48.79
12/1/2024,CUST-01165,49.52
1/1/2025,CUST-01165,48.79
2/1/2025,CUST-01165,48.79
3/1/2025,CUST-01165,48.79
4/1/2025,CUST-01165,48.79
5/1/2025,CUST-01165,48.79
6/1/2025,CUST-01165,48.79
7/1/2025,CUST-01165,48.79
8/1/2025,CUST-01165,48.79
9/1/2025,CUST-01165,48.79
10/1/2025,CUST-01165,48.79
11/1/2025,CUST-01165,48.79
12/1/2025,CUST-01165,49.52
10/1/2023,CUST-01166,107.75
11/1/2023,CUST-01166,107.75
12/1/2023,CUST-01166,109.37
1/1/2024,CUST-01166,107.75
2/1/2024,CUST-01166,107.75
3/1/2024,CUST-01166,107.75
4/1/2024,CUST-01166,107.75
5/1/2024,CUST-01166,107.75
6/1/2024,CUST-01166,107.75
7/1/2024,CUST-01166,107.75
8/1/2024,CUST-01166,107.75
9/1/2024,CUST-01166,107.75
10/1/2024,CUST-01166,107.75
11/1/2024,CUST-01166,107.75
12/1/2024,CUST-01166,109.37
1/1/2025,CUST-01166,107.75
2/1/2025,CUST-01166,107.75
3/1/2025,CUST-01166,107.75
4/1/2025,CUST-01166,107.75
5/1/2025,CUST-01166,107.75
6/1/2025,CUST-01166,107.75
7/1/2025,CUST-01166,107.75
8/1/2025,CUST-01166,107.75
9/1/2025,CUST-01166,107.75
10/1/2025,CUST-01166,107.75
11/1/2025,CUST-01166,107.75
12/1/2025,CUST-01166,109.37
8/1/2025,CUST-01167,51.9
9/1/2025,CUST-01167,51.9
10/1/2025,CUST-01167,51.9
11/1/2025,CUST-01167,51.9
9/1/2023,CUST-01168,39.86
10/1/2023,CUST-01168,39.86
11/1/2023,CUST-01168,39.86
12/1/2023,CUST-01168,40.46
1/1/2024,CUST-01168,39.86
2/1/2024,CUST-01168,39.86
3/1/2024,CUST-01168,39.86
4/1/2024,CUST-01168,39.86
5/1/2024,CUST-01168,39.86
6/1/2024,CUST-01168,39.86
7/1/2024,CUST-01168,39.86
8/1/2024,CUST-01168,39.86
9/1/2024,CUST-01168,39.86
10/1/2024,CUST-01168,39.86
11/1/2024,CUST-01168,39.86
12/1/2024,CUST-01168,40.46
1/1/2025,CUST-01168,39.86
2/1/2025,CUST-01168,39.86
3/1/2025,CUST-01168,39.86
4/1/2025,CUST-01168,39.86
5/1/2025,CUST-01168,39.86
6/1/2025,CUST-01168,39.86
7/1/2025,CUST-01168,39.86
8/1/2025,CUST-01168,39.86
9/1/2025,CUST-01168,39.86
10/1/2025,CUST-01168,39.86
11/1/2025,CUST-01168,39.86
12/1/2025,CUST-01168,40.46
8/1/2022,CUST-01169,69.64
9/1/2022,CUST-01169,69.64
10/1/2022,CUST-01169,69.64
11/1/2022,CUST-01169,69.64
12/1/2022,CUST-01169,70.68
1/1/2023,CUST-01169,69.64
2/1/2023,CUST-01169,69.64
3/1/2023,CUST-01169,69.64
4/1/2023,CUST-01169,69.64
5/1/2023,CUST-01169,69.64
6/1/2023,CUST-01169,69.64
7/1/2023,CUST-01169,69.64
8/1/2023,CUST-01169,69.64
9/1/2023,CUST-01169,69.64
10/1/2023,CUST-01169,69.64
11/1/2023,CUST-01169,69.64
12/1/2023,CUST-01169,70.68
1/1/2024,CUST-01169,69.64
2/1/2024,CUST-01169,69.64
3/1/2024,CUST-01169,69.64
4/1/2024,CUST-01169,69.64
5/1/2024,CUST-01169,69.64
6/1/2024,CUST-01169,69.64
7/1/2024,CUST-01169,69.64
8/1/2024,CUST-01169,69.64
9/1/2024,CUST-01169,69.64
10/1/2024,CUST-01169,69.64
11/1/2024,CUST-01169,69.64
12/1/2024,CUST-01169,70.68
1/1/2025,CUST-01169,69.64
2/1/2025,CUST-01169,69.64
3/1/2025,CUST-01169,69.64
4/1/2025,CUST-01169,69.64
5/1/2025,CUST-01169,69.64
6/1/2025,CUST-01169,69.64
7/1/2025,CUST-01169,69.64
8/1/2025,CUST-01169,69.64
9/1/2025,CUST-01169,69.64
10/1/2025,CUST-01169,69.64
11/1/2025,CUST-01169,69.64
12/1/2025,CUST-01169,70.68
2/1/2023,CUST-01170,78
3/1/2023,CUST-01170,78
4/1/2023,CUST-01170,78
5/1/2023,CUST-01170,78
6/1/2023,CUST-01170,78
7/1/2023,CUST-01170,78
8/1/2023,CUST-01170,78
9/1/2023,CUST-01170,78
10/1/2023,CUST-01170,78
11/1/2023,CUST-01170,78
12/1/2023,CUST-01170,79.17
1/1/2024,CUST-01170,78
2/1/2024,CUST-01170,78
3/1/2024,CUST-01170,78
4/1/2024,CUST-01170,78
5/1/2024,CUST-01170,78
6/1/2024,CUST-01170,78
7/1/2024,CUST-01170,78
8/1/2024,CUST-01170,78
9/1/2024,CUST-01170,78
10/1/2024,CUST-01170,78
11/1/2024,CUST-01170,78
12/1/2024,CUST-01170,79.17
1/1/2025,CUST-01170,78
2/1/2025,CUST-01170,78
3/1/2025,CUST-01170,78
4/1/2025,CUST-01170,78
5/1/2025,CUST-01170,78
6/1/2025,CUST-01170,78
7/1/2025,CUST-01170,78
8/1/2025,CUST-01170,78
9/1/2025,CUST-01170,78
10/1/2025,CUST-01170,78
11/1/2025,CUST-01170,78
12/1/2025,CUST-01170,79.17
1/1/2023,CUST-01171,72.66
2/1/2023,CUST-01171,72.66
3/1/2023,CUST-01171,72.66
4/1/2023,CUST-01171,72.66
5/1/2023,CUST-01171,72.66
6/1/2023,CUST-01171,72.66
7/1/2023,CUST-01171,72.66
8/1/2023,CUST-01171,72.66
9/1/2023,CUST-01171,72.66
10/1/2023,CUST-01171,72.66
11/1/2023,CUST-01171,72.66
12/1/2023,CUST-01171,73.75
1/1/2024,CUST-01171,72.66
2/1/2024,CUST-01171,72.66
3/1/2024,CUST-01171,72.66
4/1/2024,CUST-01171,72.66
5/1/2024,CUST-01171,72.66
6/1/2024,CUST-01171,72.66
7/1/2024,CUST-01171,72.66
8/1/2024,CUST-01171,72.66
9/1/2024,CUST-01171,72.66
10/1/2024,CUST-01171,72.66
11/1/2024,CUST-01171,72.66
12/1/2024,CUST-01171,73.75
1/1/2025,CUST-01171,72.66
2/1/2025,CUST-01171,72.66
3/1/2025,CUST-01171,72.66
4/1/2025,CUST-01171,72.66
5/1/2025,CUST-01171,72.66
6/1/2025,CUST-01171,72.66
7/1/2025,CUST-01171,72.66
8/1/2025,CUST-01171,72.66
9/1/2025,CUST-01171,72.66
10/1/2025,CUST-01171,72.66
11/1/2025,CUST-01171,72.66
12/1/2025,CUST-01171,73.75
8/1/2024,CUST-01172,58.09
9/1/2024,CUST-01172,58.09
10/1/2024,CUST-01172,58.09
11/1/2024,CUST-01172,58.09
12/1/2024,CUST-01172,58.96
1/1/2025,CUST-01172,58.09
2/1/2025,CUST-01172,58.09
3/1/2025,CUST-01172,58.09
4/1/2025,CUST-01172,58.09
5/1/2025,CUST-01172,58.09
6/1/2025,CUST-01172,58.09
7/1/2025,CUST-01172,58.09
8/1/2025,CUST-01172,58.09
9/1/2025,CUST-01172,58.09
10/1/2025,CUST-01172,58.09
11/1/2025,CUST-01172,58.09
12/1/2025,CUST-01172,58.96
2/1/2025,CUST-01173,48.96
3/1/2025,CUST-01173,48.96
4/1/2025,CUST-01173,48.96
5/1/2025,CUST-01173,48.96
6/1/2025,CUST-01173,48.96
7/1/2025,CUST-01173,48.96
8/1/2025,CUST-01173,48.96
9/1/2025,CUST-01173,48.96
10/1/2025,CUST-01173,48.96
11/1/2025,CUST-01173,48.96
12/1/2025,CUST-01173,49.69
5/1/2023,CUST-01174,80.4
6/1/2023,CUST-01174,80.4
7/1/2023,CUST-01174,80.4
8/1/2023,CUST-01174,80.4
9/1/2023,CUST-01174,80.4
10/1/2023,CUST-01174,80.4
11/1/2023,CUST-01174,80.4
12/1/2023,CUST-01174,81.61
1/1/2024,CUST-01174,80.4
2/1/2024,CUST-01174,80.4
3/1/2024,CUST-01174,80.4
4/1/2024,CUST-01174,80.4
5/1/2024,CUST-01174,80.4
6/1/2024,CUST-01174,80.4
7/1/2024,CUST-01174,80.4
8/1/2024,CUST-01174,80.4
9/1/2024,CUST-01174,80.4
10/1/2024,CUST-01174,80.4
11/1/2024,CUST-01174,80.4
12/1/2024,CUST-01174,81.61
1/1/2025,CUST-01174,80.4
2/1/2025,CUST-01174,80.4
3/1/2025,CUST-01174,80.4
4/1/2025,CUST-01174,80.4
5/1/2025,CUST-01174,80.4
6/1/2025,CUST-01174,80.4
7/1/2025,CUST-01174,80.4
8/1/2025,CUST-01174,80.4
9/1/2025,CUST-01174,80.4
10/1/2025,CUST-01174,80.4
11/1/2025,CUST-01174,80.4
12/1/2025,CUST-01174,81.61
4/1/2025,CUST-01175,55.65
5/1/2025,CUST-01175,55.65
6/1/2025,CUST-01175,55.65
7/1/2025,CUST-01175,55.65
8/1/2025,CUST-01175,55.65
9/1/2025,CUST-01175,55.65
10/1/2025,CUST-01175,55.65
11/1/2025,CUST-01175,55.65
12/1/2025,CUST-01175,56.48
12/1/2023,CUST-01176,67.57
1/1/2024,CUST-01176,66.57
2/1/2024,CUST-01176,66.57
3/1/2024,CUST-01176,66.57
4/1/2024,CUST-01176,66.57
5/1/2024,CUST-01176,66.57
6/1/2024,CUST-01176,66.57
7/1/2024,CUST-01176,66.57
8/1/2024,CUST-01176,66.57
9/1/2024,CUST-01176,66.57
10/1/2024,CUST-01176,66.57
11/1/2024,CUST-01176,66.57
12/1/2024,CUST-01176,67.57
1/1/2025,CUST-01176,66.57
2/1/2025,CUST-01176,66.57
3/1/2025,CUST-01176,66.57
4/1/2025,CUST-01176,66.57
5/1/2025,CUST-01176,66.57
6/1/2025,CUST-01176,66.57
7/1/2025,CUST-01176,66.57
8/1/2025,CUST-01176,66.57
9/1/2025,CUST-01176,66.57
10/1/2025,CUST-01176,66.57
11/1/2025,CUST-01176,66.57
12/1/2025,CUST-01176,67.57
6/1/2024,CUST-01177,69.02
7/1/2024,CUST-01177,69.02
8/1/2024,CUST-01177,69.02
9/1/2024,CUST-01177,69.02
10/1/2024,CUST-01177,69.02
11/1/2024,CUST-01177,69.02
12/1/2024,CUST-01177,70.06
5/1/2024,CUST-01178,58.91
6/1/2024,CUST-01178,58.91
7/1/2024,CUST-01178,58.91
8/1/2024,CUST-01178,58.91
9/1/2024,CUST-01178,58.91
10/1/2024,CUST-01178,58.91
11/1/2024,CUST-01178,58.91
12/1/2024,CUST-01178,59.79
1/1/2025,CUST-01178,58.91
2/1/2025,CUST-01178,58.91
3/1/2025,CUST-01178,58.91
4/1/2025,CUST-01178,58.91
5/1/2025,CUST-01178,58.91
6/1/2025,CUST-01178,58.91
7/1/2025,CUST-01178,58.91
8/1/2025,CUST-01178,58.91
9/1/2025,CUST-01178,58.91
10/1/2025,CUST-01178,58.91
11/1/2025,CUST-01178,58.91
12/1/2025,CUST-01178,59.79
3/1/2023,CUST-01179,86.76
4/1/2023,CUST-01179,86.76
5/1/2023,CUST-01179,86.76
6/1/2023,CUST-01179,86.76
7/1/2023,CUST-01179,86.76
8/1/2023,CUST-01179,86.76
9/1/2023,CUST-01179,86.76
10/1/2023,CUST-01179,86.76
11/1/2023,CUST-01179,86.76
12/1/2023,CUST-01179,88.06
1/1/2024,CUST-01179,86.76
2/1/2024,CUST-01179,86.76
3/1/2024,CUST-01179,86.76
4/1/2024,CUST-01179,86.76
5/1/2024,CUST-01179,86.76
6/1/2024,CUST-01179,86.76
7/1/2024,CUST-01179,86.76
8/1/2024,CUST-01179,86.76
9/1/2024,CUST-01179,86.76
10/1/2024,CUST-01179,86.76
11/1/2024,CUST-01179,86.76
12/1/2024,CUST-01179,88.06
1/1/2025,CUST-01179,86.76
2/1/2025,CUST-01179,86.76
3/1/2025,CUST-01179,86.76
4/1/2025,CUST-01179,86.76
5/1/2025,CUST-01179,86.76
6/1/2025,CUST-01179,86.76
7/1/2025,CUST-01179,86.76
8/1/2025,CUST-01179,86.76
9/1/2025,CUST-01179,86.76
10/1/2025,CUST-01179,86.76
11/1/2025,CUST-01179,86.76
12/1/2025,CUST-01179,88.06
11/1/2023,CUST-01180,119.69
12/1/2023,CUST-01180,121.49
1/1/2024,CUST-01180,119.69
2/1/2024,CUST-01180,119.69
3/1/2024,CUST-01180,119.69
4/1/2024,CUST-01180,119.69
5/1/2024,CUST-01180,119.69
6/1/2024,CUST-01180,119.69
7/1/2024,CUST-01180,119.69
8/1/2024,CUST-01180,119.69
9/1/2024,CUST-01180,119.69
10/1/2024,CUST-01180,119.69
11/1/2024,CUST-01180,119.69
12/1/2024,CUST-01180,121.49
1/1/2025,CUST-01180,119.69
2/1/2025,CUST-01180,119.69
3/1/2025,CUST-01180,119.69
4/1/2025,CUST-01180,119.69
5/1/2025,CUST-01180,119.69
6/1/2025,CUST-01180,119.69
7/1/2025,CUST-01180,119.69
8/1/2025,CUST-01180,119.69
9/1/2025,CUST-01180,119.69
10/1/2025,CUST-01180,119.69
11/1/2025,CUST-01180,119.69
12/1/2025,CUST-01180,121.49
7/1/2025,CUST-01181,46.6
8/1/2025,CUST-01181,46.6
9/1/2025,CUST-01181,46.6
10/1/2025,CUST-01181,46.6
11/1/2025,CUST-01181,46.6
12/1/2025,CUST-01181,47.3
8/1/2024,CUST-01182,54.32
9/1/2024,CUST-01182,54.32
10/1/2024,CUST-01182,54.32
11/1/2024,CUST-01182,54.32
12/1/2024,CUST-01182,55.13
1/1/2025,CUST-01182,54.32
2/1/2025,CUST-01182,54.32
3/1/2025,CUST-01182,54.32
4/1/2025,CUST-01182,54.32
5/1/2025,CUST-01182,54.32
6/1/2025,CUST-01182,54.32
7/1/2025,CUST-01182,54.32
8/1/2025,CUST-01182,54.32
9/1/2025,CUST-01182,54.32
10/1/2025,CUST-01182,54.32
11/1/2025,CUST-01182,54.32
12/1/2025,CUST-01182,55.13
8/1/2024,CUST-01183,57.71
9/1/2024,CUST-01183,57.71
10/1/2024,CUST-01183,57.71
11/1/2024,CUST-01183,57.71
12/1/2024,CUST-01183,58.58
1/1/2025,CUST-01183,57.71
2/1/2025,CUST-01183,57.71
3/1/2025,CUST-01183,57.71
4/1/2025,CUST-01183,57.71
5/1/2025,CUST-01183,57.71
6/1/2025,CUST-01183,57.71
7/1/2025,CUST-01183,57.71
8/1/2025,CUST-01183,57.71
9/1/2025,CUST-01183,57.71
10/1/2025,CUST-01183,57.71
11/1/2025,CUST-01183,57.71
12/1/2025,CUST-01183,58.58
1/1/2024,CUST-01184,80.07
2/1/2024,CUST-01184,80.07
3/1/2024,CUST-01184,80.07
4/1/2024,CUST-01184,80.07
5/1/2024,CUST-01184,80.07
6/1/2024,CUST-01184,80.07
7/1/2024,CUST-01184,80.07
8/1/2024,CUST-01184,80.07
9/1/2024,CUST-01184,80.07
10/1/2024,CUST-01184,80.07
11/1/2024,CUST-01184,80.07
12/1/2024,CUST-01184,81.27
1/1/2025,CUST-01184,80.07
2/1/2025,CUST-01184,80.07
3/1/2025,CUST-01184,80.07
4/1/2025,CUST-01184,80.07
5/1/2025,CUST-01184,80.07
6/1/2025,CUST-01184,80.07
7/1/2025,CUST-01184,80.07
8/1/2025,CUST-01184,80.07
9/1/2025,CUST-01184,80.07
10/1/2025,CUST-01184,80.07
11/1/2025,CUST-01184,80.07
12/1/2025,CUST-01184,81.27
6/1/2023,CUST-01185,64.43
7/1/2023,CUST-01185,64.43
8/1/2023,CUST-01185,64.43
9/1/2023,CUST-01185,64.43
10/1/2023,CUST-01185,64.43
11/1/2023,CUST-01185,64.43
12/1/2023,CUST-01185,65.4
1/1/2024,CUST-01185,64.43
2/1/2024,CUST-01185,64.43
3/1/2024,CUST-01185,64.43
4/1/2024,CUST-01185,64.43
5/1/2024,CUST-01185,64.43
6/1/2024,CUST-01185,64.43
7/1/2024,CUST-01185,64.43
8/1/2024,CUST-01185,64.43
9/1/2024,CUST-01185,64.43
10/1/2024,CUST-01185,64.43
11/1/2024,CUST-01185,64.43
12/1/2024,CUST-01185,65.4
1/1/2025,CUST-01185,64.43
2/1/2025,CUST-01185,64.43
3/1/2025,CUST-01185,64.43
4/1/2025,CUST-01185,64.43
5/1/2025,CUST-01185,64.43
6/1/2025,CUST-01185,64.43
7/1/2025,CUST-01185,64.43
8/1/2025,CUST-01185,64.43
9/1/2025,CUST-01185,64.43
10/1/2025,CUST-01185,64.43
11/1/2025,CUST-01185,64.43
12/1/2025,CUST-01185,65.4
9/1/2023,CUST-01186,80.25
10/1/2023,CUST-01186,80.25
11/1/2023,CUST-01186,80.25
12/1/2023,CUST-01186,81.45
1/1/2024,CUST-01186,80.25
2/1/2024,CUST-01186,80.25
3/1/2024,CUST-01186,80.25
4/1/2024,CUST-01186,80.25
5/1/2024,CUST-01186,80.25
6/1/2024,CUST-01186,80.25
7/1/2024,CUST-01186,80.25
8/1/2024,CUST-01186,80.25
9/1/2024,CUST-01186,80.25
10/1/2024,CUST-01186,80.25
11/1/2024,CUST-01186,80.25
12/1/2024,CUST-01186,81.45
1/1/2025,CUST-01186,80.25
2/1/2025,CUST-01186,80.25
3/1/2025,CUST-01186,80.25
4/1/2025,CUST-01186,80.25
5/1/2025,CUST-01186,80.25
6/1/2025,CUST-01186,80.25
7/1/2025,CUST-01186,80.25
8/1/2025,CUST-01186,80.25
9/1/2025,CUST-01186,80.25
10/1/2025,CUST-01186,80.25
11/1/2025,CUST-01186,80.25
12/1/2025,CUST-01186,81.45
8/1/2025,CUST-01187,46.98
9/1/2025,CUST-01187,46.98
10/1/2025,CUST-01187,46.98
11/1/2025,CUST-01187,46.98
12/1/2025,CUST-01187,47.68
7/1/2024,CUST-01188,40.65
8/1/2024,CUST-01188,40.65
9/1/2024,CUST-01188,40.65
2/1/2025,CUST-01189,102.48
3/1/2025,CUST-01189,102.48
4/1/2025,CUST-01189,102.48
5/1/2025,CUST-01189,102.48
6/1/2025,CUST-01189,102.48
7/1/2025,CUST-01189,102.48
8/1/2025,CUST-01189,102.48
9/1/2025,CUST-01189,102.48
10/1/2025,CUST-01189,102.48
11/1/2025,CUST-01189,102.48
12/1/2025,CUST-01189,104.02
8/1/2024,CUST-01190,53.32
9/1/2024,CUST-01190,53.32
10/1/2024,CUST-01190,53.32
11/1/2024,CUST-01190,53.32
12/1/2024,CUST-01190,54.12
1/1/2025,CUST-01190,53.32
2/1/2025,CUST-01190,53.32
3/1/2025,CUST-01190,53.32
4/1/2025,CUST-01190,53.32
12/1/2022,CUST-01191,68.98
1/1/2023,CUST-01191,67.96
2/1/2023,CUST-01191,67.96
3/1/2023,CUST-01191,67.96
4/1/2023,CUST-01191,67.96
5/1/2023,CUST-01191,67.96
6/1/2023,CUST-01191,67.96
7/1/2023,CUST-01191,67.96
8/1/2023,CUST-01191,67.96
9/1/2023,CUST-01191,67.96
10/1/2023,CUST-01191,67.96
11/1/2023,CUST-01191,67.96
12/1/2023,CUST-01191,68.98
1/1/2024,CUST-01191,67.96
2/1/2024,CUST-01191,67.96
3/1/2024,CUST-01191,67.96
4/1/2024,CUST-01191,67.96
5/1/2024,CUST-01191,67.96
6/1/2024,CUST-01191,67.96
7/1/2024,CUST-01191,67.96
8/1/2024,CUST-01191,67.96
9/1/2024,CUST-01191,67.96
10/1/2024,CUST-01191,67.96
11/1/2024,CUST-01191,67.96
12/1/2024,CUST-01191,68.98
1/1/2025,CUST-01191,67.96
2/1/2025,CUST-01191,67.96
3/1/2025,CUST-01191,67.96
4/1/2025,CUST-01191,67.96
5/1/2025,CUST-01191,67.96
6/1/2025,CUST-01191,67.96
7/1/2025,CUST-01191,67.96
8/1/2025,CUST-01191,67.96
9/1/2025,CUST-01191,67.96
10/1/2025,CUST-01191,67.96
11/1/2025,CUST-01191,67.96
12/1/2025,CUST-01191,68.98
1/1/2025,CUST-01192,73
2/1/2025,CUST-01192,73
3/1/2025,CUST-01192,73
4/1/2025,CUST-01192,73
5/1/2025,CUST-01192,73
6/1/2025,CUST-01192,73
7/1/2025,CUST-01192,73
8/1/2025,CUST-01192,73
9/1/2025,CUST-01192,73
10/1/2025,CUST-01192,73
11/1/2025,CUST-01192,73
12/1/2025,CUST-01192,74.1
3/1/2024,CUST-01193,91.97
4/1/2024,CUST-01193,91.97
5/1/2024,CUST-01193,91.97
6/1/2024,CUST-01193,91.97
7/1/2024,CUST-01193,91.97
8/1/2024,CUST-01193,91.97
9/1/2024,CUST-01193,91.97
10/1/2024,CUST-01193,91.97
11/1/2024,CUST-01193,91.97
12/1/2024,CUST-01193,93.35
1/1/2025,CUST-01193,91.97
2/1/2025,CUST-01193,91.97
3/1/2025,CUST-01193,91.97
4/1/2025,CUST-01193,91.97
5/1/2025,CUST-01193,91.97
6/1/2025,CUST-01193,91.97
7/1/2025,CUST-01193,91.97
8/1/2025,CUST-01193,91.97
9/1/2025,CUST-01193,91.97
10/1/2025,CUST-01193,91.97
11/1/2025,CUST-01193,91.97
12/1/2025,CUST-01193,93.35
6/1/2025,CUST-01194,58.78
7/1/2025,CUST-01194,58.78
8/1/2025,CUST-01194,58.78
2/1/2024,CUST-01195,44.91
3/1/2024,CUST-01195,44.91
4/1/2024,CUST-01195,44.91
5/1/2024,CUST-01195,44.91
6/1/2024,CUST-01195,44.91
7/1/2024,CUST-01195,44.91
8/1/2024,CUST-01195,44.91
9/1/2024,CUST-01195,44.91
10/1/2024,CUST-01195,44.91
11/1/2024,CUST-01195,44.91
12/1/2024,CUST-01195,45.58
1/1/2025,CUST-01195,44.91
2/1/2025,CUST-01195,44.91
3/1/2025,CUST-01195,44.91
4/1/2025,CUST-01195,44.91
5/1/2025,CUST-01195,44.91
6/1/2025,CUST-01195,44.91
7/1/2025,CUST-01195,44.91
8/1/2025,CUST-01195,44.91
9/1/2025,CUST-01195,44.91
10/1/2025,CUST-01195,44.91
11/1/2025,CUST-01195,44.91
12/1/2025,CUST-01195,45.58
2/1/2022,CUST-01196,49.42
3/1/2022,CUST-01196,49.42
4/1/2022,CUST-01196,49.42
5/1/2022,CUST-01196,49.42
6/1/2022,CUST-01196,49.42
7/1/2022,CUST-01196,49.42
8/1/2022,CUST-01196,49.42
9/1/2022,CUST-01196,49.42
10/1/2022,CUST-01196,49.42
11/1/2022,CUST-01196,49.42
12/1/2022,CUST-01196,50.16
1/1/2023,CUST-01196,49.42
2/1/2023,CUST-01196,49.42
3/1/2023,CUST-01196,49.42
4/1/2023,CUST-01196,49.42
5/1/2023,CUST-01196,49.42
6/1/2023,CUST-01196,49.42
7/1/2023,CUST-01196,49.42
8/1/2023,CUST-01196,49.42
9/1/2023,CUST-01196,49.42
10/1/2023,CUST-01196,49.42
11/1/2023,CUST-01196,49.42
12/1/2023,CUST-01196,50.16
1/1/2024,CUST-01196,49.42
2/1/2024,CUST-01196,49.42
3/1/2024,CUST-01196,49.42
4/1/2024,CUST-01196,49.42
5/1/2024,CUST-01196,49.42
6/1/2024,CUST-01196,49.42
7/1/2024,CUST-01196,49.42
8/1/2024,CUST-01196,49.42
9/1/2024,CUST-01196,49.42
10/1/2024,CUST-01196,49.42
11/1/2024,CUST-01196,49.42
12/1/2024,CUST-01196,50.16
1/1/2025,CUST-01196,49.42
2/1/2025,CUST-01196,49.42
3/1/2025,CUST-01196,49.42
4/1/2025,CUST-01196,49.42
5/1/2025,CUST-01196,49.42
6/1/2025,CUST-01196,49.42
7/1/2025,CUST-01196,49.42
8/1/2025,CUST-01196,49.42
9/1/2025,CUST-01196,49.42
10/1/2025,CUST-01196,49.42
11/1/2025,CUST-01196,49.42
12/1/2025,CUST-01196,50.16
2/1/2022,CUST-01197,106.43
3/1/2022,CUST-01197,106.43
4/1/2022,CUST-01197,106.43
5/1/2022,CUST-01197,106.43
6/1/2022,CUST-01197,106.43
7/1/2022,CUST-01197,106.43
8/1/2022,CUST-01197,106.43
9/1/2022,CUST-01197,106.43
10/1/2022,CUST-01197,106.43
11/1/2022,CUST-01197,106.43
12/1/2022,CUST-01197,108.03
1/1/2023,CUST-01197,106.43
2/1/2023,CUST-01197,106.43
3/1/2023,CUST-01197,106.43
4/1/2023,CUST-01197,106.43
5/1/2023,CUST-01197,106.43
6/1/2023,CUST-01197,106.43
7/1/2023,CUST-01197,106.43
8/1/2023,CUST-01197,106.43
9/1/2023,CUST-01197,106.43
10/1/2023,CUST-01197,106.43
11/1/2023,CUST-01197,106.43
12/1/2023,CUST-01197,108.03
1/1/2024,CUST-01197,106.43
2/1/2024,CUST-01197,106.43
3/1/2024,CUST-01197,106.43
4/1/2024,CUST-01197,106.43
5/1/2024,CUST-01197,106.43
6/1/2024,CUST-01197,106.43
7/1/2024,CUST-01197,106.43
8/1/2024,CUST-01197,106.43
9/1/2024,CUST-01197,106.43
10/1/2024,CUST-01197,106.43
11/1/2024,CUST-01197,106.43
12/1/2024,CUST-01197,108.03
1/1/2025,CUST-01197,106.43
2/1/2025,CUST-01197,106.43
3/1/2025,CUST-01197,106.43
4/1/2025,CUST-01197,106.43
5/1/2025,CUST-01197,106.43
6/1/2025,CUST-01197,106.43
7/1/2025,CUST-01197,106.43
8/1/2025,CUST-01197,106.43
9/1/2025,CUST-01197,106.43
10/1/2025,CUST-01197,106.43
11/1/2025,CUST-01197,106.43
12/1/2025,CUST-01197,108.03
3/1/2023,CUST-01198,56.22
4/1/2023,CUST-01198,56.22
5/1/2023,CUST-01198,56.22
6/1/2023,CUST-01198,56.22
7/1/2023,CUST-01198,56.22
8/1/2023,CUST-01198,56.22
9/1/2023,CUST-01198,56.22
10/1/2023,CUST-01198,56.22
11/1/2023,CUST-01198,56.22
12/1/2023,CUST-01198,57.06
1/1/2024,CUST-01198,56.22
2/1/2024,CUST-01198,56.22
3/1/2024,CUST-01198,56.22
4/1/2024,CUST-01198,56.22
5/1/2024,CUST-01198,56.22
6/1/2024,CUST-01198,56.22
7/1/2024,CUST-01198,56.22
8/1/2024,CUST-01198,56.22
9/1/2024,CUST-01198,56.22
10/1/2024,CUST-01198,56.22
11/1/2024,CUST-01198,56.22
12/1/2024,CUST-01198,57.06
1/1/2025,CUST-01198,56.22
2/1/2025,CUST-01198,56.22
3/1/2025,CUST-01198,56.22
4/1/2025,CUST-01198,56.22
5/1/2025,CUST-01198,56.22
6/1/2025,CUST-01198,56.22
7/1/2025,CUST-01198,56.22
8/1/2025,CUST-01198,56.22
9/1/2025,CUST-01198,56.22
10/1/2025,CUST-01198,56.22
11/1/2025,CUST-01198,56.22
12/1/2025,CUST-01198,57.06
10/1/2024,CUST-01199,77.25
11/1/2024,CUST-01199,77.25
12/1/2024,CUST-01199,78.41
1/1/2025,CUST-01199,77.25
2/1/2025,CUST-01199,77.25
3/1/2025,CUST-01199,77.25
4/1/2025,CUST-01199,77.25
5/1/2025,CUST-01199,77.25
6/1/2025,CUST-01199,77.25
7/1/2025,CUST-01199,77.25
8/1/2025,CUST-01199,77.25
9/1/2025,CUST-01199,77.25
10/1/2025,CUST-01199,77.25
11/1/2025,CUST-01199,77.25
12/1/2025,CUST-01199,78.41
8/1/2022,CUST-01200,37.41
9/1/2022,CUST-01200,37.41
10/1/2022,CUST-01200,37.41
11/1/2022,CUST-01200,37.41
12/1/2022,CUST-01200,37.97
1/1/2023,CUST-01200,37.41
2/1/2023,CUST-01200,37.41
3/1/2023,CUST-01200,37.41
4/1/2023,CUST-01200,37.41
5/1/2023,CUST-01200,37.41
6/1/2023,CUST-01200,37.41
7/1/2023,CUST-01200,37.41
8/1/2023,CUST-01200,37.41
9/1/2023,CUST-01200,37.41
10/1/2023,CUST-01200,37.41
11/1/2023,CUST-01200,37.41
12/1/2023,CUST-01200,37.97
1/1/2024,CUST-01200,37.41
2/1/2024,CUST-01200,37.41
3/1/2024,CUST-01200,37.41
4/1/2024,CUST-01200,37.41
5/1/2024,CUST-01200,37.41
6/1/2024,CUST-01200,37.41
7/1/2024,CUST-01200,37.41
8/1/2024,CUST-01200,37.41
9/1/2024,CUST-01200,37.41
10/1/2024,CUST-01200,37.41
11/1/2024,CUST-01200,37.41
12/1/2024,CUST-01200,37.97
1/1/2025,CUST-01200,37.41
2/1/2025,CUST-01200,37.41
3/1/2025,CUST-01200,37.41
4/1/2025,CUST-01200,37.41
5/1/2025,CUST-01200,37.41
6/1/2025,CUST-01200,37.41
7/1/2025,CUST-01200,37.41
8/1/2025,CUST-01200,37.41
9/1/2025,CUST-01200,37.41
10/1/2025,CUST-01200,37.41
11/1/2025,CUST-01200,37.41
12/1/2025,CUST-01200,37.97
5/1/2022,CUST-01201,45.82
6/1/2022,CUST-01201,45.82
7/1/2022,CUST-01201,45.82
8/1/2022,CUST-01201,45.82
9/1/2022,CUST-01201,45.82
10/1/2022,CUST-01201,45.82
11/1/2022,CUST-01201,45.82
12/1/2022,CUST-01201,46.51
1/1/2023,CUST-01201,45.82
2/1/2023,CUST-01201,45.82
3/1/2023,CUST-01201,45.82
4/1/2023,CUST-01201,45.82
5/1/2023,CUST-01201,45.82
6/1/2023,CUST-01201,45.82
7/1/2023,CUST-01201,45.82
8/1/2023,CUST-01201,45.82
9/1/2023,CUST-01201,45.82
10/1/2023,CUST-01201,45.82
11/1/2023,CUST-01201,45.82
3/1/2025,CUST-01202,41.22
4/1/2025,CUST-01202,41.22
5/1/2025,CUST-01202,41.22
6/1/2025,CUST-01202,41.22
7/1/2025,CUST-01202,41.22
8/1/2025,CUST-01202,41.22
9/1/2025,CUST-01202,41.22
10/1/2025,CUST-01202,41.22
11/1/2025,CUST-01202,41.22
12/1/2025,CUST-01202,41.84
4/1/2023,CUST-01203,85.65
5/1/2023,CUST-01203,85.65
6/1/2023,CUST-01203,85.65
7/1/2023,CUST-01203,85.65
8/1/2023,CUST-01203,85.65
9/1/2023,CUST-01203,85.65
10/1/2023,CUST-01203,85.65
11/1/2023,CUST-01203,85.65
12/1/2023,CUST-01203,86.93
1/1/2024,CUST-01203,85.65
2/1/2024,CUST-01203,85.65
3/1/2024,CUST-01203,85.65
4/1/2024,CUST-01203,85.65
5/1/2024,CUST-01203,85.65
6/1/2024,CUST-01203,85.65
7/1/2024,CUST-01203,85.65
8/1/2024,CUST-01203,85.65
9/1/2024,CUST-01203,85.65
10/1/2024,CUST-01203,85.65
11/1/2024,CUST-01203,85.65
12/1/2024,CUST-01203,86.93
1/1/2025,CUST-01203,85.65
2/1/2025,CUST-01203,85.65
3/1/2025,CUST-01203,85.65
4/1/2025,CUST-01203,85.65
5/1/2025,CUST-01203,85.65
6/1/2025,CUST-01203,85.65
7/1/2025,CUST-01203,85.65
8/1/2025,CUST-01203,85.65
9/1/2025,CUST-01203,85.65
10/1/2025,CUST-01203,85.65
11/1/2025,CUST-01203,85.65
12/1/2025,CUST-01203,86.93
10/1/2023,CUST-01204,114.93
11/1/2023,CUST-01204,114.93
12/1/2023,CUST-01204,116.65
1/1/2024,CUST-01204,114.93
2/1/2024,CUST-01204,114.93
3/1/2024,CUST-01204,114.93
4/1/2024,CUST-01204,114.93
5/1/2024,CUST-01204,114.93
6/1/2024,CUST-01204,114.93
7/1/2024,CUST-01204,114.93
8/1/2024,CUST-01204,114.93
9/1/2024,CUST-01204,114.93
10/1/2024,CUST-01204,114.93
11/1/2024,CUST-01204,114.93
12/1/2024,CUST-01204,116.65
1/1/2025,CUST-01204,114.93
2/1/2025,CUST-01204,114.93
3/1/2025,CUST-01204,114.93
4/1/2025,CUST-01204,114.93
5/1/2025,CUST-01204,114.93
6/1/2025,CUST-01204,114.93
7/1/2025,CUST-01204,114.93
8/1/2025,CUST-01204,114.93
9/1/2025,CUST-01204,114.93
10/1/2025,CUST-01204,114.93
11/1/2025,CUST-01204,114.93
12/1/2025,CUST-01204,116.65
4/1/2022,CUST-01205,60.19
5/1/2022,CUST-01205,60.19
6/1/2022,CUST-01205,60.19
7/1/2022,CUST-01205,60.19
8/1/2022,CUST-01205,60.19
9/1/2022,CUST-01205,60.19
10/1/2022,CUST-01205,60.19
11/1/2022,CUST-01205,60.19
12/1/2022,CUST-01205,61.09
1/1/2023,CUST-01205,60.19
2/1/2023,CUST-01205,60.19
3/1/2023,CUST-01205,60.19
4/1/2023,CUST-01205,60.19
5/1/2023,CUST-01205,60.19
6/1/2023,CUST-01205,60.19
7/1/2023,CUST-01205,60.19
8/1/2023,CUST-01205,60.19
9/1/2023,CUST-01205,60.19
10/1/2023,CUST-01205,60.19
11/1/2023,CUST-01205,60.19
12/1/2023,CUST-01205,61.09
1/1/2024,CUST-01205,60.19
2/1/2024,CUST-01205,60.19
3/1/2024,CUST-01205,60.19
4/1/2024,CUST-01205,60.19
5/1/2024,CUST-01205,60.19
6/1/2024,CUST-01205,60.19
7/1/2024,CUST-01205,60.19
8/1/2024,CUST-01205,60.19
9/1/2024,CUST-01205,60.19
10/1/2024,CUST-01205,60.19
11/1/2024,CUST-01205,60.19
12/1/2024,CUST-01205,61.09
1/1/2025,CUST-01205,60.19
2/1/2025,CUST-01205,60.19
3/1/2025,CUST-01205,60.19
4/1/2025,CUST-01205,60.19
5/1/2025,CUST-01205,60.19
6/1/2025,CUST-01205,60.19
7/1/2025,CUST-01205,60.19
8/1/2025,CUST-01205,60.19
9/1/2025,CUST-01205,60.19
10/1/2025,CUST-01205,60.19
11/1/2025,CUST-01205,60.19
12/1/2025,CUST-01205,61.09
4/1/2022,CUST-01206,67.97
5/1/2022,CUST-01206,67.97
6/1/2022,CUST-01206,67.97
7/1/2022,CUST-01206,67.97
8/1/2022,CUST-01206,67.97
9/1/2022,CUST-01206,67.97
10/1/2022,CUST-01206,67.97
11/1/2022,CUST-01206,67.97
12/1/2022,CUST-01206,68.99
1/1/2023,CUST-01206,67.97
2/1/2023,CUST-01206,67.97
3/1/2023,CUST-01206,67.97
4/1/2023,CUST-01206,67.97
5/1/2023,CUST-01206,67.97
6/1/2023,CUST-01206,67.97
7/1/2023,CUST-01206,67.97
8/1/2023,CUST-01206,67.97
9/1/2023,CUST-01206,67.97
10/1/2023,CUST-01206,67.97
11/1/2023,CUST-01206,67.97
12/1/2023,CUST-01206,68.99
1/1/2024,CUST-01206,67.97
2/1/2024,CUST-01206,67.97
3/1/2024,CUST-01206,67.97
4/1/2024,CUST-01206,67.97
5/1/2024,CUST-01206,67.97
6/1/2024,CUST-01206,67.97
7/1/2024,CUST-01206,67.97
8/1/2024,CUST-01206,67.97
9/1/2024,CUST-01206,67.97
10/1/2024,CUST-01206,67.97
11/1/2024,CUST-01206,67.97
12/1/2024,CUST-01206,68.99
1/1/2025,CUST-01206,67.97
2/1/2025,CUST-01206,67.97
3/1/2025,CUST-01206,67.97
4/1/2025,CUST-01206,67.97
5/1/2025,CUST-01206,67.97
6/1/2025,CUST-01206,67.97
7/1/2025,CUST-01206,67.97
8/1/2025,CUST-01206,67.97
9/1/2025,CUST-01206,67.97
10/1/2025,CUST-01206,67.97
11/1/2025,CUST-01206,67.97
12/1/2025,CUST-01206,68.99
6/1/2023,CUST-01207,70.43
7/1/2023,CUST-01207,70.43
8/1/2023,CUST-01207,70.43
9/1/2023,CUST-01207,70.43
10/1/2023,CUST-01207,70.43
11/1/2023,CUST-01207,70.43
12/1/2023,CUST-01207,71.49
1/1/2024,CUST-01207,70.43
2/1/2024,CUST-01207,70.43
3/1/2024,CUST-01207,70.43
4/1/2024,CUST-01207,70.43
5/1/2024,CUST-01207,70.43
6/1/2024,CUST-01207,70.43
7/1/2024,CUST-01207,70.43
8/1/2024,CUST-01207,70.43
9/1/2024,CUST-01207,70.43
10/1/2024,CUST-01207,70.43
11/1/2024,CUST-01207,70.43
12/1/2024,CUST-01207,71.49
1/1/2025,CUST-01207,70.43
2/1/2025,CUST-01207,70.43
3/1/2025,CUST-01207,70.43
4/1/2025,CUST-01207,70.43
5/1/2025,CUST-01207,70.43
6/1/2025,CUST-01207,70.43
7/1/2025,CUST-01207,70.43
8/1/2025,CUST-01207,70.43
9/1/2025,CUST-01207,70.43
10/1/2025,CUST-01207,70.43
11/1/2025,CUST-01207,70.43
12/1/2025,CUST-01207,71.49
10/1/2024,CUST-01208,49.91
11/1/2024,CUST-01208,49.91
12/1/2024,CUST-01208,50.66
1/1/2025,CUST-01208,49.91
2/1/2025,CUST-01208,49.91
3/1/2025,CUST-01208,49.91
4/1/2025,CUST-01208,49.91
5/1/2025,CUST-01208,49.91
6/1/2025,CUST-01208,49.91
7/1/2025,CUST-01208,49.91
8/1/2025,CUST-01208,49.91
9/1/2025,CUST-01208,49.91
10/1/2025,CUST-01208,49.91
9/1/2024,CUST-01209,125.42
10/1/2024,CUST-01209,125.42
11/1/2024,CUST-01209,125.42
12/1/2024,CUST-01209,127.3
1/1/2025,CUST-01209,125.42
2/1/2025,CUST-01209,125.42
3/1/2025,CUST-01209,125.42
4/1/2025,CUST-01209,125.42
5/1/2025,CUST-01209,125.42
6/1/2025,CUST-01209,125.42
7/1/2025,CUST-01209,125.42
8/1/2025,CUST-01209,125.42
9/1/2025,CUST-01209,125.42
10/1/2025,CUST-01209,125.42
11/1/2025,CUST-01209,125.42
12/1/2025,CUST-01209,127.3
9/1/2023,CUST-01210,68.7
10/1/2023,CUST-01210,68.7
11/1/2023,CUST-01210,68.7
12/1/2023,CUST-01210,69.73
1/1/2024,CUST-01210,68.7
2/1/2024,CUST-01210,68.7
3/1/2024,CUST-01210,68.7
4/1/2024,CUST-01210,68.7
5/1/2024,CUST-01210,68.7
6/1/2024,CUST-01210,68.7
7/1/2024,CUST-01210,68.7
8/1/2024,CUST-01210,68.7
9/1/2024,CUST-01210,68.7
10/1/2024,CUST-01210,68.7
11/1/2024,CUST-01210,68.7
12/1/2024,CUST-01210,69.73
1/1/2025,CUST-01210,68.7
2/1/2025,CUST-01210,68.7
3/1/2025,CUST-01210,68.7
4/1/2025,CUST-01210,68.7
5/1/2025,CUST-01210,68.7
6/1/2025,CUST-01210,68.7
7/1/2025,CUST-01210,68.7
8/1/2025,CUST-01210,68.7
9/1/2025,CUST-01210,68.7
10/1/2025,CUST-01210,68.7
11/1/2025,CUST-01210,68.7
12/1/2025,CUST-01210,69.73
10/1/2024,CUST-01211,117.31
11/1/2024,CUST-01211,117.31
12/1/2024,CUST-01211,119.07
1/1/2025,CUST-01211,117.31
5/1/2025,CUST-01212,108.26
6/1/2025,CUST-01212,108.26
7/1/2025,CUST-01212,108.26
3/1/2023,CUST-01213,67.46
4/1/2023,CUST-01213,67.46
5/1/2023,CUST-01213,67.46
6/1/2023,CUST-01213,67.46
7/1/2023,CUST-01213,67.46
8/1/2023,CUST-01213,67.46
9/1/2023,CUST-01213,67.46
10/1/2023,CUST-01213,67.46
11/1/2023,CUST-01213,67.46
12/1/2023,CUST-01213,68.47
1/1/2024,CUST-01213,67.46
2/1/2024,CUST-01213,67.46
3/1/2024,CUST-01213,67.46
4/1/2024,CUST-01213,67.46
5/1/2024,CUST-01213,67.46
6/1/2024,CUST-01213,67.46
7/1/2024,CUST-01213,67.46
8/1/2024,CUST-01213,67.46
9/1/2024,CUST-01213,67.46
10/1/2024,CUST-01213,67.46
11/1/2024,CUST-01213,67.46
12/1/2024,CUST-01213,68.47
1/1/2025,CUST-01213,67.46
2/1/2025,CUST-01213,67.46
3/1/2025,CUST-01213,67.46
4/1/2025,CUST-01213,67.46
5/1/2025,CUST-01213,67.46
6/1/2025,CUST-01213,67.46
7/1/2025,CUST-01213,67.46
8/1/2025,CUST-01213,67.46
9/1/2025,CUST-01213,67.46
10/1/2025,CUST-01213,67.46
11/1/2025,CUST-01213,67.46
12/1/2025,CUST-01213,68.47
7/1/2022,CUST-01214,39.66
8/1/2022,CUST-01214,39.66
9/1/2022,CUST-01214,39.66
10/1/2022,CUST-01214,39.66
11/1/2022,CUST-01214,39.66
12/1/2022,CUST-01214,40.25
1/1/2023,CUST-01214,39.66
2/1/2023,CUST-01214,39.66
3/1/2023,CUST-01214,39.66
4/1/2023,CUST-01214,39.66
5/1/2023,CUST-01214,39.66
6/1/2023,CUST-01214,39.66
7/1/2023,CUST-01214,39.66
8/1/2023,CUST-01214,39.66
9/1/2023,CUST-01214,39.66
10/1/2023,CUST-01214,39.66
11/1/2023,CUST-01214,39.66
12/1/2023,CUST-01214,40.25
1/1/2024,CUST-01214,39.66
2/1/2024,CUST-01214,39.66
3/1/2024,CUST-01214,39.66
4/1/2024,CUST-01214,39.66
5/1/2024,CUST-01214,39.66
6/1/2024,CUST-01214,39.66
7/1/2024,CUST-01214,39.66
8/1/2024,CUST-01214,39.66
9/1/2024,CUST-01214,39.66
10/1/2024,CUST-01214,39.66
11/1/2024,CUST-01214,39.66
12/1/2024,CUST-01214,40.25
1/1/2025,CUST-01214,39.66
2/1/2025,CUST-01214,39.66
3/1/2025,CUST-01214,39.66
4/1/2025,CUST-01214,39.66
5/1/2025,CUST-01214,39.66
6/1/2025,CUST-01214,39.66
7/1/2025,CUST-01214,39.66
8/1/2025,CUST-01214,39.66
9/1/2025,CUST-01214,39.66
10/1/2025,CUST-01214,39.66
11/1/2025,CUST-01214,39.66
12/1/2025,CUST-01214,40.25
9/1/2022,CUST-01215,59.07
10/1/2022,CUST-01215,59.07
11/1/2022,CUST-01215,59.07
12/1/2022,CUST-01215,59.96
1/1/2023,CUST-01215,59.07
2/1/2023,CUST-01215,59.07
3/1/2023,CUST-01215,59.07
4/1/2023,CUST-01215,59.07
5/1/2023,CUST-01215,59.07
6/1/2023,CUST-01215,59.07
7/1/2023,CUST-01215,59.07
8/1/2023,CUST-01215,59.07
9/1/2023,CUST-01215,59.07
10/1/2023,CUST-01215,59.07
11/1/2023,CUST-01215,59.07
12/1/2023,CUST-01215,59.96
1/1/2024,CUST-01215,59.07
2/1/2024,CUST-01215,59.07
3/1/2024,CUST-01215,59.07
4/1/2024,CUST-01215,59.07
5/1/2024,CUST-01215,59.07
6/1/2024,CUST-01215,59.07
7/1/2024,CUST-01215,59.07
8/1/2024,CUST-01215,59.07
9/1/2024,CUST-01215,59.07
10/1/2024,CUST-01215,59.07
11/1/2024,CUST-01215,59.07
12/1/2024,CUST-01215,59.96
1/1/2025,CUST-01215,59.07
2/1/2025,CUST-01215,59.07
3/1/2025,CUST-01215,59.07
4/1/2025,CUST-01215,59.07
5/1/2025,CUST-01215,59.07
6/1/2025,CUST-01215,59.07
7/1/2025,CUST-01215,59.07
8/1/2025,CUST-01215,59.07
9/1/2025,CUST-01215,59.07
10/1/2025,CUST-01215,59.07
11/1/2025,CUST-01215,59.07
12/1/2025,CUST-01215,59.96
6/1/2025,CUST-01216,42.05
7/1/2025,CUST-01216,42.05
8/1/2025,CUST-01216,42.05
9/1/2025,CUST-01216,42.05
10/1/2025,CUST-01216,42.05
11/1/2025,CUST-01216,42.05
12/1/2025,CUST-01216,42.68
3/1/2023,CUST-01217,58.89
4/1/2023,CUST-01217,58.89
5/1/2023,CUST-01217,58.89
6/1/2023,CUST-01217,58.89
7/1/2023,CUST-01217,58.89
7/1/2022,CUST-01218,56.36
8/1/2022,CUST-01218,56.36
9/1/2022,CUST-01218,56.36
10/1/2022,CUST-01218,56.36
11/1/2022,CUST-01218,56.36
12/1/2022,CUST-01218,57.21
1/1/2023,CUST-01218,56.36
2/1/2023,CUST-01218,56.36
3/1/2023,CUST-01218,56.36
4/1/2023,CUST-01218,56.36
5/1/2023,CUST-01218,56.36
6/1/2023,CUST-01218,56.36
7/1/2023,CUST-01218,56.36
8/1/2023,CUST-01218,56.36
9/1/2023,CUST-01218,56.36
10/1/2023,CUST-01218,56.36
11/1/2023,CUST-01218,56.36
12/1/2023,CUST-01218,57.21
1/1/2024,CUST-01218,56.36
2/1/2024,CUST-01218,56.36
3/1/2024,CUST-01218,56.36
4/1/2024,CUST-01218,56.36
5/1/2024,CUST-01218,56.36
6/1/2024,CUST-01218,56.36
7/1/2024,CUST-01218,56.36
8/1/2024,CUST-01218,56.36
9/1/2024,CUST-01218,56.36
10/1/2024,CUST-01218,56.36
11/1/2024,CUST-01218,56.36
12/1/2024,CUST-01218,57.21
1/1/2025,CUST-01218,56.36
2/1/2025,CUST-01218,56.36
3/1/2025,CUST-01218,56.36
4/1/2025,CUST-01218,56.36
5/1/2025,CUST-01218,56.36
6/1/2025,CUST-01218,56.36
7/1/2025,CUST-01218,56.36
8/1/2025,CUST-01218,56.36
9/1/2025,CUST-01218,56.36
10/1/2025,CUST-01218,56.36
11/1/2025,CUST-01218,56.36
12/1/2025,CUST-01218,57.21
4/1/2025,CUST-01219,48.4
5/1/2025,CUST-01219,48.4
6/1/2025,CUST-01219,48.4
12/1/2023,CUST-01220,114.78
1/1/2024,CUST-01220,113.08
2/1/2024,CUST-01220,113.08
3/1/2024,CUST-01220,113.08
4/1/2024,CUST-01220,113.08
5/1/2024,CUST-01220,113.08
6/1/2024,CUST-01220,113.08
7/1/2024,CUST-01220,113.08
8/1/2024,CUST-01220,113.08
9/1/2024,CUST-01220,113.08
10/1/2024,CUST-01220,113.08
11/1/2024,CUST-01220,113.08
12/1/2024,CUST-01220,114.78
1/1/2025,CUST-01220,113.08
2/1/2025,CUST-01220,113.08
3/1/2025,CUST-01220,113.08
4/1/2025,CUST-01220,113.08
5/1/2025,CUST-01220,113.08
6/1/2025,CUST-01220,113.08
7/1/2025,CUST-01220,113.08
5/1/2023,CUST-01221,115.51
6/1/2023,CUST-01221,115.51
7/1/2023,CUST-01221,115.51
8/1/2023,CUST-01221,115.51
9/1/2023,CUST-01221,115.51
10/1/2023,CUST-01221,115.51
11/1/2023,CUST-01221,115.51
12/1/2023,CUST-01221,117.24
1/1/2024,CUST-01221,115.51
2/1/2024,CUST-01221,115.51
3/1/2024,CUST-01221,115.51
4/1/2024,CUST-01221,115.51
5/1/2024,CUST-01221,115.51
6/1/2024,CUST-01221,115.51
7/1/2024,CUST-01221,115.51
8/1/2024,CUST-01221,115.51
9/1/2024,CUST-01221,115.51
10/1/2024,CUST-01221,115.51
11/1/2024,CUST-01221,115.51
12/1/2024,CUST-01221,117.24
1/1/2025,CUST-01221,115.51
2/1/2025,CUST-01221,115.51
3/1/2025,CUST-01221,115.51
4/1/2025,CUST-01221,115.51
5/1/2025,CUST-01221,115.51
6/1/2025,CUST-01221,115.51
7/1/2025,CUST-01221,115.51
8/1/2025,CUST-01221,115.51
9/1/2025,CUST-01221,115.51
10/1/2025,CUST-01221,115.51
11/1/2025,CUST-01221,115.51
12/1/2025,CUST-01221,117.24
7/1/2022,CUST-01222,77.91
8/1/2022,CUST-01222,77.91
9/1/2022,CUST-01222,77.91
10/1/2022,CUST-01222,77.91
11/1/2022,CUST-01222,77.91
12/1/2022,CUST-01222,79.08
1/1/2023,CUST-01222,77.91
2/1/2023,CUST-01222,77.91
3/1/2023,CUST-01222,77.91
4/1/2023,CUST-01222,77.91
5/1/2023,CUST-01222,77.91
6/1/2023,CUST-01222,77.91
7/1/2023,CUST-01222,77.91
8/1/2023,CUST-01222,77.91
9/1/2023,CUST-01222,77.91
10/1/2023,CUST-01222,77.91
11/1/2023,CUST-01222,77.91
12/1/2023,CUST-01222,79.08
1/1/2024,CUST-01222,77.91
2/1/2024,CUST-01222,77.91
3/1/2024,CUST-01222,77.91
4/1/2024,CUST-01222,77.91
5/1/2024,CUST-01222,77.91
6/1/2024,CUST-01222,77.91
7/1/2024,CUST-01222,77.91
8/1/2024,CUST-01222,77.91
9/1/2024,CUST-01222,77.91
10/1/2024,CUST-01222,77.91
11/1/2024,CUST-01222,77.91
12/1/2024,CUST-01222,79.08
1/1/2025,CUST-01222,77.91
2/1/2025,CUST-01222,77.91
3/1/2025,CUST-01222,77.91
4/1/2025,CUST-01222,77.91
5/1/2025,CUST-01222,77.91
6/1/2025,CUST-01222,77.91
7/1/2025,CUST-01222,77.91
8/1/2025,CUST-01222,77.91
9/1/2025,CUST-01222,77.91
10/1/2025,CUST-01222,77.91
11/1/2025,CUST-01222,77.91
12/1/2025,CUST-01222,79.08
6/1/2024,CUST-01223,68.2
7/1/2024,CUST-01223,68.2
8/1/2024,CUST-01223,68.2
9/1/2024,CUST-01223,68.2
10/1/2024,CUST-01223,68.2
11/1/2024,CUST-01223,68.2
12/1/2024,CUST-01223,69.22
1/1/2025,CUST-01223,68.2
2/1/2025,CUST-01223,68.2
3/1/2025,CUST-01223,68.2
4/1/2025,CUST-01223,68.2
5/1/2025,CUST-01223,68.2
6/1/2025,CUST-01223,68.2
7/1/2025,CUST-01223,68.2
8/1/2025,CUST-01223,68.2
9/1/2025,CUST-01223,68.2
10/1/2025,CUST-01223,68.2
11/1/2025,CUST-01223,68.2
12/1/2025,CUST-01223,69.22
10/1/2023,CUST-01224,78.36
11/1/2023,CUST-01224,78.36
12/1/2023,CUST-01224,79.54
1/1/2024,CUST-01224,78.36
2/1/2024,CUST-01224,78.36
3/1/2024,CUST-01224,78.36
4/1/2024,CUST-01224,78.36
5/1/2024,CUST-01224,78.36
6/1/2024,CUST-01224,78.36
7/1/2024,CUST-01224,78.36
8/1/2024,CUST-01224,78.36
9/1/2024,CUST-01224,78.36
10/1/2024,CUST-01224,78.36
11/1/2024,CUST-01224,78.36
12/1/2024,CUST-01224,79.54
1/1/2025,CUST-01224,78.36
2/1/2025,CUST-01224,78.36
3/1/2025,CUST-01224,78.36
4/1/2025,CUST-01224,78.36
5/1/2025,CUST-01224,78.36
6/1/2025,CUST-01224,78.36
7/1/2025,CUST-01224,78.36
8/1/2025,CUST-01224,78.36
9/1/2025,CUST-01224,78.36
10/1/2025,CUST-01224,78.36
11/1/2025,CUST-01224,78.36
12/1/2025,CUST-01224,79.54
7/1/2025,CUST-01225,72.85
8/1/2025,CUST-01225,72.85
9/1/2025,CUST-01225,72.85
10/1/2025,CUST-01225,72.85
11/1/2025,CUST-01225,72.85
12/1/2025,CUST-01225,73.94
4/1/2022,CUST-01226,46.83
5/1/2022,CUST-01226,46.83
6/1/2022,CUST-01226,46.83
7/1/2022,CUST-01226,46.83
8/1/2022,CUST-01226,46.83
9/1/2022,CUST-01226,46.83
10/1/2022,CUST-01226,46.83
11/1/2022,CUST-01226,46.83
12/1/2022,CUST-01226,47.53
1/1/2023,CUST-01226,46.83
2/1/2023,CUST-01226,46.83
3/1/2023,CUST-01226,46.83
4/1/2023,CUST-01226,46.83
5/1/2023,CUST-01226,46.83
6/1/2023,CUST-01226,46.83
7/1/2023,CUST-01226,46.83
8/1/2023,CUST-01226,46.83
9/1/2023,CUST-01226,46.83
10/1/2023,CUST-01226,46.83
11/1/2023,CUST-01226,46.83
12/1/2023,CUST-01226,47.53
1/1/2024,CUST-01226,46.83
2/1/2024,CUST-01226,46.83
3/1/2024,CUST-01226,46.83
4/1/2024,CUST-01226,46.83
5/1/2024,CUST-01226,46.83
6/1/2024,CUST-01226,46.83
7/1/2024,CUST-01226,46.83
8/1/2024,CUST-01226,46.83
9/1/2024,CUST-01226,46.83
10/1/2024,CUST-01226,46.83
11/1/2024,CUST-01226,46.83
12/1/2024,CUST-01226,47.53
1/1/2025,CUST-01226,46.83
2/1/2025,CUST-01226,46.83
3/1/2025,CUST-01226,46.83
4/1/2025,CUST-01226,46.83
5/1/2025,CUST-01226,46.83
6/1/2025,CUST-01226,46.83
7/1/2025,CUST-01226,46.83
8/1/2025,CUST-01226,46.83
9/1/2025,CUST-01226,46.83
10/1/2025,CUST-01226,46.83
11/1/2025,CUST-01226,46.83
12/1/2025,CUST-01226,47.53
6/1/2025,CUST-01227,69.42
7/1/2025,CUST-01227,69.42
8/1/2025,CUST-01227,69.42
9/1/2025,CUST-01227,69.42
10/1/2025,CUST-01227,69.42
11/1/2025,CUST-01227,69.42
12/1/2025,CUST-01227,70.46
11/1/2024,CUST-01228,46.86
12/1/2024,CUST-01228,47.56
1/1/2025,CUST-01228,46.86
2/1/2025,CUST-01228,46.86
3/1/2025,CUST-01228,46.86
4/1/2025,CUST-01228,46.86
5/1/2025,CUST-01228,46.86
6/1/2025,CUST-01228,46.86
7/1/2025,CUST-01228,46.86
8/1/2025,CUST-01228,46.86
9/1/2025,CUST-01228,46.86
10/1/2025,CUST-01228,46.86
11/1/2025,CUST-01228,46.86
12/1/2025,CUST-01228,47.56
10/1/2022,CUST-01229,63.17
11/1/2022,CUST-01229,63.17
12/1/2022,CUST-01229,64.12
1/1/2023,CUST-01229,63.17
2/1/2023,CUST-01229,63.17
3/1/2023,CUST-01229,63.17
4/1/2023,CUST-01229,63.17
5/1/2023,CUST-01229,63.17
6/1/2023,CUST-01229,63.17
7/1/2023,CUST-01229,63.17
8/1/2023,CUST-01229,63.17
9/1/2023,CUST-01229,63.17
10/1/2023,CUST-01229,63.17
11/1/2023,CUST-01229,63.17
12/1/2023,CUST-01229,64.12
1/1/2024,CUST-01229,63.17
2/1/2024,CUST-01229,63.17
3/1/2024,CUST-01229,63.17
4/1/2024,CUST-01229,63.17
5/1/2024,CUST-01229,63.17
6/1/2024,CUST-01229,63.17
7/1/2024,CUST-01229,63.17
8/1/2024,CUST-01229,63.17
9/1/2024,CUST-01229,63.17
10/1/2024,CUST-01229,63.17
11/1/2024,CUST-01229,63.17
12/1/2024,CUST-01229,64.12
1/1/2025,CUST-01229,63.17
2/1/2025,CUST-01229,63.17
3/1/2025,CUST-01229,63.17
4/1/2025,CUST-01229,63.17
5/1/2025,CUST-01229,63.17
6/1/2025,CUST-01229,63.17
7/1/2025,CUST-01229,63.17
8/1/2025,CUST-01229,63.17
9/1/2025,CUST-01229,63.17
10/1/2025,CUST-01229,63.17
11/1/2025,CUST-01229,63.17
12/1/2025,CUST-01229,64.12
5/1/2023,CUST-01230,45.1
6/1/2023,CUST-01230,45.1
7/1/2023,CUST-01230,45.1
8/1/2023,CUST-01230,45.1
9/1/2023,CUST-01230,45.1
10/1/2023,CUST-01230,45.1
11/1/2023,CUST-01230,45.1
12/1/2023,CUST-01230,45.78
1/1/2024,CUST-01230,45.1
2/1/2024,CUST-01230,45.1
3/1/2024,CUST-01230,45.1
4/1/2024,CUST-01230,45.1
5/1/2024,CUST-01230,45.1
6/1/2024,CUST-01230,45.1
7/1/2024,CUST-01230,45.1
8/1/2024,CUST-01230,45.1
9/1/2024,CUST-01230,45.1
10/1/2024,CUST-01230,45.1
11/1/2024,CUST-01230,45.1
12/1/2024,CUST-01230,45.78
1/1/2025,CUST-01230,45.1
2/1/2025,CUST-01230,45.1
3/1/2025,CUST-01230,45.1
4/1/2025,CUST-01230,45.1
5/1/2025,CUST-01230,45.1
6/1/2025,CUST-01230,45.1
7/1/2025,CUST-01230,45.1
8/1/2025,CUST-01230,45.1
9/1/2025,CUST-01230,45.1
10/1/2025,CUST-01230,45.1
11/1/2025,CUST-01230,45.1
12/1/2025,CUST-01230,45.78
4/1/2025,CUST-01231,90.09
5/1/2025,CUST-01231,90.09
6/1/2025,CUST-01231,90.09
7/1/2024,CUST-01232,91.86
8/1/2024,CUST-01232,91.86
9/1/2024,CUST-01232,91.86
10/1/2024,CUST-01232,91.86
11/1/2024,CUST-01232,91.86
12/1/2024,CUST-01232,93.24
1/1/2025,CUST-01232,91.86
2/1/2025,CUST-01232,91.86
3/1/2025,CUST-01232,91.86
4/1/2025,CUST-01232,91.86
5/1/2025,CUST-01232,91.86
6/1/2025,CUST-01232,91.86
7/1/2025,CUST-01232,91.86
8/1/2025,CUST-01232,91.86
9/1/2025,CUST-01232,91.86
10/1/2023,CUST-01233,59.36
11/1/2023,CUST-01233,59.36
12/1/2023,CUST-01233,60.25
1/1/2024,CUST-01233,59.36
2/1/2024,CUST-01233,59.36
3/1/2024,CUST-01233,59.36
4/1/2024,CUST-01233,59.36
5/1/2024,CUST-01233,59.36
6/1/2024,CUST-01233,59.36
7/1/2024,CUST-01233,59.36
8/1/2024,CUST-01233,59.36
9/1/2024,CUST-01233,59.36
10/1/2024,CUST-01233,59.36
11/1/2024,CUST-01233,59.36
12/1/2024,CUST-01233,60.25
1/1/2025,CUST-01233,59.36
2/1/2025,CUST-01233,59.36
3/1/2025,CUST-01233,59.36
4/1/2025,CUST-01233,59.36
5/1/2025,CUST-01233,59.36
6/1/2025,CUST-01233,59.36
7/1/2025,CUST-01233,59.36
8/1/2025,CUST-01233,59.36
9/1/2025,CUST-01233,59.36
10/1/2025,CUST-01233,59.36
11/1/2025,CUST-01233,59.36
12/1/2025,CUST-01233,60.25
3/1/2024,CUST-01234,108.72
4/1/2024,CUST-01234,108.72
5/1/2024,CUST-01234,108.72
6/1/2024,CUST-01234,108.72
7/1/2024,CUST-01234,108.72
8/1/2024,CUST-01234,108.72
9/1/2024,CUST-01234,108.72
10/1/2024,CUST-01234,108.72
11/1/2024,CUST-01234,108.72
12/1/2024,CUST-01234,110.35
1/1/2025,CUST-01234,108.72
2/1/2025,CUST-01234,108.72
3/1/2025,CUST-01234,108.72
4/1/2025,CUST-01234,108.72
5/1/2025,CUST-01234,108.72
6/1/2025,CUST-01234,108.72
7/1/2025,CUST-01234,108.72
8/1/2025,CUST-01234,108.72
9/1/2025,CUST-01234,108.72
10/1/2025,CUST-01234,108.72
11/1/2025,CUST-01234,108.72
12/1/2025,CUST-01234,110.35
10/1/2024,CUST-01235,51.59
11/1/2024,CUST-01235,51.59
12/1/2024,CUST-01235,52.36
1/1/2025,CUST-01235,51.59
2/1/2025,CUST-01235,51.59
3/1/2025,CUST-01235,51.59
4/1/2025,CUST-01235,51.59
8/1/2022,CUST-01236,40.44
9/1/2022,CUST-01236,40.44
10/1/2022,CUST-01236,40.44
11/1/2022,CUST-01236,40.44
12/1/2022,CUST-01236,41.05
1/1/2023,CUST-01236,40.44
2/1/2023,CUST-01236,40.44
3/1/2023,CUST-01236,40.44
4/1/2023,CUST-01236,40.44
5/1/2023,CUST-01236,40.44
6/1/2023,CUST-01236,40.44
7/1/2023,CUST-01236,40.44
8/1/2023,CUST-01236,40.44
9/1/2023,CUST-01236,40.44
10/1/2023,CUST-01236,40.44
11/1/2023,CUST-01236,40.44
12/1/2023,CUST-01236,41.05
1/1/2024,CUST-01236,40.44
2/1/2024,CUST-01236,40.44
3/1/2024,CUST-01236,40.44
4/1/2024,CUST-01236,40.44
5/1/2024,CUST-01236,40.44
6/1/2024,CUST-01236,40.44
7/1/2024,CUST-01236,40.44
8/1/2024,CUST-01236,40.44
9/1/2024,CUST-01236,40.44
10/1/2024,CUST-01236,40.44
11/1/2024,CUST-01236,40.44
12/1/2024,CUST-01236,41.05
1/1/2025,CUST-01236,40.44
2/1/2025,CUST-01236,40.44
3/1/2025,CUST-01236,40.44
4/1/2025,CUST-01236,40.44
5/1/2025,CUST-01236,40.44
6/1/2025,CUST-01236,40.44
7/1/2025,CUST-01236,40.44
8/1/2025,CUST-01236,40.44
9/1/2025,CUST-01236,40.44
10/1/2025,CUST-01236,40.44
11/1/2025,CUST-01236,40.44
12/1/2025,CUST-01236,41.05
5/1/2024,CUST-01237,114.49
6/1/2024,CUST-01237,114.49
7/1/2024,CUST-01237,114.49
8/1/2024,CUST-01237,114.49
9/1/2024,CUST-01237,114.49
10/1/2024,CUST-01237,114.49
11/1/2024,CUST-01237,114.49
12/1/2024,CUST-01237,116.21
1/1/2025,CUST-01237,114.49
2/1/2025,CUST-01237,114.49
3/1/2025,CUST-01237,114.49
4/1/2025,CUST-01237,114.49
5/1/2025,CUST-01237,114.49
6/1/2025,CUST-01237,114.49
7/1/2025,CUST-01237,114.49
8/1/2025,CUST-01237,114.49
9/1/2025,CUST-01237,114.49
10/1/2025,CUST-01237,114.49
11/1/2025,CUST-01237,114.49
12/1/2025,CUST-01237,116.21
9/1/2025,CUST-01238,79.27
10/1/2025,CUST-01238,79.27
11/1/2025,CUST-01238,79.27
12/1/2025,CUST-01238,80.46
2/1/2023,CUST-01239,72.48
3/1/2023,CUST-01239,72.48
4/1/2023,CUST-01239,72.48
5/1/2023,CUST-01239,72.48
6/1/2023,CUST-01239,72.48
7/1/2023,CUST-01239,72.48
8/1/2023,CUST-01239,72.48
9/1/2023,CUST-01239,72.48
10/1/2023,CUST-01239,72.48
11/1/2023,CUST-01239,72.48
12/1/2023,CUST-01239,73.57
1/1/2024,CUST-01239,72.48
2/1/2024,CUST-01239,72.48
3/1/2024,CUST-01239,72.48
4/1/2024,CUST-01239,72.48
5/1/2024,CUST-01239,72.48
6/1/2024,CUST-01239,72.48
7/1/2024,CUST-01239,72.48
8/1/2024,CUST-01239,72.48
9/1/2024,CUST-01239,72.48
10/1/2024,CUST-01239,72.48
11/1/2024,CUST-01239,72.48
12/1/2024,CUST-01239,73.57
1/1/2025,CUST-01239,72.48
2/1/2025,CUST-01239,72.48
3/1/2025,CUST-01239,72.48
4/1/2025,CUST-01239,72.48
5/1/2025,CUST-01239,72.48
6/1/2025,CUST-01239,72.48
7/1/2025,CUST-01239,72.48
8/1/2025,CUST-01239,72.48
9/1/2025,CUST-01239,72.48
10/1/2025,CUST-01239,72.48
11/1/2025,CUST-01239,72.48
12/1/2025,CUST-01239,73.57
6/1/2025,CUST-01240,83.61
7/1/2025,CUST-01240,83.61
8/1/2025,CUST-01240,83.61
9/1/2025,CUST-01240,83.61
10/1/2025,CUST-01240,83.61
11/1/2025,CUST-01240,83.61
12/1/2025,CUST-01240,84.86
2/1/2024,CUST-01241,111.13
3/1/2024,CUST-01241,111.13
4/1/2024,CUST-01241,111.13
5/1/2024,CUST-01241,111.13
6/1/2024,CUST-01241,111.13
7/1/2024,CUST-01241,111.13
8/1/2024,CUST-01241,111.13
9/1/2024,CUST-01241,111.13
11/1/2023,CUST-01242,52.78
12/1/2023,CUST-01242,53.57
1/1/2024,CUST-01242,52.78
2/1/2024,CUST-01242,52.78
3/1/2024,CUST-01242,52.78
4/1/2024,CUST-01242,52.78
5/1/2024,CUST-01242,52.78
6/1/2024,CUST-01242,52.78
7/1/2024,CUST-01242,52.78
8/1/2024,CUST-01242,52.78
9/1/2024,CUST-01242,52.78
10/1/2024,CUST-01242,52.78
11/1/2024,CUST-01242,52.78
12/1/2024,CUST-01242,53.57
1/1/2025,CUST-01242,52.78
2/1/2025,CUST-01242,52.78
3/1/2025,CUST-01242,52.78
4/1/2025,CUST-01242,52.78
5/1/2025,CUST-01242,52.78
6/1/2025,CUST-01242,52.78
7/1/2025,CUST-01242,52.78
8/1/2025,CUST-01242,52.78
9/1/2025,CUST-01242,52.78
10/1/2025,CUST-01242,52.78
11/1/2025,CUST-01242,52.78
12/1/2025,CUST-01242,53.57
7/1/2023,CUST-01243,39.93
8/1/2023,CUST-01243,39.93
9/1/2023,CUST-01243,39.93
10/1/2023,CUST-01243,39.93
11/1/2023,CUST-01243,39.93
12/1/2023,CUST-01243,40.53
1/1/2024,CUST-01243,39.93
2/1/2024,CUST-01243,39.93
3/1/2024,CUST-01243,39.93
4/1/2024,CUST-01243,39.93
5/1/2024,CUST-01243,39.93
6/1/2024,CUST-01243,39.93
7/1/2024,CUST-01243,39.93
8/1/2024,CUST-01243,39.93
9/1/2024,CUST-01243,39.93
10/1/2024,CUST-01243,39.93
11/1/2024,CUST-01243,39.93
12/1/2024,CUST-01243,40.53
1/1/2025,CUST-01243,39.93
2/1/2025,CUST-01243,39.93
3/1/2025,CUST-01243,39.93
4/1/2025,CUST-01243,39.93
5/1/2025,CUST-01243,39.93
6/1/2025,CUST-01243,39.93
7/1/2025,CUST-01243,39.93
8/1/2025,CUST-01243,39.93
9/1/2025,CUST-01243,39.93
10/1/2025,CUST-01243,39.93
11/1/2025,CUST-01243,39.93
12/1/2025,CUST-01243,40.53
6/1/2023,CUST-01244,57.75
7/1/2023,CUST-01244,57.75
8/1/2023,CUST-01244,57.75
9/1/2023,CUST-01244,57.75
10/1/2023,CUST-01244,57.75
11/1/2023,CUST-01244,57.75
12/1/2023,CUST-01244,58.62
1/1/2024,CUST-01244,57.75
2/1/2024,CUST-01244,57.75
3/1/2024,CUST-01244,57.75
4/1/2024,CUST-01244,57.75
5/1/2024,CUST-01244,57.75
6/1/2024,CUST-01244,57.75
7/1/2024,CUST-01244,57.75
8/1/2024,CUST-01244,57.75
9/1/2024,CUST-01244,57.75
10/1/2024,CUST-01244,57.75
11/1/2024,CUST-01244,57.75
12/1/2024,CUST-01244,58.62
1/1/2025,CUST-01244,57.75
2/1/2025,CUST-01244,57.75
3/1/2025,CUST-01244,57.75
4/1/2025,CUST-01244,57.75
5/1/2025,CUST-01244,57.75
6/1/2025,CUST-01244,57.75
7/1/2025,CUST-01244,57.75
8/1/2025,CUST-01244,57.75
9/1/2025,CUST-01244,57.75
10/1/2025,CUST-01244,57.75
11/1/2025,CUST-01244,57.75
12/1/2025,CUST-01244,58.62
5/1/2022,CUST-01245,45.34
6/1/2022,CUST-01245,45.34
7/1/2022,CUST-01245,45.34
8/1/2022,CUST-01245,45.34
9/1/2022,CUST-01245,45.34
10/1/2022,CUST-01245,45.34
11/1/2022,CUST-01245,45.34
12/1/2022,CUST-01245,46.02
1/1/2024,CUST-01246,58.4
2/1/2024,CUST-01246,58.4
3/1/2024,CUST-01246,58.4
1/1/2022,CUST-01247,127.32
2/1/2022,CUST-01247,127.32
3/1/2022,CUST-01247,127.32
4/1/2022,CUST-01247,127.32
5/1/2022,CUST-01247,127.32
6/1/2022,CUST-01247,127.32
7/1/2022,CUST-01247,127.32
8/1/2022,CUST-01247,127.32
9/1/2022,CUST-01247,127.32
10/1/2022,CUST-01247,127.32
11/1/2022,CUST-01247,127.32
12/1/2022,CUST-01247,129.23
1/1/2023,CUST-01247,127.32
2/1/2023,CUST-01247,127.32
3/1/2023,CUST-01247,127.32
4/1/2023,CUST-01247,127.32
5/1/2023,CUST-01247,127.32
6/1/2023,CUST-01247,127.32
7/1/2023,CUST-01247,127.32
8/1/2023,CUST-01247,127.32
9/1/2023,CUST-01247,127.32
10/1/2023,CUST-01247,127.32
11/1/2023,CUST-01247,127.32
12/1/2023,CUST-01247,129.23
1/1/2024,CUST-01247,127.32
2/1/2024,CUST-01247,127.32
3/1/2024,CUST-01247,127.32
4/1/2024,CUST-01247,127.32
5/1/2024,CUST-01247,127.32
6/1/2024,CUST-01247,127.32
7/1/2024,CUST-01247,127.32
8/1/2024,CUST-01247,127.32
9/1/2024,CUST-01247,127.32
10/1/2024,CUST-01247,127.32
11/1/2024,CUST-01247,127.32
12/1/2024,CUST-01247,129.23
1/1/2025,CUST-01247,127.32
2/1/2025,CUST-01247,127.32
3/1/2025,CUST-01247,127.32
4/1/2025,CUST-01247,127.32
5/1/2025,CUST-01247,127.32
6/1/2025,CUST-01247,127.32
7/1/2025,CUST-01247,127.32
8/1/2025,CUST-01247,127.32
9/1/2025,CUST-01247,127.32
10/1/2025,CUST-01247,127.32
11/1/2025,CUST-01247,127.32
12/1/2025,CUST-01247,129.23
10/1/2022,CUST-01248,115.86
11/1/2022,CUST-01248,115.86
12/1/2022,CUST-01248,117.6
1/1/2023,CUST-01248,115.86
2/1/2023,CUST-01248,115.86
3/1/2023,CUST-01248,115.86
4/1/2023,CUST-01248,115.86
5/1/2023,CUST-01248,115.86
6/1/2023,CUST-01248,115.86
7/1/2023,CUST-01248,115.86
8/1/2023,CUST-01248,115.86
9/1/2023,CUST-01248,115.86
10/1/2023,CUST-01248,115.86
11/1/2023,CUST-01248,115.86
12/1/2023,CUST-01248,117.6
1/1/2024,CUST-01248,115.86
2/1/2024,CUST-01248,115.86
3/1/2024,CUST-01248,115.86
4/1/2024,CUST-01248,115.86
5/1/2024,CUST-01248,115.86
6/1/2024,CUST-01248,115.86
7/1/2024,CUST-01248,115.86
8/1/2024,CUST-01248,115.86
9/1/2024,CUST-01248,115.86
10/1/2024,CUST-01248,115.86
11/1/2024,CUST-01248,115.86
12/1/2024,CUST-01248,117.6
1/1/2025,CUST-01248,115.86
2/1/2025,CUST-01248,115.86
3/1/2025,CUST-01248,115.86
4/1/2025,CUST-01248,115.86
5/1/2025,CUST-01248,115.86
6/1/2025,CUST-01248,115.86
5/1/2024,CUST-01249,79.6
6/1/2024,CUST-01249,79.6
7/1/2024,CUST-01249,79.6
8/1/2024,CUST-01249,79.6
9/1/2024,CUST-01249,79.6
10/1/2024,CUST-01249,79.6
11/1/2024,CUST-01249,79.6
12/1/2024,CUST-01249,80.79
1/1/2025,CUST-01249,79.6
2/1/2025,CUST-01249,79.6
3/1/2025,CUST-01249,79.6
4/1/2025,CUST-01249,79.6
5/1/2025,CUST-01249,79.6
6/1/2025,CUST-01249,79.6
7/1/2025,CUST-01249,79.6
8/1/2025,CUST-01249,79.6
9/1/2025,CUST-01249,79.6
10/1/2025,CUST-01249,79.6
11/1/2025,CUST-01249,79.6
12/1/2025,CUST-01249,80.79
3/1/2022,CUST-01250,67.45
4/1/2022,CUST-01250,67.45
5/1/2022,CUST-01250,67.45
6/1/2022,CUST-01250,67.45
7/1/2022,CUST-01250,67.45
8/1/2022,CUST-01250,67.45
9/1/2022,CUST-01250,67.45
10/1/2022,CUST-01250,67.45
11/1/2022,CUST-01250,67.45
12/1/2022,CUST-01250,68.46
1/1/2023,CUST-01250,67.45
2/1/2023,CUST-01250,67.45
3/1/2023,CUST-01250,67.45
4/1/2023,CUST-01250,67.45
5/1/2023,CUST-01250,67.45
6/1/2023,CUST-01250,67.45
7/1/2023,CUST-01250,67.45
8/1/2023,CUST-01250,67.45
9/1/2023,CUST-01250,67.45
10/1/2023,CUST-01250,67.45
11/1/2023,CUST-01250,67.45
12/1/2023,CUST-01250,68.46
1/1/2024,CUST-01250,67.45
2/1/2024,CUST-01250,67.45
3/1/2024,CUST-01250,67.45
4/1/2024,CUST-01250,67.45
5/1/2024,CUST-01250,67.45
6/1/2024,CUST-01250,67.45
7/1/2024,CUST-01250,67.45
8/1/2024,CUST-01250,67.45
9/1/2024,CUST-01250,67.45
10/1/2024,CUST-01250,67.45
11/1/2024,CUST-01250,67.45
12/1/2024,CUST-01250,68.46
1/1/2025,CUST-01250,67.45
2/1/2025,CUST-01250,67.45
3/1/2025,CUST-01250,67.45
4/1/2025,CUST-01250,67.45
5/1/2025,CUST-01250,67.45
6/1/2025,CUST-01250,67.45
7/1/2025,CUST-01250,67.45
8/1/2025,CUST-01250,67.45
9/1/2025,CUST-01250,67.45
10/1/2025,CUST-01250,67.45
11/1/2025,CUST-01250,67.45
12/1/2025,CUST-01250,68.46
7/1/2024,CUST-01251,67.05
8/1/2024,CUST-01251,67.05
9/1/2024,CUST-01251,67.05
10/1/2024,CUST-01251,67.05
11/1/2023,CUST-01252,94.84
12/1/2023,CUST-01252,96.26
1/1/2024,CUST-01252,94.84
2/1/2024,CUST-01252,94.84
3/1/2024,CUST-01252,94.84
4/1/2024,CUST-01252,94.84
5/1/2024,CUST-01252,94.84
6/1/2024,CUST-01252,94.84
7/1/2024,CUST-01252,94.84
8/1/2024,CUST-01252,94.84
9/1/2024,CUST-01252,94.84
10/1/2024,CUST-01252,94.84
11/1/2024,CUST-01252,94.84
12/1/2024,CUST-01252,96.26
1/1/2025,CUST-01252,94.84
2/1/2025,CUST-01252,94.84
3/1/2025,CUST-01252,94.84
4/1/2025,CUST-01252,94.84
5/1/2025,CUST-01252,94.84
6/1/2025,CUST-01252,94.84
7/1/2025,CUST-01252,94.84
8/1/2025,CUST-01252,94.84
9/1/2025,CUST-01252,94.84
10/1/2025,CUST-01252,94.84
11/1/2025,CUST-01252,94.84
12/1/2025,CUST-01252,96.26
11/1/2022,CUST-01253,63.35
12/1/2022,CUST-01253,64.3
1/1/2023,CUST-01253,63.35
2/1/2023,CUST-01253,63.35
3/1/2023,CUST-01253,63.35
4/1/2023,CUST-01253,63.35
5/1/2023,CUST-01253,63.35
6/1/2023,CUST-01253,63.35
7/1/2023,CUST-01253,63.35
8/1/2023,CUST-01253,63.35
9/1/2023,CUST-01253,63.35
10/1/2023,CUST-01253,63.35
11/1/2023,CUST-01253,63.35
12/1/2023,CUST-01253,64.3
1/1/2024,CUST-01253,63.35
2/1/2024,CUST-01253,63.35
3/1/2024,CUST-01253,63.35
4/1/2024,CUST-01253,63.35
5/1/2024,CUST-01253,63.35
6/1/2024,CUST-01253,63.35
7/1/2024,CUST-01253,63.35
8/1/2024,CUST-01253,63.35
9/1/2024,CUST-01253,63.35
10/1/2024,CUST-01253,63.35
11/1/2024,CUST-01253,63.35
12/1/2024,CUST-01253,64.3
1/1/2025,CUST-01253,63.35
2/1/2025,CUST-01253,63.35
3/1/2025,CUST-01253,63.35
4/1/2025,CUST-01253,63.35
5/1/2025,CUST-01253,63.35
6/1/2025,CUST-01253,63.35
7/1/2025,CUST-01253,63.35
8/1/2025,CUST-01253,63.35
9/1/2025,CUST-01253,63.35
10/1/2025,CUST-01253,63.35
11/1/2025,CUST-01253,63.35
12/1/2025,CUST-01253,64.3
11/1/2024,CUST-01254,59.58
12/1/2024,CUST-01254,60.47
1/1/2025,CUST-01254,59.58
2/1/2025,CUST-01254,59.58
3/1/2025,CUST-01254,59.58
4/1/2025,CUST-01254,59.58
5/1/2025,CUST-01254,59.58
6/1/2025,CUST-01254,59.58
7/1/2025,CUST-01254,59.58
8/1/2025,CUST-01254,59.58
9/1/2025,CUST-01254,59.58
10/1/2025,CUST-01254,59.58
11/1/2025,CUST-01254,59.58
12/1/2025,CUST-01254,60.47
3/1/2023,CUST-01255,121.91
4/1/2023,CUST-01255,121.91
5/1/2023,CUST-01255,121.91
6/1/2023,CUST-01255,121.91
7/1/2023,CUST-01255,121.91
8/1/2023,CUST-01255,121.91
9/1/2023,CUST-01255,121.91
10/1/2023,CUST-01255,121.91
11/1/2023,CUST-01255,121.91
12/1/2023,CUST-01255,123.74
1/1/2024,CUST-01255,121.91
2/1/2024,CUST-01255,121.91
3/1/2024,CUST-01255,121.91
4/1/2024,CUST-01255,121.91
5/1/2024,CUST-01255,121.91
6/1/2024,CUST-01255,121.91
7/1/2024,CUST-01255,121.91
8/1/2024,CUST-01255,121.91
9/1/2024,CUST-01255,121.91
10/1/2024,CUST-01255,121.91
11/1/2024,CUST-01255,121.91
12/1/2024,CUST-01255,123.74
1/1/2025,CUST-01255,121.91
2/1/2025,CUST-01255,121.91
3/1/2025,CUST-01255,121.91
4/1/2025,CUST-01255,121.91
5/1/2025,CUST-01255,121.91
6/1/2025,CUST-01255,121.91
7/1/2025,CUST-01255,121.91
8/1/2025,CUST-01255,121.91
9/1/2025,CUST-01255,121.91
10/1/2025,CUST-01255,121.91
11/1/2025,CUST-01255,121.91
12/1/2025,CUST-01255,123.74
8/1/2023,CUST-01256,61.21
9/1/2023,CUST-01256,61.21
10/1/2023,CUST-01256,61.21
11/1/2023,CUST-01256,61.21
12/1/2023,CUST-01256,62.13
1/1/2024,CUST-01256,61.21
2/1/2024,CUST-01256,61.21
3/1/2024,CUST-01256,61.21
4/1/2024,CUST-01256,61.21
5/1/2024,CUST-01256,61.21
6/1/2024,CUST-01256,61.21
7/1/2024,CUST-01256,61.21
8/1/2024,CUST-01256,61.21
9/1/2024,CUST-01256,61.21
10/1/2024,CUST-01256,61.21
11/1/2024,CUST-01256,61.21
12/1/2024,CUST-01256,62.13
1/1/2025,CUST-01256,61.21
2/1/2025,CUST-01256,61.21
3/1/2025,CUST-01256,61.21
4/1/2025,CUST-01256,61.21
5/1/2025,CUST-01256,61.21
6/1/2025,CUST-01256,61.21
7/1/2025,CUST-01256,61.21
8/1/2025,CUST-01256,61.21
9/1/2025,CUST-01256,61.21
10/1/2025,CUST-01256,61.21
11/1/2025,CUST-01256,61.21
12/1/2025,CUST-01256,62.13
4/1/2022,CUST-01257,63.31
5/1/2022,CUST-01257,63.31
6/1/2022,CUST-01257,63.31
5/1/2025,CUST-01258,46.9
6/1/2025,CUST-01258,46.9
7/1/2025,CUST-01258,46.9
8/1/2025,CUST-01258,46.9
9/1/2025,CUST-01258,46.9
10/1/2025,CUST-01258,46.9
11/1/2025,CUST-01258,46.9
6/1/2022,CUST-01259,61.45
7/1/2022,CUST-01259,61.45
8/1/2022,CUST-01259,61.45
9/1/2022,CUST-01259,61.45
10/1/2022,CUST-01259,61.45
11/1/2022,CUST-01259,61.45
12/1/2022,CUST-01259,62.37
1/1/2023,CUST-01259,61.45
2/1/2023,CUST-01259,61.45
3/1/2023,CUST-01259,61.45
4/1/2023,CUST-01259,61.45
5/1/2023,CUST-01259,61.45
6/1/2023,CUST-01259,61.45
7/1/2023,CUST-01259,61.45
8/1/2023,CUST-01259,61.45
9/1/2023,CUST-01259,61.45
10/1/2023,CUST-01259,61.45
11/1/2023,CUST-01259,61.45
12/1/2023,CUST-01259,62.37
1/1/2024,CUST-01259,61.45
2/1/2024,CUST-01259,61.45
3/1/2024,CUST-01259,61.45
4/1/2024,CUST-01259,61.45
5/1/2024,CUST-01259,61.45
6/1/2024,CUST-01259,61.45
7/1/2024,CUST-01259,61.45
8/1/2024,CUST-01259,61.45
9/1/2024,CUST-01259,61.45
10/1/2024,CUST-01259,61.45
11/1/2024,CUST-01259,61.45
12/1/2024,CUST-01259,62.37
1/1/2025,CUST-01259,61.45
2/1/2025,CUST-01259,61.45
3/1/2025,CUST-01259,61.45
4/1/2025,CUST-01259,61.45
5/1/2025,CUST-01259,61.45
6/1/2025,CUST-01259,61.45
7/1/2025,CUST-01259,61.45
8/1/2025,CUST-01259,61.45
9/1/2025,CUST-01259,61.45
10/1/2025,CUST-01259,61.45
11/1/2025,CUST-01259,61.45
12/1/2025,CUST-01259,62.37
12/1/2022,CUST-01260,100.27
1/1/2023,CUST-01260,98.79
2/1/2023,CUST-01260,98.79
3/1/2023,CUST-01260,98.79
4/1/2023,CUST-01260,98.79
5/1/2023,CUST-01260,98.79
6/1/2023,CUST-01260,98.79
7/1/2023,CUST-01260,98.79
8/1/2023,CUST-01260,98.79
9/1/2023,CUST-01260,98.79
10/1/2023,CUST-01260,98.79
11/1/2023,CUST-01260,98.79
12/1/2023,CUST-01260,100.27
1/1/2024,CUST-01260,98.79
2/1/2024,CUST-01260,98.79
3/1/2024,CUST-01260,98.79
4/1/2024,CUST-01260,98.79
5/1/2024,CUST-01260,98.79
6/1/2024,CUST-01260,98.79
7/1/2024,CUST-01260,98.79
8/1/2024,CUST-01260,98.79
9/1/2024,CUST-01260,98.79
10/1/2024,CUST-01260,98.79
11/1/2024,CUST-01260,98.79
12/1/2024,CUST-01260,100.27
1/1/2025,CUST-01260,98.79
2/1/2025,CUST-01260,98.79
3/1/2025,CUST-01260,98.79
4/1/2025,CUST-01260,98.79
5/1/2025,CUST-01260,98.79
6/1/2025,CUST-01260,98.79
7/1/2025,CUST-01260,98.79
8/1/2025,CUST-01260,98.79
9/1/2025,CUST-01260,98.79
10/1/2025,CUST-01260,98.79
11/1/2025,CUST-01260,98.79
12/1/2025,CUST-01260,100.27
7/1/2023,CUST-01261,106.01
8/1/2023,CUST-01261,106.01
9/1/2023,CUST-01261,106.01
10/1/2023,CUST-01261,106.01
11/1/2023,CUST-01261,106.01
12/1/2023,CUST-01261,107.6
1/1/2024,CUST-01261,106.01
2/1/2024,CUST-01261,106.01
3/1/2024,CUST-01261,106.01
4/1/2024,CUST-01261,106.01
5/1/2024,CUST-01261,106.01
6/1/2024,CUST-01261,106.01
7/1/2024,CUST-01261,106.01
8/1/2024,CUST-01261,106.01
9/1/2024,CUST-01261,106.01
10/1/2024,CUST-01261,106.01
11/1/2024,CUST-01261,106.01
12/1/2024,CUST-01261,107.6
1/1/2025,CUST-01261,106.01
2/1/2025,CUST-01261,106.01
3/1/2025,CUST-01261,106.01
4/1/2025,CUST-01261,106.01
5/1/2025,CUST-01261,106.01
6/1/2025,CUST-01261,106.01
7/1/2025,CUST-01261,106.01
8/1/2025,CUST-01261,106.01
9/1/2025,CUST-01261,106.01
10/1/2025,CUST-01261,106.01
11/1/2025,CUST-01261,106.01
12/1/2025,CUST-01261,107.6
2/1/2025,CUST-01262,125.34
3/1/2025,CUST-01262,125.34
4/1/2025,CUST-01262,125.34
5/1/2025,CUST-01262,125.34
6/1/2025,CUST-01262,125.34
7/1/2025,CUST-01263,50.37
8/1/2025,CUST-01263,50.37
9/1/2025,CUST-01263,50.37
10/1/2025,CUST-01263,50.37
11/1/2025,CUST-01263,50.37
12/1/2025,CUST-01263,51.13
8/1/2023,CUST-01264,96.55
9/1/2023,CUST-01264,96.55
10/1/2023,CUST-01264,96.55
8/1/2025,CUST-01265,80.47
9/1/2025,CUST-01265,80.47
10/1/2025,CUST-01265,80.47
11/1/2025,CUST-01265,80.47
12/1/2025,CUST-01265,81.68
4/1/2025,CUST-01266,49.07
5/1/2025,CUST-01266,49.07
6/1/2025,CUST-01266,49.07
7/1/2025,CUST-01266,49.07
8/1/2025,CUST-01266,49.07
9/1/2025,CUST-01266,49.07
10/1/2025,CUST-01266,49.07
11/1/2025,CUST-01266,49.07
12/1/2025,CUST-01266,49.81
5/1/2022,CUST-01267,57.46
6/1/2022,CUST-01267,57.46
7/1/2022,CUST-01267,57.46
8/1/2022,CUST-01267,57.46
9/1/2022,CUST-01267,57.46
10/1/2022,CUST-01267,57.46
11/1/2022,CUST-01267,57.46
12/1/2022,CUST-01267,58.32
1/1/2023,CUST-01267,57.46
2/1/2023,CUST-01267,57.46
3/1/2023,CUST-01267,57.46
4/1/2023,CUST-01267,57.46
5/1/2023,CUST-01267,57.46
6/1/2023,CUST-01267,57.46
7/1/2023,CUST-01267,57.46
8/1/2023,CUST-01267,57.46
9/1/2023,CUST-01267,57.46
10/1/2023,CUST-01267,57.46
11/1/2023,CUST-01267,57.46
12/1/2023,CUST-01267,58.32
1/1/2024,CUST-01267,57.46
2/1/2024,CUST-01267,57.46
3/1/2024,CUST-01267,57.46
4/1/2024,CUST-01267,57.46
5/1/2024,CUST-01267,57.46
6/1/2024,CUST-01267,57.46
7/1/2024,CUST-01267,57.46
8/1/2024,CUST-01267,57.46
9/1/2024,CUST-01267,57.46
9/1/2023,CUST-01268,41.36
10/1/2023,CUST-01268,41.36
11/1/2023,CUST-01268,41.36
1/1/2022,CUST-01269,71.76
2/1/2022,CUST-01269,71.76
3/1/2022,CUST-01269,71.76
4/1/2022,CUST-01269,71.76
5/1/2022,CUST-01269,71.76
6/1/2022,CUST-01269,71.76
7/1/2022,CUST-01269,71.76
8/1/2022,CUST-01269,71.76
9/1/2022,CUST-01269,71.76
10/1/2022,CUST-01269,71.76
11/1/2022,CUST-01269,71.76
12/1/2022,CUST-01269,72.84
1/1/2023,CUST-01269,71.76
2/1/2023,CUST-01269,71.76
3/1/2023,CUST-01269,71.76
4/1/2023,CUST-01269,71.76
5/1/2023,CUST-01269,71.76
6/1/2023,CUST-01269,71.76
7/1/2023,CUST-01269,71.76
8/1/2023,CUST-01269,71.76
9/1/2023,CUST-01269,71.76
10/1/2023,CUST-01269,71.76
11/1/2023,CUST-01269,71.76
12/1/2023,CUST-01269,72.84
1/1/2024,CUST-01269,71.76
2/1/2024,CUST-01269,71.76
3/1/2024,CUST-01269,71.76
4/1/2024,CUST-01269,71.76
5/1/2024,CUST-01269,71.76
6/1/2024,CUST-01269,71.76
7/1/2024,CUST-01269,71.76
8/1/2024,CUST-01269,71.76
9/1/2024,CUST-01269,71.76
10/1/2024,CUST-01269,71.76
11/1/2024,CUST-01269,71.76
12/1/2024,CUST-01269,72.84
1/1/2025,CUST-01269,71.76
2/1/2025,CUST-01269,71.76
3/1/2025,CUST-01269,71.76
4/1/2025,CUST-01269,71.76
5/1/2025,CUST-01269,71.76
6/1/2025,CUST-01269,71.76
7/1/2025,CUST-01269,71.76
8/1/2025,CUST-01269,71.76
9/1/2025,CUST-01269,71.76
10/1/2025,CUST-01269,71.76
11/1/2025,CUST-01269,71.76
12/1/2025,CUST-01269,72.84
6/1/2022,CUST-01270,47.72
7/1/2022,CUST-01270,47.72
8/1/2022,CUST-01270,47.72
9/1/2022,CUST-01270,47.72
10/1/2022,CUST-01270,47.72
11/1/2022,CUST-01270,47.72
12/1/2022,CUST-01270,48.44
1/1/2023,CUST-01270,47.72
2/1/2023,CUST-01270,47.72
3/1/2023,CUST-01270,47.72
4/1/2023,CUST-01270,47.72
5/1/2023,CUST-01270,47.72
6/1/2023,CUST-01270,47.72
7/1/2023,CUST-01270,47.72
8/1/2023,CUST-01270,47.72
9/1/2023,CUST-01270,47.72
10/1/2023,CUST-01270,47.72
11/1/2023,CUST-01270,47.72
12/1/2023,CUST-01270,48.44
1/1/2024,CUST-01270,47.72
2/1/2024,CUST-01270,47.72
3/1/2024,CUST-01270,47.72
4/1/2024,CUST-01270,47.72
5/1/2024,CUST-01270,47.72
6/1/2024,CUST-01270,47.72
7/1/2024,CUST-01270,47.72
8/1/2024,CUST-01270,47.72
9/1/2024,CUST-01270,47.72
10/1/2024,CUST-01270,47.72
11/1/2024,CUST-01270,47.72
12/1/2024,CUST-01270,48.44
1/1/2025,CUST-01270,47.72
2/1/2025,CUST-01270,47.72
3/1/2025,CUST-01270,47.72
4/1/2025,CUST-01270,47.72
5/1/2025,CUST-01270,47.72
6/1/2025,CUST-01270,47.72
7/1/2025,CUST-01270,47.72
8/1/2025,CUST-01270,47.72
9/1/2025,CUST-01270,47.72
10/1/2025,CUST-01270,47.72
11/1/2025,CUST-01270,47.72
12/1/2025,CUST-01270,48.44
9/1/2023,CUST-01271,63.25
10/1/2023,CUST-01271,63.25
11/1/2023,CUST-01271,63.25
12/1/2023,CUST-01271,64.2
1/1/2024,CUST-01271,63.25
2/1/2024,CUST-01271,63.25
3/1/2024,CUST-01271,63.25
4/1/2024,CUST-01271,63.25
5/1/2024,CUST-01271,63.25
6/1/2024,CUST-01271,63.25
7/1/2024,CUST-01271,63.25
8/1/2024,CUST-01271,63.25
9/1/2024,CUST-01271,63.25
10/1/2024,CUST-01271,63.25
11/1/2024,CUST-01271,63.25
12/1/2024,CUST-01271,64.2
1/1/2025,CUST-01271,63.25
2/1/2025,CUST-01271,63.25
3/1/2025,CUST-01271,63.25
4/1/2025,CUST-01271,63.25
5/1/2025,CUST-01271,63.25
6/1/2025,CUST-01271,63.25
7/1/2025,CUST-01271,63.25
8/1/2025,CUST-01271,63.25
9/1/2025,CUST-01271,63.25
10/1/2025,CUST-01271,63.25
11/1/2025,CUST-01271,63.25
12/1/2025,CUST-01271,64.2
10/1/2023,CUST-01272,72.81
11/1/2023,CUST-01272,72.81
12/1/2023,CUST-01272,73.9
1/1/2024,CUST-01272,72.81
2/1/2024,CUST-01272,72.81
3/1/2024,CUST-01272,72.81
4/1/2024,CUST-01272,72.81
5/1/2024,CUST-01272,72.81
6/1/2024,CUST-01272,72.81
7/1/2024,CUST-01272,72.81
8/1/2024,CUST-01272,72.81
9/1/2024,CUST-01272,72.81
10/1/2024,CUST-01272,72.81
11/1/2024,CUST-01272,72.81
12/1/2024,CUST-01272,73.9
1/1/2025,CUST-01272,72.81
2/1/2025,CUST-01272,72.81
3/1/2025,CUST-01272,72.81
4/1/2025,CUST-01272,72.81
5/1/2025,CUST-01272,72.81
6/1/2025,CUST-01272,72.81
7/1/2025,CUST-01272,72.81
8/1/2025,CUST-01272,72.81
9/1/2025,CUST-01272,72.81
10/1/2025,CUST-01272,72.81
11/1/2025,CUST-01272,72.81
12/1/2025,CUST-01272,73.9
11/1/2024,CUST-01273,68.4
12/1/2024,CUST-01273,69.43
1/1/2025,CUST-01273,68.4
2/1/2025,CUST-01273,68.4
3/1/2025,CUST-01273,68.4
4/1/2025,CUST-01273,68.4
5/1/2025,CUST-01273,68.4
6/1/2025,CUST-01273,68.4
7/1/2025,CUST-01273,68.4
8/1/2025,CUST-01273,68.4
9/1/2025,CUST-01273,68.4
10/1/2025,CUST-01273,68.4
11/1/2025,CUST-01273,68.4
12/1/2025,CUST-01273,69.43
10/1/2022,CUST-01274,49.2
11/1/2022,CUST-01274,49.2
12/1/2022,CUST-01274,49.94
1/1/2023,CUST-01274,49.2
2/1/2023,CUST-01274,49.2
3/1/2023,CUST-01274,49.2
4/1/2023,CUST-01274,49.2
5/1/2023,CUST-01274,49.2
6/1/2023,CUST-01274,49.2
7/1/2023,CUST-01274,49.2
8/1/2023,CUST-01274,49.2
9/1/2023,CUST-01274,49.2
10/1/2023,CUST-01274,49.2
11/1/2023,CUST-01274,49.2
12/1/2023,CUST-01274,49.94
8/1/2023,CUST-01275,67.39
9/1/2023,CUST-01275,67.39
10/1/2023,CUST-01275,67.39
11/1/2023,CUST-01275,67.39
12/1/2023,CUST-01275,68.4
1/1/2024,CUST-01275,67.39
2/1/2024,CUST-01275,67.39
3/1/2024,CUST-01275,67.39
4/1/2024,CUST-01275,67.39
5/1/2024,CUST-01275,67.39
6/1/2024,CUST-01275,67.39
7/1/2024,CUST-01275,67.39
8/1/2024,CUST-01275,67.39
9/1/2024,CUST-01275,67.39
10/1/2024,CUST-01275,67.39
11/1/2024,CUST-01275,67.39
12/1/2024,CUST-01275,68.4
1/1/2025,CUST-01275,67.39
2/1/2025,CUST-01275,67.39
3/1/2025,CUST-01275,67.39
4/1/2025,CUST-01275,67.39
5/1/2025,CUST-01275,67.39
6/1/2025,CUST-01275,67.39
7/1/2025,CUST-01275,67.39
8/1/2025,CUST-01275,67.39
9/1/2025,CUST-01275,67.39
10/1/2025,CUST-01275,67.39
11/1/2025,CUST-01275,67.39
12/1/2025,CUST-01275,68.4
8/1/2024,CUST-01276,63.67
9/1/2024,CUST-01276,63.67
10/1/2024,CUST-01276,63.67
11/1/2024,CUST-01276,63.67
12/1/2024,CUST-01276,64.63
1/1/2025,CUST-01276,63.67
2/1/2025,CUST-01276,63.67
3/1/2025,CUST-01276,63.67
4/1/2025,CUST-01276,63.67
5/1/2025,CUST-01276,63.67
6/1/2025,CUST-01276,63.67
7/1/2025,CUST-01276,63.67
8/1/2025,CUST-01276,63.67
9/1/2025,CUST-01276,63.67
10/1/2025,CUST-01276,63.67
11/1/2025,CUST-01276,63.67
12/1/2025,CUST-01276,64.63
5/1/2022,CUST-01277,104.87
6/1/2022,CUST-01277,104.87
7/1/2022,CUST-01277,104.87
8/1/2022,CUST-01277,104.87
9/1/2022,CUST-01277,104.87
10/1/2022,CUST-01277,104.87
11/1/2022,CUST-01277,104.87
12/1/2022,CUST-01277,106.44
1/1/2023,CUST-01277,104.87
2/1/2023,CUST-01277,104.87
3/1/2023,CUST-01277,104.87
4/1/2023,CUST-01277,104.87
5/1/2023,CUST-01277,104.87
6/1/2023,CUST-01277,104.87
7/1/2023,CUST-01277,104.87
8/1/2023,CUST-01277,104.87
9/1/2023,CUST-01277,104.87
10/1/2023,CUST-01277,104.87
11/1/2023,CUST-01277,104.87
12/1/2023,CUST-01277,106.44
1/1/2024,CUST-01277,104.87
2/1/2024,CUST-01277,104.87
3/1/2024,CUST-01277,104.87
4/1/2024,CUST-01277,104.87
5/1/2024,CUST-01277,104.87
6/1/2024,CUST-01277,104.87
7/1/2024,CUST-01277,104.87
8/1/2024,CUST-01277,104.87
9/1/2024,CUST-01277,104.87
10/1/2024,CUST-01277,104.87
11/1/2024,CUST-01277,104.87
12/1/2024,CUST-01277,106.44
1/1/2025,CUST-01277,104.87
2/1/2025,CUST-01277,104.87
3/1/2025,CUST-01277,104.87
4/1/2025,CUST-01277,104.87
5/1/2025,CUST-01277,104.87
6/1/2025,CUST-01277,104.87
7/1/2025,CUST-01277,104.87
8/1/2025,CUST-01277,104.87
9/1/2025,CUST-01277,104.87
10/1/2025,CUST-01277,104.87
11/1/2025,CUST-01277,104.87
12/1/2025,CUST-01277,106.44
4/1/2022,CUST-01278,69.39
5/1/2022,CUST-01278,69.39
6/1/2022,CUST-01278,69.39
7/1/2022,CUST-01278,69.39
12/1/2022,CUST-01279,118.49
1/1/2023,CUST-01279,116.74
2/1/2023,CUST-01279,116.74
3/1/2023,CUST-01279,116.74
4/1/2023,CUST-01279,116.74
5/1/2023,CUST-01279,116.74
6/1/2023,CUST-01279,116.74
7/1/2023,CUST-01279,116.74
8/1/2023,CUST-01279,116.74
9/1/2023,CUST-01279,116.74
10/1/2023,CUST-01279,116.74
11/1/2023,CUST-01279,116.74
12/1/2023,CUST-01279,118.49
1/1/2024,CUST-01279,116.74
2/1/2024,CUST-01279,116.74
3/1/2024,CUST-01279,116.74
4/1/2024,CUST-01279,116.74
5/1/2024,CUST-01279,116.74
6/1/2024,CUST-01279,116.74
7/1/2024,CUST-01279,116.74
8/1/2024,CUST-01279,116.74
9/1/2024,CUST-01279,116.74
10/1/2024,CUST-01279,116.74
11/1/2024,CUST-01279,116.74
12/1/2024,CUST-01279,118.49
1/1/2025,CUST-01279,116.74
2/1/2025,CUST-01279,116.74
3/1/2025,CUST-01279,116.74
4/1/2025,CUST-01279,116.74
5/1/2025,CUST-01279,116.74
6/1/2025,CUST-01279,116.74
7/1/2025,CUST-01279,116.74
8/1/2025,CUST-01279,116.74
9/1/2025,CUST-01279,116.74
10/1/2025,CUST-01279,116.74
11/1/2025,CUST-01279,116.74
12/1/2025,CUST-01279,118.49
4/1/2024,CUST-01280,85.22
5/1/2024,CUST-01280,85.22
6/1/2024,CUST-01280,85.22
7/1/2024,CUST-01280,85.22
8/1/2024,CUST-01280,85.22
9/1/2024,CUST-01280,85.22
10/1/2024,CUST-01280,85.22
11/1/2024,CUST-01280,85.22
12/1/2024,CUST-01280,86.5
1/1/2025,CUST-01280,85.22
2/1/2025,CUST-01280,85.22
3/1/2025,CUST-01280,85.22
4/1/2025,CUST-01280,85.22
5/1/2025,CUST-01280,85.22
6/1/2025,CUST-01280,85.22
7/1/2025,CUST-01280,85.22
8/1/2025,CUST-01280,85.22
9/1/2025,CUST-01280,85.22
10/1/2025,CUST-01280,85.22
11/1/2025,CUST-01280,85.22
12/1/2025,CUST-01280,86.5
10/1/2022,CUST-01281,60.46
11/1/2022,CUST-01281,60.46
12/1/2022,CUST-01281,61.37
1/1/2023,CUST-01281,60.46
2/1/2023,CUST-01281,60.46
3/1/2023,CUST-01281,60.46
4/1/2023,CUST-01281,60.46
5/1/2023,CUST-01281,60.46
6/1/2023,CUST-01281,60.46
7/1/2023,CUST-01281,60.46
8/1/2023,CUST-01281,60.46
9/1/2023,CUST-01281,60.46
10/1/2023,CUST-01281,60.46
11/1/2023,CUST-01281,60.46
12/1/2023,CUST-01281,61.37
1/1/2024,CUST-01281,60.46
2/1/2024,CUST-01281,60.46
3/1/2024,CUST-01281,60.46
4/1/2024,CUST-01281,60.46
5/1/2024,CUST-01281,60.46
6/1/2024,CUST-01281,60.46
7/1/2024,CUST-01281,60.46
8/1/2024,CUST-01281,60.46
9/1/2024,CUST-01281,60.46
10/1/2024,CUST-01281,60.46
11/1/2024,CUST-01281,60.46
12/1/2024,CUST-01281,61.37
1/1/2025,CUST-01281,60.46
2/1/2025,CUST-01281,60.46
3/1/2025,CUST-01281,60.46
4/1/2025,CUST-01281,60.46
5/1/2025,CUST-01281,60.46
6/1/2025,CUST-01281,60.46
7/1/2025,CUST-01281,60.46
8/1/2025,CUST-01281,60.46
9/1/2025,CUST-01281,60.46
10/1/2025,CUST-01281,60.46
11/1/2025,CUST-01281,60.46
12/1/2025,CUST-01281,61.37
9/1/2023,CUST-01282,41.72
10/1/2023,CUST-01282,41.72
11/1/2023,CUST-01282,41.72
12/1/2023,CUST-01282,42.35
1/1/2024,CUST-01282,41.72
2/1/2024,CUST-01282,41.72
3/1/2024,CUST-01282,41.72
4/1/2024,CUST-01282,41.72
5/1/2024,CUST-01282,41.72
6/1/2024,CUST-01282,41.72
7/1/2024,CUST-01282,41.72
8/1/2024,CUST-01282,41.72
9/1/2024,CUST-01282,41.72
10/1/2024,CUST-01282,41.72
11/1/2024,CUST-01282,41.72
12/1/2024,CUST-01282,42.35
1/1/2025,CUST-01282,41.72
2/1/2025,CUST-01282,41.72
3/1/2025,CUST-01282,41.72
4/1/2025,CUST-01282,41.72
5/1/2025,CUST-01282,41.72
6/1/2025,CUST-01282,41.72
7/1/2025,CUST-01282,41.72
8/1/2025,CUST-01282,41.72
9/1/2025,CUST-01282,41.72
10/1/2025,CUST-01282,41.72
11/1/2025,CUST-01282,41.72
12/1/2025,CUST-01282,42.35
2/1/2023,CUST-01283,113.37
3/1/2023,CUST-01283,113.37
4/1/2023,CUST-01283,113.37
5/1/2023,CUST-01283,113.37
6/1/2023,CUST-01283,113.37
7/1/2023,CUST-01283,113.37
8/1/2023,CUST-01283,113.37
9/1/2023,CUST-01283,113.37
10/1/2023,CUST-01283,113.37
11/1/2023,CUST-01283,113.37
12/1/2023,CUST-01283,115.07
1/1/2024,CUST-01283,113.37
2/1/2024,CUST-01283,113.37
3/1/2024,CUST-01283,113.37
4/1/2024,CUST-01283,113.37
5/1/2024,CUST-01283,113.37
6/1/2024,CUST-01283,113.37
7/1/2024,CUST-01283,113.37
8/1/2024,CUST-01283,113.37
9/1/2024,CUST-01283,113.37
10/1/2024,CUST-01283,113.37
11/1/2024,CUST-01283,113.37
12/1/2024,CUST-01283,115.07
1/1/2025,CUST-01283,113.37
2/1/2025,CUST-01283,113.37
3/1/2025,CUST-01283,113.37
4/1/2025,CUST-01283,113.37
5/1/2025,CUST-01283,113.37
6/1/2025,CUST-01283,113.37
7/1/2025,CUST-01283,113.37
8/1/2025,CUST-01283,113.37
9/1/2025,CUST-01283,113.37
10/1/2025,CUST-01283,113.37
11/1/2025,CUST-01283,113.37
12/1/2025,CUST-01283,115.07
5/1/2023,CUST-01284,57.39
6/1/2023,CUST-01284,57.39
7/1/2023,CUST-01284,57.39
8/1/2023,CUST-01284,57.39
9/1/2023,CUST-01284,57.39
10/1/2023,CUST-01284,57.39
11/1/2023,CUST-01284,57.39
12/1/2023,CUST-01284,58.25
1/1/2024,CUST-01284,57.39
2/1/2024,CUST-01284,57.39
3/1/2024,CUST-01284,57.39
4/1/2024,CUST-01284,57.39
5/1/2024,CUST-01284,57.39
6/1/2024,CUST-01284,57.39
7/1/2024,CUST-01284,57.39
8/1/2024,CUST-01284,57.39
9/1/2024,CUST-01284,57.39
10/1/2024,CUST-01284,57.39
11/1/2024,CUST-01284,57.39
12/1/2024,CUST-01284,58.25
1/1/2025,CUST-01284,57.39
2/1/2025,CUST-01284,57.39
3/1/2025,CUST-01284,57.39
4/1/2025,CUST-01284,57.39
5/1/2025,CUST-01284,57.39
6/1/2025,CUST-01284,57.39
7/1/2025,CUST-01284,57.39
8/1/2025,CUST-01284,57.39
9/1/2025,CUST-01284,57.39
10/1/2025,CUST-01284,57.39
11/1/2025,CUST-01284,57.39
12/1/2025,CUST-01284,58.25
12/1/2024,CUST-01285,127.1
1/1/2025,CUST-01285,125.22
2/1/2025,CUST-01285,125.22
3/1/2025,CUST-01285,125.22
4/1/2025,CUST-01285,125.22
5/1/2025,CUST-01285,125.22
6/1/2025,CUST-01285,125.22
7/1/2025,CUST-01285,125.22
8/1/2025,CUST-01285,125.22
9/1/2025,CUST-01285,125.22
10/1/2025,CUST-01285,125.22
11/1/2025,CUST-01285,125.22
12/1/2025,CUST-01285,127.1
2/1/2022,CUST-01286,41.91
3/1/2022,CUST-01286,41.91
4/1/2022,CUST-01286,41.91
5/1/2022,CUST-01286,41.91
6/1/2022,CUST-01286,41.91
7/1/2022,CUST-01286,41.91
8/1/2022,CUST-01286,41.91
9/1/2022,CUST-01286,41.91
10/1/2022,CUST-01286,41.91
11/1/2022,CUST-01286,41.91
12/1/2022,CUST-01286,42.54
1/1/2023,CUST-01286,41.91
2/1/2023,CUST-01286,41.91
3/1/2023,CUST-01286,41.91
4/1/2023,CUST-01286,41.91
5/1/2023,CUST-01286,41.91
6/1/2023,CUST-01286,41.91
7/1/2023,CUST-01286,41.91
8/1/2023,CUST-01286,41.91
9/1/2023,CUST-01286,41.91
10/1/2023,CUST-01286,41.91
11/1/2023,CUST-01286,41.91
12/1/2023,CUST-01286,42.54
1/1/2024,CUST-01286,41.91
2/1/2024,CUST-01286,41.91
3/1/2024,CUST-01286,41.91
4/1/2024,CUST-01286,41.91
5/1/2024,CUST-01286,41.91
6/1/2024,CUST-01286,41.91
7/1/2024,CUST-01286,41.91
8/1/2024,CUST-01286,41.91
9/1/2024,CUST-01286,41.91
10/1/2024,CUST-01286,41.91
11/1/2024,CUST-01286,41.91
12/1/2024,CUST-01286,42.54
1/1/2025,CUST-01286,41.91
2/1/2025,CUST-01286,41.91
3/1/2025,CUST-01286,41.91
4/1/2025,CUST-01286,41.91
5/1/2025,CUST-01286,41.91
6/1/2025,CUST-01286,41.91
7/1/2025,CUST-01286,41.91
8/1/2025,CUST-01286,41.91
9/1/2025,CUST-01286,41.91
10/1/2025,CUST-01286,41.91
11/1/2025,CUST-01286,41.91
12/1/2025,CUST-01286,42.54
9/1/2023,CUST-01287,82.57
10/1/2023,CUST-01287,82.57
11/1/2023,CUST-01287,82.57
12/1/2023,CUST-01287,83.81
1/1/2024,CUST-01287,82.57
2/1/2024,CUST-01287,82.57
3/1/2024,CUST-01287,82.57
4/1/2024,CUST-01287,82.57
5/1/2024,CUST-01287,82.57
6/1/2024,CUST-01287,82.57
7/1/2024,CUST-01287,82.57
8/1/2024,CUST-01287,82.57
9/1/2024,CUST-01287,82.57
10/1/2024,CUST-01287,82.57
11/1/2024,CUST-01287,82.57
12/1/2024,CUST-01287,83.81
1/1/2025,CUST-01287,82.57
2/1/2025,CUST-01287,82.57
3/1/2025,CUST-01287,82.57
4/1/2025,CUST-01287,82.57
5/1/2025,CUST-01287,82.57
6/1/2025,CUST-01287,82.57
7/1/2025,CUST-01287,82.57
8/1/2025,CUST-01287,82.57
9/1/2025,CUST-01287,82.57
10/1/2025,CUST-01287,82.57
11/1/2025,CUST-01287,82.57
12/1/2025,CUST-01287,83.81
1/1/2024,CUST-01288,75.31
2/1/2024,CUST-01288,75.31
3/1/2024,CUST-01288,75.31
4/1/2024,CUST-01288,75.31
5/1/2024,CUST-01288,75.31
6/1/2024,CUST-01288,75.31
7/1/2024,CUST-01288,75.31
8/1/2024,CUST-01288,75.31
9/1/2024,CUST-01288,75.31
10/1/2024,CUST-01288,75.31
11/1/2024,CUST-01288,75.31
12/1/2024,CUST-01288,76.44
1/1/2025,CUST-01288,75.31
2/1/2025,CUST-01288,75.31
3/1/2025,CUST-01288,75.31
4/1/2025,CUST-01288,75.31
5/1/2025,CUST-01288,75.31
6/1/2025,CUST-01288,75.31
7/1/2025,CUST-01288,75.31
8/1/2025,CUST-01288,75.31
9/1/2025,CUST-01288,75.31
10/1/2025,CUST-01288,75.31
4/1/2024,CUST-01289,81
5/1/2024,CUST-01289,81
6/1/2024,CUST-01289,81
7/1/2024,CUST-01289,81
8/1/2024,CUST-01289,81
9/1/2024,CUST-01289,81
10/1/2024,CUST-01289,81
11/1/2024,CUST-01289,81
12/1/2024,CUST-01289,82.21
1/1/2025,CUST-01289,81
2/1/2025,CUST-01289,81
3/1/2025,CUST-01289,81
4/1/2025,CUST-01289,81
5/1/2025,CUST-01289,81
6/1/2025,CUST-01289,81
7/1/2025,CUST-01289,81
8/1/2025,CUST-01289,81
9/1/2025,CUST-01289,81
10/1/2025,CUST-01289,81
11/1/2025,CUST-01289,81
12/1/2025,CUST-01289,82.21
9/1/2024,CUST-01290,69.75
10/1/2024,CUST-01290,69.75
11/1/2024,CUST-01290,69.75
12/1/2024,CUST-01290,70.8
1/1/2025,CUST-01290,69.75
2/1/2025,CUST-01290,69.75
3/1/2025,CUST-01290,69.75
4/1/2025,CUST-01290,69.75
5/1/2025,CUST-01290,69.75
6/1/2025,CUST-01290,69.75
7/1/2025,CUST-01290,69.75
8/1/2025,CUST-01290,69.75
9/1/2025,CUST-01290,69.75
10/1/2025,CUST-01290,69.75
11/1/2025,CUST-01290,69.75
12/1/2025,CUST-01290,70.8
1/1/2023,CUST-01291,80.27
2/1/2023,CUST-01291,80.27
3/1/2023,CUST-01291,80.27
4/1/2023,CUST-01291,80.27
5/1/2023,CUST-01291,80.27
6/1/2023,CUST-01291,80.27
7/1/2023,CUST-01291,80.27
8/1/2023,CUST-01291,80.27
9/1/2023,CUST-01291,80.27
10/1/2023,CUST-01291,80.27
11/1/2023,CUST-01291,80.27
12/1/2023,CUST-01291,81.47
1/1/2024,CUST-01291,80.27
2/1/2024,CUST-01291,80.27
3/1/2024,CUST-01291,80.27
4/1/2024,CUST-01291,80.27
5/1/2024,CUST-01291,80.27
6/1/2024,CUST-01291,80.27
7/1/2024,CUST-01291,80.27
8/1/2024,CUST-01291,80.27
9/1/2024,CUST-01291,80.27
10/1/2024,CUST-01291,80.27
11/1/2024,CUST-01291,80.27
12/1/2024,CUST-01291,81.47
1/1/2025,CUST-01291,80.27
2/1/2025,CUST-01291,80.27
3/1/2025,CUST-01291,80.27
4/1/2025,CUST-01291,80.27
5/1/2025,CUST-01291,80.27
6/1/2025,CUST-01291,80.27
7/1/2025,CUST-01291,80.27
8/1/2025,CUST-01291,80.27
9/1/2025,CUST-01291,80.27
10/1/2025,CUST-01291,80.27
11/1/2025,CUST-01291,80.27
12/1/2025,CUST-01291,81.47
6/1/2024,CUST-01292,86.26
7/1/2024,CUST-01292,86.26
8/1/2024,CUST-01292,86.26
9/1/2024,CUST-01292,86.26
10/1/2024,CUST-01292,86.26
11/1/2024,CUST-01292,86.26
12/1/2024,CUST-01292,87.55
1/1/2025,CUST-01292,86.26
2/1/2025,CUST-01292,86.26
3/1/2025,CUST-01292,86.26
4/1/2025,CUST-01292,86.26
5/1/2025,CUST-01292,86.26
6/1/2025,CUST-01292,86.26
7/1/2025,CUST-01292,86.26
8/1/2025,CUST-01292,86.26
9/1/2025,CUST-01292,86.26
10/1/2025,CUST-01292,86.26
11/1/2025,CUST-01292,86.26
12/1/2025,CUST-01292,87.55
8/1/2025,CUST-01293,42.65
9/1/2025,CUST-01293,42.65
10/1/2025,CUST-01293,42.65
11/1/2025,CUST-01293,42.65
12/1/2025,CUST-01293,43.29
2/1/2025,CUST-01294,52.65
3/1/2025,CUST-01294,52.65
4/1/2025,CUST-01294,52.65
5/1/2025,CUST-01294,52.65
6/1/2025,CUST-01294,52.65
7/1/2025,CUST-01294,52.65
8/1/2025,CUST-01294,52.65
9/1/2025,CUST-01294,52.65
10/1/2025,CUST-01294,52.65
11/1/2025,CUST-01294,52.65
12/1/2025,CUST-01294,53.44
12/1/2023,CUST-01295,89.95
1/1/2024,CUST-01295,88.62
2/1/2024,CUST-01295,88.62
3/1/2024,CUST-01295,88.62
4/1/2024,CUST-01295,88.62
5/1/2024,CUST-01295,88.62
6/1/2024,CUST-01295,88.62
7/1/2024,CUST-01295,88.62
8/1/2024,CUST-01295,88.62
9/1/2024,CUST-01295,88.62
10/1/2024,CUST-01295,88.62
11/1/2024,CUST-01295,88.62
12/1/2024,CUST-01295,89.95
1/1/2025,CUST-01295,88.62
2/1/2025,CUST-01295,88.62
3/1/2025,CUST-01295,88.62
4/1/2025,CUST-01295,88.62
5/1/2025,CUST-01295,88.62
6/1/2025,CUST-01295,88.62
7/1/2025,CUST-01295,88.62
8/1/2025,CUST-01295,88.62
9/1/2025,CUST-01295,88.62
10/1/2025,CUST-01295,88.62
11/1/2025,CUST-01295,88.62
12/1/2025,CUST-01295,89.95
9/1/2023,CUST-01296,76.74
10/1/2023,CUST-01296,76.74
11/1/2023,CUST-01296,76.74
12/1/2023,CUST-01296,77.89
1/1/2024,CUST-01296,76.74
2/1/2024,CUST-01296,76.74
3/1/2024,CUST-01296,76.74
4/1/2024,CUST-01296,76.74
5/1/2024,CUST-01296,76.74
6/1/2024,CUST-01296,76.74
7/1/2024,CUST-01296,76.74
8/1/2024,CUST-01296,76.74
9/1/2024,CUST-01296,76.74
10/1/2024,CUST-01296,76.74
11/1/2024,CUST-01296,76.74
12/1/2024,CUST-01296,77.89
1/1/2025,CUST-01296,76.74
2/1/2025,CUST-01296,76.74
3/1/2025,CUST-01296,76.74
4/1/2025,CUST-01296,76.74
5/1/2025,CUST-01296,76.74
6/1/2025,CUST-01296,76.74
7/1/2025,CUST-01296,76.74
8/1/2025,CUST-01296,76.74
9/1/2025,CUST-01296,76.74
10/1/2025,CUST-01296,76.74
11/1/2025,CUST-01296,76.74
12/1/2025,CUST-01296,77.89
11/1/2022,CUST-01297,86.69
12/1/2022,CUST-01297,87.99
1/1/2023,CUST-01297,86.69
2/1/2023,CUST-01297,86.69
3/1/2023,CUST-01297,86.69
4/1/2023,CUST-01297,86.69
5/1/2023,CUST-01297,86.69
6/1/2023,CUST-01297,86.69
7/1/2023,CUST-01297,86.69
8/1/2023,CUST-01297,86.69
9/1/2023,CUST-01297,86.69
10/1/2023,CUST-01297,86.69
11/1/2023,CUST-01297,86.69
12/1/2023,CUST-01297,87.99
1/1/2024,CUST-01297,86.69
2/1/2024,CUST-01297,86.69
3/1/2024,CUST-01297,86.69
4/1/2024,CUST-01297,86.69
5/1/2024,CUST-01297,86.69
6/1/2024,CUST-01297,86.69
7/1/2024,CUST-01297,86.69
8/1/2024,CUST-01297,86.69
9/1/2024,CUST-01297,86.69
10/1/2024,CUST-01297,86.69
11/1/2024,CUST-01297,86.69
12/1/2024,CUST-01297,87.99
1/1/2025,CUST-01297,86.69
2/1/2025,CUST-01297,86.69
3/1/2025,CUST-01297,86.69
4/1/2025,CUST-01297,86.69
5/1/2025,CUST-01297,86.69
6/1/2025,CUST-01297,86.69
7/1/2025,CUST-01297,86.69
8/1/2025,CUST-01297,86.69
9/1/2025,CUST-01297,86.69
10/1/2025,CUST-01297,86.69
11/1/2025,CUST-01297,86.69
12/1/2025,CUST-01297,87.99
7/1/2024,CUST-01298,35.93
8/1/2024,CUST-01298,35.93
9/1/2024,CUST-01298,35.93
10/1/2024,CUST-01298,35.93
11/1/2024,CUST-01298,35.93
12/1/2024,CUST-01298,36.47
1/1/2025,CUST-01298,35.93
2/1/2025,CUST-01298,35.93
3/1/2025,CUST-01298,35.93
4/1/2025,CUST-01298,35.93
5/1/2025,CUST-01298,35.93
6/1/2025,CUST-01298,35.93
7/1/2025,CUST-01298,35.93
8/1/2025,CUST-01298,35.93
9/1/2025,CUST-01298,35.93
10/1/2025,CUST-01298,35.93
11/1/2025,CUST-01298,35.93
12/1/2025,CUST-01298,36.47
3/1/2022,CUST-01299,113.64
4/1/2022,CUST-01299,113.64
5/1/2022,CUST-01299,113.64
6/1/2022,CUST-01299,113.64
7/1/2022,CUST-01299,113.64
8/1/2022,CUST-01299,113.64
9/1/2022,CUST-01299,113.64
10/1/2022,CUST-01299,113.64
11/1/2022,CUST-01299,113.64
12/1/2022,CUST-01299,115.34
1/1/2023,CUST-01299,113.64
2/1/2023,CUST-01299,113.64
3/1/2023,CUST-01299,113.64
4/1/2023,CUST-01299,113.64
5/1/2023,CUST-01299,113.64
6/1/2023,CUST-01299,113.64
7/1/2023,CUST-01299,113.64
8/1/2023,CUST-01299,113.64
9/1/2023,CUST-01299,113.64
10/1/2023,CUST-01299,113.64
11/1/2023,CUST-01299,113.64
12/1/2023,CUST-01299,115.34
1/1/2024,CUST-01299,113.64
2/1/2024,CUST-01299,113.64
3/1/2024,CUST-01299,113.64
4/1/2024,CUST-01299,113.64
5/1/2024,CUST-01299,113.64
6/1/2024,CUST-01299,113.64
7/1/2024,CUST-01299,113.64
8/1/2024,CUST-01299,113.64
9/1/2024,CUST-01299,113.64
10/1/2024,CUST-01299,113.64
11/1/2024,CUST-01299,113.64
12/1/2024,CUST-01299,115.34
1/1/2025,CUST-01299,113.64
2/1/2025,CUST-01299,113.64
5/1/2024,CUST-01300,72.5
6/1/2024,CUST-01300,72.5
7/1/2024,CUST-01300,72.5
8/1/2024,CUST-01300,72.5
9/1/2024,CUST-01300,72.5
10/1/2024,CUST-01300,72.5
11/1/2024,CUST-01300,72.5
12/1/2024,CUST-01300,73.59
1/1/2025,CUST-01300,72.5
2/1/2025,CUST-01300,72.5
3/1/2025,CUST-01300,72.5
4/1/2025,CUST-01300,72.5
5/1/2025,CUST-01300,72.5
6/1/2025,CUST-01300,72.5
1/1/2024,CUST-01301,109.94
2/1/2024,CUST-01301,109.94
3/1/2024,CUST-01301,109.94
4/1/2024,CUST-01301,109.94
5/1/2024,CUST-01301,109.94
6/1/2024,CUST-01301,109.94
7/1/2024,CUST-01301,109.94
8/1/2024,CUST-01301,109.94
9/1/2024,CUST-01301,109.94
10/1/2024,CUST-01301,109.94
11/1/2024,CUST-01301,109.94
12/1/2024,CUST-01301,111.59
1/1/2025,CUST-01301,109.94
2/1/2025,CUST-01301,109.94
3/1/2025,CUST-01301,109.94
4/1/2025,CUST-01301,109.94
5/1/2025,CUST-01301,109.94
6/1/2025,CUST-01301,109.94
7/1/2025,CUST-01301,109.94
8/1/2025,CUST-01301,109.94
9/1/2025,CUST-01301,109.94
10/1/2025,CUST-01301,109.94
11/1/2025,CUST-01301,109.94
12/1/2025,CUST-01301,111.59
11/1/2022,CUST-01302,52.94
12/1/2022,CUST-01302,53.73
1/1/2023,CUST-01302,52.94
2/1/2023,CUST-01302,52.94
3/1/2023,CUST-01302,52.94
4/1/2023,CUST-01302,52.94
5/1/2023,CUST-01302,52.94
6/1/2023,CUST-01302,52.94
7/1/2023,CUST-01302,52.94
8/1/2023,CUST-01302,52.94
9/1/2023,CUST-01302,52.94
10/1/2023,CUST-01302,52.94
11/1/2023,CUST-01302,52.94
12/1/2023,CUST-01302,53.73
1/1/2024,CUST-01302,52.94
2/1/2024,CUST-01302,52.94
3/1/2024,CUST-01302,52.94
4/1/2024,CUST-01302,52.94
5/1/2024,CUST-01302,52.94
6/1/2024,CUST-01302,52.94
7/1/2024,CUST-01302,52.94
8/1/2024,CUST-01302,52.94
9/1/2024,CUST-01302,52.94
10/1/2024,CUST-01302,52.94
11/1/2024,CUST-01302,52.94
12/1/2024,CUST-01302,53.73
1/1/2025,CUST-01302,52.94
2/1/2025,CUST-01302,52.94
3/1/2025,CUST-01302,52.94
4/1/2025,CUST-01302,52.94
5/1/2025,CUST-01302,52.94
6/1/2025,CUST-01302,52.94
7/1/2025,CUST-01302,52.94
8/1/2025,CUST-01302,52.94
9/1/2025,CUST-01302,52.94
10/1/2025,CUST-01302,52.94
11/1/2025,CUST-01302,52.94
12/1/2025,CUST-01302,53.73
3/1/2022,CUST-01303,76.69
4/1/2022,CUST-01303,76.69
5/1/2022,CUST-01303,76.69
2/1/2022,CUST-01304,72.4
3/1/2022,CUST-01304,72.4
4/1/2022,CUST-01304,72.4
5/1/2022,CUST-01304,72.4
6/1/2022,CUST-01304,72.4
7/1/2022,CUST-01304,72.4
8/1/2022,CUST-01304,72.4
9/1/2022,CUST-01304,72.4
10/1/2022,CUST-01304,72.4
11/1/2022,CUST-01304,72.4
12/1/2022,CUST-01304,73.49
1/1/2023,CUST-01304,72.4
2/1/2023,CUST-01304,72.4
3/1/2023,CUST-01304,72.4
4/1/2023,CUST-01304,72.4
5/1/2023,CUST-01304,72.4
6/1/2023,CUST-01304,72.4
7/1/2023,CUST-01304,72.4
8/1/2023,CUST-01304,72.4
9/1/2023,CUST-01304,72.4
10/1/2023,CUST-01304,72.4
11/1/2023,CUST-01304,72.4
12/1/2023,CUST-01304,73.49
1/1/2024,CUST-01304,72.4
2/1/2024,CUST-01304,72.4
3/1/2024,CUST-01304,72.4
4/1/2024,CUST-01304,72.4
5/1/2024,CUST-01304,72.4
6/1/2024,CUST-01304,72.4
7/1/2024,CUST-01304,72.4
8/1/2024,CUST-01304,72.4
9/1/2024,CUST-01304,72.4
10/1/2024,CUST-01304,72.4
11/1/2024,CUST-01304,72.4
12/1/2024,CUST-01304,73.49
1/1/2025,CUST-01304,72.4
2/1/2025,CUST-01304,72.4
3/1/2025,CUST-01304,72.4
4/1/2025,CUST-01304,72.4
5/1/2025,CUST-01304,72.4
6/1/2025,CUST-01304,72.4
7/1/2025,CUST-01304,72.4
8/1/2025,CUST-01304,72.4
9/1/2025,CUST-01304,72.4
10/1/2025,CUST-01304,72.4
11/1/2025,CUST-01304,72.4
12/1/2025,CUST-01304,73.49
1/1/2024,CUST-01305,60.53
2/1/2024,CUST-01305,60.53
3/1/2024,CUST-01305,60.53
4/1/2024,CUST-01305,60.53
5/1/2024,CUST-01305,60.53
6/1/2024,CUST-01305,60.53
7/1/2024,CUST-01305,60.53
8/1/2024,CUST-01305,60.53
9/1/2024,CUST-01305,60.53
10/1/2024,CUST-01305,60.53
11/1/2024,CUST-01305,60.53
12/1/2024,CUST-01305,61.44
1/1/2025,CUST-01305,60.53
2/1/2025,CUST-01305,60.53
3/1/2025,CUST-01305,60.53
4/1/2025,CUST-01305,60.53
5/1/2025,CUST-01305,60.53
6/1/2025,CUST-01305,60.53
7/1/2025,CUST-01305,60.53
8/1/2025,CUST-01305,60.53
9/1/2025,CUST-01305,60.53
10/1/2025,CUST-01305,60.53
11/1/2025,CUST-01305,60.53
12/1/2025,CUST-01305,61.44
10/1/2023,CUST-01306,46.42
11/1/2023,CUST-01306,46.42
12/1/2023,CUST-01306,47.12
1/1/2024,CUST-01306,46.42
2/1/2024,CUST-01306,46.42
3/1/2024,CUST-01306,46.42
4/1/2024,CUST-01306,46.42
5/1/2024,CUST-01306,46.42
6/1/2024,CUST-01306,46.42
7/1/2024,CUST-01306,46.42
8/1/2024,CUST-01306,46.42
9/1/2024,CUST-01306,46.42
10/1/2024,CUST-01306,46.42
11/1/2024,CUST-01306,46.42
12/1/2024,CUST-01306,47.12
1/1/2025,CUST-01306,46.42
2/1/2025,CUST-01306,46.42
3/1/2025,CUST-01306,46.42
4/1/2025,CUST-01306,46.42
5/1/2025,CUST-01306,46.42
6/1/2025,CUST-01306,46.42
7/1/2025,CUST-01306,46.42
8/1/2025,CUST-01306,46.42
9/1/2025,CUST-01306,46.42
10/1/2025,CUST-01306,46.42
11/1/2025,CUST-01306,46.42
12/1/2025,CUST-01306,47.12
10/1/2024,CUST-01307,75.11
11/1/2024,CUST-01307,75.11
12/1/2024,CUST-01307,76.24
1/1/2025,CUST-01307,75.11
2/1/2025,CUST-01307,75.11
3/1/2025,CUST-01307,75.11
2/1/2023,CUST-01308,63.86
3/1/2023,CUST-01308,63.86
4/1/2023,CUST-01308,63.86
5/1/2023,CUST-01308,63.86
6/1/2023,CUST-01308,63.86
7/1/2023,CUST-01308,63.86
8/1/2023,CUST-01308,63.86
9/1/2023,CUST-01308,63.86
10/1/2023,CUST-01308,63.86
11/1/2023,CUST-01308,63.86
12/1/2023,CUST-01308,64.82
1/1/2024,CUST-01308,63.86
2/1/2024,CUST-01308,63.86
3/1/2024,CUST-01308,63.86
4/1/2024,CUST-01308,63.86
5/1/2024,CUST-01308,63.86
6/1/2024,CUST-01308,63.86
7/1/2024,CUST-01308,63.86
8/1/2024,CUST-01308,63.86
9/1/2024,CUST-01308,63.86
10/1/2024,CUST-01308,63.86
11/1/2024,CUST-01308,63.86
12/1/2024,CUST-01308,64.82
1/1/2025,CUST-01308,63.86
2/1/2025,CUST-01308,63.86
3/1/2025,CUST-01308,63.86
4/1/2025,CUST-01308,63.86
5/1/2025,CUST-01308,63.86
6/1/2025,CUST-01308,63.86
7/1/2025,CUST-01308,63.86
8/1/2025,CUST-01308,63.86
9/1/2025,CUST-01308,63.86
10/1/2025,CUST-01308,63.86
11/1/2025,CUST-01308,63.86
12/1/2025,CUST-01308,64.82
2/1/2023,CUST-01309,99.77
3/1/2023,CUST-01309,99.77
4/1/2023,CUST-01309,99.77
5/1/2023,CUST-01309,99.77
6/1/2023,CUST-01309,99.77
7/1/2023,CUST-01309,99.77
8/1/2023,CUST-01309,99.77
9/1/2023,CUST-01309,99.77
10/1/2023,CUST-01309,99.77
11/1/2023,CUST-01309,99.77
12/1/2023,CUST-01309,101.27
1/1/2024,CUST-01309,99.77
2/1/2024,CUST-01309,99.77
3/1/2024,CUST-01309,99.77
4/1/2024,CUST-01309,99.77
5/1/2024,CUST-01309,99.77
6/1/2024,CUST-01309,99.77
7/1/2024,CUST-01309,99.77
8/1/2024,CUST-01309,99.77
9/1/2024,CUST-01309,99.77
10/1/2024,CUST-01309,99.77
11/1/2024,CUST-01309,99.77
12/1/2024,CUST-01309,101.27
1/1/2025,CUST-01309,99.77
2/1/2025,CUST-01309,99.77
3/1/2025,CUST-01309,99.77
4/1/2025,CUST-01309,99.77
5/1/2025,CUST-01309,99.77
6/1/2025,CUST-01309,99.77
7/1/2025,CUST-01309,99.77
8/1/2025,CUST-01309,99.77
9/1/2025,CUST-01309,99.77
10/1/2025,CUST-01309,99.77
11/1/2022,CUST-01310,42.86
12/1/2022,CUST-01310,43.5
1/1/2023,CUST-01310,42.86
2/1/2023,CUST-01310,42.86
3/1/2023,CUST-01310,42.86
4/1/2023,CUST-01310,42.86
5/1/2023,CUST-01310,42.86
6/1/2023,CUST-01310,42.86
7/1/2023,CUST-01310,42.86
8/1/2023,CUST-01310,42.86
9/1/2023,CUST-01310,42.86
10/1/2023,CUST-01310,42.86
11/1/2023,CUST-01310,42.86
12/1/2023,CUST-01310,43.5
1/1/2024,CUST-01310,42.86
2/1/2024,CUST-01310,42.86
3/1/2024,CUST-01310,42.86
4/1/2024,CUST-01310,42.86
5/1/2024,CUST-01310,42.86
6/1/2024,CUST-01310,42.86
7/1/2024,CUST-01310,42.86
8/1/2024,CUST-01310,42.86
9/1/2024,CUST-01310,42.86
10/1/2024,CUST-01310,42.86
11/1/2024,CUST-01310,42.86
12/1/2024,CUST-01310,43.5
1/1/2025,CUST-01310,42.86
2/1/2025,CUST-01310,42.86
3/1/2025,CUST-01310,42.86
4/1/2025,CUST-01310,42.86
5/1/2025,CUST-01310,42.86
6/1/2025,CUST-01310,42.86
7/1/2025,CUST-01310,42.86
8/1/2025,CUST-01310,42.86
9/1/2025,CUST-01310,42.86
10/1/2025,CUST-01310,42.86
11/1/2025,CUST-01310,42.86
12/1/2025,CUST-01310,43.5
12/1/2023,CUST-01311,53.28
1/1/2024,CUST-01311,52.49
2/1/2024,CUST-01311,52.49
3/1/2024,CUST-01311,52.49
4/1/2024,CUST-01311,52.49
5/1/2024,CUST-01311,52.49
6/1/2024,CUST-01311,52.49
7/1/2024,CUST-01311,52.49
8/1/2024,CUST-01311,52.49
9/1/2024,CUST-01311,52.49
10/1/2024,CUST-01311,52.49
11/1/2024,CUST-01311,52.49
12/1/2024,CUST-01311,53.28
1/1/2025,CUST-01311,52.49
2/1/2025,CUST-01311,52.49
3/1/2025,CUST-01311,52.49
4/1/2025,CUST-01311,52.49
5/1/2025,CUST-01311,52.49
6/1/2025,CUST-01311,52.49
7/1/2025,CUST-01311,52.49
8/1/2025,CUST-01311,52.49
9/1/2025,CUST-01311,52.49
10/1/2025,CUST-01311,52.49
11/1/2025,CUST-01311,52.49
12/1/2025,CUST-01311,53.28
8/1/2022,CUST-01312,90.68
9/1/2022,CUST-01312,90.68
10/1/2022,CUST-01312,90.68
11/1/2022,CUST-01312,90.68
12/1/2022,CUST-01312,92.04
1/1/2023,CUST-01312,90.68
2/1/2023,CUST-01312,90.68
3/1/2023,CUST-01312,90.68
4/1/2023,CUST-01312,90.68
5/1/2023,CUST-01312,90.68
6/1/2023,CUST-01312,90.68
7/1/2023,CUST-01312,90.68
8/1/2023,CUST-01312,90.68
9/1/2023,CUST-01312,90.68
10/1/2023,CUST-01312,90.68
11/1/2023,CUST-01312,90.68
12/1/2023,CUST-01312,92.04
1/1/2024,CUST-01312,90.68
2/1/2024,CUST-01312,90.68
3/1/2024,CUST-01312,90.68
4/1/2024,CUST-01312,90.68
5/1/2024,CUST-01312,90.68
6/1/2024,CUST-01312,90.68
7/1/2024,CUST-01312,90.68
8/1/2024,CUST-01312,90.68
9/1/2024,CUST-01312,90.68
10/1/2024,CUST-01312,90.68
11/1/2024,CUST-01312,90.68
12/1/2024,CUST-01312,92.04
1/1/2025,CUST-01312,90.68
2/1/2025,CUST-01312,90.68
3/1/2025,CUST-01312,90.68
4/1/2025,CUST-01312,90.68
5/1/2025,CUST-01312,90.68
6/1/2025,CUST-01312,90.68
7/1/2025,CUST-01312,90.68
8/1/2025,CUST-01312,90.68
9/1/2025,CUST-01312,90.68
10/1/2025,CUST-01312,90.68
11/1/2025,CUST-01312,90.68
12/1/2025,CUST-01312,92.04
12/1/2023,CUST-01313,80.87
1/1/2024,CUST-01313,79.67
2/1/2024,CUST-01313,79.67
3/1/2024,CUST-01313,79.67
4/1/2024,CUST-01313,79.67
5/1/2024,CUST-01313,79.67
6/1/2024,CUST-01313,79.67
7/1/2024,CUST-01313,79.67
8/1/2024,CUST-01313,79.67
9/1/2024,CUST-01313,79.67
10/1/2024,CUST-01313,79.67
11/1/2024,CUST-01313,79.67
12/1/2024,CUST-01313,80.87
1/1/2025,CUST-01313,79.67
2/1/2025,CUST-01313,79.67
3/1/2025,CUST-01313,79.67
4/1/2025,CUST-01313,79.67
5/1/2025,CUST-01313,79.67
6/1/2025,CUST-01313,79.67
7/1/2025,CUST-01313,79.67
8/1/2025,CUST-01313,79.67
9/1/2025,CUST-01313,79.67
10/1/2025,CUST-01313,79.67
11/1/2025,CUST-01313,79.67
12/1/2025,CUST-01313,80.87
10/1/2023,CUST-01314,100.43
11/1/2023,CUST-01314,100.43
12/1/2023,CUST-01314,101.94
1/1/2024,CUST-01314,100.43
2/1/2024,CUST-01314,100.43
3/1/2024,CUST-01314,100.43
4/1/2024,CUST-01314,100.43
5/1/2024,CUST-01314,100.43
6/1/2024,CUST-01314,100.43
7/1/2024,CUST-01314,100.43
8/1/2024,CUST-01314,100.43
9/1/2024,CUST-01314,100.43
10/1/2024,CUST-01314,100.43
11/1/2024,CUST-01314,100.43
12/1/2024,CUST-01314,101.94
1/1/2025,CUST-01314,100.43
2/1/2025,CUST-01314,100.43
3/1/2025,CUST-01314,100.43
4/1/2025,CUST-01314,100.43
5/1/2025,CUST-01314,100.43
6/1/2025,CUST-01314,100.43
7/1/2025,CUST-01314,100.43
8/1/2025,CUST-01314,100.43
9/1/2025,CUST-01314,100.43
10/1/2025,CUST-01314,100.43
11/1/2025,CUST-01314,100.43
12/1/2025,CUST-01314,101.94
3/1/2025,CUST-01315,115
4/1/2025,CUST-01315,115
5/1/2025,CUST-01315,115
6/1/2025,CUST-01315,115
7/1/2025,CUST-01315,115
8/1/2025,CUST-01315,115
9/1/2025,CUST-01315,115
10/1/2025,CUST-01315,115
11/1/2025,CUST-01315,115
12/1/2025,CUST-01315,116.73
11/1/2024,CUST-01316,39.2
12/1/2024,CUST-01316,39.79
1/1/2025,CUST-01316,39.2
2/1/2025,CUST-01316,39.2
3/1/2025,CUST-01316,39.2
4/1/2025,CUST-01316,39.2
5/1/2025,CUST-01316,39.2
6/1/2025,CUST-01316,39.2
7/1/2025,CUST-01316,39.2
8/1/2025,CUST-01316,39.2
9/1/2025,CUST-01316,39.2
10/1/2025,CUST-01316,39.2
11/1/2025,CUST-01316,39.2
12/1/2025,CUST-01316,39.79
4/1/2023,CUST-01317,124.86
5/1/2023,CUST-01317,124.86
6/1/2023,CUST-01317,124.86
7/1/2023,CUST-01317,124.86
8/1/2023,CUST-01317,124.86
9/1/2023,CUST-01317,124.86
10/1/2023,CUST-01317,124.86
11/1/2023,CUST-01317,124.86
12/1/2023,CUST-01317,126.73
1/1/2024,CUST-01317,124.86
2/1/2024,CUST-01317,124.86
3/1/2024,CUST-01317,124.86
4/1/2024,CUST-01317,124.86
5/1/2024,CUST-01317,124.86
6/1/2024,CUST-01317,124.86
7/1/2024,CUST-01317,124.86
8/1/2024,CUST-01317,124.86
9/1/2024,CUST-01317,124.86
10/1/2024,CUST-01317,124.86
11/1/2024,CUST-01317,124.86
12/1/2024,CUST-01317,126.73
1/1/2025,CUST-01317,124.86
2/1/2025,CUST-01317,124.86
3/1/2025,CUST-01317,124.86
4/1/2025,CUST-01317,124.86
5/1/2025,CUST-01317,124.86
6/1/2025,CUST-01317,124.86
7/1/2025,CUST-01317,124.86
8/1/2025,CUST-01317,124.86
9/1/2025,CUST-01317,124.86
10/1/2025,CUST-01317,124.86
11/1/2025,CUST-01317,124.86
12/1/2025,CUST-01317,126.73
9/1/2023,CUST-01318,79.65
10/1/2023,CUST-01318,79.65
11/1/2023,CUST-01318,79.65
12/1/2023,CUST-01318,80.84
1/1/2024,CUST-01318,79.65
2/1/2024,CUST-01318,79.65
3/1/2024,CUST-01318,79.65
4/1/2024,CUST-01318,79.65
5/1/2024,CUST-01318,79.65
6/1/2024,CUST-01318,79.65
7/1/2024,CUST-01318,79.65
8/1/2024,CUST-01318,79.65
9/1/2024,CUST-01318,79.65
10/1/2024,CUST-01318,79.65
11/1/2024,CUST-01318,79.65
12/1/2024,CUST-01318,80.84
1/1/2025,CUST-01318,79.65
2/1/2025,CUST-01318,79.65
3/1/2025,CUST-01318,79.65
4/1/2025,CUST-01318,79.65
5/1/2025,CUST-01318,79.65
6/1/2025,CUST-01318,79.65
7/1/2025,CUST-01318,79.65
8/1/2025,CUST-01318,79.65
9/1/2025,CUST-01318,79.65
10/1/2025,CUST-01318,79.65
11/1/2025,CUST-01318,79.65
12/1/2025,CUST-01318,80.84
2/1/2025,CUST-01319,85.09
3/1/2025,CUST-01319,85.09
4/1/2025,CUST-01319,85.09
5/1/2025,CUST-01319,85.09
6/1/2025,CUST-01319,85.09
7/1/2025,CUST-01319,85.09
8/1/2025,CUST-01319,85.09
9/1/2025,CUST-01319,85.09
10/1/2025,CUST-01319,85.09
11/1/2025,CUST-01319,85.09
12/1/2025,CUST-01319,86.37
8/1/2025,CUST-01320,65.92
9/1/2025,CUST-01320,65.92
10/1/2025,CUST-01320,65.92
11/1/2025,CUST-01320,65.92
12/1/2025,CUST-01320,66.91
7/1/2023,CUST-01321,80.71
8/1/2023,CUST-01321,80.71
9/1/2023,CUST-01321,80.71
10/1/2023,CUST-01321,80.71
11/1/2023,CUST-01321,80.71
12/1/2023,CUST-01321,81.92
1/1/2024,CUST-01321,80.71
2/1/2024,CUST-01321,80.71
3/1/2024,CUST-01321,80.71
4/1/2024,CUST-01321,80.71
5/1/2024,CUST-01321,80.71
6/1/2024,CUST-01321,80.71
7/1/2024,CUST-01321,80.71
8/1/2024,CUST-01321,80.71
9/1/2024,CUST-01321,80.71
10/1/2024,CUST-01321,80.71
11/1/2024,CUST-01321,80.71
12/1/2024,CUST-01321,81.92
1/1/2025,CUST-01321,80.71
2/1/2025,CUST-01321,80.71
3/1/2025,CUST-01321,80.71
4/1/2025,CUST-01321,80.71
5/1/2025,CUST-01321,80.71
6/1/2025,CUST-01321,80.71
7/1/2025,CUST-01321,80.71
8/1/2025,CUST-01321,80.71
9/1/2025,CUST-01321,80.71
10/1/2025,CUST-01321,80.71
11/1/2025,CUST-01321,80.71
12/1/2025,CUST-01321,81.92
6/1/2024,CUST-01322,53.41
7/1/2024,CUST-01322,53.41
8/1/2024,CUST-01322,53.41
3/1/2024,CUST-01323,69.02
4/1/2024,CUST-01323,69.02
5/1/2024,CUST-01323,69.02
6/1/2024,CUST-01323,69.02
7/1/2024,CUST-01323,69.02
8/1/2024,CUST-01323,69.02
9/1/2024,CUST-01323,69.02
10/1/2024,CUST-01323,69.02
11/1/2024,CUST-01323,69.02
12/1/2024,CUST-01323,70.06
1/1/2025,CUST-01323,69.02
10/1/2023,CUST-01324,91.91
11/1/2023,CUST-01324,91.91
12/1/2023,CUST-01324,93.29
1/1/2024,CUST-01324,91.91
2/1/2024,CUST-01324,91.91
3/1/2024,CUST-01324,91.91
4/1/2024,CUST-01324,91.91
5/1/2024,CUST-01324,91.91
6/1/2024,CUST-01324,91.91
7/1/2024,CUST-01324,91.91
8/1/2024,CUST-01324,91.91
9/1/2024,CUST-01324,91.91
10/1/2024,CUST-01324,91.91
11/1/2024,CUST-01324,91.91
12/1/2024,CUST-01324,93.29
1/1/2025,CUST-01324,91.91
2/1/2025,CUST-01324,91.91
3/1/2025,CUST-01324,91.91
4/1/2025,CUST-01324,91.91
5/1/2025,CUST-01324,91.91
6/1/2025,CUST-01324,91.91
7/1/2025,CUST-01324,91.91
8/1/2025,CUST-01324,91.91
9/1/2025,CUST-01324,91.91
10/1/2025,CUST-01324,91.91
1/1/2024,CUST-01325,45.97
2/1/2024,CUST-01325,45.97
3/1/2024,CUST-01325,45.97
4/1/2024,CUST-01325,45.97
5/1/2024,CUST-01325,45.97
6/1/2024,CUST-01325,45.97
7/1/2024,CUST-01325,45.97
8/1/2024,CUST-01325,45.97
9/1/2024,CUST-01325,45.97
10/1/2024,CUST-01325,45.97
9/1/2024,CUST-01326,73.41
10/1/2024,CUST-01326,73.41
11/1/2024,CUST-01326,73.41
12/1/2024,CUST-01326,74.51
1/1/2025,CUST-01326,73.41
2/1/2025,CUST-01326,73.41
3/1/2025,CUST-01326,73.41
4/1/2025,CUST-01326,73.41
5/1/2025,CUST-01326,73.41
6/1/2025,CUST-01326,73.41
7/1/2025,CUST-01326,73.41
8/1/2025,CUST-01326,73.41
12/1/2024,CUST-01327,40.19
1/1/2025,CUST-01327,39.6
2/1/2025,CUST-01327,39.6
3/1/2025,CUST-01327,39.6
1/1/2022,CUST-01328,43.69
2/1/2022,CUST-01328,43.69
3/1/2022,CUST-01328,43.69
4/1/2022,CUST-01328,43.69
5/1/2022,CUST-01328,43.69
6/1/2022,CUST-01328,43.69
7/1/2022,CUST-01328,43.69
8/1/2022,CUST-01328,43.69
9/1/2022,CUST-01328,43.69
10/1/2022,CUST-01328,43.69
11/1/2022,CUST-01328,43.69
12/1/2022,CUST-01328,44.35
1/1/2023,CUST-01328,43.69
2/1/2023,CUST-01328,43.69
3/1/2023,CUST-01328,43.69
4/1/2023,CUST-01328,43.69
5/1/2023,CUST-01328,43.69
6/1/2023,CUST-01328,43.69
7/1/2023,CUST-01328,43.69
8/1/2023,CUST-01328,43.69
9/1/2023,CUST-01328,43.69
10/1/2023,CUST-01328,43.69
11/1/2023,CUST-01328,43.69
12/1/2023,CUST-01328,44.35
1/1/2024,CUST-01328,43.69
2/1/2024,CUST-01328,43.69
3/1/2024,CUST-01328,43.69
4/1/2024,CUST-01328,43.69
5/1/2024,CUST-01328,43.69
6/1/2024,CUST-01328,43.69
7/1/2024,CUST-01328,43.69
8/1/2024,CUST-01328,43.69
9/1/2024,CUST-01328,43.69
10/1/2024,CUST-01328,43.69
11/1/2024,CUST-01328,43.69
12/1/2024,CUST-01328,44.35
1/1/2025,CUST-01328,43.69
2/1/2025,CUST-01328,43.69
3/1/2025,CUST-01328,43.69
4/1/2025,CUST-01328,43.69
5/1/2025,CUST-01328,43.69
6/1/2025,CUST-01328,43.69
7/1/2025,CUST-01328,43.69
8/1/2025,CUST-01328,43.69
9/1/2025,CUST-01328,43.69
10/1/2025,CUST-01328,43.69
11/1/2025,CUST-01328,43.69
12/1/2025,CUST-01328,44.35
9/1/2023,CUST-01329,73.62
10/1/2023,CUST-01329,73.62
11/1/2023,CUST-01329,73.62
12/1/2023,CUST-01329,74.72
1/1/2024,CUST-01329,73.62
2/1/2024,CUST-01329,73.62
3/1/2024,CUST-01329,73.62
4/1/2024,CUST-01329,73.62
5/1/2024,CUST-01329,73.62
6/1/2024,CUST-01329,73.62
7/1/2024,CUST-01329,73.62
8/1/2024,CUST-01329,73.62
9/1/2024,CUST-01329,73.62
10/1/2024,CUST-01329,73.62
11/1/2024,CUST-01329,73.62
12/1/2024,CUST-01329,74.72
1/1/2025,CUST-01329,73.62
2/1/2025,CUST-01329,73.62
3/1/2025,CUST-01329,73.62
4/1/2025,CUST-01329,73.62
5/1/2025,CUST-01329,73.62
6/1/2025,CUST-01329,73.62
7/1/2025,CUST-01329,73.62
8/1/2025,CUST-01329,73.62
9/1/2025,CUST-01329,73.62
10/1/2025,CUST-01329,73.62
11/1/2025,CUST-01329,73.62
12/1/2025,CUST-01329,74.72
5/1/2024,CUST-01330,134.97
6/1/2024,CUST-01330,134.97
7/1/2024,CUST-01330,134.97
8/1/2024,CUST-01330,134.97
9/1/2024,CUST-01330,134.97
10/1/2024,CUST-01330,134.97
11/1/2024,CUST-01330,134.97
12/1/2024,CUST-01330,136.99
1/1/2025,CUST-01330,134.97
2/1/2025,CUST-01330,134.97
3/1/2025,CUST-01330,134.97
4/1/2025,CUST-01330,134.97
5/1/2025,CUST-01330,134.97
6/1/2025,CUST-01330,134.97
7/1/2025,CUST-01330,134.97
8/1/2025,CUST-01330,134.97
9/1/2025,CUST-01330,134.97
10/1/2025,CUST-01330,134.97
11/1/2025,CUST-01330,134.97
12/1/2025,CUST-01330,136.99
8/1/2023,CUST-01331,83.45
9/1/2023,CUST-01331,83.45
10/1/2023,CUST-01331,83.45
11/1/2023,CUST-01331,83.45
12/1/2023,CUST-01331,84.7
1/1/2024,CUST-01331,83.45
2/1/2024,CUST-01331,83.45
3/1/2024,CUST-01331,83.45
4/1/2024,CUST-01331,83.45
5/1/2024,CUST-01331,83.45
6/1/2024,CUST-01331,83.45
7/1/2024,CUST-01331,83.45
8/1/2024,CUST-01331,83.45
9/1/2024,CUST-01331,83.45
10/1/2024,CUST-01331,83.45
11/1/2024,CUST-01331,83.45
12/1/2024,CUST-01331,84.7
1/1/2025,CUST-01331,83.45
2/1/2025,CUST-01331,83.45
3/1/2025,CUST-01331,83.45
4/1/2025,CUST-01331,83.45
5/1/2025,CUST-01331,83.45
6/1/2025,CUST-01331,83.45
7/1/2025,CUST-01331,83.45
8/1/2025,CUST-01331,83.45
9/1/2025,CUST-01331,83.45
10/1/2025,CUST-01331,83.45
11/1/2025,CUST-01331,83.45
12/1/2025,CUST-01331,84.7
1/1/2024,CUST-01332,133.38
2/1/2024,CUST-01332,133.38
3/1/2024,CUST-01332,133.38
4/1/2024,CUST-01332,133.38
5/1/2024,CUST-01332,133.38
6/1/2024,CUST-01332,133.38
7/1/2024,CUST-01332,133.38
8/1/2024,CUST-01332,133.38
9/1/2024,CUST-01332,133.38
10/1/2024,CUST-01332,133.38
11/1/2024,CUST-01332,133.38
12/1/2024,CUST-01332,135.38
1/1/2025,CUST-01332,133.38
2/1/2025,CUST-01332,133.38
3/1/2025,CUST-01332,133.38
4/1/2025,CUST-01332,133.38
5/1/2025,CUST-01332,133.38
6/1/2025,CUST-01332,133.38
7/1/2025,CUST-01332,133.38
8/1/2025,CUST-01332,133.38
9/1/2025,CUST-01332,133.38
10/1/2025,CUST-01332,133.38
11/1/2025,CUST-01332,133.38
12/1/2025,CUST-01332,135.38
7/1/2022,CUST-01333,61.13
8/1/2022,CUST-01333,61.13
9/1/2022,CUST-01333,61.13
10/1/2022,CUST-01333,61.13
11/1/2022,CUST-01333,61.13
12/1/2022,CUST-01333,62.05
1/1/2023,CUST-01333,61.13
2/1/2023,CUST-01333,61.13
3/1/2023,CUST-01333,61.13
4/1/2023,CUST-01333,61.13
5/1/2023,CUST-01333,61.13
6/1/2023,CUST-01333,61.13
7/1/2023,CUST-01333,61.13
8/1/2023,CUST-01333,61.13
9/1/2023,CUST-01333,61.13
10/1/2023,CUST-01333,61.13
11/1/2023,CUST-01333,61.13
12/1/2023,CUST-01333,62.05
1/1/2024,CUST-01333,61.13
2/1/2024,CUST-01333,61.13
3/1/2024,CUST-01333,61.13
4/1/2024,CUST-01333,61.13
5/1/2024,CUST-01333,61.13
6/1/2024,CUST-01333,61.13
7/1/2024,CUST-01333,61.13
8/1/2024,CUST-01333,61.13
9/1/2024,CUST-01333,61.13
10/1/2024,CUST-01333,61.13
11/1/2024,CUST-01333,61.13
12/1/2024,CUST-01333,62.05
1/1/2025,CUST-01333,61.13
2/1/2025,CUST-01333,61.13
3/1/2025,CUST-01333,61.13
4/1/2025,CUST-01333,61.13
5/1/2025,CUST-01333,61.13
6/1/2025,CUST-01333,61.13
7/1/2025,CUST-01333,61.13
8/1/2025,CUST-01333,61.13
9/1/2025,CUST-01333,61.13
10/1/2025,CUST-01333,61.13
11/1/2025,CUST-01333,61.13
12/1/2025,CUST-01333,62.05
7/1/2024,CUST-01334,54
8/1/2024,CUST-01334,54
9/1/2024,CUST-01334,54
10/1/2024,CUST-01334,54
11/1/2024,CUST-01334,54
12/1/2024,CUST-01334,54.81
1/1/2025,CUST-01334,54
2/1/2025,CUST-01334,54
3/1/2025,CUST-01334,54
4/1/2025,CUST-01334,54
5/1/2025,CUST-01334,54
6/1/2025,CUST-01334,54
7/1/2025,CUST-01334,54
8/1/2025,CUST-01334,54
9/1/2025,CUST-01334,54
10/1/2025,CUST-01334,54
11/1/2025,CUST-01334,54
12/1/2025,CUST-01334,54.81
8/1/2023,CUST-01335,41.24
9/1/2023,CUST-01335,41.24
10/1/2023,CUST-01335,41.24
11/1/2023,CUST-01335,41.24
12/1/2023,CUST-01335,41.86
1/1/2024,CUST-01335,41.24
2/1/2024,CUST-01335,41.24
3/1/2024,CUST-01335,41.24
4/1/2024,CUST-01335,41.24
5/1/2024,CUST-01335,41.24
6/1/2024,CUST-01335,41.24
7/1/2024,CUST-01335,41.24
8/1/2024,CUST-01335,41.24
9/1/2024,CUST-01335,41.24
10/1/2024,CUST-01335,41.24
11/1/2024,CUST-01335,41.24
12/1/2024,CUST-01335,41.86
1/1/2025,CUST-01335,41.24
2/1/2025,CUST-01335,41.24
3/1/2025,CUST-01335,41.24
4/1/2025,CUST-01335,41.24
5/1/2025,CUST-01335,41.24
6/1/2025,CUST-01335,41.24
7/1/2025,CUST-01335,41.24
8/1/2025,CUST-01335,41.24
9/1/2025,CUST-01335,41.24
10/1/2025,CUST-01335,41.24
11/1/2025,CUST-01335,41.24
12/1/2025,CUST-01335,41.86
8/1/2025,CUST-01336,88.06
9/1/2025,CUST-01336,88.06
10/1/2025,CUST-01336,88.06
11/1/2025,CUST-01336,88.06
12/1/2025,CUST-01336,89.38
9/1/2023,CUST-01337,124.22
10/1/2023,CUST-01337,124.22
11/1/2023,CUST-01337,124.22
12/1/2023,CUST-01337,126.08
1/1/2024,CUST-01337,124.22
2/1/2024,CUST-01337,124.22
3/1/2024,CUST-01337,124.22
4/1/2024,CUST-01337,124.22
5/1/2024,CUST-01337,124.22
6/1/2024,CUST-01337,124.22
7/1/2024,CUST-01337,124.22
8/1/2024,CUST-01337,124.22
9/1/2024,CUST-01337,124.22
10/1/2024,CUST-01337,124.22
11/1/2024,CUST-01337,124.22
12/1/2024,CUST-01337,126.08
1/1/2025,CUST-01337,124.22
2/1/2025,CUST-01337,124.22
3/1/2025,CUST-01337,124.22
4/1/2025,CUST-01337,124.22
5/1/2025,CUST-01337,124.22
6/1/2025,CUST-01337,124.22
7/1/2025,CUST-01337,124.22
8/1/2025,CUST-01337,124.22
9/1/2025,CUST-01337,124.22
10/1/2025,CUST-01337,124.22
11/1/2025,CUST-01337,124.22
12/1/2025,CUST-01337,126.08
3/1/2024,CUST-01338,79.63
4/1/2024,CUST-01338,79.63
5/1/2024,CUST-01338,79.63
6/1/2024,CUST-01338,79.63
7/1/2024,CUST-01338,79.63
8/1/2024,CUST-01338,79.63
9/1/2024,CUST-01338,79.63
10/1/2024,CUST-01338,79.63
11/1/2024,CUST-01338,79.63
12/1/2024,CUST-01338,80.82
1/1/2025,CUST-01338,79.63
2/1/2025,CUST-01338,79.63
3/1/2025,CUST-01338,79.63
4/1/2025,CUST-01338,79.63
5/1/2025,CUST-01338,79.63
6/1/2025,CUST-01338,79.63
7/1/2025,CUST-01338,79.63
8/1/2025,CUST-01338,79.63
9/1/2025,CUST-01338,79.63
10/1/2025,CUST-01338,79.63
11/1/2025,CUST-01338,79.63
12/1/2025,CUST-01338,80.82
1/1/2022,CUST-01339,104.73
2/1/2022,CUST-01339,104.73
3/1/2022,CUST-01339,104.73
4/1/2022,CUST-01339,104.73
5/1/2022,CUST-01339,104.73
6/1/2022,CUST-01339,104.73
7/1/2022,CUST-01339,104.73
8/1/2022,CUST-01339,104.73
9/1/2022,CUST-01339,104.73
10/1/2022,CUST-01339,104.73
11/1/2022,CUST-01339,104.73
12/1/2022,CUST-01339,106.3
1/1/2023,CUST-01339,104.73
2/1/2023,CUST-01339,104.73
3/1/2023,CUST-01339,104.73
4/1/2023,CUST-01339,104.73
5/1/2023,CUST-01339,104.73
6/1/2023,CUST-01339,104.73
7/1/2023,CUST-01339,104.73
8/1/2023,CUST-01339,104.73
9/1/2023,CUST-01339,104.73
10/1/2023,CUST-01339,104.73
11/1/2023,CUST-01339,104.73
12/1/2023,CUST-01339,106.3
1/1/2024,CUST-01339,104.73
2/1/2024,CUST-01339,104.73
3/1/2024,CUST-01339,104.73
4/1/2024,CUST-01339,104.73
5/1/2024,CUST-01339,104.73
6/1/2024,CUST-01339,104.73
7/1/2024,CUST-01339,104.73
8/1/2024,CUST-01339,104.73
9/1/2024,CUST-01339,104.73
10/1/2024,CUST-01339,104.73
11/1/2024,CUST-01339,104.73
12/1/2024,CUST-01339,106.3
1/1/2025,CUST-01339,104.73
2/1/2025,CUST-01339,104.73
3/1/2025,CUST-01339,104.73
4/1/2025,CUST-01339,104.73
5/1/2025,CUST-01339,104.73
9/1/2025,CUST-01340,71.47
10/1/2025,CUST-01340,71.47
11/1/2025,CUST-01340,71.47
12/1/2025,CUST-01340,72.54
9/1/2023,CUST-01341,82.61
10/1/2023,CUST-01341,82.61
11/1/2023,CUST-01341,82.61
12/1/2023,CUST-01341,83.85
1/1/2024,CUST-01341,82.61
2/1/2024,CUST-01341,82.61
3/1/2024,CUST-01341,82.61
4/1/2024,CUST-01341,82.61
5/1/2024,CUST-01341,82.61
6/1/2024,CUST-01341,82.61
7/1/2024,CUST-01341,82.61
8/1/2024,CUST-01341,82.61
9/1/2024,CUST-01341,82.61
10/1/2024,CUST-01341,82.61
11/1/2024,CUST-01341,82.61
12/1/2024,CUST-01341,83.85
1/1/2025,CUST-01341,82.61
2/1/2025,CUST-01341,82.61
3/1/2025,CUST-01341,82.61
4/1/2025,CUST-01341,82.61
5/1/2025,CUST-01341,82.61
6/1/2025,CUST-01341,82.61
7/1/2025,CUST-01341,82.61
8/1/2025,CUST-01341,82.61
9/1/2025,CUST-01341,82.61
10/1/2025,CUST-01341,82.61
11/1/2025,CUST-01341,82.61
12/1/2025,CUST-01341,83.85
7/1/2024,CUST-01342,57.75
8/1/2024,CUST-01342,57.75
9/1/2024,CUST-01342,57.75
10/1/2024,CUST-01342,57.75
11/1/2024,CUST-01342,57.75
12/1/2024,CUST-01342,58.62
1/1/2025,CUST-01342,57.75
2/1/2025,CUST-01342,57.75
3/1/2025,CUST-01342,57.75
4/1/2025,CUST-01342,57.75
5/1/2025,CUST-01342,57.75
6/1/2025,CUST-01342,57.75
7/1/2025,CUST-01342,57.75
8/1/2025,CUST-01342,57.75
9/1/2025,CUST-01342,57.75
10/1/2025,CUST-01342,57.75
11/1/2025,CUST-01342,57.75
12/1/2025,CUST-01342,58.62
2/1/2025,CUST-01343,49.31
3/1/2025,CUST-01343,49.31
4/1/2025,CUST-01343,49.31
5/1/2025,CUST-01343,49.31
6/1/2025,CUST-01343,49.31
7/1/2025,CUST-01343,49.31
8/1/2025,CUST-01343,49.31
9/1/2025,CUST-01343,49.31
10/1/2025,CUST-01343,49.31
11/1/2025,CUST-01343,49.31
12/1/2025,CUST-01343,50.05
7/1/2024,CUST-01344,70.23
8/1/2024,CUST-01344,70.23
9/1/2024,CUST-01344,70.23
10/1/2024,CUST-01344,70.23
11/1/2024,CUST-01344,70.23
12/1/2024,CUST-01344,71.28
1/1/2025,CUST-01344,70.23
2/1/2025,CUST-01344,70.23
3/1/2025,CUST-01344,70.23
4/1/2025,CUST-01344,70.23
5/1/2025,CUST-01344,70.23
6/1/2025,CUST-01344,70.23
7/1/2025,CUST-01344,70.23
8/1/2025,CUST-01344,70.23
9/1/2025,CUST-01344,70.23
10/1/2025,CUST-01344,70.23
11/1/2025,CUST-01344,70.23
12/1/2025,CUST-01344,71.28
7/1/2024,CUST-01345,73.99
8/1/2024,CUST-01345,73.99
9/1/2024,CUST-01345,73.99
10/1/2024,CUST-01345,73.99
11/1/2024,CUST-01345,73.99
12/1/2024,CUST-01345,75.1
1/1/2025,CUST-01345,73.99
2/1/2025,CUST-01345,73.99
3/1/2025,CUST-01345,73.99
4/1/2025,CUST-01345,73.99
5/1/2025,CUST-01345,73.99
6/1/2025,CUST-01345,73.99
7/1/2025,CUST-01345,73.99
8/1/2025,CUST-01345,73.99
9/1/2025,CUST-01345,73.99
10/1/2025,CUST-01345,73.99
11/1/2025,CUST-01345,73.99
12/1/2025,CUST-01345,75.1
8/1/2022,CUST-01346,74.45
9/1/2022,CUST-01346,74.45
10/1/2022,CUST-01346,74.45
11/1/2022,CUST-01346,74.45
12/1/2022,CUST-01346,75.57
1/1/2023,CUST-01346,74.45
2/1/2023,CUST-01346,74.45
3/1/2023,CUST-01346,74.45
4/1/2023,CUST-01346,74.45
5/1/2023,CUST-01346,74.45
6/1/2023,CUST-01346,74.45
7/1/2023,CUST-01346,74.45
8/1/2023,CUST-01346,74.45
9/1/2023,CUST-01346,74.45
10/1/2023,CUST-01346,74.45
11/1/2023,CUST-01346,74.45
12/1/2023,CUST-01346,75.57
1/1/2024,CUST-01346,74.45
2/1/2024,CUST-01346,74.45
3/1/2024,CUST-01346,74.45
4/1/2024,CUST-01346,74.45
5/1/2024,CUST-01346,74.45
6/1/2024,CUST-01346,74.45
7/1/2024,CUST-01346,74.45
8/1/2024,CUST-01346,74.45
9/1/2024,CUST-01346,74.45
10/1/2024,CUST-01346,74.45
11/1/2024,CUST-01346,74.45
12/1/2024,CUST-01346,75.57
1/1/2025,CUST-01346,74.45
2/1/2025,CUST-01346,74.45
3/1/2025,CUST-01346,74.45
4/1/2025,CUST-01346,74.45
5/1/2025,CUST-01346,74.45
6/1/2025,CUST-01346,74.45
7/1/2025,CUST-01346,74.45
8/1/2025,CUST-01346,74.45
9/1/2025,CUST-01346,74.45
10/1/2025,CUST-01346,74.45
11/1/2025,CUST-01346,74.45
12/1/2025,CUST-01346,75.57
9/1/2024,CUST-01347,125.6
10/1/2024,CUST-01347,125.6
11/1/2024,CUST-01347,125.6
12/1/2024,CUST-01347,127.48
1/1/2025,CUST-01347,125.6
2/1/2025,CUST-01347,125.6
3/1/2025,CUST-01347,125.6
4/1/2025,CUST-01347,125.6
5/1/2025,CUST-01347,125.6
6/1/2025,CUST-01347,125.6
7/1/2025,CUST-01347,125.6
8/1/2025,CUST-01347,125.6
9/1/2025,CUST-01347,125.6
10/1/2025,CUST-01347,125.6
11/1/2025,CUST-01347,125.6
12/1/2025,CUST-01347,127.48
4/1/2025,CUST-01348,69.76
5/1/2025,CUST-01348,69.76
6/1/2025,CUST-01348,69.76
7/1/2025,CUST-01348,69.76
8/1/2025,CUST-01348,69.76
9/1/2025,CUST-01348,69.76
10/1/2025,CUST-01348,69.76
11/1/2025,CUST-01348,69.76
12/1/2025,CUST-01348,70.81
6/1/2024,CUST-01349,93
7/1/2024,CUST-01349,93
8/1/2024,CUST-01349,93
9/1/2024,CUST-01349,93
10/1/2024,CUST-01349,93
11/1/2024,CUST-01349,93
12/1/2024,CUST-01349,94.4
1/1/2025,CUST-01349,93
2/1/2025,CUST-01349,93
3/1/2025,CUST-01349,93
4/1/2025,CUST-01349,93
5/1/2025,CUST-01349,93
6/1/2025,CUST-01349,93
7/1/2025,CUST-01349,93
8/1/2025,CUST-01349,93
9/1/2025,CUST-01349,93
10/1/2025,CUST-01349,93
11/1/2025,CUST-01349,93
12/1/2025,CUST-01349,94.4
12/1/2023,CUST-01350,63.4
1/1/2024,CUST-01350,62.46
2/1/2024,CUST-01350,62.46
3/1/2024,CUST-01350,62.46
4/1/2024,CUST-01350,62.46
5/1/2024,CUST-01350,62.46
6/1/2024,CUST-01350,62.46
7/1/2024,CUST-01350,62.46
8/1/2024,CUST-01350,62.46
9/1/2024,CUST-01350,62.46
10/1/2024,CUST-01350,62.46
11/1/2024,CUST-01350,62.46
12/1/2024,CUST-01350,63.4
1/1/2025,CUST-01350,62.46
2/1/2025,CUST-01350,62.46
3/1/2025,CUST-01350,62.46
4/1/2025,CUST-01350,62.46
5/1/2025,CUST-01350,62.46
6/1/2025,CUST-01350,62.46
7/1/2025,CUST-01350,62.46
8/1/2025,CUST-01350,62.46
9/1/2025,CUST-01350,62.46
10/1/2025,CUST-01350,62.46
11/1/2025,CUST-01350,62.46
12/1/2025,CUST-01350,63.4
7/1/2025,CUST-01351,71.96
8/1/2025,CUST-01351,71.96
9/1/2025,CUST-01351,71.96
10/1/2025,CUST-01351,71.96
11/1/2025,CUST-01351,71.96
12/1/2025,CUST-01351,73.04
7/1/2022,CUST-01352,125.12
8/1/2022,CUST-01352,125.12
9/1/2022,CUST-01352,125.12
10/1/2022,CUST-01352,125.12
11/1/2022,CUST-01352,125.12
12/1/2022,CUST-01352,127
1/1/2023,CUST-01352,125.12
2/1/2023,CUST-01352,125.12
3/1/2023,CUST-01352,125.12
4/1/2023,CUST-01352,125.12
5/1/2023,CUST-01352,125.12
6/1/2023,CUST-01352,125.12
7/1/2023,CUST-01352,125.12
8/1/2023,CUST-01352,125.12
9/1/2023,CUST-01352,125.12
10/1/2023,CUST-01352,125.12
11/1/2023,CUST-01352,125.12
12/1/2023,CUST-01352,127
1/1/2024,CUST-01352,125.12
2/1/2024,CUST-01352,125.12
3/1/2024,CUST-01352,125.12
4/1/2024,CUST-01352,125.12
5/1/2024,CUST-01352,125.12
6/1/2024,CUST-01352,125.12
7/1/2024,CUST-01352,125.12
8/1/2024,CUST-01352,125.12
9/1/2024,CUST-01352,125.12
10/1/2024,CUST-01352,125.12
11/1/2024,CUST-01352,125.12
12/1/2024,CUST-01352,127
1/1/2025,CUST-01352,125.12
2/1/2025,CUST-01352,125.12
3/1/2025,CUST-01352,125.12
4/1/2025,CUST-01352,125.12
5/1/2025,CUST-01352,125.12
6/1/2025,CUST-01352,125.12
7/1/2025,CUST-01352,125.12
8/1/2025,CUST-01352,125.12
9/1/2025,CUST-01352,125.12
10/1/2025,CUST-01352,125.12
11/1/2025,CUST-01352,125.12
12/1/2025,CUST-01352,127
7/1/2024,CUST-01353,73.62
8/1/2024,CUST-01353,73.62
9/1/2024,CUST-01353,73.62
10/1/2024,CUST-01353,73.62
11/1/2024,CUST-01353,73.62
12/1/2024,CUST-01353,74.72
1/1/2025,CUST-01353,73.62
2/1/2025,CUST-01353,73.62
3/1/2025,CUST-01353,73.62
4/1/2025,CUST-01353,73.62
5/1/2025,CUST-01353,73.62
6/1/2025,CUST-01353,73.62
7/1/2025,CUST-01353,73.62
8/1/2025,CUST-01353,73.62
9/1/2025,CUST-01353,73.62
10/1/2025,CUST-01353,73.62
11/1/2025,CUST-01353,73.62
12/1/2025,CUST-01353,74.72
6/1/2023,CUST-01354,70.63
7/1/2023,CUST-01354,70.63
8/1/2023,CUST-01354,70.63
9/1/2023,CUST-01354,70.63
10/1/2023,CUST-01354,70.63
11/1/2023,CUST-01354,70.63
12/1/2023,CUST-01354,71.69
1/1/2024,CUST-01354,70.63
2/1/2024,CUST-01354,70.63
3/1/2024,CUST-01354,70.63
4/1/2024,CUST-01354,70.63
5/1/2024,CUST-01354,70.63
6/1/2024,CUST-01354,70.63
7/1/2024,CUST-01354,70.63
8/1/2024,CUST-01354,70.63
9/1/2024,CUST-01354,70.63
10/1/2024,CUST-01354,70.63
11/1/2024,CUST-01354,70.63
12/1/2024,CUST-01354,71.69
1/1/2025,CUST-01354,70.63
2/1/2025,CUST-01354,70.63
3/1/2025,CUST-01354,70.63
4/1/2025,CUST-01354,70.63
5/1/2025,CUST-01354,70.63
6/1/2025,CUST-01354,70.63
7/1/2025,CUST-01354,70.63
8/1/2025,CUST-01354,70.63
9/1/2025,CUST-01354,70.63
10/1/2025,CUST-01354,70.63
11/1/2025,CUST-01354,70.63
12/1/2025,CUST-01354,71.69
3/1/2023,CUST-01355,91.24
4/1/2023,CUST-01355,91.24
5/1/2023,CUST-01355,91.24
6/1/2023,CUST-01355,91.24
7/1/2023,CUST-01355,91.24
8/1/2023,CUST-01355,91.24
9/1/2023,CUST-01355,91.24
10/1/2023,CUST-01355,91.24
11/1/2023,CUST-01355,91.24
12/1/2023,CUST-01355,92.61
1/1/2024,CUST-01355,91.24
2/1/2024,CUST-01355,91.24
3/1/2024,CUST-01355,91.24
4/1/2024,CUST-01355,91.24
5/1/2024,CUST-01355,91.24
6/1/2024,CUST-01355,91.24
7/1/2024,CUST-01355,91.24
8/1/2024,CUST-01355,91.24
9/1/2024,CUST-01355,91.24
10/1/2024,CUST-01355,91.24
11/1/2024,CUST-01355,91.24
12/1/2024,CUST-01355,92.61
1/1/2025,CUST-01355,91.24
2/1/2025,CUST-01355,91.24
3/1/2025,CUST-01355,91.24
4/1/2025,CUST-01355,91.24
5/1/2025,CUST-01355,91.24
6/1/2025,CUST-01355,91.24
7/1/2025,CUST-01355,91.24
8/1/2025,CUST-01355,91.24
9/1/2025,CUST-01355,91.24
10/1/2025,CUST-01355,91.24
11/1/2025,CUST-01355,91.24
12/1/2025,CUST-01355,92.61
5/1/2024,CUST-01356,57.55
6/1/2024,CUST-01356,57.55
7/1/2024,CUST-01356,57.55
8/1/2024,CUST-01356,57.55
9/1/2024,CUST-01356,57.55
10/1/2024,CUST-01356,57.55
11/1/2024,CUST-01356,57.55
12/1/2024,CUST-01356,58.41
1/1/2025,CUST-01356,57.55
2/1/2025,CUST-01356,57.55
3/1/2025,CUST-01356,57.55
4/1/2025,CUST-01356,57.55
5/1/2025,CUST-01357,48.23
6/1/2025,CUST-01357,48.23
7/1/2025,CUST-01357,48.23
8/1/2025,CUST-01357,48.23
9/1/2025,CUST-01357,48.23
10/1/2025,CUST-01357,48.23
11/1/2025,CUST-01357,48.23
12/1/2025,CUST-01357,48.95
2/1/2023,CUST-01358,89.07
3/1/2023,CUST-01358,89.07
4/1/2023,CUST-01358,89.07
5/1/2023,CUST-01358,89.07
6/1/2023,CUST-01358,89.07
7/1/2023,CUST-01358,89.07
8/1/2023,CUST-01358,89.07
9/1/2023,CUST-01358,89.07
10/1/2023,CUST-01358,89.07
11/1/2023,CUST-01358,89.07
12/1/2023,CUST-01358,90.41
1/1/2024,CUST-01358,89.07
2/1/2024,CUST-01358,89.07
3/1/2024,CUST-01358,89.07
4/1/2024,CUST-01358,89.07
5/1/2024,CUST-01358,89.07
6/1/2024,CUST-01358,89.07
7/1/2024,CUST-01358,89.07
8/1/2024,CUST-01358,89.07
9/1/2024,CUST-01358,89.07
10/1/2024,CUST-01358,89.07
11/1/2024,CUST-01358,89.07
12/1/2024,CUST-01358,90.41
1/1/2025,CUST-01358,89.07
2/1/2025,CUST-01358,89.07
3/1/2025,CUST-01358,89.07
4/1/2025,CUST-01358,89.07
5/1/2025,CUST-01358,89.07
6/1/2025,CUST-01358,89.07
7/1/2025,CUST-01358,89.07
8/1/2025,CUST-01358,89.07
9/1/2025,CUST-01358,89.07
10/1/2025,CUST-01358,89.07
11/1/2025,CUST-01358,89.07
12/1/2025,CUST-01358,90.41
10/1/2022,CUST-01359,75.91
11/1/2022,CUST-01359,75.91
12/1/2022,CUST-01359,77.05
1/1/2023,CUST-01359,75.91
2/1/2023,CUST-01359,75.91
3/1/2023,CUST-01359,75.91
4/1/2023,CUST-01359,75.91
5/1/2023,CUST-01359,75.91
6/1/2023,CUST-01359,75.91
7/1/2023,CUST-01359,75.91
8/1/2023,CUST-01359,75.91
9/1/2023,CUST-01359,75.91
10/1/2023,CUST-01359,75.91
11/1/2023,CUST-01359,75.91
12/1/2023,CUST-01359,77.05
1/1/2024,CUST-01359,75.91
2/1/2024,CUST-01359,75.91
3/1/2024,CUST-01359,75.91
4/1/2024,CUST-01359,75.91
5/1/2024,CUST-01359,75.91
6/1/2024,CUST-01359,75.91
7/1/2024,CUST-01359,75.91
8/1/2024,CUST-01359,75.91
9/1/2024,CUST-01359,75.91
10/1/2024,CUST-01359,75.91
11/1/2024,CUST-01359,75.91
12/1/2024,CUST-01359,77.05
1/1/2025,CUST-01359,75.91
2/1/2025,CUST-01359,75.91
3/1/2025,CUST-01359,75.91
4/1/2025,CUST-01359,75.91
5/1/2025,CUST-01359,75.91
6/1/2025,CUST-01359,75.91
7/1/2025,CUST-01359,75.91
8/1/2025,CUST-01359,75.91
9/1/2025,CUST-01359,75.91
10/1/2025,CUST-01359,75.91
11/1/2025,CUST-01359,75.91
12/1/2025,CUST-01359,77.05
2/1/2022,CUST-01360,75.85
3/1/2022,CUST-01360,75.85
4/1/2022,CUST-01360,75.85
5/1/2022,CUST-01360,75.85
6/1/2022,CUST-01360,75.85
7/1/2022,CUST-01360,75.85
8/1/2022,CUST-01360,75.85
9/1/2022,CUST-01360,75.85
10/1/2022,CUST-01360,75.85
11/1/2022,CUST-01360,75.85
12/1/2022,CUST-01360,76.99
1/1/2023,CUST-01360,75.85
2/1/2023,CUST-01360,75.85
3/1/2023,CUST-01360,75.85
4/1/2023,CUST-01360,75.85
5/1/2023,CUST-01360,75.85
6/1/2023,CUST-01360,75.85
7/1/2023,CUST-01360,75.85
8/1/2023,CUST-01360,75.85
9/1/2023,CUST-01360,75.85
10/1/2023,CUST-01360,75.85
11/1/2023,CUST-01360,75.85
12/1/2023,CUST-01360,76.99
1/1/2024,CUST-01360,75.85
2/1/2024,CUST-01360,75.85
3/1/2024,CUST-01360,75.85
4/1/2024,CUST-01360,75.85
5/1/2024,CUST-01360,75.85
6/1/2024,CUST-01360,75.85
7/1/2024,CUST-01360,75.85
8/1/2024,CUST-01360,75.85
9/1/2024,CUST-01360,75.85
10/1/2024,CUST-01360,75.85
11/1/2024,CUST-01360,75.85
12/1/2024,CUST-01360,76.99
1/1/2025,CUST-01360,75.85
2/1/2025,CUST-01360,75.85
3/1/2025,CUST-01360,75.85
4/1/2025,CUST-01360,75.85
5/1/2025,CUST-01360,75.85
6/1/2025,CUST-01360,75.85
7/1/2025,CUST-01360,75.85
8/1/2025,CUST-01360,75.85
9/1/2025,CUST-01360,75.85
10/1/2025,CUST-01360,75.85
11/1/2025,CUST-01360,75.85
12/1/2025,CUST-01360,76.99
1/1/2023,CUST-01361,75.93
2/1/2023,CUST-01361,75.93
3/1/2023,CUST-01361,75.93
4/1/2023,CUST-01361,75.93
5/1/2023,CUST-01361,75.93
6/1/2023,CUST-01361,75.93
7/1/2023,CUST-01361,75.93
8/1/2023,CUST-01361,75.93
9/1/2023,CUST-01361,75.93
10/1/2023,CUST-01361,75.93
11/1/2023,CUST-01361,75.93
12/1/2023,CUST-01361,77.07
1/1/2024,CUST-01361,75.93
2/1/2024,CUST-01361,75.93
3/1/2024,CUST-01361,75.93
4/1/2024,CUST-01361,75.93
5/1/2024,CUST-01361,75.93
6/1/2024,CUST-01361,75.93
7/1/2024,CUST-01361,75.93
8/1/2024,CUST-01361,75.93
9/1/2024,CUST-01361,75.93
10/1/2024,CUST-01361,75.93
11/1/2024,CUST-01361,75.93
12/1/2024,CUST-01361,77.07
1/1/2025,CUST-01361,75.93
2/1/2025,CUST-01361,75.93
3/1/2025,CUST-01361,75.93
4/1/2025,CUST-01361,75.93
5/1/2025,CUST-01361,75.93
6/1/2025,CUST-01361,75.93
7/1/2025,CUST-01361,75.93
8/1/2025,CUST-01361,75.93
9/1/2025,CUST-01361,75.93
10/1/2025,CUST-01361,75.93
11/1/2025,CUST-01361,75.93
12/1/2025,CUST-01361,77.07
12/1/2024,CUST-01362,73.25
1/1/2025,CUST-01362,72.17
2/1/2025,CUST-01362,72.17
3/1/2025,CUST-01362,72.17
4/1/2025,CUST-01362,72.17
5/1/2025,CUST-01362,72.17
6/1/2025,CUST-01362,72.17
7/1/2025,CUST-01362,72.17
8/1/2025,CUST-01362,72.17
9/1/2025,CUST-01362,72.17
10/1/2025,CUST-01362,72.17
11/1/2025,CUST-01362,72.17
12/1/2025,CUST-01362,73.25
8/1/2023,CUST-01363,51.04
9/1/2023,CUST-01363,51.04
10/1/2023,CUST-01363,51.04
11/1/2023,CUST-01363,51.04
12/1/2023,CUST-01363,51.81
1/1/2024,CUST-01363,51.04
2/1/2024,CUST-01363,51.04
3/1/2024,CUST-01363,51.04
4/1/2024,CUST-01363,51.04
5/1/2024,CUST-01363,51.04
6/1/2024,CUST-01363,51.04
7/1/2024,CUST-01363,51.04
8/1/2024,CUST-01363,51.04
9/1/2024,CUST-01363,51.04
10/1/2024,CUST-01363,51.04
11/1/2024,CUST-01363,51.04
12/1/2024,CUST-01363,51.81
1/1/2025,CUST-01363,51.04
2/1/2025,CUST-01363,51.04
3/1/2025,CUST-01363,51.04
4/1/2025,CUST-01363,51.04
5/1/2025,CUST-01363,51.04
6/1/2025,CUST-01363,51.04
7/1/2025,CUST-01363,51.04
8/1/2025,CUST-01363,51.04
9/1/2025,CUST-01363,51.04
10/1/2025,CUST-01363,51.04
11/1/2025,CUST-01363,51.04
12/1/2025,CUST-01363,51.81
10/1/2023,CUST-01364,82.98
11/1/2023,CUST-01364,82.98
12/1/2023,CUST-01364,84.22
1/1/2024,CUST-01364,82.98
2/1/2024,CUST-01364,82.98
3/1/2024,CUST-01364,82.98
4/1/2024,CUST-01364,82.98
5/1/2024,CUST-01364,82.98
6/1/2024,CUST-01364,82.98
7/1/2024,CUST-01364,82.98
8/1/2024,CUST-01364,82.98
9/1/2024,CUST-01364,82.98
10/1/2024,CUST-01364,82.98
11/1/2024,CUST-01364,82.98
12/1/2024,CUST-01364,84.22
1/1/2025,CUST-01364,82.98
2/1/2025,CUST-01364,82.98
3/1/2025,CUST-01364,82.98
4/1/2025,CUST-01364,82.98
5/1/2025,CUST-01364,82.98
6/1/2025,CUST-01364,82.98
7/1/2025,CUST-01364,82.98
8/1/2025,CUST-01364,82.98
9/1/2025,CUST-01364,82.98
10/1/2025,CUST-01364,82.98
11/1/2025,CUST-01364,82.98
12/1/2025,CUST-01364,84.22
1/1/2024,CUST-01365,66.79
2/1/2024,CUST-01365,66.79
3/1/2024,CUST-01365,66.79
4/1/2024,CUST-01365,66.79
5/1/2024,CUST-01365,66.79
6/1/2024,CUST-01365,66.79
7/1/2024,CUST-01365,66.79
8/1/2024,CUST-01365,66.79
9/1/2024,CUST-01365,66.79
10/1/2024,CUST-01365,66.79
11/1/2024,CUST-01365,66.79
12/1/2024,CUST-01365,67.79
1/1/2025,CUST-01365,66.79
2/1/2025,CUST-01365,66.79
3/1/2025,CUST-01365,66.79
4/1/2025,CUST-01365,66.79
5/1/2025,CUST-01365,66.79
6/1/2025,CUST-01365,66.79
7/1/2025,CUST-01365,66.79
8/1/2025,CUST-01365,66.79
9/1/2025,CUST-01365,66.79
10/1/2025,CUST-01365,66.79
11/1/2025,CUST-01365,66.79
12/1/2025,CUST-01365,67.79
3/1/2022,CUST-01366,73.29
4/1/2022,CUST-01366,73.29
5/1/2022,CUST-01366,73.29
6/1/2022,CUST-01366,73.29
7/1/2022,CUST-01366,73.29
8/1/2022,CUST-01366,73.29
9/1/2022,CUST-01366,73.29
10/1/2022,CUST-01366,73.29
11/1/2022,CUST-01366,73.29
12/1/2022,CUST-01366,74.39
1/1/2023,CUST-01366,73.29
2/1/2023,CUST-01366,73.29
3/1/2023,CUST-01366,73.29
4/1/2023,CUST-01366,73.29
5/1/2023,CUST-01366,73.29
6/1/2023,CUST-01366,73.29
7/1/2023,CUST-01366,73.29
8/1/2023,CUST-01366,73.29
9/1/2023,CUST-01366,73.29
10/1/2023,CUST-01366,73.29
11/1/2023,CUST-01366,73.29
12/1/2023,CUST-01366,74.39
1/1/2024,CUST-01366,73.29
2/1/2024,CUST-01366,73.29
3/1/2024,CUST-01366,73.29
4/1/2024,CUST-01366,73.29
5/1/2024,CUST-01366,73.29
6/1/2024,CUST-01366,73.29
7/1/2024,CUST-01366,73.29
8/1/2024,CUST-01366,73.29
9/1/2024,CUST-01366,73.29
10/1/2024,CUST-01366,73.29
11/1/2024,CUST-01366,73.29
12/1/2024,CUST-01366,74.39
1/1/2025,CUST-01366,73.29
2/1/2025,CUST-01366,73.29
3/1/2025,CUST-01366,73.29
4/1/2025,CUST-01366,73.29
5/1/2025,CUST-01366,73.29
6/1/2025,CUST-01366,73.29
7/1/2025,CUST-01366,73.29
8/1/2025,CUST-01366,73.29
9/1/2025,CUST-01366,73.29
10/1/2025,CUST-01366,73.29
11/1/2025,CUST-01366,73.29
12/1/2025,CUST-01366,74.39
9/1/2025,CUST-01367,53.66
10/1/2025,CUST-01367,53.66
11/1/2025,CUST-01367,53.66
12/1/2025,CUST-01367,54.46
2/1/2022,CUST-01368,53.59
3/1/2022,CUST-01368,53.59
4/1/2022,CUST-01368,53.59
5/1/2022,CUST-01368,53.59
6/1/2022,CUST-01368,53.59
7/1/2022,CUST-01368,53.59
8/1/2022,CUST-01368,53.59
9/1/2022,CUST-01368,53.59
10/1/2022,CUST-01368,53.59
11/1/2022,CUST-01368,53.59
12/1/2022,CUST-01368,54.39
1/1/2023,CUST-01368,53.59
2/1/2023,CUST-01368,53.59
3/1/2023,CUST-01368,53.59
4/1/2023,CUST-01368,53.59
5/1/2023,CUST-01368,53.59
6/1/2023,CUST-01368,53.59
7/1/2023,CUST-01368,53.59
8/1/2023,CUST-01368,53.59
9/1/2023,CUST-01368,53.59
10/1/2023,CUST-01368,53.59
11/1/2023,CUST-01368,53.59
12/1/2023,CUST-01368,54.39
1/1/2024,CUST-01368,53.59
2/1/2024,CUST-01368,53.59
3/1/2024,CUST-01368,53.59
4/1/2024,CUST-01368,53.59
5/1/2024,CUST-01368,53.59
6/1/2024,CUST-01368,53.59
7/1/2024,CUST-01368,53.59
8/1/2024,CUST-01368,53.59
9/1/2024,CUST-01368,53.59
10/1/2024,CUST-01368,53.59
11/1/2024,CUST-01368,53.59
12/1/2024,CUST-01368,54.39
1/1/2025,CUST-01368,53.59
11/1/2024,CUST-01369,109.3
12/1/2024,CUST-01369,110.94
1/1/2025,CUST-01369,109.3
2/1/2025,CUST-01369,109.3
3/1/2025,CUST-01369,109.3
4/1/2025,CUST-01369,109.3
5/1/2025,CUST-01369,109.3
6/1/2025,CUST-01369,109.3
7/1/2025,CUST-01369,109.3
8/1/2025,CUST-01369,109.3
9/1/2025,CUST-01369,109.3
10/1/2025,CUST-01369,109.3
11/1/2025,CUST-01369,109.3
12/1/2025,CUST-01369,110.94
12/1/2023,CUST-01370,68.84
1/1/2024,CUST-01370,67.82
2/1/2024,CUST-01370,67.82
3/1/2024,CUST-01370,67.82
4/1/2024,CUST-01370,67.82
5/1/2024,CUST-01370,67.82
6/1/2024,CUST-01370,67.82
7/1/2024,CUST-01370,67.82
8/1/2024,CUST-01370,67.82
9/1/2024,CUST-01370,67.82
10/1/2024,CUST-01370,67.82
11/1/2024,CUST-01370,67.82
12/1/2024,CUST-01370,68.84
1/1/2025,CUST-01370,67.82
2/1/2025,CUST-01370,67.82
3/1/2025,CUST-01370,67.82
4/1/2025,CUST-01370,67.82
5/1/2025,CUST-01370,67.82
6/1/2025,CUST-01370,67.82
7/1/2025,CUST-01370,67.82
8/1/2025,CUST-01370,67.82
9/1/2025,CUST-01370,67.82
10/1/2025,CUST-01370,67.82
11/1/2025,CUST-01370,67.82
12/1/2025,CUST-01370,68.84
4/1/2025,CUST-01371,56.86
5/1/2025,CUST-01371,56.86
6/1/2025,CUST-01371,56.86
7/1/2025,CUST-01371,56.86
8/1/2025,CUST-01371,56.86
9/1/2025,CUST-01371,56.86
10/1/2025,CUST-01371,56.86
4/1/2024,CUST-01372,109.54
5/1/2024,CUST-01372,109.54
6/1/2024,CUST-01372,109.54
7/1/2024,CUST-01372,109.54
8/1/2024,CUST-01372,109.54
9/1/2024,CUST-01372,109.54
10/1/2024,CUST-01372,109.54
11/1/2024,CUST-01372,109.54
8/1/2025,CUST-01373,39.35
9/1/2025,CUST-01373,39.35
10/1/2025,CUST-01373,39.35
11/1/2025,CUST-01373,39.35
9/1/2023,CUST-01374,83.07
10/1/2023,CUST-01374,83.07
11/1/2023,CUST-01374,83.07
12/1/2023,CUST-01374,84.32
1/1/2024,CUST-01374,83.07
2/1/2024,CUST-01374,83.07
3/1/2024,CUST-01374,83.07
4/1/2024,CUST-01374,83.07
5/1/2024,CUST-01374,83.07
6/1/2024,CUST-01374,83.07
7/1/2024,CUST-01374,83.07
8/1/2024,CUST-01374,83.07
9/1/2024,CUST-01374,83.07
10/1/2024,CUST-01374,83.07
11/1/2024,CUST-01374,83.07
12/1/2024,CUST-01374,84.32
1/1/2025,CUST-01374,83.07
2/1/2025,CUST-01374,83.07
3/1/2025,CUST-01374,83.07
4/1/2025,CUST-01374,83.07
5/1/2025,CUST-01374,83.07
6/1/2025,CUST-01374,83.07
7/1/2025,CUST-01374,83.07
8/1/2025,CUST-01374,83.07
9/1/2025,CUST-01374,83.07
10/1/2025,CUST-01374,83.07
11/1/2025,CUST-01374,83.07
12/1/2025,CUST-01374,84.32
4/1/2024,CUST-01375,117.71
5/1/2024,CUST-01375,117.71
6/1/2024,CUST-01375,117.71
7/1/2024,CUST-01375,117.71
8/1/2024,CUST-01375,117.71
9/1/2024,CUST-01375,117.71
10/1/2024,CUST-01375,117.71
11/1/2024,CUST-01375,117.71
12/1/2024,CUST-01375,119.48
1/1/2025,CUST-01375,117.71
2/1/2025,CUST-01375,117.71
3/1/2025,CUST-01375,117.71
4/1/2025,CUST-01375,117.71
5/1/2025,CUST-01375,117.71
6/1/2025,CUST-01375,117.71
7/1/2025,CUST-01375,117.71
8/1/2025,CUST-01375,117.71
9/1/2025,CUST-01375,117.71
10/1/2025,CUST-01375,117.71
11/1/2025,CUST-01375,117.71
12/1/2025,CUST-01375,119.48
8/1/2024,CUST-01376,97.26
9/1/2024,CUST-01376,97.26
10/1/2024,CUST-01376,97.26
7/1/2022,CUST-01377,55.35
8/1/2022,CUST-01377,55.35
9/1/2022,CUST-01377,55.35
10/1/2022,CUST-01377,55.35
12/1/2022,CUST-01378,129.5
1/1/2023,CUST-01378,127.59
2/1/2023,CUST-01378,127.59
3/1/2023,CUST-01378,127.59
4/1/2023,CUST-01378,127.59
5/1/2023,CUST-01378,127.59
6/1/2023,CUST-01378,127.59
7/1/2023,CUST-01378,127.59
8/1/2023,CUST-01378,127.59
9/1/2023,CUST-01378,127.59
10/1/2023,CUST-01378,127.59
11/1/2023,CUST-01378,127.59
12/1/2023,CUST-01378,129.5
1/1/2024,CUST-01378,127.59
2/1/2024,CUST-01378,127.59
3/1/2024,CUST-01378,127.59
4/1/2024,CUST-01378,127.59
5/1/2024,CUST-01378,127.59
6/1/2024,CUST-01378,127.59
7/1/2024,CUST-01378,127.59
8/1/2024,CUST-01378,127.59
9/1/2024,CUST-01378,127.59
10/1/2024,CUST-01378,127.59
11/1/2024,CUST-01378,127.59
5/1/2023,CUST-01379,47.93
6/1/2023,CUST-01379,47.93
7/1/2023,CUST-01379,47.93
8/1/2023,CUST-01379,47.93
9/1/2023,CUST-01379,47.93
10/1/2023,CUST-01379,47.93
11/1/2023,CUST-01379,47.93
12/1/2023,CUST-01379,48.65
1/1/2024,CUST-01379,47.93
2/1/2024,CUST-01379,47.93
3/1/2024,CUST-01379,47.93
4/1/2024,CUST-01379,47.93
5/1/2024,CUST-01379,47.93
6/1/2024,CUST-01379,47.93
7/1/2024,CUST-01379,47.93
8/1/2024,CUST-01379,47.93
9/1/2024,CUST-01379,47.93
10/1/2024,CUST-01379,47.93
11/1/2024,CUST-01379,47.93
12/1/2024,CUST-01379,48.65
1/1/2025,CUST-01379,47.93
2/1/2025,CUST-01379,47.93
3/1/2025,CUST-01379,47.93
4/1/2025,CUST-01379,47.93
5/1/2025,CUST-01379,47.93
6/1/2025,CUST-01379,47.93
7/1/2025,CUST-01379,47.93
8/1/2025,CUST-01379,47.93
9/1/2025,CUST-01379,47.93
10/1/2025,CUST-01379,47.93
11/1/2025,CUST-01379,47.93
12/1/2025,CUST-01379,48.65
1/1/2022,CUST-01380,73.37
2/1/2022,CUST-01380,73.37
3/1/2022,CUST-01380,73.37
4/1/2022,CUST-01380,73.37
5/1/2024,CUST-01381,80.46
6/1/2024,CUST-01381,80.46
7/1/2024,CUST-01381,80.46
8/1/2024,CUST-01381,80.46
9/1/2024,CUST-01381,80.46
10/1/2024,CUST-01381,80.46
11/1/2024,CUST-01381,80.46
12/1/2024,CUST-01381,81.67
1/1/2025,CUST-01381,80.46
2/1/2025,CUST-01381,80.46
3/1/2025,CUST-01381,80.46
4/1/2025,CUST-01381,80.46
5/1/2025,CUST-01381,80.46
6/1/2025,CUST-01381,80.46
7/1/2025,CUST-01381,80.46
8/1/2025,CUST-01381,80.46
9/1/2025,CUST-01381,80.46
10/1/2025,CUST-01381,80.46
11/1/2025,CUST-01381,80.46
12/1/2025,CUST-01381,81.67
8/1/2024,CUST-01382,70.92
9/1/2024,CUST-01382,70.92
10/1/2024,CUST-01382,70.92
11/1/2024,CUST-01382,70.92
12/1/2024,CUST-01382,71.98
1/1/2025,CUST-01382,70.92
2/1/2025,CUST-01382,70.92
3/1/2025,CUST-01382,70.92
4/1/2025,CUST-01382,70.92
5/1/2025,CUST-01382,70.92
6/1/2025,CUST-01382,70.92
7/1/2025,CUST-01382,70.92
8/1/2025,CUST-01382,70.92
9/1/2025,CUST-01382,70.92
10/1/2025,CUST-01382,70.92
11/1/2025,CUST-01382,70.92
4/1/2024,CUST-01383,52.88
5/1/2024,CUST-01383,52.88
6/1/2024,CUST-01383,52.88
7/1/2024,CUST-01383,52.88
8/1/2024,CUST-01383,52.88
9/1/2024,CUST-01383,52.88
10/1/2024,CUST-01383,52.88
11/1/2024,CUST-01383,52.88
12/1/2024,CUST-01383,53.67
1/1/2025,CUST-01383,52.88
2/1/2025,CUST-01383,52.88
3/1/2025,CUST-01383,52.88
4/1/2025,CUST-01383,52.88
5/1/2025,CUST-01383,52.88
6/1/2025,CUST-01383,52.88
7/1/2025,CUST-01383,52.88
8/1/2025,CUST-01383,52.88
9/1/2025,CUST-01383,52.88
10/1/2025,CUST-01383,52.88
11/1/2025,CUST-01383,52.88
12/1/2025,CUST-01383,53.67
9/1/2025,CUST-01384,39.7
10/1/2025,CUST-01384,39.7
11/1/2025,CUST-01384,39.7
12/1/2025,CUST-01384,40.3
3/1/2023,CUST-01385,75.03
4/1/2023,CUST-01385,75.03
5/1/2023,CUST-01385,75.03
6/1/2023,CUST-01385,75.03
7/1/2023,CUST-01385,75.03
8/1/2023,CUST-01385,75.03
9/1/2023,CUST-01385,75.03
10/1/2023,CUST-01385,75.03
11/1/2023,CUST-01385,75.03
12/1/2023,CUST-01385,76.16
1/1/2024,CUST-01385,75.03
2/1/2024,CUST-01385,75.03
3/1/2024,CUST-01385,75.03
5/1/2023,CUST-01386,40.83
6/1/2023,CUST-01386,40.83
7/1/2023,CUST-01386,40.83
8/1/2023,CUST-01386,40.83
9/1/2023,CUST-01386,40.83
10/1/2023,CUST-01386,40.83
11/1/2023,CUST-01386,40.83
12/1/2023,CUST-01386,41.44
1/1/2024,CUST-01386,40.83
2/1/2024,CUST-01386,40.83
3/1/2024,CUST-01386,40.83
4/1/2024,CUST-01386,40.83
5/1/2024,CUST-01386,40.83
6/1/2024,CUST-01386,40.83
7/1/2024,CUST-01386,40.83
8/1/2024,CUST-01386,40.83
9/1/2024,CUST-01386,40.83
10/1/2024,CUST-01386,40.83
11/1/2024,CUST-01386,40.83
12/1/2024,CUST-01386,41.44
1/1/2025,CUST-01386,40.83
2/1/2025,CUST-01386,40.83
3/1/2025,CUST-01386,40.83
4/1/2025,CUST-01386,40.83
5/1/2025,CUST-01386,40.83
6/1/2025,CUST-01386,40.83
7/1/2025,CUST-01386,40.83
8/1/2025,CUST-01386,40.83
9/1/2025,CUST-01386,40.83
10/1/2025,CUST-01386,40.83
11/1/2025,CUST-01386,40.83
12/1/2025,CUST-01386,41.44
4/1/2025,CUST-01387,107.12
5/1/2025,CUST-01387,107.12
6/1/2025,CUST-01387,107.12
7/1/2025,CUST-01387,107.12
8/1/2025,CUST-01387,107.12
9/1/2025,CUST-01387,107.12
10/1/2025,CUST-01387,107.12
11/1/2025,CUST-01387,107.12
12/1/2025,CUST-01387,108.73
5/1/2024,CUST-01388,43.24
6/1/2024,CUST-01388,43.24
7/1/2024,CUST-01388,43.24
8/1/2024,CUST-01388,43.24
9/1/2024,CUST-01388,43.24
10/1/2024,CUST-01388,43.24
11/1/2024,CUST-01388,43.24
12/1/2024,CUST-01388,43.89
1/1/2025,CUST-01388,43.24
2/1/2025,CUST-01388,43.24
3/1/2025,CUST-01388,43.24
4/1/2025,CUST-01388,43.24
5/1/2025,CUST-01388,43.24
6/1/2025,CUST-01388,43.24
7/1/2025,CUST-01388,43.24
8/1/2025,CUST-01388,43.24
9/1/2025,CUST-01388,43.24
10/1/2025,CUST-01388,43.24
11/1/2025,CUST-01388,43.24
12/1/2025,CUST-01388,43.89
12/1/2022,CUST-01389,70.23
1/1/2023,CUST-01389,69.19
2/1/2023,CUST-01389,69.19
3/1/2023,CUST-01389,69.19
4/1/2023,CUST-01389,69.19
5/1/2023,CUST-01389,69.19
6/1/2023,CUST-01389,69.19
7/1/2023,CUST-01389,69.19
8/1/2023,CUST-01389,69.19
9/1/2023,CUST-01389,69.19
10/1/2023,CUST-01389,69.19
11/1/2023,CUST-01389,69.19
12/1/2023,CUST-01389,70.23
1/1/2024,CUST-01389,69.19
2/1/2024,CUST-01389,69.19
3/1/2024,CUST-01389,69.19
4/1/2024,CUST-01389,69.19
5/1/2024,CUST-01389,69.19
6/1/2024,CUST-01389,69.19
7/1/2024,CUST-01389,69.19
8/1/2024,CUST-01389,69.19
9/1/2024,CUST-01389,69.19
10/1/2024,CUST-01389,69.19
11/1/2024,CUST-01389,69.19
12/1/2024,CUST-01389,70.23
1/1/2025,CUST-01389,69.19
2/1/2025,CUST-01389,69.19
3/1/2025,CUST-01389,69.19
4/1/2025,CUST-01389,69.19
5/1/2025,CUST-01389,69.19
6/1/2025,CUST-01389,69.19
7/1/2025,CUST-01389,69.19
8/1/2025,CUST-01389,69.19
9/1/2025,CUST-01389,69.19
1/1/2023,CUST-01390,73.34
2/1/2023,CUST-01390,73.34
3/1/2023,CUST-01390,73.34
4/1/2023,CUST-01390,73.34
5/1/2023,CUST-01390,73.34
6/1/2023,CUST-01390,73.34
7/1/2023,CUST-01390,73.34
8/1/2023,CUST-01390,73.34
9/1/2023,CUST-01390,73.34
10/1/2023,CUST-01390,73.34
11/1/2023,CUST-01390,73.34
12/1/2023,CUST-01390,74.44
1/1/2024,CUST-01390,73.34
2/1/2024,CUST-01390,73.34
3/1/2024,CUST-01390,73.34
4/1/2024,CUST-01390,73.34
5/1/2024,CUST-01390,73.34
6/1/2024,CUST-01390,73.34
7/1/2024,CUST-01390,73.34
8/1/2024,CUST-01390,73.34
9/1/2024,CUST-01390,73.34
10/1/2024,CUST-01390,73.34
11/1/2024,CUST-01390,73.34
12/1/2024,CUST-01390,74.44
1/1/2025,CUST-01390,73.34
2/1/2025,CUST-01390,73.34
3/1/2025,CUST-01390,73.34
4/1/2025,CUST-01390,73.34
5/1/2025,CUST-01390,73.34
6/1/2025,CUST-01390,73.34
7/1/2025,CUST-01390,73.34
8/1/2025,CUST-01390,73.34
9/1/2025,CUST-01390,73.34
10/1/2025,CUST-01390,73.34
11/1/2025,CUST-01390,73.34
12/1/2025,CUST-01390,74.44
4/1/2022,CUST-01391,71.16
5/1/2022,CUST-01391,71.16
6/1/2022,CUST-01391,71.16
7/1/2022,CUST-01391,71.16
8/1/2022,CUST-01391,71.16
9/1/2022,CUST-01391,71.16
10/1/2022,CUST-01391,71.16
11/1/2022,CUST-01391,71.16
12/1/2022,CUST-01391,72.23
1/1/2023,CUST-01391,71.16
2/1/2023,CUST-01391,71.16
3/1/2023,CUST-01391,71.16
4/1/2023,CUST-01391,71.16
5/1/2023,CUST-01391,71.16
6/1/2023,CUST-01391,71.16
7/1/2023,CUST-01391,71.16
8/1/2023,CUST-01391,71.16
9/1/2023,CUST-01391,71.16
10/1/2023,CUST-01391,71.16
11/1/2023,CUST-01391,71.16
12/1/2023,CUST-01391,72.23
1/1/2024,CUST-01391,71.16
2/1/2024,CUST-01391,71.16
3/1/2024,CUST-01391,71.16
4/1/2024,CUST-01391,71.16
5/1/2024,CUST-01391,71.16
6/1/2024,CUST-01391,71.16
7/1/2024,CUST-01391,71.16
8/1/2024,CUST-01391,71.16
9/1/2024,CUST-01391,71.16
10/1/2024,CUST-01391,71.16
11/1/2024,CUST-01391,71.16
12/1/2024,CUST-01391,72.23
1/1/2025,CUST-01391,71.16
2/1/2025,CUST-01391,71.16
3/1/2025,CUST-01391,71.16
4/1/2025,CUST-01391,71.16
5/1/2025,CUST-01391,71.16
6/1/2025,CUST-01391,71.16
7/1/2025,CUST-01391,71.16
8/1/2025,CUST-01391,71.16
9/1/2025,CUST-01391,71.16
10/1/2025,CUST-01391,71.16
11/1/2025,CUST-01391,71.16
12/1/2025,CUST-01391,72.23
7/1/2022,CUST-01392,82.39
8/1/2022,CUST-01392,82.39
9/1/2022,CUST-01392,82.39
10/1/2022,CUST-01392,82.39
11/1/2022,CUST-01392,82.39
12/1/2022,CUST-01392,83.63
1/1/2023,CUST-01392,82.39
2/1/2023,CUST-01392,82.39
3/1/2023,CUST-01392,82.39
4/1/2023,CUST-01392,82.39
5/1/2023,CUST-01392,82.39
6/1/2023,CUST-01392,82.39
7/1/2023,CUST-01392,82.39
8/1/2023,CUST-01392,82.39
9/1/2023,CUST-01392,82.39
10/1/2023,CUST-01392,82.39
11/1/2023,CUST-01392,82.39
12/1/2023,CUST-01392,83.63
1/1/2024,CUST-01392,82.39
2/1/2024,CUST-01392,82.39
3/1/2024,CUST-01392,82.39
4/1/2024,CUST-01392,82.39
5/1/2024,CUST-01392,82.39
6/1/2024,CUST-01392,82.39
7/1/2024,CUST-01392,82.39
8/1/2024,CUST-01392,82.39
9/1/2024,CUST-01392,82.39
10/1/2024,CUST-01392,82.39
11/1/2024,CUST-01392,82.39
12/1/2024,CUST-01392,83.63
1/1/2025,CUST-01392,82.39
2/1/2025,CUST-01392,82.39
3/1/2025,CUST-01392,82.39
4/1/2025,CUST-01392,82.39
5/1/2025,CUST-01392,82.39
6/1/2025,CUST-01392,82.39
7/1/2025,CUST-01392,82.39
8/1/2025,CUST-01392,82.39
9/1/2025,CUST-01392,82.39
10/1/2025,CUST-01392,82.39
11/1/2025,CUST-01392,82.39
12/1/2025,CUST-01392,83.63
5/1/2022,CUST-01393,89.89
6/1/2022,CUST-01393,89.89
7/1/2022,CUST-01393,89.89
8/1/2022,CUST-01393,89.89
9/1/2022,CUST-01393,89.89
10/1/2022,CUST-01393,89.89
11/1/2022,CUST-01393,89.89
12/1/2022,CUST-01393,91.24
1/1/2023,CUST-01393,89.89
2/1/2023,CUST-01393,89.89
3/1/2023,CUST-01393,89.89
4/1/2023,CUST-01393,89.89
5/1/2023,CUST-01393,89.89
6/1/2023,CUST-01393,89.89
7/1/2023,CUST-01393,89.89
8/1/2023,CUST-01393,89.89
9/1/2023,CUST-01393,89.89
10/1/2023,CUST-01393,89.89
11/1/2023,CUST-01393,89.89
12/1/2023,CUST-01393,91.24
1/1/2024,CUST-01393,89.89
2/1/2024,CUST-01393,89.89
3/1/2024,CUST-01393,89.89
4/1/2024,CUST-01393,89.89
5/1/2024,CUST-01393,89.89
6/1/2024,CUST-01393,89.89
7/1/2024,CUST-01393,89.89
8/1/2024,CUST-01393,89.89
9/1/2024,CUST-01393,89.89
10/1/2024,CUST-01393,89.89
11/1/2024,CUST-01393,89.89
12/1/2024,CUST-01393,91.24
1/1/2025,CUST-01393,89.89
2/1/2025,CUST-01393,89.89
3/1/2025,CUST-01393,89.89
4/1/2025,CUST-01393,89.89
5/1/2025,CUST-01393,89.89
6/1/2025,CUST-01393,89.89
7/1/2025,CUST-01393,89.89
8/1/2025,CUST-01393,89.89
9/1/2025,CUST-01393,89.89
10/1/2025,CUST-01393,89.89
11/1/2025,CUST-01393,89.89
12/1/2025,CUST-01393,91.24
8/1/2023,CUST-01394,65.71
9/1/2023,CUST-01394,65.71
10/1/2023,CUST-01394,65.71
11/1/2023,CUST-01394,65.71
12/1/2023,CUST-01394,66.7
1/1/2024,CUST-01394,65.71
2/1/2024,CUST-01394,65.71
3/1/2024,CUST-01394,65.71
4/1/2024,CUST-01394,65.71
5/1/2024,CUST-01394,65.71
6/1/2024,CUST-01394,65.71
7/1/2024,CUST-01394,65.71
8/1/2024,CUST-01394,65.71
9/1/2024,CUST-01394,65.71
10/1/2024,CUST-01394,65.71
11/1/2024,CUST-01394,65.71
12/1/2024,CUST-01394,66.7
1/1/2025,CUST-01394,65.71
2/1/2025,CUST-01394,65.71
3/1/2025,CUST-01394,65.71
4/1/2025,CUST-01394,65.71
5/1/2025,CUST-01394,65.71
6/1/2025,CUST-01394,65.71
7/1/2025,CUST-01394,65.71
8/1/2025,CUST-01394,65.71
9/1/2025,CUST-01394,65.71
10/1/2025,CUST-01394,65.71
11/1/2025,CUST-01394,65.71
12/1/2025,CUST-01394,66.7
3/1/2022,CUST-01395,73.12
4/1/2022,CUST-01395,73.12
5/1/2022,CUST-01395,73.12
6/1/2022,CUST-01395,73.12
7/1/2022,CUST-01395,73.12
8/1/2022,CUST-01395,73.12
9/1/2022,CUST-01395,73.12
10/1/2022,CUST-01395,73.12
11/1/2022,CUST-01395,73.12
12/1/2022,CUST-01395,74.22
1/1/2023,CUST-01395,73.12
2/1/2023,CUST-01395,73.12
3/1/2023,CUST-01395,73.12
4/1/2023,CUST-01395,73.12
5/1/2023,CUST-01395,73.12
6/1/2023,CUST-01395,73.12
7/1/2023,CUST-01395,73.12
8/1/2023,CUST-01395,73.12
9/1/2023,CUST-01395,73.12
10/1/2023,CUST-01395,73.12
11/1/2023,CUST-01395,73.12
12/1/2023,CUST-01395,74.22
1/1/2024,CUST-01395,73.12
2/1/2024,CUST-01395,73.12
3/1/2024,CUST-01395,73.12
4/1/2024,CUST-01395,73.12
5/1/2024,CUST-01395,73.12
6/1/2024,CUST-01395,73.12
7/1/2024,CUST-01395,73.12
8/1/2024,CUST-01395,73.12
9/1/2024,CUST-01395,73.12
10/1/2024,CUST-01395,73.12
11/1/2024,CUST-01395,73.12
12/1/2024,CUST-01395,74.22
1/1/2025,CUST-01395,73.12
2/1/2025,CUST-01395,73.12
3/1/2025,CUST-01395,73.12
4/1/2025,CUST-01395,73.12
5/1/2025,CUST-01395,73.12
6/1/2025,CUST-01395,73.12
7/1/2025,CUST-01395,73.12
8/1/2025,CUST-01395,73.12
9/1/2025,CUST-01395,73.12
10/1/2025,CUST-01395,73.12
11/1/2025,CUST-01395,73.12
12/1/2025,CUST-01395,74.22
7/1/2024,CUST-01396,46.33
8/1/2024,CUST-01396,46.33
9/1/2024,CUST-01396,46.33
10/1/2024,CUST-01396,46.33
11/1/2024,CUST-01396,46.33
12/1/2024,CUST-01396,47.02
1/1/2025,CUST-01396,46.33
2/1/2025,CUST-01396,46.33
3/1/2025,CUST-01396,46.33
4/1/2025,CUST-01396,46.33
5/1/2025,CUST-01396,46.33
6/1/2025,CUST-01396,46.33
7/1/2025,CUST-01396,46.33
8/1/2025,CUST-01396,46.33
9/1/2025,CUST-01396,46.33
10/1/2025,CUST-01396,46.33
11/1/2025,CUST-01396,46.33
12/1/2025,CUST-01396,47.02
4/1/2023,CUST-01397,51.84
5/1/2023,CUST-01397,51.84
6/1/2023,CUST-01397,51.84
7/1/2023,CUST-01397,51.84
8/1/2023,CUST-01397,51.84
9/1/2023,CUST-01397,51.84
10/1/2023,CUST-01397,51.84
11/1/2023,CUST-01397,51.84
12/1/2023,CUST-01397,52.62
1/1/2024,CUST-01397,51.84
2/1/2024,CUST-01397,51.84
3/1/2024,CUST-01397,51.84
4/1/2024,CUST-01397,51.84
5/1/2024,CUST-01397,51.84
6/1/2024,CUST-01397,51.84
7/1/2024,CUST-01397,51.84
8/1/2024,CUST-01397,51.84
9/1/2024,CUST-01397,51.84
10/1/2024,CUST-01397,51.84
11/1/2024,CUST-01397,51.84
12/1/2024,CUST-01397,52.62
1/1/2025,CUST-01397,51.84
2/1/2025,CUST-01397,51.84
3/1/2025,CUST-01397,51.84
4/1/2025,CUST-01397,51.84
5/1/2025,CUST-01397,51.84
6/1/2025,CUST-01397,51.84
7/1/2025,CUST-01397,51.84
8/1/2025,CUST-01397,51.84
9/1/2025,CUST-01397,51.84
10/1/2025,CUST-01397,51.84
11/1/2025,CUST-01397,51.84
12/1/2025,CUST-01397,52.62
11/1/2023,CUST-01398,83.19
12/1/2023,CUST-01398,84.44
1/1/2024,CUST-01398,83.19
2/1/2024,CUST-01398,83.19
3/1/2024,CUST-01398,83.19
4/1/2024,CUST-01398,83.19
5/1/2024,CUST-01398,83.19
6/1/2024,CUST-01398,83.19
7/1/2024,CUST-01398,83.19
8/1/2024,CUST-01398,83.19
9/1/2024,CUST-01398,83.19
10/1/2024,CUST-01398,83.19
11/1/2024,CUST-01398,83.19
12/1/2024,CUST-01398,84.44
1/1/2025,CUST-01398,83.19
2/1/2025,CUST-01398,83.19
3/1/2025,CUST-01398,83.19
4/1/2025,CUST-01398,83.19
5/1/2025,CUST-01398,83.19
6/1/2025,CUST-01398,83.19
7/1/2025,CUST-01398,83.19
8/1/2025,CUST-01398,83.19
9/1/2025,CUST-01398,83.19
10/1/2025,CUST-01398,83.19
11/1/2025,CUST-01398,83.19
12/1/2025,CUST-01398,84.44
6/1/2022,CUST-01399,85.18
7/1/2022,CUST-01399,85.18
8/1/2022,CUST-01399,85.18
9/1/2022,CUST-01399,85.18
10/1/2022,CUST-01399,85.18
11/1/2022,CUST-01399,85.18
12/1/2022,CUST-01399,86.46
1/1/2023,CUST-01399,85.18
2/1/2023,CUST-01399,85.18
3/1/2023,CUST-01399,85.18
4/1/2023,CUST-01399,85.18
5/1/2023,CUST-01399,85.18
6/1/2023,CUST-01399,85.18
7/1/2023,CUST-01399,85.18
8/1/2023,CUST-01399,85.18
9/1/2023,CUST-01399,85.18
10/1/2023,CUST-01399,85.18
11/1/2023,CUST-01399,85.18
12/1/2023,CUST-01399,86.46
1/1/2024,CUST-01399,85.18
2/1/2024,CUST-01399,85.18
3/1/2024,CUST-01399,85.18
4/1/2024,CUST-01399,85.18
5/1/2024,CUST-01399,85.18
6/1/2024,CUST-01399,85.18
7/1/2024,CUST-01399,85.18
8/1/2024,CUST-01399,85.18
9/1/2024,CUST-01399,85.18
10/1/2024,CUST-01399,85.18
11/1/2024,CUST-01399,85.18
12/1/2024,CUST-01399,86.46
1/1/2025,CUST-01399,85.18
2/1/2025,CUST-01399,85.18
3/1/2025,CUST-01399,85.18
4/1/2025,CUST-01399,85.18
5/1/2025,CUST-01399,85.18
6/1/2025,CUST-01399,85.18
7/1/2025,CUST-01399,85.18
8/1/2025,CUST-01399,85.18
9/1/2025,CUST-01399,85.18
10/1/2025,CUST-01399,85.18
11/1/2025,CUST-01399,85.18
12/1/2025,CUST-01399,86.46
5/1/2025,CUST-01400,98.29
6/1/2025,CUST-01400,98.29
7/1/2025,CUST-01400,98.29
8/1/2025,CUST-01400,98.29
9/1/2025,CUST-01400,98.29
10/1/2025,CUST-01400,98.29
11/1/2025,CUST-01400,98.29
12/1/2025,CUST-01400,99.76
4/1/2022,CUST-01401,86.16
5/1/2022,CUST-01401,86.16
6/1/2022,CUST-01401,86.16
7/1/2022,CUST-01401,86.16
8/1/2022,CUST-01401,86.16
9/1/2022,CUST-01401,86.16
10/1/2022,CUST-01401,86.16
11/1/2022,CUST-01401,86.16
12/1/2022,CUST-01401,87.45
1/1/2023,CUST-01401,86.16
2/1/2023,CUST-01401,86.16
3/1/2023,CUST-01401,86.16
4/1/2023,CUST-01401,86.16
5/1/2023,CUST-01401,86.16
6/1/2023,CUST-01401,86.16
7/1/2023,CUST-01401,86.16
8/1/2023,CUST-01401,86.16
4/1/2025,CUST-01402,76.37
5/1/2025,CUST-01402,76.37
6/1/2025,CUST-01402,76.37
7/1/2025,CUST-01402,76.37
8/1/2025,CUST-01402,76.37
9/1/2025,CUST-01402,76.37
10/1/2025,CUST-01402,76.37
11/1/2025,CUST-01402,76.37
12/1/2025,CUST-01402,77.52
10/1/2023,CUST-01403,52.3
11/1/2023,CUST-01403,52.3
12/1/2023,CUST-01403,53.08
1/1/2024,CUST-01403,52.3
2/1/2024,CUST-01403,52.3
3/1/2024,CUST-01403,52.3
4/1/2024,CUST-01403,52.3
5/1/2024,CUST-01403,52.3
6/1/2024,CUST-01403,52.3
7/1/2024,CUST-01403,52.3
8/1/2024,CUST-01403,52.3
9/1/2024,CUST-01403,52.3
10/1/2024,CUST-01403,52.3
11/1/2024,CUST-01403,52.3
12/1/2024,CUST-01403,53.08
1/1/2025,CUST-01403,52.3
2/1/2025,CUST-01403,52.3
3/1/2025,CUST-01403,52.3
4/1/2025,CUST-01403,52.3
5/1/2025,CUST-01403,52.3
6/1/2025,CUST-01403,52.3
7/1/2025,CUST-01403,52.3
8/1/2025,CUST-01403,52.3
9/1/2025,CUST-01403,52.3
10/1/2025,CUST-01403,52.3
11/1/2025,CUST-01403,52.3
12/1/2025,CUST-01403,53.08
1/1/2025,CUST-01404,80.96
2/1/2025,CUST-01404,80.96
3/1/2025,CUST-01404,80.96
4/1/2025,CUST-01404,80.96
5/1/2025,CUST-01404,80.96
6/1/2025,CUST-01404,80.96
7/1/2025,CUST-01404,80.96
8/1/2025,CUST-01404,80.96
9/1/2025,CUST-01404,80.96
10/1/2025,CUST-01404,80.96
11/1/2025,CUST-01404,80.96
12/1/2025,CUST-01404,82.17
4/1/2022,CUST-01405,41.37
5/1/2022,CUST-01405,41.37
6/1/2022,CUST-01405,41.37
7/1/2022,CUST-01405,41.37
8/1/2022,CUST-01405,41.37
9/1/2022,CUST-01405,41.37
10/1/2022,CUST-01405,41.37
11/1/2022,CUST-01405,41.37
12/1/2022,CUST-01405,41.99
1/1/2023,CUST-01405,41.37
2/1/2023,CUST-01405,41.37
3/1/2023,CUST-01405,41.37
4/1/2023,CUST-01405,41.37
5/1/2023,CUST-01405,41.37
6/1/2023,CUST-01405,41.37
7/1/2023,CUST-01405,41.37
8/1/2023,CUST-01405,41.37
9/1/2023,CUST-01405,41.37
10/1/2023,CUST-01405,41.37
11/1/2023,CUST-01405,41.37
12/1/2023,CUST-01405,41.99
1/1/2024,CUST-01405,41.37
2/1/2024,CUST-01405,41.37
3/1/2024,CUST-01405,41.37
4/1/2024,CUST-01405,41.37
5/1/2024,CUST-01405,41.37
6/1/2024,CUST-01405,41.37
7/1/2024,CUST-01405,41.37
8/1/2024,CUST-01405,41.37
9/1/2024,CUST-01405,41.37
10/1/2024,CUST-01405,41.37
11/1/2024,CUST-01405,41.37
12/1/2024,CUST-01405,41.99
1/1/2025,CUST-01405,41.37
2/1/2025,CUST-01405,41.37
3/1/2025,CUST-01405,41.37
4/1/2025,CUST-01405,41.37
5/1/2025,CUST-01405,41.37
6/1/2025,CUST-01405,41.37
7/1/2025,CUST-01405,41.37
8/1/2025,CUST-01405,41.37
9/1/2025,CUST-01405,41.37
10/1/2025,CUST-01405,41.37
11/1/2025,CUST-01405,41.37
12/1/2025,CUST-01405,41.99
8/1/2025,CUST-01406,87.7
9/1/2025,CUST-01406,87.7
10/1/2025,CUST-01406,87.7
11/1/2025,CUST-01406,87.7
12/1/2025,CUST-01406,89.02
9/1/2025,CUST-01407,118.89
10/1/2025,CUST-01407,118.89
11/1/2025,CUST-01407,118.89
12/1/2025,CUST-01407,120.67
6/1/2025,CUST-01408,100.31
7/1/2025,CUST-01408,100.31
8/1/2025,CUST-01408,100.31
9/1/2025,CUST-01408,100.31
10/1/2025,CUST-01408,100.31
11/1/2025,CUST-01408,100.31
12/1/2025,CUST-01408,101.81
7/1/2024,CUST-01409,35.66
8/1/2024,CUST-01409,35.66
9/1/2024,CUST-01409,35.66
10/1/2024,CUST-01409,35.66
11/1/2024,CUST-01409,35.66
12/1/2024,CUST-01409,36.19
1/1/2025,CUST-01409,35.66
2/1/2025,CUST-01409,35.66
3/1/2025,CUST-01409,35.66
4/1/2025,CUST-01409,35.66
5/1/2025,CUST-01409,35.66
6/1/2025,CUST-01409,35.66
7/1/2025,CUST-01409,35.66
8/1/2025,CUST-01409,35.66
9/1/2025,CUST-01409,35.66
10/1/2025,CUST-01409,35.66
11/1/2025,CUST-01409,35.66
12/1/2025,CUST-01409,36.19
11/1/2023,CUST-01410,116.14
12/1/2023,CUST-01410,117.88
1/1/2024,CUST-01410,116.14
2/1/2024,CUST-01410,116.14
3/1/2024,CUST-01410,116.14
4/1/2024,CUST-01410,116.14
5/1/2024,CUST-01410,116.14
6/1/2024,CUST-01410,116.14
7/1/2024,CUST-01410,116.14
8/1/2024,CUST-01410,116.14
9/1/2024,CUST-01410,116.14
10/1/2024,CUST-01410,116.14
11/1/2024,CUST-01410,116.14
12/1/2024,CUST-01410,117.88
1/1/2025,CUST-01410,116.14
2/1/2025,CUST-01410,116.14
3/1/2025,CUST-01410,116.14
4/1/2025,CUST-01410,116.14
5/1/2025,CUST-01410,116.14
6/1/2025,CUST-01410,116.14
7/1/2025,CUST-01410,116.14
8/1/2025,CUST-01410,116.14
9/1/2025,CUST-01410,116.14
10/1/2025,CUST-01410,116.14
11/1/2025,CUST-01410,116.14
12/1/2025,CUST-01410,117.88
4/1/2024,CUST-01411,43.16
5/1/2024,CUST-01411,43.16
6/1/2024,CUST-01411,43.16
7/1/2024,CUST-01411,43.16
8/1/2024,CUST-01411,43.16
9/1/2024,CUST-01411,43.16
10/1/2024,CUST-01411,43.16
11/1/2024,CUST-01411,43.16
12/1/2024,CUST-01411,43.81
1/1/2025,CUST-01411,43.16
2/1/2025,CUST-01411,43.16
3/1/2025,CUST-01411,43.16
4/1/2025,CUST-01411,43.16
5/1/2025,CUST-01411,43.16
6/1/2025,CUST-01411,43.16
7/1/2025,CUST-01411,43.16
8/1/2025,CUST-01411,43.16
9/1/2025,CUST-01411,43.16
10/1/2025,CUST-01411,43.16
11/1/2025,CUST-01411,43.16
12/1/2025,CUST-01411,43.81
3/1/2025,CUST-01412,71.35
4/1/2025,CUST-01412,71.35
5/1/2025,CUST-01412,71.35
6/1/2025,CUST-01412,71.35
7/1/2025,CUST-01412,71.35
8/1/2025,CUST-01412,71.35
9/1/2025,CUST-01412,71.35
10/1/2025,CUST-01412,71.35
11/1/2025,CUST-01412,71.35
12/1/2025,CUST-01412,72.42
3/1/2025,CUST-01413,64.9
4/1/2025,CUST-01413,64.9
5/1/2025,CUST-01413,64.9
6/1/2025,CUST-01413,64.9
7/1/2025,CUST-01413,64.9
8/1/2025,CUST-01413,64.9
9/1/2025,CUST-01413,64.9
10/1/2025,CUST-01413,64.9
11/1/2025,CUST-01413,64.9
12/1/2025,CUST-01413,65.87
4/1/2025,CUST-01414,53.12
5/1/2025,CUST-01414,53.12
6/1/2025,CUST-01414,53.12
7/1/2025,CUST-01414,53.12
8/1/2025,CUST-01414,53.12
9/1/2025,CUST-01414,53.12
10/1/2025,CUST-01414,53.12
11/1/2025,CUST-01414,53.12
12/1/2025,CUST-01414,53.92
1/1/2023,CUST-01415,37.88
2/1/2023,CUST-01415,37.88
3/1/2023,CUST-01415,37.88
4/1/2023,CUST-01415,37.88
5/1/2023,CUST-01415,37.88
6/1/2023,CUST-01415,37.88
7/1/2023,CUST-01415,37.88
8/1/2023,CUST-01415,37.88
9/1/2023,CUST-01415,37.88
10/1/2023,CUST-01415,37.88
11/1/2023,CUST-01415,37.88
12/1/2023,CUST-01415,38.45
1/1/2024,CUST-01415,37.88
2/1/2024,CUST-01415,37.88
3/1/2024,CUST-01415,37.88
4/1/2024,CUST-01415,37.88
5/1/2024,CUST-01415,37.88
6/1/2024,CUST-01415,37.88
7/1/2024,CUST-01415,37.88
8/1/2024,CUST-01415,37.88
9/1/2024,CUST-01415,37.88
10/1/2024,CUST-01415,37.88
11/1/2024,CUST-01415,37.88
12/1/2024,CUST-01415,38.45
1/1/2025,CUST-01415,37.88
2/1/2025,CUST-01415,37.88
3/1/2025,CUST-01415,37.88
4/1/2025,CUST-01415,37.88
5/1/2025,CUST-01415,37.88
6/1/2025,CUST-01415,37.88
7/1/2025,CUST-01415,37.88
8/1/2025,CUST-01415,37.88
9/1/2025,CUST-01415,37.88
10/1/2025,CUST-01415,37.88
11/1/2025,CUST-01415,37.88
12/1/2025,CUST-01415,38.45
11/1/2022,CUST-01416,47.22
12/1/2022,CUST-01416,47.93
1/1/2023,CUST-01416,47.22
2/1/2023,CUST-01416,47.22
3/1/2023,CUST-01416,47.22
4/1/2023,CUST-01416,47.22
5/1/2023,CUST-01416,47.22
6/1/2023,CUST-01416,47.22
7/1/2023,CUST-01416,47.22
8/1/2023,CUST-01416,47.22
9/1/2023,CUST-01416,47.22
10/1/2023,CUST-01416,47.22
11/1/2023,CUST-01416,47.22
12/1/2023,CUST-01416,47.93
1/1/2024,CUST-01416,47.22
2/1/2024,CUST-01416,47.22
3/1/2024,CUST-01416,47.22
4/1/2024,CUST-01416,47.22
5/1/2024,CUST-01416,47.22
6/1/2024,CUST-01416,47.22
7/1/2024,CUST-01416,47.22
8/1/2024,CUST-01416,47.22
9/1/2024,CUST-01416,47.22
10/1/2024,CUST-01416,47.22
11/1/2024,CUST-01416,47.22
12/1/2024,CUST-01416,47.93
1/1/2025,CUST-01416,47.22
2/1/2025,CUST-01416,47.22
3/1/2025,CUST-01416,47.22
4/1/2025,CUST-01416,47.22
5/1/2025,CUST-01416,47.22
6/1/2025,CUST-01416,47.22
7/1/2025,CUST-01416,47.22
8/1/2025,CUST-01416,47.22
9/1/2025,CUST-01416,47.22
10/1/2025,CUST-01416,47.22
11/1/2025,CUST-01416,47.22
12/1/2025,CUST-01416,47.93
4/1/2022,CUST-01417,50.76
5/1/2022,CUST-01417,50.76
6/1/2022,CUST-01417,50.76
7/1/2022,CUST-01417,50.76
8/1/2022,CUST-01417,50.76
9/1/2022,CUST-01417,50.76
10/1/2022,CUST-01417,50.76
11/1/2022,CUST-01417,50.76
12/1/2022,CUST-01417,51.52
1/1/2023,CUST-01417,50.76
2/1/2023,CUST-01417,50.76
3/1/2023,CUST-01417,50.76
4/1/2023,CUST-01417,50.76
5/1/2023,CUST-01417,50.76
6/1/2023,CUST-01417,50.76
7/1/2023,CUST-01417,50.76
8/1/2023,CUST-01417,50.76
9/1/2023,CUST-01417,50.76
10/1/2023,CUST-01417,50.76
11/1/2023,CUST-01417,50.76
12/1/2023,CUST-01417,51.52
1/1/2024,CUST-01417,50.76
2/1/2024,CUST-01417,50.76
3/1/2024,CUST-01417,50.76
4/1/2024,CUST-01417,50.76
5/1/2024,CUST-01417,50.76
10/1/2024,CUST-01418,70.85
11/1/2024,CUST-01418,70.85
12/1/2024,CUST-01418,71.91
1/1/2025,CUST-01418,70.85
2/1/2025,CUST-01418,70.85
3/1/2025,CUST-01418,70.85
4/1/2025,CUST-01418,70.85
5/1/2025,CUST-01418,70.85
6/1/2025,CUST-01418,70.85
7/1/2025,CUST-01418,70.85
8/1/2025,CUST-01418,70.85
9/1/2025,CUST-01418,70.85
10/1/2025,CUST-01418,70.85
11/1/2025,CUST-01418,70.85
12/1/2025,CUST-01418,71.91
7/1/2022,CUST-01419,39.5
8/1/2022,CUST-01419,39.5
9/1/2022,CUST-01419,39.5
10/1/2022,CUST-01419,39.5
11/1/2022,CUST-01419,39.5
12/1/2022,CUST-01419,40.09
1/1/2023,CUST-01419,39.5
2/1/2023,CUST-01419,39.5
3/1/2023,CUST-01419,39.5
4/1/2023,CUST-01419,39.5
5/1/2023,CUST-01419,39.5
6/1/2023,CUST-01419,39.5
7/1/2023,CUST-01419,39.5
8/1/2023,CUST-01419,39.5
9/1/2023,CUST-01419,39.5
10/1/2023,CUST-01419,39.5
11/1/2023,CUST-01419,39.5
12/1/2023,CUST-01419,40.09
1/1/2024,CUST-01419,39.5
2/1/2024,CUST-01419,39.5
3/1/2024,CUST-01419,39.5
4/1/2024,CUST-01419,39.5
5/1/2024,CUST-01419,39.5
6/1/2024,CUST-01419,39.5
7/1/2024,CUST-01419,39.5
8/1/2024,CUST-01419,39.5
9/1/2024,CUST-01419,39.5
10/1/2024,CUST-01419,39.5
11/1/2024,CUST-01419,39.5
12/1/2024,CUST-01419,40.09
1/1/2025,CUST-01419,39.5
2/1/2025,CUST-01419,39.5
3/1/2025,CUST-01419,39.5
4/1/2025,CUST-01419,39.5
5/1/2025,CUST-01419,39.5
6/1/2025,CUST-01419,39.5
7/1/2025,CUST-01419,39.5
8/1/2025,CUST-01419,39.5
9/1/2025,CUST-01419,39.5
10/1/2025,CUST-01419,39.5
11/1/2025,CUST-01419,39.5
12/1/2025,CUST-01419,40.09
11/1/2023,CUST-01420,47.04
12/1/2023,CUST-01420,47.75
1/1/2024,CUST-01420,47.04
2/1/2024,CUST-01420,47.04
3/1/2024,CUST-01420,47.04
4/1/2024,CUST-01420,47.04
5/1/2024,CUST-01420,47.04
6/1/2024,CUST-01420,47.04
7/1/2024,CUST-01420,47.04
8/1/2024,CUST-01420,47.04
9/1/2024,CUST-01420,47.04
10/1/2024,CUST-01420,47.04
11/1/2024,CUST-01420,47.04
12/1/2024,CUST-01420,47.75
1/1/2025,CUST-01420,47.04
2/1/2025,CUST-01420,47.04
3/1/2025,CUST-01420,47.04
4/1/2025,CUST-01420,47.04
5/1/2025,CUST-01420,47.04
6/1/2025,CUST-01420,47.04
7/1/2025,CUST-01420,47.04
8/1/2025,CUST-01420,47.04
9/1/2025,CUST-01420,47.04
10/1/2025,CUST-01420,47.04
11/1/2025,CUST-01420,47.04
12/1/2025,CUST-01420,47.75
11/1/2024,CUST-01421,71.29
12/1/2024,CUST-01421,72.36
1/1/2025,CUST-01421,71.29
2/1/2025,CUST-01421,71.29
3/1/2025,CUST-01421,71.29
4/1/2025,CUST-01421,71.29
5/1/2025,CUST-01421,71.29
6/1/2025,CUST-01421,71.29
7/1/2025,CUST-01421,71.29
8/1/2025,CUST-01421,71.29
9/1/2025,CUST-01421,71.29
10/1/2025,CUST-01421,71.29
11/1/2025,CUST-01421,71.29
12/1/2025,CUST-01421,72.36
6/1/2024,CUST-01422,101.42
7/1/2024,CUST-01422,101.42
8/1/2024,CUST-01422,101.42
9/1/2024,CUST-01422,101.42
10/1/2024,CUST-01422,101.42
11/1/2024,CUST-01422,101.42
12/1/2024,CUST-01422,102.94
1/1/2025,CUST-01422,101.42
2/1/2025,CUST-01422,101.42
3/1/2025,CUST-01422,101.42
4/1/2025,CUST-01422,101.42
5/1/2025,CUST-01422,101.42
6/1/2025,CUST-01422,101.42
7/1/2025,CUST-01422,101.42
8/1/2025,CUST-01422,101.42
9/1/2025,CUST-01422,101.42
10/1/2025,CUST-01422,101.42
11/1/2025,CUST-01422,101.42
12/1/2025,CUST-01422,102.94
12/1/2024,CUST-01423,80.06
1/1/2025,CUST-01423,78.88
2/1/2025,CUST-01423,78.88
3/1/2025,CUST-01423,78.88
4/1/2025,CUST-01423,78.88
5/1/2025,CUST-01423,78.88
6/1/2025,CUST-01423,78.88
7/1/2025,CUST-01423,78.88
8/1/2025,CUST-01423,78.88
9/1/2025,CUST-01423,78.88
10/1/2025,CUST-01423,78.88
11/1/2025,CUST-01423,78.88
12/1/2025,CUST-01423,80.06
3/1/2022,CUST-01424,39.93
4/1/2022,CUST-01424,39.93
5/1/2022,CUST-01424,39.93
6/1/2022,CUST-01424,39.93
7/1/2022,CUST-01424,39.93
8/1/2022,CUST-01424,39.93
9/1/2022,CUST-01424,39.93
10/1/2022,CUST-01424,39.93
11/1/2022,CUST-01424,39.93
12/1/2022,CUST-01424,40.53
1/1/2023,CUST-01424,39.93
2/1/2023,CUST-01424,39.93
3/1/2023,CUST-01424,39.93
4/1/2023,CUST-01424,39.93
5/1/2023,CUST-01424,39.93
6/1/2023,CUST-01424,39.93
7/1/2023,CUST-01424,39.93
8/1/2023,CUST-01424,39.93
9/1/2023,CUST-01424,39.93
10/1/2023,CUST-01424,39.93
11/1/2023,CUST-01424,39.93
12/1/2023,CUST-01424,40.53
1/1/2024,CUST-01424,39.93
2/1/2024,CUST-01424,39.93
3/1/2024,CUST-01424,39.93
4/1/2024,CUST-01424,39.93
5/1/2024,CUST-01424,39.93
6/1/2024,CUST-01424,39.93
7/1/2024,CUST-01424,39.93
8/1/2024,CUST-01424,39.93
9/1/2024,CUST-01424,39.93
10/1/2024,CUST-01424,39.93
11/1/2024,CUST-01424,39.93
12/1/2024,CUST-01424,40.53
1/1/2025,CUST-01424,39.93
2/1/2025,CUST-01424,39.93
3/1/2025,CUST-01424,39.93
4/1/2025,CUST-01424,39.93
5/1/2025,CUST-01424,39.93
6/1/2025,CUST-01424,39.93
7/1/2025,CUST-01424,39.93
8/1/2025,CUST-01424,39.93
9/1/2025,CUST-01424,39.93
10/1/2025,CUST-01424,39.93
11/1/2025,CUST-01424,39.93
12/1/2025,CUST-01424,40.53
7/1/2024,CUST-01425,48.11
8/1/2024,CUST-01425,48.11
9/1/2024,CUST-01425,48.11
10/1/2024,CUST-01425,48.11
11/1/2024,CUST-01425,48.11
12/1/2024,CUST-01425,48.83
1/1/2025,CUST-01425,48.11
2/1/2025,CUST-01425,48.11
3/1/2025,CUST-01425,48.11
4/1/2025,CUST-01425,48.11
5/1/2025,CUST-01425,48.11
6/1/2025,CUST-01425,48.11
7/1/2025,CUST-01425,48.11
8/1/2025,CUST-01425,48.11
9/1/2025,CUST-01425,48.11
10/1/2025,CUST-01425,48.11
11/1/2025,CUST-01425,48.11
12/1/2025,CUST-01425,48.83
12/1/2023,CUST-01426,76.32
1/1/2024,CUST-01426,75.19
2/1/2024,CUST-01426,75.19
3/1/2024,CUST-01426,75.19
4/1/2024,CUST-01426,75.19
5/1/2024,CUST-01426,75.19
6/1/2024,CUST-01426,75.19
7/1/2024,CUST-01426,75.19
8/1/2024,CUST-01426,75.19
9/1/2024,CUST-01426,75.19
10/1/2024,CUST-01426,75.19
11/1/2024,CUST-01426,75.19
12/1/2024,CUST-01426,76.32
1/1/2025,CUST-01426,75.19
2/1/2025,CUST-01426,75.19
3/1/2025,CUST-01426,75.19
4/1/2025,CUST-01426,75.19
5/1/2025,CUST-01426,75.19
6/1/2025,CUST-01426,75.19
7/1/2025,CUST-01426,75.19
8/1/2025,CUST-01426,75.19
9/1/2025,CUST-01426,75.19
10/1/2025,CUST-01426,75.19
11/1/2025,CUST-01426,75.19
12/1/2025,CUST-01426,76.32
11/1/2024,CUST-01427,125.4
12/1/2024,CUST-01427,127.28
1/1/2025,CUST-01427,125.4
2/1/2025,CUST-01427,125.4
3/1/2025,CUST-01427,125.4
4/1/2025,CUST-01427,125.4
5/1/2025,CUST-01427,125.4
6/1/2025,CUST-01427,125.4
7/1/2025,CUST-01427,125.4
8/1/2025,CUST-01427,125.4
9/1/2025,CUST-01427,125.4
10/1/2025,CUST-01427,125.4
11/1/2025,CUST-01427,125.4
12/1/2025,CUST-01427,127.28
9/1/2025,CUST-01428,50.8
10/1/2025,CUST-01428,50.8
11/1/2025,CUST-01428,50.8
12/1/2025,CUST-01428,51.56
1/1/2023,CUST-01429,46.56
2/1/2023,CUST-01429,46.56
3/1/2023,CUST-01429,46.56
4/1/2023,CUST-01429,46.56
5/1/2023,CUST-01429,46.56
6/1/2023,CUST-01429,46.56
7/1/2023,CUST-01429,46.56
8/1/2023,CUST-01429,46.56
9/1/2023,CUST-01429,46.56
10/1/2023,CUST-01429,46.56
11/1/2023,CUST-01429,46.56
12/1/2023,CUST-01429,47.26
1/1/2024,CUST-01429,46.56
2/1/2024,CUST-01429,46.56
3/1/2024,CUST-01429,46.56
4/1/2024,CUST-01429,46.56
5/1/2024,CUST-01429,46.56
6/1/2024,CUST-01429,46.56
7/1/2024,CUST-01429,46.56
8/1/2024,CUST-01429,46.56
9/1/2024,CUST-01429,46.56
10/1/2024,CUST-01429,46.56
11/1/2024,CUST-01429,46.56
12/1/2024,CUST-01429,47.26
1/1/2025,CUST-01429,46.56
2/1/2025,CUST-01429,46.56
3/1/2025,CUST-01429,46.56
4/1/2025,CUST-01429,46.56
5/1/2025,CUST-01429,46.56
6/1/2025,CUST-01429,46.56
7/1/2025,CUST-01429,46.56
8/1/2025,CUST-01429,46.56
9/1/2025,CUST-01429,46.56
10/1/2025,CUST-01429,46.56
11/1/2025,CUST-01429,46.56
12/1/2025,CUST-01429,47.26
11/1/2023,CUST-01430,73.11
12/1/2023,CUST-01430,74.21
1/1/2024,CUST-01430,73.11
2/1/2024,CUST-01430,73.11
3/1/2024,CUST-01430,73.11
4/1/2024,CUST-01430,73.11
5/1/2024,CUST-01430,73.11
6/1/2024,CUST-01430,73.11
7/1/2024,CUST-01430,73.11
8/1/2024,CUST-01430,73.11
9/1/2024,CUST-01430,73.11
10/1/2024,CUST-01430,73.11
11/1/2024,CUST-01430,73.11
12/1/2024,CUST-01430,74.21
1/1/2025,CUST-01430,73.11
2/1/2025,CUST-01430,73.11
3/1/2025,CUST-01430,73.11
4/1/2025,CUST-01430,73.11
5/1/2025,CUST-01430,73.11
6/1/2025,CUST-01430,73.11
7/1/2025,CUST-01430,73.11
8/1/2025,CUST-01430,73.11
9/1/2025,CUST-01430,73.11
10/1/2025,CUST-01430,73.11
11/1/2025,CUST-01430,73.11
12/1/2025,CUST-01430,74.21
4/1/2024,CUST-01431,53.56
5/1/2024,CUST-01431,53.56
6/1/2024,CUST-01431,53.56
7/1/2024,CUST-01431,53.56
8/1/2024,CUST-01431,53.56
9/1/2024,CUST-01431,53.56
10/1/2024,CUST-01431,53.56
11/1/2024,CUST-01431,53.56
12/1/2024,CUST-01431,54.36
1/1/2025,CUST-01431,53.56
2/1/2025,CUST-01431,53.56
3/1/2025,CUST-01431,53.56
4/1/2025,CUST-01431,53.56
5/1/2025,CUST-01431,53.56
6/1/2025,CUST-01431,53.56
7/1/2025,CUST-01431,53.56
8/1/2025,CUST-01431,53.56
9/1/2025,CUST-01431,53.56
10/1/2025,CUST-01431,53.56
11/1/2025,CUST-01431,53.56
12/1/2025,CUST-01431,54.36
7/1/2023,CUST-01432,54.6
8/1/2023,CUST-01432,54.6
9/1/2023,CUST-01432,54.6
10/1/2023,CUST-01432,54.6
11/1/2023,CUST-01432,54.6
12/1/2023,CUST-01432,55.42
1/1/2024,CUST-01432,54.6
2/1/2024,CUST-01432,54.6
3/1/2024,CUST-01432,54.6
4/1/2024,CUST-01432,54.6
5/1/2024,CUST-01432,54.6
6/1/2024,CUST-01432,54.6
7/1/2024,CUST-01432,54.6
8/1/2024,CUST-01432,54.6
9/1/2024,CUST-01432,54.6
10/1/2024,CUST-01432,54.6
11/1/2024,CUST-01432,54.6
12/1/2024,CUST-01432,55.42
1/1/2025,CUST-01432,54.6
2/1/2025,CUST-01432,54.6
3/1/2025,CUST-01432,54.6
4/1/2025,CUST-01432,54.6
5/1/2025,CUST-01432,54.6
6/1/2025,CUST-01432,54.6
7/1/2025,CUST-01432,54.6
8/1/2025,CUST-01432,54.6
9/1/2025,CUST-01432,54.6
10/1/2025,CUST-01432,54.6
11/1/2025,CUST-01432,54.6
12/1/2025,CUST-01432,55.42
4/1/2022,CUST-01433,44.55
5/1/2022,CUST-01433,44.55
6/1/2022,CUST-01433,44.55
7/1/2022,CUST-01433,44.55
8/1/2022,CUST-01433,44.55
9/1/2022,CUST-01433,44.55
10/1/2022,CUST-01433,44.55
11/1/2022,CUST-01433,44.55
12/1/2022,CUST-01433,45.22
1/1/2023,CUST-01433,44.55
2/1/2023,CUST-01433,44.55
3/1/2023,CUST-01433,44.55
4/1/2023,CUST-01433,44.55
5/1/2023,CUST-01433,44.55
6/1/2023,CUST-01433,44.55
7/1/2023,CUST-01433,44.55
8/1/2023,CUST-01433,44.55
9/1/2023,CUST-01433,44.55
10/1/2023,CUST-01433,44.55
11/1/2023,CUST-01433,44.55
12/1/2023,CUST-01433,45.22
1/1/2024,CUST-01433,44.55
2/1/2024,CUST-01433,44.55
3/1/2024,CUST-01433,44.55
4/1/2024,CUST-01433,44.55
5/1/2024,CUST-01433,44.55
6/1/2024,CUST-01433,44.55
7/1/2024,CUST-01433,44.55
8/1/2024,CUST-01433,44.55
9/1/2024,CUST-01433,44.55
10/1/2024,CUST-01433,44.55
11/1/2024,CUST-01433,44.55
12/1/2024,CUST-01433,45.22
1/1/2025,CUST-01433,44.55
2/1/2025,CUST-01433,44.55
3/1/2025,CUST-01433,44.55
4/1/2025,CUST-01433,44.55
5/1/2025,CUST-01433,44.55
6/1/2025,CUST-01433,44.55
7/1/2025,CUST-01433,44.55
8/1/2025,CUST-01433,44.55
9/1/2025,CUST-01433,44.55
10/1/2025,CUST-01433,44.55
11/1/2025,CUST-01433,44.55
12/1/2025,CUST-01433,45.22
3/1/2023,CUST-01434,76.44
4/1/2023,CUST-01434,76.44
5/1/2023,CUST-01434,76.44
6/1/2023,CUST-01434,76.44
7/1/2023,CUST-01434,76.44
8/1/2023,CUST-01434,76.44
9/1/2023,CUST-01434,76.44
10/1/2023,CUST-01434,76.44
11/1/2023,CUST-01434,76.44
12/1/2023,CUST-01434,77.59
1/1/2024,CUST-01434,76.44
2/1/2024,CUST-01434,76.44
3/1/2024,CUST-01434,76.44
4/1/2024,CUST-01434,76.44
5/1/2024,CUST-01434,76.44
6/1/2024,CUST-01434,76.44
7/1/2024,CUST-01434,76.44
8/1/2024,CUST-01434,76.44
9/1/2024,CUST-01434,76.44
10/1/2024,CUST-01434,76.44
11/1/2024,CUST-01434,76.44
12/1/2024,CUST-01434,77.59
1/1/2025,CUST-01434,76.44
2/1/2025,CUST-01434,76.44
3/1/2025,CUST-01434,76.44
4/1/2025,CUST-01434,76.44
5/1/2025,CUST-01434,76.44
6/1/2025,CUST-01434,76.44
7/1/2025,CUST-01434,76.44
8/1/2025,CUST-01434,76.44
9/1/2025,CUST-01434,76.44
10/1/2025,CUST-01434,76.44
11/1/2025,CUST-01434,76.44
12/1/2025,CUST-01434,77.59
6/1/2024,CUST-01435,48.08
7/1/2024,CUST-01435,48.08
8/1/2024,CUST-01435,48.08
5/1/2023,CUST-01436,76.2
6/1/2023,CUST-01436,76.2
7/1/2023,CUST-01436,76.2
8/1/2023,CUST-01436,76.2
9/1/2023,CUST-01436,76.2
10/1/2023,CUST-01436,76.2
11/1/2023,CUST-01436,76.2
12/1/2023,CUST-01436,77.34
1/1/2024,CUST-01436,76.2
2/1/2024,CUST-01436,76.2
3/1/2024,CUST-01436,76.2
4/1/2024,CUST-01436,76.2
5/1/2024,CUST-01436,76.2
6/1/2024,CUST-01436,76.2
7/1/2024,CUST-01436,76.2
8/1/2024,CUST-01436,76.2
9/1/2024,CUST-01436,76.2
10/1/2024,CUST-01436,76.2
11/1/2024,CUST-01436,76.2
12/1/2024,CUST-01436,77.34
1/1/2025,CUST-01436,76.2
2/1/2025,CUST-01436,76.2
3/1/2025,CUST-01436,76.2
4/1/2025,CUST-01436,76.2
5/1/2025,CUST-01436,76.2
6/1/2025,CUST-01436,76.2
7/1/2025,CUST-01436,76.2
8/1/2025,CUST-01436,76.2
9/1/2025,CUST-01436,76.2
10/1/2025,CUST-01436,76.2
11/1/2025,CUST-01436,76.2
12/1/2025,CUST-01436,77.34
7/1/2024,CUST-01437,59.5
8/1/2024,CUST-01437,59.5
9/1/2024,CUST-01437,59.5
10/1/2024,CUST-01437,59.5
11/1/2024,CUST-01437,59.5
8/1/2025,CUST-01438,64.66
9/1/2025,CUST-01438,64.66
10/1/2025,CUST-01438,64.66
4/1/2025,CUST-01439,48.67
5/1/2025,CUST-01439,48.67
6/1/2025,CUST-01439,48.67
7/1/2025,CUST-01439,48.67
8/1/2025,CUST-01439,48.67
9/1/2025,CUST-01439,48.67
10/1/2025,CUST-01439,48.67
11/1/2025,CUST-01439,48.67
12/1/2025,CUST-01439,49.4
10/1/2023,CUST-01440,52.64
11/1/2023,CUST-01440,52.64
12/1/2023,CUST-01440,53.43
1/1/2024,CUST-01440,52.64
2/1/2024,CUST-01440,52.64
3/1/2024,CUST-01440,52.64
4/1/2024,CUST-01440,52.64
5/1/2024,CUST-01440,52.64
6/1/2024,CUST-01440,52.64
7/1/2024,CUST-01440,52.64
8/1/2024,CUST-01440,52.64
9/1/2024,CUST-01440,52.64
10/1/2024,CUST-01440,52.64
11/1/2024,CUST-01440,52.64
12/1/2024,CUST-01440,53.43
1/1/2025,CUST-01440,52.64
2/1/2025,CUST-01440,52.64
3/1/2025,CUST-01440,52.64
4/1/2025,CUST-01440,52.64
5/1/2025,CUST-01440,52.64
6/1/2025,CUST-01440,52.64
7/1/2025,CUST-01440,52.64
8/1/2025,CUST-01440,52.64
9/1/2025,CUST-01440,52.64
10/1/2025,CUST-01440,52.64
11/1/2025,CUST-01440,52.64
12/1/2025,CUST-01440,53.43
11/1/2024,CUST-01441,67.47
12/1/2024,CUST-01441,68.48
1/1/2025,CUST-01441,67.47
2/1/2025,CUST-01441,67.47
3/1/2025,CUST-01441,67.47
4/1/2025,CUST-01441,67.47
5/1/2025,CUST-01441,67.47
6/1/2025,CUST-01441,67.47
7/1/2025,CUST-01441,67.47
8/1/2025,CUST-01441,67.47
9/1/2025,CUST-01441,67.47
10/1/2025,CUST-01441,67.47
11/1/2025,CUST-01441,67.47
12/1/2025,CUST-01441,68.48
8/1/2022,CUST-01442,116.51
9/1/2022,CUST-01442,116.51
10/1/2022,CUST-01442,116.51
11/1/2022,CUST-01442,116.51
12/1/2022,CUST-01442,118.26
1/1/2023,CUST-01442,116.51
2/1/2023,CUST-01442,116.51
3/1/2023,CUST-01442,116.51
4/1/2023,CUST-01442,116.51
5/1/2023,CUST-01442,116.51
6/1/2023,CUST-01442,116.51
7/1/2023,CUST-01442,116.51
8/1/2023,CUST-01442,116.51
9/1/2023,CUST-01442,116.51
10/1/2023,CUST-01442,116.51
11/1/2023,CUST-01442,116.51
12/1/2023,CUST-01442,118.26
1/1/2024,CUST-01442,116.51
2/1/2024,CUST-01442,116.51
3/1/2024,CUST-01442,116.51
4/1/2024,CUST-01442,116.51
5/1/2024,CUST-01442,116.51
6/1/2024,CUST-01442,116.51
7/1/2024,CUST-01442,116.51
8/1/2024,CUST-01442,116.51
9/1/2024,CUST-01442,116.51
10/1/2024,CUST-01442,116.51
11/1/2024,CUST-01442,116.51
12/1/2024,CUST-01442,118.26
1/1/2025,CUST-01442,116.51
2/1/2025,CUST-01442,116.51
3/1/2025,CUST-01442,116.51
4/1/2025,CUST-01442,116.51
5/1/2025,CUST-01442,116.51
6/1/2025,CUST-01442,116.51
7/1/2025,CUST-01442,116.51
8/1/2025,CUST-01442,116.51
9/1/2025,CUST-01442,116.51
10/1/2025,CUST-01442,116.51
11/1/2025,CUST-01442,116.51
12/1/2025,CUST-01442,118.26
1/1/2023,CUST-01443,99.21
2/1/2023,CUST-01443,99.21
3/1/2023,CUST-01443,99.21
4/1/2023,CUST-01443,99.21
5/1/2023,CUST-01443,99.21
6/1/2023,CUST-01443,99.21
7/1/2023,CUST-01443,99.21
8/1/2023,CUST-01443,99.21
9/1/2023,CUST-01443,99.21
10/1/2023,CUST-01443,99.21
11/1/2023,CUST-01443,99.21
12/1/2023,CUST-01443,100.7
1/1/2024,CUST-01443,99.21
2/1/2024,CUST-01443,99.21
3/1/2024,CUST-01443,99.21
4/1/2024,CUST-01443,99.21
5/1/2024,CUST-01443,99.21
6/1/2024,CUST-01443,99.21
7/1/2024,CUST-01443,99.21
8/1/2024,CUST-01443,99.21
9/1/2024,CUST-01443,99.21
10/1/2024,CUST-01443,99.21
11/1/2024,CUST-01443,99.21
12/1/2024,CUST-01443,100.7
1/1/2025,CUST-01443,99.21
2/1/2025,CUST-01443,99.21
3/1/2025,CUST-01443,99.21
4/1/2025,CUST-01443,99.21
5/1/2025,CUST-01443,99.21
6/1/2025,CUST-01443,99.21
7/1/2025,CUST-01443,99.21
8/1/2025,CUST-01443,99.21
9/1/2025,CUST-01443,99.21
10/1/2025,CUST-01443,99.21
11/1/2025,CUST-01443,99.21
12/1/2025,CUST-01443,100.7
8/1/2025,CUST-01444,88.01
9/1/2025,CUST-01444,88.01
10/1/2025,CUST-01444,88.01
11/1/2025,CUST-01444,88.01
12/1/2025,CUST-01444,89.33
8/1/2023,CUST-01445,120.15
9/1/2023,CUST-01445,120.15
10/1/2023,CUST-01445,120.15
11/1/2023,CUST-01445,120.15
12/1/2023,CUST-01445,121.95
1/1/2024,CUST-01445,120.15
2/1/2024,CUST-01445,120.15
3/1/2024,CUST-01445,120.15
4/1/2024,CUST-01445,120.15
5/1/2024,CUST-01445,120.15
6/1/2024,CUST-01445,120.15
7/1/2024,CUST-01445,120.15
8/1/2024,CUST-01445,120.15
9/1/2024,CUST-01445,120.15
10/1/2024,CUST-01445,120.15
11/1/2024,CUST-01445,120.15
12/1/2024,CUST-01445,121.95
1/1/2025,CUST-01445,120.15
2/1/2025,CUST-01445,120.15
3/1/2025,CUST-01445,120.15
4/1/2025,CUST-01445,120.15
5/1/2025,CUST-01445,120.15
6/1/2025,CUST-01445,120.15
7/1/2025,CUST-01445,120.15
8/1/2025,CUST-01445,120.15
9/1/2025,CUST-01445,120.15
10/1/2025,CUST-01445,120.15
11/1/2025,CUST-01445,120.15
12/1/2025,CUST-01445,121.95
12/1/2023,CUST-01446,53.96
1/1/2024,CUST-01446,53.16
2/1/2024,CUST-01446,53.16
3/1/2024,CUST-01446,53.16
4/1/2024,CUST-01446,53.16
5/1/2024,CUST-01446,53.16
6/1/2024,CUST-01446,53.16
7/1/2024,CUST-01446,53.16
8/1/2024,CUST-01446,53.16
9/1/2024,CUST-01446,53.16
10/1/2024,CUST-01446,53.16
11/1/2024,CUST-01446,53.16
12/1/2024,CUST-01446,53.96
1/1/2025,CUST-01446,53.16
2/1/2025,CUST-01446,53.16
3/1/2025,CUST-01446,53.16
4/1/2025,CUST-01446,53.16
5/1/2025,CUST-01446,53.16
6/1/2025,CUST-01446,53.16
7/1/2025,CUST-01446,53.16
8/1/2025,CUST-01446,53.16
9/1/2025,CUST-01446,53.16
10/1/2025,CUST-01446,53.16
11/1/2025,CUST-01446,53.16
12/1/2025,CUST-01446,53.96
3/1/2022,CUST-01447,90.91
4/1/2022,CUST-01447,90.91
5/1/2022,CUST-01447,90.91
6/1/2022,CUST-01447,90.91
7/1/2022,CUST-01447,90.91
8/1/2022,CUST-01447,90.91
9/1/2022,CUST-01447,90.91
10/1/2022,CUST-01447,90.91
11/1/2022,CUST-01447,90.91
12/1/2022,CUST-01447,92.27
1/1/2023,CUST-01447,90.91
2/1/2023,CUST-01447,90.91
3/1/2023,CUST-01447,90.91
4/1/2023,CUST-01447,90.91
5/1/2023,CUST-01447,90.91
6/1/2023,CUST-01447,90.91
7/1/2023,CUST-01447,90.91
8/1/2023,CUST-01447,90.91
9/1/2023,CUST-01447,90.91
10/1/2023,CUST-01447,90.91
11/1/2023,CUST-01447,90.91
12/1/2023,CUST-01447,92.27
1/1/2024,CUST-01447,90.91
2/1/2024,CUST-01447,90.91
3/1/2024,CUST-01447,90.91
4/1/2024,CUST-01447,90.91
5/1/2024,CUST-01447,90.91
6/1/2024,CUST-01447,90.91
7/1/2024,CUST-01447,90.91
8/1/2024,CUST-01447,90.91
9/1/2024,CUST-01447,90.91
10/1/2024,CUST-01447,90.91
11/1/2024,CUST-01447,90.91
12/1/2024,CUST-01447,92.27
1/1/2025,CUST-01447,90.91
2/1/2025,CUST-01447,90.91
3/1/2025,CUST-01447,90.91
4/1/2025,CUST-01447,90.91
5/1/2025,CUST-01447,90.91
6/1/2025,CUST-01447,90.91
7/1/2025,CUST-01447,90.91
8/1/2025,CUST-01447,90.91
9/1/2025,CUST-01447,90.91
10/1/2025,CUST-01447,90.91
11/1/2025,CUST-01447,90.91
12/1/2025,CUST-01447,92.27
6/1/2025,CUST-01448,86.7
7/1/2025,CUST-01448,86.7
8/1/2025,CUST-01448,86.7
9/1/2025,CUST-01448,86.7
10/1/2025,CUST-01448,86.7
11/1/2025,CUST-01448,86.7
12/1/2025,CUST-01448,88
1/1/2022,CUST-01449,126.13
2/1/2022,CUST-01449,126.13
3/1/2022,CUST-01449,126.13
4/1/2022,CUST-01449,126.13
5/1/2022,CUST-01449,126.13
6/1/2022,CUST-01449,126.13
7/1/2022,CUST-01449,126.13
8/1/2022,CUST-01449,126.13
9/1/2022,CUST-01449,126.13
10/1/2022,CUST-01449,126.13
11/1/2022,CUST-01449,126.13
12/1/2022,CUST-01449,128.02
1/1/2023,CUST-01449,126.13
2/1/2023,CUST-01449,126.13
3/1/2023,CUST-01449,126.13
4/1/2023,CUST-01449,126.13
5/1/2023,CUST-01449,126.13
6/1/2023,CUST-01449,126.13
7/1/2023,CUST-01449,126.13
8/1/2023,CUST-01449,126.13
9/1/2023,CUST-01449,126.13
10/1/2023,CUST-01449,126.13
11/1/2023,CUST-01449,126.13
12/1/2023,CUST-01449,128.02
1/1/2024,CUST-01449,126.13
2/1/2024,CUST-01449,126.13
3/1/2024,CUST-01449,126.13
4/1/2024,CUST-01449,126.13
5/1/2024,CUST-01449,126.13
6/1/2024,CUST-01449,126.13
7/1/2024,CUST-01449,126.13
8/1/2024,CUST-01449,126.13
9/1/2024,CUST-01449,126.13
10/1/2024,CUST-01449,126.13
11/1/2024,CUST-01449,126.13
12/1/2024,CUST-01449,128.02
1/1/2025,CUST-01449,126.13
2/1/2025,CUST-01449,126.13
3/1/2025,CUST-01449,126.13
4/1/2025,CUST-01449,126.13
5/1/2025,CUST-01449,126.13
6/1/2025,CUST-01449,126.13
7/1/2025,CUST-01449,126.13
8/1/2025,CUST-01449,126.13
9/1/2025,CUST-01449,126.13
10/1/2025,CUST-01449,126.13
11/1/2025,CUST-01449,126.13
12/1/2025,CUST-01449,128.02
12/1/2023,CUST-01450,56.98
1/1/2024,CUST-01450,56.14
2/1/2024,CUST-01450,56.14
3/1/2024,CUST-01450,56.14
4/1/2024,CUST-01450,56.14
5/1/2024,CUST-01450,56.14
6/1/2024,CUST-01450,56.14
7/1/2024,CUST-01450,56.14
8/1/2024,CUST-01450,56.14
9/1/2024,CUST-01450,56.14
10/1/2024,CUST-01450,56.14
11/1/2024,CUST-01450,56.14
8/1/2022,CUST-01451,47.49
9/1/2022,CUST-01451,47.49
10/1/2022,CUST-01451,47.49
11/1/2022,CUST-01451,47.49
12/1/2022,CUST-01451,48.2
1/1/2023,CUST-01451,47.49
2/1/2023,CUST-01451,47.49
3/1/2023,CUST-01451,47.49
4/1/2023,CUST-01451,47.49
5/1/2023,CUST-01451,47.49
6/1/2023,CUST-01451,47.49
7/1/2023,CUST-01451,47.49
8/1/2023,CUST-01451,47.49
9/1/2023,CUST-01451,47.49
10/1/2023,CUST-01451,47.49
11/1/2023,CUST-01451,47.49
12/1/2023,CUST-01451,48.2
1/1/2024,CUST-01451,47.49
2/1/2024,CUST-01451,47.49
3/1/2024,CUST-01451,47.49
4/1/2024,CUST-01451,47.49
5/1/2024,CUST-01451,47.49
6/1/2024,CUST-01451,47.49
7/1/2024,CUST-01451,47.49
8/1/2024,CUST-01451,47.49
9/1/2024,CUST-01451,47.49
10/1/2024,CUST-01451,47.49
11/1/2024,CUST-01451,47.49
12/1/2024,CUST-01451,48.2
1/1/2025,CUST-01451,47.49
2/1/2025,CUST-01451,47.49
3/1/2025,CUST-01451,47.49
4/1/2025,CUST-01451,47.49
5/1/2025,CUST-01451,47.49
6/1/2025,CUST-01451,47.49
7/1/2025,CUST-01451,47.49
8/1/2025,CUST-01451,47.49
9/1/2025,CUST-01451,47.49
10/1/2025,CUST-01451,47.49
11/1/2025,CUST-01451,47.49
12/1/2025,CUST-01451,48.2
4/1/2022,CUST-01452,66.62
5/1/2022,CUST-01452,66.62
6/1/2022,CUST-01452,66.62
7/1/2022,CUST-01452,66.62
8/1/2022,CUST-01452,66.62
9/1/2022,CUST-01452,66.62
10/1/2022,CUST-01452,66.62
11/1/2022,CUST-01452,66.62
12/1/2022,CUST-01452,67.62
1/1/2023,CUST-01452,66.62
2/1/2023,CUST-01452,66.62
3/1/2023,CUST-01452,66.62
4/1/2023,CUST-01452,66.62
5/1/2023,CUST-01452,66.62
6/1/2023,CUST-01452,66.62
7/1/2023,CUST-01452,66.62
8/1/2023,CUST-01452,66.62
9/1/2023,CUST-01452,66.62
10/1/2023,CUST-01452,66.62
11/1/2023,CUST-01452,66.62
12/1/2023,CUST-01452,67.62
1/1/2024,CUST-01452,66.62
2/1/2024,CUST-01452,66.62
3/1/2024,CUST-01452,66.62
4/1/2024,CUST-01452,66.62
5/1/2024,CUST-01452,66.62
6/1/2024,CUST-01452,66.62
7/1/2024,CUST-01452,66.62
8/1/2024,CUST-01452,66.62
9/1/2024,CUST-01452,66.62
10/1/2024,CUST-01452,66.62
11/1/2024,CUST-01452,66.62
12/1/2024,CUST-01452,67.62
1/1/2025,CUST-01452,66.62
2/1/2025,CUST-01452,66.62
3/1/2025,CUST-01452,66.62
4/1/2025,CUST-01452,66.62
5/1/2025,CUST-01452,66.62
6/1/2025,CUST-01452,66.62
7/1/2025,CUST-01452,66.62
8/1/2025,CUST-01452,66.62
9/1/2025,CUST-01452,66.62
10/1/2025,CUST-01452,66.62
11/1/2025,CUST-01452,66.62
12/1/2025,CUST-01452,67.62
2/1/2025,CUST-01453,82.2
3/1/2025,CUST-01453,82.2
4/1/2025,CUST-01453,82.2
5/1/2025,CUST-01453,82.2
6/1/2025,CUST-01453,82.2
7/1/2025,CUST-01453,82.2
8/1/2025,CUST-01453,82.2
9/1/2025,CUST-01453,82.2
10/1/2025,CUST-01453,82.2
11/1/2025,CUST-01453,82.2
12/1/2025,CUST-01453,83.43
8/1/2024,CUST-01454,55.01
9/1/2024,CUST-01454,55.01
10/1/2024,CUST-01454,55.01
11/1/2024,CUST-01454,55.01
12/1/2024,CUST-01454,55.84
1/1/2025,CUST-01454,55.01
2/1/2025,CUST-01454,55.01
3/1/2025,CUST-01454,55.01
4/1/2025,CUST-01454,55.01
5/1/2025,CUST-01454,55.01
6/1/2025,CUST-01454,55.01
7/1/2025,CUST-01454,55.01
8/1/2025,CUST-01454,55.01
9/1/2025,CUST-01454,55.01
10/1/2025,CUST-01454,55.01
11/1/2025,CUST-01454,55.01
12/1/2025,CUST-01454,55.84
10/1/2022,CUST-01455,81.79
11/1/2022,CUST-01455,81.79
12/1/2022,CUST-01455,83.02
1/1/2023,CUST-01455,81.79
2/1/2023,CUST-01455,81.79
3/1/2023,CUST-01455,81.79
4/1/2023,CUST-01455,81.79
5/1/2023,CUST-01455,81.79
6/1/2023,CUST-01455,81.79
7/1/2023,CUST-01455,81.79
8/1/2023,CUST-01455,81.79
9/1/2023,CUST-01455,81.79
10/1/2023,CUST-01455,81.79
11/1/2023,CUST-01455,81.79
12/1/2023,CUST-01455,83.02
1/1/2024,CUST-01455,81.79
2/1/2024,CUST-01455,81.79
3/1/2024,CUST-01455,81.79
4/1/2024,CUST-01455,81.79
5/1/2024,CUST-01455,81.79
6/1/2024,CUST-01455,81.79
7/1/2024,CUST-01455,81.79
8/1/2024,CUST-01455,81.79
9/1/2024,CUST-01455,81.79
10/1/2024,CUST-01455,81.79
11/1/2024,CUST-01455,81.79
12/1/2024,CUST-01455,83.02
1/1/2025,CUST-01455,81.79
2/1/2025,CUST-01455,81.79
3/1/2025,CUST-01455,81.79
4/1/2025,CUST-01455,81.79
5/1/2025,CUST-01455,81.79
6/1/2025,CUST-01455,81.79
7/1/2025,CUST-01455,81.79
8/1/2025,CUST-01455,81.79
9/1/2025,CUST-01455,81.79
10/1/2025,CUST-01455,81.79
11/1/2025,CUST-01455,81.79
12/1/2025,CUST-01455,83.02
1/1/2024,CUST-01456,82.23
2/1/2024,CUST-01456,82.23
3/1/2024,CUST-01456,82.23
4/1/2024,CUST-01456,82.23
5/1/2024,CUST-01456,82.23
6/1/2024,CUST-01456,82.23
7/1/2024,CUST-01456,82.23
8/1/2024,CUST-01456,82.23
9/1/2024,CUST-01456,82.23
10/1/2024,CUST-01456,82.23
11/1/2024,CUST-01456,82.23
12/1/2024,CUST-01456,83.46
1/1/2025,CUST-01456,82.23
2/1/2025,CUST-01456,82.23
3/1/2025,CUST-01456,82.23
4/1/2025,CUST-01456,82.23
5/1/2025,CUST-01456,82.23
6/1/2025,CUST-01456,82.23
7/1/2025,CUST-01456,82.23
8/1/2025,CUST-01456,82.23
9/1/2025,CUST-01456,82.23
10/1/2025,CUST-01456,82.23
11/1/2025,CUST-01456,82.23
12/1/2025,CUST-01456,83.46
2/1/2025,CUST-01457,39.18
3/1/2025,CUST-01457,39.18
4/1/2025,CUST-01457,39.18
5/1/2025,CUST-01457,39.18
6/1/2025,CUST-01457,39.18
7/1/2025,CUST-01457,39.18
8/1/2025,CUST-01457,39.18
9/1/2025,CUST-01457,39.18
10/1/2025,CUST-01457,39.18
11/1/2025,CUST-01457,39.18
12/1/2025,CUST-01457,39.77
3/1/2023,CUST-01458,67.95
4/1/2023,CUST-01458,67.95
5/1/2023,CUST-01458,67.95
6/1/2023,CUST-01458,67.95
7/1/2023,CUST-01458,67.95
8/1/2023,CUST-01458,67.95
9/1/2023,CUST-01458,67.95
10/1/2023,CUST-01458,67.95
11/1/2023,CUST-01458,67.95
12/1/2023,CUST-01458,68.97
1/1/2024,CUST-01458,67.95
2/1/2024,CUST-01458,67.95
3/1/2024,CUST-01458,67.95
4/1/2024,CUST-01458,67.95
5/1/2024,CUST-01458,67.95
6/1/2024,CUST-01458,67.95
7/1/2024,CUST-01458,67.95
8/1/2024,CUST-01458,67.95
9/1/2024,CUST-01458,67.95
10/1/2024,CUST-01458,67.95
11/1/2024,CUST-01458,67.95
12/1/2024,CUST-01458,68.97
1/1/2025,CUST-01458,67.95
2/1/2025,CUST-01458,67.95
3/1/2025,CUST-01458,67.95
4/1/2025,CUST-01458,67.95
5/1/2025,CUST-01458,67.95
6/1/2025,CUST-01458,67.95
7/1/2025,CUST-01458,67.95
8/1/2025,CUST-01458,67.95
9/1/2025,CUST-01458,67.95
10/1/2025,CUST-01458,67.95
11/1/2025,CUST-01458,67.95
12/1/2025,CUST-01458,68.97
9/1/2023,CUST-01459,102.38
10/1/2023,CUST-01459,102.38
11/1/2023,CUST-01459,102.38
12/1/2023,CUST-01459,103.92
1/1/2024,CUST-01459,102.38
2/1/2024,CUST-01459,102.38
3/1/2024,CUST-01459,102.38
4/1/2024,CUST-01459,102.38
5/1/2024,CUST-01459,102.38
6/1/2024,CUST-01459,102.38
7/1/2024,CUST-01459,102.38
8/1/2024,CUST-01459,102.38
9/1/2024,CUST-01459,102.38
10/1/2024,CUST-01459,102.38
11/1/2024,CUST-01459,102.38
12/1/2024,CUST-01459,103.92
1/1/2025,CUST-01459,102.38
2/1/2025,CUST-01459,102.38
3/1/2025,CUST-01459,102.38
4/1/2025,CUST-01459,102.38
5/1/2025,CUST-01459,102.38
6/1/2025,CUST-01459,102.38
7/1/2025,CUST-01459,102.38
8/1/2025,CUST-01459,102.38
9/1/2025,CUST-01459,102.38
10/1/2025,CUST-01459,102.38
11/1/2025,CUST-01459,102.38
12/1/2025,CUST-01459,103.92
3/1/2022,CUST-01460,70.5
4/1/2022,CUST-01460,70.5
5/1/2022,CUST-01460,70.5
6/1/2022,CUST-01460,70.5
7/1/2022,CUST-01460,70.5
8/1/2022,CUST-01460,70.5
9/1/2022,CUST-01460,70.5
10/1/2022,CUST-01460,70.5
11/1/2022,CUST-01460,70.5
12/1/2022,CUST-01460,71.56
1/1/2023,CUST-01460,70.5
2/1/2023,CUST-01460,70.5
3/1/2023,CUST-01460,70.5
4/1/2023,CUST-01460,70.5
5/1/2023,CUST-01460,70.5
6/1/2023,CUST-01460,70.5
7/1/2023,CUST-01460,70.5
8/1/2023,CUST-01460,70.5
9/1/2023,CUST-01460,70.5
10/1/2023,CUST-01460,70.5
11/1/2023,CUST-01460,70.5
12/1/2023,CUST-01460,71.56
1/1/2024,CUST-01460,70.5
2/1/2024,CUST-01460,70.5
3/1/2024,CUST-01460,70.5
4/1/2024,CUST-01460,70.5
5/1/2024,CUST-01460,70.5
6/1/2024,CUST-01460,70.5
7/1/2024,CUST-01460,70.5
8/1/2024,CUST-01460,70.5
9/1/2024,CUST-01460,70.5
10/1/2024,CUST-01460,70.5
11/1/2024,CUST-01460,70.5
12/1/2024,CUST-01460,71.56
1/1/2025,CUST-01460,70.5
2/1/2025,CUST-01460,70.5
3/1/2025,CUST-01460,70.5
4/1/2025,CUST-01460,70.5
5/1/2025,CUST-01460,70.5
6/1/2025,CUST-01460,70.5
7/1/2025,CUST-01460,70.5
8/1/2025,CUST-01460,70.5
9/1/2025,CUST-01460,70.5
10/1/2025,CUST-01460,70.5
11/1/2025,CUST-01460,70.5
12/1/2025,CUST-01460,71.56
4/1/2024,CUST-01461,51.8
5/1/2024,CUST-01461,51.8
6/1/2024,CUST-01461,51.8
7/1/2024,CUST-01461,51.8
3/1/2023,CUST-01462,52.86
4/1/2023,CUST-01462,52.86
5/1/2023,CUST-01462,52.86
6/1/2023,CUST-01462,52.86
7/1/2023,CUST-01462,52.86
8/1/2023,CUST-01462,52.86
9/1/2023,CUST-01462,52.86
10/1/2023,CUST-01462,52.86
11/1/2023,CUST-01462,52.86
12/1/2023,CUST-01462,53.65
1/1/2024,CUST-01462,52.86
2/1/2024,CUST-01462,52.86
3/1/2024,CUST-01462,52.86
4/1/2024,CUST-01462,52.86
5/1/2024,CUST-01462,52.86
6/1/2024,CUST-01462,52.86
7/1/2024,CUST-01462,52.86
8/1/2024,CUST-01462,52.86
9/1/2024,CUST-01462,52.86
10/1/2024,CUST-01462,52.86
11/1/2024,CUST-01462,52.86
12/1/2024,CUST-01462,53.65
1/1/2025,CUST-01462,52.86
2/1/2025,CUST-01462,52.86
3/1/2025,CUST-01462,52.86
4/1/2025,CUST-01462,52.86
5/1/2025,CUST-01462,52.86
6/1/2025,CUST-01462,52.86
7/1/2025,CUST-01462,52.86
8/1/2025,CUST-01462,52.86
9/1/2025,CUST-01462,52.86
10/1/2025,CUST-01462,52.86
11/1/2025,CUST-01462,52.86
12/1/2025,CUST-01462,53.65
8/1/2024,CUST-01463,89.14
9/1/2024,CUST-01463,89.14
10/1/2024,CUST-01463,89.14
11/1/2024,CUST-01463,89.14
12/1/2024,CUST-01463,90.48
1/1/2025,CUST-01463,89.14
2/1/2025,CUST-01463,89.14
3/1/2025,CUST-01463,89.14
4/1/2025,CUST-01463,89.14
5/1/2025,CUST-01463,89.14
6/1/2025,CUST-01463,89.14
7/1/2025,CUST-01463,89.14
8/1/2025,CUST-01463,89.14
9/1/2025,CUST-01463,89.14
10/1/2025,CUST-01463,89.14
11/1/2025,CUST-01463,89.14
12/1/2025,CUST-01463,90.48
11/1/2023,CUST-01464,73.24
12/1/2023,CUST-01464,74.34
1/1/2024,CUST-01464,73.24
2/1/2024,CUST-01464,73.24
3/1/2024,CUST-01464,73.24
4/1/2024,CUST-01464,73.24
5/1/2024,CUST-01464,73.24
6/1/2024,CUST-01464,73.24
7/1/2024,CUST-01464,73.24
8/1/2024,CUST-01464,73.24
9/1/2024,CUST-01464,73.24
10/1/2024,CUST-01464,73.24
11/1/2024,CUST-01464,73.24
12/1/2024,CUST-01464,74.34
1/1/2025,CUST-01464,73.24
2/1/2025,CUST-01464,73.24
3/1/2025,CUST-01464,73.24
4/1/2025,CUST-01464,73.24
5/1/2025,CUST-01464,73.24
6/1/2025,CUST-01464,73.24
7/1/2025,CUST-01464,73.24
8/1/2025,CUST-01464,73.24
9/1/2025,CUST-01464,73.24
10/1/2025,CUST-01464,73.24
11/1/2025,CUST-01464,73.24
12/1/2025,CUST-01464,74.34
2/1/2022,CUST-01465,80.62
3/1/2022,CUST-01465,80.62
4/1/2022,CUST-01465,80.62
5/1/2022,CUST-01465,80.62
6/1/2022,CUST-01465,80.62
7/1/2022,CUST-01465,80.62
8/1/2022,CUST-01465,80.62
9/1/2022,CUST-01465,80.62
10/1/2022,CUST-01465,80.62
11/1/2022,CUST-01465,80.62
12/1/2022,CUST-01465,81.83
1/1/2023,CUST-01465,80.62
2/1/2023,CUST-01465,80.62
3/1/2023,CUST-01465,80.62
4/1/2023,CUST-01465,80.62
5/1/2023,CUST-01465,80.62
6/1/2023,CUST-01465,80.62
7/1/2023,CUST-01465,80.62
8/1/2023,CUST-01465,80.62
9/1/2023,CUST-01465,80.62
10/1/2023,CUST-01465,80.62
11/1/2023,CUST-01465,80.62
12/1/2023,CUST-01465,81.83
1/1/2024,CUST-01465,80.62
2/1/2024,CUST-01465,80.62
3/1/2024,CUST-01465,80.62
4/1/2024,CUST-01465,80.62
5/1/2024,CUST-01465,80.62
6/1/2024,CUST-01465,80.62
7/1/2024,CUST-01465,80.62
8/1/2024,CUST-01465,80.62
9/1/2024,CUST-01465,80.62
10/1/2024,CUST-01465,80.62
11/1/2024,CUST-01465,80.62
12/1/2024,CUST-01465,81.83
1/1/2025,CUST-01465,80.62
2/1/2025,CUST-01465,80.62
3/1/2025,CUST-01465,80.62
4/1/2025,CUST-01465,80.62
5/1/2025,CUST-01465,80.62
6/1/2025,CUST-01465,80.62
7/1/2025,CUST-01465,80.62
8/1/2025,CUST-01465,80.62
9/1/2025,CUST-01465,80.62
10/1/2025,CUST-01465,80.62
11/1/2025,CUST-01465,80.62
12/1/2025,CUST-01465,81.83
1/1/2022,CUST-01466,127.92
2/1/2022,CUST-01466,127.92
3/1/2022,CUST-01466,127.92
4/1/2022,CUST-01466,127.92
5/1/2022,CUST-01466,127.92
6/1/2022,CUST-01466,127.92
7/1/2022,CUST-01466,127.92
8/1/2022,CUST-01466,127.92
9/1/2022,CUST-01466,127.92
10/1/2022,CUST-01466,127.92
11/1/2022,CUST-01466,127.92
12/1/2022,CUST-01466,129.84
1/1/2023,CUST-01466,127.92
2/1/2023,CUST-01466,127.92
3/1/2023,CUST-01466,127.92
4/1/2023,CUST-01466,127.92
5/1/2023,CUST-01466,127.92
6/1/2023,CUST-01466,127.92
7/1/2023,CUST-01466,127.92
8/1/2023,CUST-01466,127.92
9/1/2023,CUST-01466,127.92
10/1/2023,CUST-01466,127.92
11/1/2023,CUST-01466,127.92
12/1/2023,CUST-01466,129.84
1/1/2024,CUST-01466,127.92
2/1/2024,CUST-01466,127.92
3/1/2024,CUST-01466,127.92
4/1/2024,CUST-01466,127.92
5/1/2024,CUST-01466,127.92
6/1/2024,CUST-01466,127.92
7/1/2024,CUST-01466,127.92
8/1/2024,CUST-01466,127.92
9/1/2024,CUST-01466,127.92
10/1/2024,CUST-01466,127.92
11/1/2024,CUST-01466,127.92
12/1/2024,CUST-01466,129.84
1/1/2025,CUST-01466,127.92
2/1/2025,CUST-01466,127.92
3/1/2025,CUST-01466,127.92
4/1/2025,CUST-01466,127.92
5/1/2025,CUST-01466,127.92
6/1/2025,CUST-01466,127.92
7/1/2025,CUST-01466,127.92
8/1/2025,CUST-01466,127.92
9/1/2025,CUST-01466,127.92
10/1/2025,CUST-01466,127.92
11/1/2025,CUST-01466,127.92
12/1/2025,CUST-01466,129.84
3/1/2024,CUST-01467,113.64
4/1/2024,CUST-01467,113.64
5/1/2024,CUST-01467,113.64
6/1/2024,CUST-01467,113.64
7/1/2024,CUST-01467,113.64
8/1/2024,CUST-01467,113.64
9/1/2024,CUST-01467,113.64
7/1/2025,CUST-01468,83.65
8/1/2025,CUST-01468,83.65
9/1/2025,CUST-01468,83.65
8/1/2023,CUST-01469,111.28
9/1/2023,CUST-01469,111.28
10/1/2023,CUST-01469,111.28
11/1/2023,CUST-01469,111.28
12/1/2023,CUST-01469,112.95
1/1/2024,CUST-01469,111.28
2/1/2024,CUST-01469,111.28
3/1/2024,CUST-01469,111.28
4/1/2024,CUST-01469,111.28
5/1/2024,CUST-01469,111.28
6/1/2024,CUST-01469,111.28
7/1/2024,CUST-01469,111.28
8/1/2024,CUST-01469,111.28
9/1/2024,CUST-01469,111.28
10/1/2024,CUST-01469,111.28
11/1/2024,CUST-01469,111.28
12/1/2024,CUST-01469,112.95
1/1/2025,CUST-01469,111.28
2/1/2025,CUST-01469,111.28
3/1/2025,CUST-01469,111.28
4/1/2025,CUST-01469,111.28
5/1/2025,CUST-01469,111.28
6/1/2025,CUST-01469,111.28
7/1/2025,CUST-01469,111.28
8/1/2025,CUST-01469,111.28
9/1/2025,CUST-01469,111.28
10/1/2022,CUST-01470,112.33
11/1/2022,CUST-01470,112.33
12/1/2022,CUST-01470,114.01
1/1/2023,CUST-01470,112.33
2/1/2023,CUST-01470,112.33
3/1/2023,CUST-01470,112.33
4/1/2023,CUST-01470,112.33
5/1/2023,CUST-01470,112.33
6/1/2023,CUST-01470,112.33
7/1/2023,CUST-01470,112.33
8/1/2023,CUST-01470,112.33
9/1/2023,CUST-01470,112.33
10/1/2023,CUST-01470,112.33
11/1/2023,CUST-01470,112.33
12/1/2023,CUST-01470,114.01
1/1/2024,CUST-01470,112.33
2/1/2024,CUST-01470,112.33
3/1/2024,CUST-01470,112.33
4/1/2024,CUST-01470,112.33
5/1/2024,CUST-01470,112.33
6/1/2024,CUST-01470,112.33
7/1/2024,CUST-01470,112.33
8/1/2024,CUST-01470,112.33
9/1/2024,CUST-01470,112.33
10/1/2024,CUST-01470,112.33
11/1/2024,CUST-01470,112.33
12/1/2024,CUST-01470,114.01
1/1/2025,CUST-01470,112.33
2/1/2025,CUST-01470,112.33
3/1/2025,CUST-01470,112.33
4/1/2025,CUST-01470,112.33
5/1/2025,CUST-01470,112.33
6/1/2025,CUST-01470,112.33
7/1/2025,CUST-01470,112.33
8/1/2025,CUST-01470,112.33
9/1/2025,CUST-01470,112.33
10/1/2025,CUST-01470,112.33
11/1/2025,CUST-01470,112.33
12/1/2025,CUST-01470,114.01
8/1/2024,CUST-01471,107.11
9/1/2024,CUST-01471,107.11
10/1/2024,CUST-01471,107.11
11/1/2024,CUST-01471,107.11
12/1/2024,CUST-01471,108.72
1/1/2025,CUST-01471,107.11
2/1/2025,CUST-01471,107.11
3/1/2025,CUST-01471,107.11
4/1/2025,CUST-01471,107.11
5/1/2025,CUST-01471,107.11
6/1/2025,CUST-01471,107.11
7/1/2025,CUST-01471,107.11
8/1/2025,CUST-01471,107.11
9/1/2025,CUST-01471,107.11
10/1/2025,CUST-01471,107.11
11/1/2025,CUST-01471,107.11
12/1/2025,CUST-01471,108.72
9/1/2022,CUST-01472,76.12
10/1/2022,CUST-01472,76.12
11/1/2022,CUST-01472,76.12
12/1/2022,CUST-01472,77.26
1/1/2023,CUST-01472,76.12
2/1/2023,CUST-01472,76.12
3/1/2023,CUST-01472,76.12
4/1/2023,CUST-01472,76.12
5/1/2023,CUST-01472,76.12
6/1/2023,CUST-01472,76.12
7/1/2023,CUST-01472,76.12
8/1/2023,CUST-01472,76.12
9/1/2023,CUST-01472,76.12
10/1/2023,CUST-01472,76.12
11/1/2023,CUST-01472,76.12
12/1/2023,CUST-01472,77.26
1/1/2024,CUST-01472,76.12
2/1/2024,CUST-01472,76.12
3/1/2024,CUST-01472,76.12
4/1/2024,CUST-01472,76.12
5/1/2024,CUST-01472,76.12
6/1/2024,CUST-01472,76.12
7/1/2024,CUST-01472,76.12
8/1/2024,CUST-01472,76.12
9/1/2024,CUST-01472,76.12
10/1/2024,CUST-01472,76.12
11/1/2024,CUST-01472,76.12
12/1/2024,CUST-01472,77.26
1/1/2025,CUST-01472,76.12
2/1/2025,CUST-01472,76.12
3/1/2025,CUST-01472,76.12
4/1/2025,CUST-01472,76.12
5/1/2025,CUST-01472,76.12
6/1/2025,CUST-01472,76.12
7/1/2025,CUST-01472,76.12
8/1/2025,CUST-01472,76.12
9/1/2025,CUST-01472,76.12
10/1/2025,CUST-01472,76.12
11/1/2025,CUST-01472,76.12
12/1/2025,CUST-01472,77.26
3/1/2024,CUST-01473,46.6
4/1/2024,CUST-01473,46.6
5/1/2024,CUST-01473,46.6
6/1/2024,CUST-01473,46.6
7/1/2024,CUST-01473,46.6
8/1/2024,CUST-01473,46.6
9/1/2024,CUST-01473,46.6
10/1/2024,CUST-01473,46.6
11/1/2024,CUST-01473,46.6
12/1/2024,CUST-01473,47.3
1/1/2025,CUST-01473,46.6
2/1/2025,CUST-01473,46.6
3/1/2025,CUST-01473,46.6
4/1/2025,CUST-01473,46.6
5/1/2025,CUST-01473,46.6
6/1/2025,CUST-01473,46.6
7/1/2025,CUST-01473,46.6
8/1/2025,CUST-01473,46.6
9/1/2025,CUST-01473,46.6
10/1/2025,CUST-01473,46.6
11/1/2025,CUST-01473,46.6
12/1/2025,CUST-01473,47.3
12/1/2023,CUST-01474,63.32
1/1/2024,CUST-01474,62.38
2/1/2024,CUST-01474,62.38
3/1/2024,CUST-01474,62.38
4/1/2024,CUST-01474,62.38
5/1/2024,CUST-01474,62.38
6/1/2024,CUST-01474,62.38
7/1/2024,CUST-01474,62.38
8/1/2024,CUST-01474,62.38
9/1/2024,CUST-01474,62.38
10/1/2024,CUST-01474,62.38
11/1/2024,CUST-01474,62.38
12/1/2024,CUST-01474,63.32
1/1/2025,CUST-01474,62.38
2/1/2025,CUST-01474,62.38
3/1/2025,CUST-01474,62.38
4/1/2025,CUST-01474,62.38
5/1/2025,CUST-01474,62.38
6/1/2025,CUST-01474,62.38
7/1/2025,CUST-01474,62.38
8/1/2025,CUST-01474,62.38
9/1/2025,CUST-01474,62.38
10/1/2025,CUST-01474,62.38
11/1/2025,CUST-01474,62.38
12/1/2025,CUST-01474,63.32
4/1/2022,CUST-01475,80.37
5/1/2022,CUST-01475,80.37
6/1/2022,CUST-01475,80.37
7/1/2022,CUST-01475,80.37
8/1/2022,CUST-01475,80.37
9/1/2022,CUST-01475,80.37
10/1/2022,CUST-01475,80.37
11/1/2022,CUST-01475,80.37
12/1/2022,CUST-01475,81.58
1/1/2023,CUST-01475,80.37
2/1/2023,CUST-01475,80.37
3/1/2023,CUST-01475,80.37
4/1/2023,CUST-01475,80.37
5/1/2023,CUST-01475,80.37
6/1/2023,CUST-01475,80.37
7/1/2023,CUST-01475,80.37
8/1/2023,CUST-01475,80.37
9/1/2023,CUST-01475,80.37
10/1/2023,CUST-01475,80.37
11/1/2023,CUST-01475,80.37
12/1/2023,CUST-01475,81.58
1/1/2024,CUST-01475,80.37
2/1/2024,CUST-01475,80.37
3/1/2024,CUST-01475,80.37
4/1/2024,CUST-01475,80.37
5/1/2024,CUST-01475,80.37
6/1/2024,CUST-01475,80.37
7/1/2024,CUST-01475,80.37
8/1/2024,CUST-01475,80.37
9/1/2024,CUST-01475,80.37
10/1/2024,CUST-01475,80.37
11/1/2024,CUST-01475,80.37
12/1/2024,CUST-01475,81.58
1/1/2025,CUST-01475,80.37
2/1/2025,CUST-01475,80.37
3/1/2025,CUST-01475,80.37
4/1/2025,CUST-01475,80.37
5/1/2025,CUST-01475,80.37
6/1/2025,CUST-01475,80.37
7/1/2025,CUST-01475,80.37
8/1/2025,CUST-01475,80.37
9/1/2025,CUST-01475,80.37
10/1/2025,CUST-01475,80.37
11/1/2025,CUST-01475,80.37
12/1/2025,CUST-01475,81.58
3/1/2023,CUST-01476,39.62
4/1/2023,CUST-01476,39.62
5/1/2023,CUST-01476,39.62
6/1/2023,CUST-01476,39.62
7/1/2023,CUST-01476,39.62
8/1/2023,CUST-01476,39.62
9/1/2023,CUST-01476,39.62
10/1/2023,CUST-01476,39.62
11/1/2023,CUST-01476,39.62
12/1/2023,CUST-01476,40.21
1/1/2024,CUST-01476,39.62
2/1/2024,CUST-01476,39.62
3/1/2024,CUST-01476,39.62
4/1/2024,CUST-01476,39.62
5/1/2024,CUST-01476,39.62
6/1/2024,CUST-01476,39.62
7/1/2024,CUST-01476,39.62
8/1/2024,CUST-01476,39.62
9/1/2024,CUST-01476,39.62
10/1/2024,CUST-01476,39.62
11/1/2024,CUST-01476,39.62
12/1/2024,CUST-01476,40.21
1/1/2025,CUST-01476,39.62
2/1/2025,CUST-01476,39.62
3/1/2025,CUST-01476,39.62
4/1/2025,CUST-01476,39.62
5/1/2025,CUST-01476,39.62
6/1/2025,CUST-01476,39.62
7/1/2025,CUST-01476,39.62
8/1/2025,CUST-01476,39.62
9/1/2025,CUST-01476,39.62
10/1/2025,CUST-01476,39.62
11/1/2025,CUST-01476,39.62
12/1/2025,CUST-01476,40.21
3/1/2025,CUST-01477,75.31
4/1/2025,CUST-01477,75.31
5/1/2025,CUST-01477,75.31
6/1/2025,CUST-01477,75.31
7/1/2022,CUST-01478,84.11
8/1/2022,CUST-01478,84.11
9/1/2022,CUST-01478,84.11
10/1/2022,CUST-01478,84.11
11/1/2022,CUST-01478,84.11
12/1/2022,CUST-01478,85.37
1/1/2023,CUST-01478,84.11
2/1/2023,CUST-01478,84.11
3/1/2023,CUST-01478,84.11
4/1/2023,CUST-01478,84.11
5/1/2023,CUST-01478,84.11
6/1/2023,CUST-01478,84.11
7/1/2023,CUST-01478,84.11
8/1/2023,CUST-01478,84.11
9/1/2023,CUST-01478,84.11
10/1/2023,CUST-01478,84.11
11/1/2023,CUST-01478,84.11
12/1/2023,CUST-01478,85.37
1/1/2024,CUST-01478,84.11
2/1/2024,CUST-01478,84.11
3/1/2024,CUST-01478,84.11
4/1/2024,CUST-01478,84.11
5/1/2024,CUST-01478,84.11
6/1/2024,CUST-01478,84.11
7/1/2024,CUST-01478,84.11
8/1/2024,CUST-01478,84.11
9/1/2024,CUST-01478,84.11
10/1/2024,CUST-01478,84.11
11/1/2024,CUST-01478,84.11
12/1/2024,CUST-01478,85.37
1/1/2025,CUST-01478,84.11
2/1/2025,CUST-01478,84.11
3/1/2025,CUST-01478,84.11
4/1/2025,CUST-01478,84.11
5/1/2025,CUST-01478,84.11
6/1/2025,CUST-01478,84.11
7/1/2025,CUST-01478,84.11
8/1/2025,CUST-01478,84.11
9/1/2025,CUST-01478,84.11
10/1/2025,CUST-01478,84.11
11/1/2025,CUST-01478,84.11
12/1/2025,CUST-01478,85.37
6/1/2024,CUST-01479,66.09
7/1/2024,CUST-01479,66.09
8/1/2024,CUST-01479,66.09
9/1/2024,CUST-01479,66.09
10/1/2024,CUST-01479,66.09
11/1/2024,CUST-01479,66.09
12/1/2024,CUST-01479,67.08
1/1/2025,CUST-01479,66.09
2/1/2025,CUST-01479,66.09
3/1/2025,CUST-01479,66.09
4/1/2025,CUST-01479,66.09
5/1/2025,CUST-01479,66.09
6/1/2025,CUST-01479,66.09
7/1/2025,CUST-01479,66.09
8/1/2025,CUST-01479,66.09
9/1/2025,CUST-01479,66.09
10/1/2025,CUST-01479,66.09
11/1/2025,CUST-01479,66.09
12/1/2025,CUST-01479,67.08
10/1/2022,CUST-01480,107.37
11/1/2022,CUST-01480,107.37
12/1/2022,CUST-01480,108.98
1/1/2023,CUST-01480,107.37
2/1/2023,CUST-01480,107.37
3/1/2023,CUST-01480,107.37
4/1/2023,CUST-01480,107.37
5/1/2023,CUST-01480,107.37
6/1/2023,CUST-01480,107.37
7/1/2023,CUST-01480,107.37
8/1/2023,CUST-01480,107.37
9/1/2023,CUST-01480,107.37
10/1/2023,CUST-01480,107.37
11/1/2023,CUST-01480,107.37
12/1/2023,CUST-01480,108.98
1/1/2024,CUST-01480,107.37
2/1/2024,CUST-01480,107.37
3/1/2024,CUST-01480,107.37
4/1/2024,CUST-01480,107.37
5/1/2024,CUST-01480,107.37
6/1/2024,CUST-01480,107.37
7/1/2024,CUST-01480,107.37
8/1/2024,CUST-01480,107.37
9/1/2024,CUST-01480,107.37
10/1/2024,CUST-01480,107.37
11/1/2024,CUST-01480,107.37
12/1/2024,CUST-01480,108.98
1/1/2025,CUST-01480,107.37
2/1/2025,CUST-01480,107.37
3/1/2025,CUST-01480,107.37
4/1/2025,CUST-01480,107.37
5/1/2025,CUST-01480,107.37
6/1/2025,CUST-01480,107.37
7/1/2025,CUST-01480,107.37
8/1/2025,CUST-01480,107.37
9/1/2025,CUST-01480,107.37
10/1/2025,CUST-01480,107.37
11/1/2025,CUST-01480,107.37
12/1/2025,CUST-01480,108.98
10/1/2024,CUST-01481,39.99
11/1/2024,CUST-01481,39.99
12/1/2024,CUST-01481,40.59
1/1/2025,CUST-01481,39.99
2/1/2025,CUST-01481,39.99
3/1/2025,CUST-01481,39.99
4/1/2025,CUST-01481,39.99
5/1/2025,CUST-01481,39.99
6/1/2025,CUST-01481,39.99
7/1/2025,CUST-01481,39.99
8/1/2025,CUST-01481,39.99
9/1/2025,CUST-01481,39.99
10/1/2025,CUST-01481,39.99
11/1/2025,CUST-01481,39.99
12/1/2025,CUST-01481,40.59
2/1/2024,CUST-01482,134.42
3/1/2024,CUST-01482,134.42
4/1/2024,CUST-01482,134.42
5/1/2024,CUST-01482,134.42
6/1/2024,CUST-01482,134.42
7/1/2024,CUST-01482,134.42
8/1/2024,CUST-01482,134.42
9/1/2024,CUST-01482,134.42
10/1/2024,CUST-01482,134.42
11/1/2024,CUST-01482,134.42
12/1/2024,CUST-01482,136.44
1/1/2025,CUST-01482,134.42
2/1/2025,CUST-01482,134.42
3/1/2025,CUST-01482,134.42
4/1/2025,CUST-01482,134.42
5/1/2025,CUST-01482,134.42
6/1/2025,CUST-01482,134.42
7/1/2025,CUST-01482,134.42
8/1/2025,CUST-01482,134.42
9/1/2025,CUST-01482,134.42
10/1/2025,CUST-01482,134.42
11/1/2025,CUST-01482,134.42
12/1/2025,CUST-01482,136.44
6/1/2025,CUST-01483,124.07
7/1/2025,CUST-01483,124.07
8/1/2025,CUST-01483,124.07
9/1/2025,CUST-01483,124.07
10/1/2025,CUST-01483,124.07
11/1/2025,CUST-01483,124.07
12/1/2025,CUST-01483,125.93
10/1/2022,CUST-01484,59.67
11/1/2022,CUST-01484,59.67
12/1/2022,CUST-01484,60.57
1/1/2023,CUST-01484,59.67
2/1/2023,CUST-01484,59.67
3/1/2023,CUST-01484,59.67
4/1/2023,CUST-01484,59.67
5/1/2023,CUST-01484,59.67
6/1/2023,CUST-01484,59.67
7/1/2023,CUST-01484,59.67
8/1/2023,CUST-01484,59.67
9/1/2023,CUST-01484,59.67
10/1/2023,CUST-01484,59.67
11/1/2023,CUST-01484,59.67
12/1/2023,CUST-01484,60.57
1/1/2024,CUST-01484,59.67
2/1/2024,CUST-01484,59.67
3/1/2024,CUST-01484,59.67
4/1/2024,CUST-01484,59.67
5/1/2024,CUST-01484,59.67
6/1/2024,CUST-01484,59.67
7/1/2024,CUST-01484,59.67
8/1/2024,CUST-01484,59.67
9/1/2024,CUST-01484,59.67
10/1/2024,CUST-01484,59.67
11/1/2024,CUST-01484,59.67
12/1/2024,CUST-01484,60.57
1/1/2025,CUST-01484,59.67
2/1/2025,CUST-01484,59.67
3/1/2025,CUST-01484,59.67
4/1/2025,CUST-01484,59.67
5/1/2025,CUST-01484,59.67
6/1/2025,CUST-01484,59.67
7/1/2025,CUST-01484,59.67
8/1/2025,CUST-01484,59.67
9/1/2025,CUST-01484,59.67
10/1/2025,CUST-01484,59.67
11/1/2025,CUST-01484,59.67
12/1/2025,CUST-01484,60.57
5/1/2025,CUST-01485,84.96
6/1/2025,CUST-01485,84.96
7/1/2025,CUST-01485,84.96
8/1/2025,CUST-01485,84.96
9/1/2025,CUST-01485,84.96
10/1/2025,CUST-01485,84.96
11/1/2025,CUST-01485,84.96
12/1/2025,CUST-01485,86.23
6/1/2024,CUST-01486,49.46
7/1/2024,CUST-01486,49.46
8/1/2024,CUST-01486,49.46
9/1/2024,CUST-01486,49.46
10/1/2024,CUST-01486,49.46
11/1/2024,CUST-01486,49.46
12/1/2024,CUST-01486,50.2
1/1/2025,CUST-01486,49.46
2/1/2025,CUST-01486,49.46
3/1/2025,CUST-01486,49.46
4/1/2025,CUST-01486,49.46
5/1/2025,CUST-01486,49.46
6/1/2025,CUST-01486,49.46
7/1/2025,CUST-01486,49.46
8/1/2025,CUST-01486,49.46
9/1/2025,CUST-01486,49.46
10/1/2025,CUST-01486,49.46
11/1/2025,CUST-01486,49.46
12/1/2025,CUST-01486,50.2
11/1/2022,CUST-01487,119.26
12/1/2022,CUST-01487,121.05
1/1/2023,CUST-01487,119.26
2/1/2023,CUST-01487,119.26
3/1/2023,CUST-01487,119.26
4/1/2023,CUST-01487,119.26
5/1/2023,CUST-01487,119.26
6/1/2023,CUST-01487,119.26
7/1/2023,CUST-01487,119.26
8/1/2023,CUST-01487,119.26
9/1/2023,CUST-01487,119.26
10/1/2024,CUST-01488,117.78
11/1/2024,CUST-01488,117.78
12/1/2024,CUST-01488,119.55
1/1/2025,CUST-01488,117.78
2/1/2025,CUST-01488,117.78
3/1/2025,CUST-01488,117.78
4/1/2025,CUST-01488,117.78
5/1/2025,CUST-01488,117.78
6/1/2025,CUST-01488,117.78
7/1/2025,CUST-01488,117.78
8/1/2025,CUST-01488,117.78
9/1/2025,CUST-01488,117.78
10/1/2025,CUST-01488,117.78
11/1/2025,CUST-01488,117.78
12/1/2025,CUST-01488,119.55
10/1/2022,CUST-01489,74.97
11/1/2022,CUST-01489,74.97
12/1/2022,CUST-01489,76.09
1/1/2023,CUST-01489,74.97
2/1/2023,CUST-01489,74.97
3/1/2023,CUST-01489,74.97
4/1/2023,CUST-01489,74.97
5/1/2023,CUST-01489,74.97
6/1/2023,CUST-01489,74.97
7/1/2023,CUST-01489,74.97
8/1/2023,CUST-01489,74.97
9/1/2023,CUST-01489,74.97
10/1/2023,CUST-01489,74.97
11/1/2023,CUST-01489,74.97
12/1/2023,CUST-01489,76.09
1/1/2024,CUST-01489,74.97
2/1/2024,CUST-01489,74.97
3/1/2024,CUST-01489,74.97
4/1/2024,CUST-01489,74.97
5/1/2024,CUST-01489,74.97
6/1/2024,CUST-01489,74.97
7/1/2024,CUST-01489,74.97
8/1/2024,CUST-01489,74.97
9/1/2024,CUST-01489,74.97
10/1/2024,CUST-01489,74.97
11/1/2024,CUST-01489,74.97
12/1/2024,CUST-01489,76.09
1/1/2025,CUST-01489,74.97
2/1/2025,CUST-01489,74.97
3/1/2025,CUST-01489,74.97
4/1/2025,CUST-01489,74.97
5/1/2025,CUST-01489,74.97
6/1/2025,CUST-01489,74.97
7/1/2025,CUST-01489,74.97
8/1/2025,CUST-01489,74.97
9/1/2025,CUST-01489,74.97
10/1/2025,CUST-01489,74.97
11/1/2025,CUST-01489,74.97
12/1/2025,CUST-01489,76.09
7/1/2022,CUST-01490,68.21
8/1/2022,CUST-01490,68.21
9/1/2022,CUST-01490,68.21
10/1/2022,CUST-01490,68.21
11/1/2022,CUST-01490,68.21
12/1/2022,CUST-01490,69.23
1/1/2023,CUST-01490,68.21
2/1/2023,CUST-01490,68.21
3/1/2023,CUST-01490,68.21
4/1/2023,CUST-01490,68.21
5/1/2023,CUST-01490,68.21
6/1/2023,CUST-01490,68.21
7/1/2023,CUST-01490,68.21
8/1/2023,CUST-01490,68.21
9/1/2023,CUST-01490,68.21
10/1/2023,CUST-01490,68.21
11/1/2023,CUST-01490,68.21
12/1/2023,CUST-01490,69.23
1/1/2024,CUST-01490,68.21
2/1/2024,CUST-01490,68.21
3/1/2024,CUST-01490,68.21
4/1/2024,CUST-01490,68.21
5/1/2024,CUST-01490,68.21
6/1/2024,CUST-01490,68.21
7/1/2024,CUST-01490,68.21
8/1/2024,CUST-01490,68.21
9/1/2024,CUST-01490,68.21
10/1/2024,CUST-01490,68.21
11/1/2024,CUST-01490,68.21
12/1/2024,CUST-01490,69.23
1/1/2025,CUST-01490,68.21
2/1/2025,CUST-01490,68.21
3/1/2025,CUST-01490,68.21
4/1/2025,CUST-01490,68.21
5/1/2025,CUST-01490,68.21
6/1/2025,CUST-01490,68.21
7/1/2025,CUST-01490,68.21
8/1/2025,CUST-01490,68.21
9/1/2025,CUST-01490,68.21
10/1/2025,CUST-01490,68.21
11/1/2025,CUST-01490,68.21
12/1/2025,CUST-01490,69.23
1/1/2022,CUST-01491,57.93
2/1/2022,CUST-01491,57.93
3/1/2022,CUST-01491,57.93
4/1/2022,CUST-01491,57.93
5/1/2022,CUST-01491,57.93
6/1/2022,CUST-01491,57.93
7/1/2022,CUST-01491,57.93
8/1/2022,CUST-01491,57.93
9/1/2022,CUST-01491,57.93
10/1/2022,CUST-01491,57.93
11/1/2022,CUST-01491,57.93
12/1/2022,CUST-01491,58.8
1/1/2023,CUST-01491,57.93
2/1/2023,CUST-01491,57.93
3/1/2023,CUST-01491,57.93
4/1/2023,CUST-01491,57.93
5/1/2023,CUST-01491,57.93
6/1/2023,CUST-01491,57.93
7/1/2023,CUST-01491,57.93
8/1/2023,CUST-01491,57.93
9/1/2023,CUST-01491,57.93
10/1/2023,CUST-01491,57.93
11/1/2023,CUST-01491,57.93
12/1/2023,CUST-01491,58.8
1/1/2024,CUST-01491,57.93
2/1/2024,CUST-01491,57.93
8/1/2022,CUST-01492,61.67
9/1/2022,CUST-01492,61.67
10/1/2022,CUST-01492,61.67
11/1/2022,CUST-01492,61.67
12/1/2022,CUST-01492,62.6
1/1/2023,CUST-01492,61.67
2/1/2023,CUST-01492,61.67
3/1/2023,CUST-01492,61.67
4/1/2023,CUST-01492,61.67
5/1/2023,CUST-01492,61.67
6/1/2023,CUST-01492,61.67
7/1/2023,CUST-01492,61.67
8/1/2023,CUST-01492,61.67
9/1/2023,CUST-01492,61.67
10/1/2023,CUST-01492,61.67
11/1/2023,CUST-01492,61.67
12/1/2023,CUST-01492,62.6
1/1/2024,CUST-01492,61.67
2/1/2024,CUST-01492,61.67
3/1/2024,CUST-01492,61.67
7/1/2022,CUST-01493,49.61
8/1/2022,CUST-01493,49.61
9/1/2022,CUST-01493,49.61
10/1/2022,CUST-01493,49.61
11/1/2022,CUST-01493,49.61
12/1/2022,CUST-01493,50.35
1/1/2023,CUST-01493,49.61
2/1/2023,CUST-01493,49.61
3/1/2023,CUST-01493,49.61
4/1/2023,CUST-01493,49.61
5/1/2023,CUST-01493,49.61
6/1/2023,CUST-01493,49.61
7/1/2023,CUST-01493,49.61
8/1/2023,CUST-01493,49.61
9/1/2023,CUST-01493,49.61
10/1/2023,CUST-01493,49.61
11/1/2023,CUST-01493,49.61
12/1/2023,CUST-01493,50.35
1/1/2024,CUST-01493,49.61
2/1/2024,CUST-01493,49.61
3/1/2024,CUST-01493,49.61
4/1/2024,CUST-01493,49.61
5/1/2024,CUST-01493,49.61
6/1/2024,CUST-01493,49.61
7/1/2024,CUST-01493,49.61
8/1/2024,CUST-01493,49.61
9/1/2024,CUST-01493,49.61
10/1/2024,CUST-01493,49.61
11/1/2024,CUST-01493,49.61
12/1/2024,CUST-01493,50.35
1/1/2025,CUST-01493,49.61
2/1/2025,CUST-01493,49.61
3/1/2025,CUST-01493,49.61
4/1/2025,CUST-01493,49.61
5/1/2025,CUST-01493,49.61
6/1/2025,CUST-01493,49.61
7/1/2025,CUST-01493,49.61
8/1/2025,CUST-01493,49.61
9/1/2025,CUST-01493,49.61
10/1/2025,CUST-01493,49.61
11/1/2025,CUST-01493,49.61
12/1/2025,CUST-01493,50.35
10/1/2024,CUST-01494,79.31
11/1/2024,CUST-01494,79.31
12/1/2024,CUST-01494,80.5
1/1/2025,CUST-01494,79.31
2/1/2025,CUST-01494,79.31
3/1/2025,CUST-01494,79.31
4/1/2025,CUST-01494,79.31
5/1/2025,CUST-01494,79.31
6/1/2025,CUST-01494,79.31
7/1/2025,CUST-01494,79.31
8/1/2025,CUST-01494,79.31
9/1/2025,CUST-01494,79.31
10/1/2025,CUST-01494,79.31
11/1/2025,CUST-01494,79.31
12/1/2025,CUST-01494,80.5
8/1/2025,CUST-01495,58.78
9/1/2025,CUST-01495,58.78
10/1/2025,CUST-01495,58.78
2/1/2025,CUST-01496,93.87
3/1/2025,CUST-01496,93.87
4/1/2025,CUST-01496,93.87
5/1/2025,CUST-01496,93.87
6/1/2025,CUST-01496,93.87
7/1/2025,CUST-01496,93.87
8/1/2025,CUST-01496,93.87
9/1/2025,CUST-01496,93.87
10/1/2025,CUST-01496,93.87
11/1/2025,CUST-01496,93.87
12/1/2025,CUST-01496,95.28
5/1/2023,CUST-01497,126.56
6/1/2023,CUST-01497,126.56
7/1/2023,CUST-01497,126.56
8/1/2023,CUST-01497,126.56
9/1/2023,CUST-01497,126.56
10/1/2023,CUST-01497,126.56
11/1/2023,CUST-01497,126.56
12/1/2023,CUST-01497,128.46
1/1/2024,CUST-01497,126.56
2/1/2024,CUST-01497,126.56
3/1/2024,CUST-01497,126.56
4/1/2024,CUST-01497,126.56
5/1/2024,CUST-01497,126.56
6/1/2024,CUST-01497,126.56
7/1/2024,CUST-01497,126.56
8/1/2024,CUST-01497,126.56
9/1/2024,CUST-01497,126.56
10/1/2024,CUST-01497,126.56
11/1/2024,CUST-01497,126.56
12/1/2024,CUST-01497,128.46
1/1/2025,CUST-01497,126.56
2/1/2025,CUST-01497,126.56
3/1/2025,CUST-01497,126.56
4/1/2025,CUST-01497,126.56
5/1/2025,CUST-01497,126.56
6/1/2025,CUST-01497,126.56
7/1/2025,CUST-01497,126.56
8/1/2025,CUST-01497,126.56
9/1/2025,CUST-01497,126.56
10/1/2025,CUST-01497,126.56
11/1/2025,CUST-01497,126.56
12/1/2025,CUST-01497,128.46
10/1/2022,CUST-01498,49.88
11/1/2022,CUST-01498,49.88
12/1/2022,CUST-01498,50.63
1/1/2023,CUST-01498,49.88
2/1/2023,CUST-01498,49.88
3/1/2023,CUST-01498,49.88
4/1/2023,CUST-01498,49.88
5/1/2023,CUST-01498,49.88
6/1/2023,CUST-01498,49.88
7/1/2023,CUST-01498,49.88
8/1/2023,CUST-01498,49.88
9/1/2023,CUST-01498,49.88
10/1/2023,CUST-01498,49.88
11/1/2023,CUST-01498,49.88
12/1/2023,CUST-01498,50.63
1/1/2024,CUST-01498,49.88
2/1/2024,CUST-01498,49.88
3/1/2024,CUST-01498,49.88
4/1/2024,CUST-01498,49.88
5/1/2024,CUST-01498,49.88
6/1/2024,CUST-01498,49.88
7/1/2024,CUST-01498,49.88
8/1/2024,CUST-01498,49.88
9/1/2024,CUST-01498,49.88
10/1/2024,CUST-01498,49.88
11/1/2024,CUST-01498,49.88
12/1/2024,CUST-01498,50.63
1/1/2025,CUST-01498,49.88
2/1/2025,CUST-01498,49.88
3/1/2025,CUST-01498,49.88
4/1/2025,CUST-01498,49.88
5/1/2025,CUST-01498,49.88
6/1/2025,CUST-01498,49.88
7/1/2025,CUST-01498,49.88
8/1/2025,CUST-01498,49.88
9/1/2025,CUST-01498,49.88
10/1/2025,CUST-01498,49.88
11/1/2025,CUST-01498,49.88
12/1/2025,CUST-01498,50.63
4/1/2024,CUST-01499,83.67
5/1/2024,CUST-01499,83.67
6/1/2024,CUST-01499,83.67
7/1/2024,CUST-01499,83.67
8/1/2024,CUST-01499,83.67
9/1/2024,CUST-01499,83.67
10/1/2024,CUST-01499,83.67
11/1/2024,CUST-01499,83.67
12/1/2024,CUST-01499,84.93
1/1/2025,CUST-01499,83.67
2/1/2025,CUST-01499,83.67
3/1/2025,CUST-01499,83.67
12/1/2024,CUST-01500,40.23
1/1/2025,CUST-01500,39.64
2/1/2025,CUST-01500,39.64
